patient_id,nodule_idx,n_annotations,subtlety,internalStructure,calcification,sphericity,margin,lobulation,spiculation,texture,malignancy,malignancy_std,diameter,volume,surface_area
LIDC-IDRI-0078,0,4,4.5,1.0,6.0,4.0,3.25,2.25,2.25,4.75,3.75,0.82915619758885,23.945243013406692,2516.304375000793,1193.424473355307
LIDC-IDRI-0078,1,4,4.75,1.0,6.0,4.0,2.75,3.0,2.25,4.5,3.75,0.82915619758885,20.694394667693725,2193.250312499251,1018.7489943466041
LIDC-IDRI-0078,2,1,4.0,1.0,5.0,5.0,5.0,1.0,1.0,5.0,1.0,0.0,5.07666228933933,62.10750000004191,66.91060524829196
LIDC-IDRI-0078,3,4,5.0,1.0,5.0,3.75,3.25,3.25,2.75,4.75,4.25,0.82915619758885,27.69434990672441,4870.6856249989505,1870.2643071428101
LIDC-IDRI-0069,0,4,2.5,1.0,6.0,4.5,4.25,4.0,4.0,4.75,3.25,1.0897247358851685,12.648800245016739,585.183075749781,401.4267157769097
LIDC-IDRI-0069,1,1,2.0,1.0,6.0,4.0,4.0,5.0,5.0,5.0,2.0,0.0,4.686495492369536,23.61048300017137,30.644339838839812
LIDC-IDRI-0069,2,4,4.75,1.0,6.0,3.75,3.5,4.25,3.5,4.75,3.5,1.118033988749895,24.299615255500765,1948.8257392501,1091.3443137532463
LIDC-IDRI-0079,0,4,4.5,1.0,5.75,3.75,3.75,2.25,1.5,4.75,2.5,0.8660254037844386,16.145066017886315,1251.8706779995555,667.691962774407
LIDC-IDRI-0101,0,2,3.5,1.0,6.0,2.5,3.0,1.0,1.0,4.5,2.0,1.0,11.666655349109195,142.09488487243652,157.85797541758072
LIDC-IDRI-0110,0,3,4.0,1.0,6.0,4.666666666666667,2.3333333333333335,2.6666666666666665,2.0,3.3333333333333335,3.3333333333333335,0.4714045207910317,11.402077631301593,509.84008026123047,333.92450715747697
LIDC-IDRI-0110,1,3,4.333333333333333,1.0,6.0,3.3333333333333335,3.3333333333333335,2.0,1.6666666666666667,4.666666666666667,2.6666666666666665,0.4714045207910317,8.919828816498173,270.5273895263672,199.3226078777161
LIDC-IDRI-0115,0,4,5.0,1.0,6.0,4.5,4.5,1.75,1.5,5.0,3.5,0.8660254037844386,17.205589841667987,2790.221924249665,1167.1471466993103
LIDC-IDRI-0132,0,3,3.0,1.0,6.0,4.0,3.6666666666666665,2.0,1.6666666666666667,4.666666666666667,2.3333333333333335,0.9428090415820634,6.281876926809339,146.55113220214844,148.80180340425173
LIDC-IDRI-0132,1,2,4.0,1.0,6.0,3.0,4.5,1.5,1.0,5.0,2.0,1.0,6.71881598371073,126.14071369171143,142.21250631731232
LIDC-IDRI-0132,2,1,4.0,1.0,6.0,3.0,2.0,4.0,3.0,5.0,3.0,0.0,11.38114360862246,151.02267265319824,157.4698395694802
LIDC-IDRI-0132,3,4,4.75,1.0,6.0,3.75,3.5,2.25,2.5,4.75,3.5,1.118033988749895,28.072120277184816,3183.484375476837,1539.2905610364246
LIDC-IDRI-0132,4,1,4.0,1.0,6.0,3.0,1.0,3.0,3.0,2.0,4.0,0.0,9.68287696047458,130.25164604187012,137.096574489945
LIDC-IDRI-0132,5,1,4.0,1.0,6.0,2.0,3.0,3.0,3.0,5.0,3.0,0.0,8.677267511496026,147.12810516357422,169.3654880578782
LIDC-IDRI-0136,0,3,4.666666666666667,1.0,6.0,3.3333333333333335,3.3333333333333335,1.6666666666666667,1.3333333333333333,4.666666666666667,2.6666666666666665,0.4714045207910317,6.296668275793752,59.746673583984375,61.085075586532014
LIDC-IDRI-0136,1,3,4.0,1.0,6.0,3.3333333333333335,3.3333333333333335,2.6666666666666665,2.3333333333333335,4.333333333333333,2.6666666666666665,1.247219128924647,9.019799868468013,158.62567138671875,137.61510090625453
LIDC-IDRI-0136,2,2,3.0,1.0,6.0,3.5,3.0,1.5,1.5,5.0,2.0,1.0,6.754281730767242,82.28269958496094,81.81707347234988
LIDC-IDRI-0136,3,2,4.0,1.0,6.0,3.0,4.0,1.0,1.0,5.0,2.0,1.0,11.717578197696643,336.4681091308594,243.0143799400886
LIDC-IDRI-0136,4,1,4.0,4.0,6.0,2.0,3.0,3.0,4.0,3.0,3.0,0.0,14.2109375,623.6714172363281,375.94921222440144
LIDC-IDRI-0136,5,3,4.0,1.0,6.0,5.0,4.666666666666667,1.0,1.0,5.0,2.0,0.816496580927726,9.236872944625327,300.1309509277344,211.03291927295768
LIDC-IDRI-0136,6,3,4.333333333333333,1.0,6.0,2.3333333333333335,3.0,3.0,3.0,4.666666666666667,2.3333333333333335,0.4714045207910317,23.617779127571282,1173.9697265625,788.6776679992851
LIDC-IDRI-0136,7,2,4.0,1.0,6.0,2.5,3.5,2.0,2.5,5.0,2.0,1.0,9.56523147816167,294.0165252685547,215.96762028565144
LIDC-IDRI-0136,8,2,3.5,1.0,5.5,5.0,4.0,1.0,1.0,5.0,1.0,0.0,6.9792152416536855,122.63790893554688,109.75814471922678
LIDC-IDRI-0150,0,2,2.0,1.0,6.0,4.0,3.5,1.0,1.0,4.0,2.0,1.0,8.802218390622382,175.5018232500879,158.85828346276284
LIDC-IDRI-0150,1,2,4.0,1.0,6.0,3.5,2.5,3.5,2.5,5.0,2.5,1.5,30.508437199242643,3114.764916750548,1498.9007365055327
LIDC-IDRI-0151,0,3,4.666666666666667,1.0,6.0,4.0,4.0,3.0,3.0,5.0,3.6666666666666665,1.247219128924647,10.154294101980325,382.6483840942383,297.29340275345186
LIDC-IDRI-0154,0,1,2.0,1.0,6.0,5.0,3.0,1.0,1.0,5.0,3.0,0.0,6.913898176860873,134.53549199999543,122.59992511948381
LIDC-IDRI-0154,1,4,5.0,1.0,6.0,4.5,4.75,1.25,1.25,5.0,3.75,1.299038105676658,24.813995438908393,5207.336666999501,1765.7405688041472
LIDC-IDRI-0001,0,4,5.0,1.0,6.0,3.75,3.25,3.0,4.25,4.75,4.75,0.4330127018922193,32.755812386471106,6989.673614501953,2491.4665726403036
LIDC-IDRI-0002,0,2,1.5,1.0,6.0,4.0,1.5,1.0,1.0,1.5,4.5,0.5,30.781671164152364,7244.667508280127,2807.198994368171
LIDC-IDRI-0003,0,1,1.0,1.0,6.0,5.0,2.0,1.0,1.0,1.0,2.0,0.0,31.66446822927175,4731.410934448359,1996.252116549174
LIDC-IDRI-0003,1,4,5.0,1.0,6.0,4.0,3.25,2.0,3.0,4.0,4.25,0.82915619758885,31.001964027750965,6519.463697813626,2225.6773503534805
LIDC-IDRI-0003,2,4,3.5,1.0,6.0,3.5,4.0,1.75,1.5,4.75,3.25,0.82915619758885,13.30915538551264,472.08966879275977,321.18359934576404
LIDC-IDRI-0003,3,4,4.0,1.0,6.0,4.5,5.0,1.0,1.0,5.0,3.5,1.118033988749895,14.983128350671969,1313.2293904728795,641.2434331025033
LIDC-IDRI-0004,0,4,3.0,1.0,3.75,3.5,5.0,1.0,1.0,5.0,1.25,0.4330127018922193,6.817327425145711,90.95945369757828,91.2304642727764
LIDC-IDRI-0005,0,4,2.5,1.0,6.0,4.75,4.0,1.0,1.0,4.75,2.75,0.4330127018922193,5.696569523133998,93.98350867926638,91.38733531390437
LIDC-IDRI-0005,1,4,3.5,1.0,6.0,4.5,4.5,1.25,1.25,4.75,2.75,0.4330127018922193,7.903706425240214,153.37777882694354,141.68622975658434
LIDC-IDRI-0005,2,1,3.0,1.0,6.0,3.0,5.0,1.0,1.0,5.0,2.0,0.0,6.264748378515784,90.9517825927469,100.07357189038548
LIDC-IDRI-0006,0,1,3.0,1.0,6.0,3.0,5.0,2.0,1.0,4.0,2.0,0.0,6.987712429686843,115.72265625,118.07638620087964
LIDC-IDRI-0006,1,2,1.5,1.0,6.0,3.0,3.5,1.5,2.0,4.0,3.0,0.0,6.628323788493612,59.5703125,71.45425545812196
LIDC-IDRI-0006,2,1,1.0,1.0,6.0,5.0,2.0,1.0,1.0,1.0,2.0,0.0,15.051993223490369,465.8203125,418.1557574388098
LIDC-IDRI-0006,3,4,3.25,1.0,6.0,3.5,4.0,1.75,2.0,4.5,3.0,0.7071067811865476,8.763416161900523,180.7861328125,167.68015193444825
LIDC-IDRI-0007,0,4,5.0,1.0,6.0,4.0,3.0,3.25,5.0,4.75,4.75,0.4330127018922193,34.442065596612395,8296.775817871094,3509.181625201561
LIDC-IDRI-0007,1,1,4.0,1.0,6.0,5.0,2.0,4.0,4.0,5.0,5.0,0.0,20.684691085740198,2228.546142578125,1351.3122556453336
LIDC-IDRI-0008,0,3,2.3333333333333335,1.0,6.0,4.0,2.6666666666666665,1.0,1.3333333333333333,3.0,2.6666666666666665,0.4714045207910317,9.095609242035335,125.63069661458333,121.24972091987469
LIDC-IDRI-0008,1,4,2.75,1.0,6.0,3.25,3.25,1.5,1.0,4.25,2.75,0.4330127018922193,8.397048493288045,151.4434814453125,137.35990694557444
LIDC-IDRI-0009,0,1,3.0,1.0,6.0,3.0,5.0,1.0,1.0,5.0,2.0,0.0,7.370297759419222,78.2012939453125,87.39955526633332
LIDC-IDRI-0009,1,1,3.0,1.0,6.0,4.0,5.0,1.0,1.0,5.0,2.0,0.0,6.2986388658582415,78.582763671875,88.15305824717802
LIDC-IDRI-0010,0,1,4.0,1.0,6.0,4.0,4.0,1.0,1.0,5.0,2.0,0.0,5.558689618375904,49.72812684631208,51.395719560796834
LIDC-IDRI-0010,1,2,4.0,1.0,6.0,3.0,4.0,2.0,1.0,4.5,2.0,0.0,8.45176711342133,116.3541608732703,118.29673509247418
LIDC-IDRI-0010,2,4,4.0,1.0,6.0,3.25,4.5,2.25,1.5,5.0,3.25,0.82915619758885,10.026450675531887,201.3264941252055,169.86626521750378
LIDC-IDRI-0011,0,4,4.0,1.0,6.0,4.0,4.5,1.5,1.25,5.0,3.0,0.7071067811865476,9.346321891099844,368.37627453632194,251.69477002014332
LIDC-IDRI-0011,1,2,5.0,1.0,3.0,3.5,5.0,1.0,1.0,5.0,1.0,0.0,5.5684322784138125,86.75777680669853,82.71070857425843
LIDC-IDRI-0011,2,1,3.0,1.0,6.0,5.0,5.0,1.0,1.0,5.0,2.0,0.0,5.248061677152805,59.21562543961045,62.08493663620429
LIDC-IDRI-0011,3,1,5.0,1.0,3.0,5.0,5.0,1.0,1.0,5.0,1.0,0.0,4.752321971531809,40.62467326657497,41.60459940575461
LIDC-IDRI-0011,4,2,3.5,1.0,6.0,4.5,5.0,1.0,1.0,5.0,2.0,0.0,5.761724617318588,84.00356166988786,83.84485548277706
LIDC-IDRI-0011,5,4,4.0,1.0,3.75,4.75,5.0,1.0,1.0,5.0,1.25,0.4330127018922193,6.203326721609065,93.47117620252902,88.18581516879435
LIDC-IDRI-0011,6,2,5.0,1.0,3.0,4.5,5.0,1.0,1.0,5.0,1.0,0.0,5.000191824342304,64.37977882080304,65.70043390312469
LIDC-IDRI-0011,7,1,3.0,1.0,6.0,3.0,5.0,1.0,1.0,5.0,2.0,0.0,6.720798184903922,127.38245007312798,124.13671877792785
LIDC-IDRI-0011,8,2,5.0,1.0,3.0,5.0,5.0,1.0,1.0,5.0,1.0,0.0,4.8398281524998,71.26531666259325,69.41682252134456
LIDC-IDRI-0011,9,4,4.5,1.0,5.75,3.25,3.5,2.25,4.25,4.75,3.75,1.0897247358851685,15.267015577693435,828.8466177067767,562.566586476781
LIDC-IDRI-0012,0,3,3.3333333333333335,1.0,6.0,4.666666666666667,4.666666666666667,1.0,1.0,4.666666666666667,2.6666666666666665,0.4714045207910317,5.896404468361894,121.64450187181501,114.77989469884653
LIDC-IDRI-0012,1,4,3.25,1.0,6.0,4.25,4.0,1.25,1.0,4.5,2.5,0.5,6.961291060999994,148.72761738276495,129.540109402837
LIDC-IDRI-0012,2,3,3.3333333333333335,1.0,6.0,4.666666666666667,4.333333333333333,1.0,1.0,4.666666666666667,2.6666666666666665,0.4714045207910317,6.091459214642522,102.13547798669121,96.73717550191964
LIDC-IDRI-0012,3,4,4.25,1.0,6.0,4.75,4.75,1.25,1.25,5.0,3.5,1.118033988749895,12.69586769323868,881.6931206423033,481.22661745590256
LIDC-IDRI-0012,4,2,3.5,1.0,6.0,5.0,5.0,1.0,1.0,5.0,2.5,0.5,6.018438997595373,107.41439033210554,99.45919215305918
LIDC-IDRI-0012,5,4,3.75,1.0,6.0,4.25,4.25,1.0,1.0,4.75,2.75,0.4330127018922193,7.501931459222398,199.50845896601095,160.54900196929634
LIDC-IDRI-0012,6,4,3.75,1.0,6.0,4.25,4.5,1.25,1.0,4.75,3.0,0.7071067811865476,7.871139801495211,224.29639519663397,176.0543193869362
LIDC-IDRI-0012,7,1,3.0,1.0,6.0,5.0,5.0,1.0,1.0,5.0,2.0,0.0,5.40321019850532,106.0372827637184,99.52879783661098
LIDC-IDRI-0012,8,4,4.0,1.0,6.0,4.25,5.0,1.0,1.0,5.0,2.5,0.5,8.251650495904371,251.14999277957395,197.01904765811128
LIDC-IDRI-0012,9,3,3.3333333333333335,1.0,6.0,4.666666666666667,4.333333333333333,1.3333333333333333,1.0,4.333333333333333,2.6666666666666665,0.4714045207910317,7.1134021111009575,164.1053185628698,140.59084398371064
LIDC-IDRI-0012,10,3,3.6666666666666665,1.0,6.0,4.0,3.6666666666666665,1.0,1.0,4.333333333333333,2.6666666666666665,0.4714045207910317,6.8406600460476215,89.74150987155251,87.6759781039513
LIDC-IDRI-0012,11,1,3.0,1.0,6.0,5.0,5.0,1.0,1.0,5.0,2.0,0.0,5.652335409894913,76.42947004416783,81.64979927053815
LIDC-IDRI-0013,0,2,2.0,1.0,6.0,5.0,5.0,1.0,1.0,5.0,2.5,0.5,6.2084621996092455,101.92411651616567,108.04322670209463
LIDC-IDRI-0013,1,4,3.75,1.0,6.0,4.25,4.25,2.0,1.25,5.0,3.25,0.82915619758885,10.722210292715644,455.65444509928057,339.3219215997213
LIDC-IDRI-0013,2,4,5.0,1.0,6.0,3.0,3.5,2.75,3.0,4.75,4.75,0.4330127018922193,21.96984973564483,1818.0054390366392,1179.004718695218
LIDC-IDRI-0014,0,4,4.5,1.0,6.0,4.0,4.5,1.25,1.25,4.75,3.5,1.118033988749895,17.784388422049286,1526.7496959794153,757.2370059584282
LIDC-IDRI-0015,0,4,5.0,1.0,6.0,3.5,3.5,2.5,3.5,4.25,4.25,0.82915619758885,23.470773711989402,3463.6297609130634,1708.514261543196
LIDC-IDRI-0016,0,4,5.0,1.0,6.0,3.75,4.0,3.0,1.5,4.5,4.0,0.7071067811865476,17.77130594143522,1228.0246712045118,700.5807580747793
LIDC-IDRI-0016,1,4,4.75,1.0,6.0,4.5,4.0,3.25,1.5,5.0,3.75,0.82915619758885,12.370181590063408,557.149407440811,379.9406653682348
LIDC-IDRI-0016,2,1,3.0,1.0,6.0,5.0,2.0,1.0,1.0,1.0,3.0,0.0,5.8593800000000105,58.794121948158136,68.29447305345005
LIDC-IDRI-0016,3,4,3.75,1.0,6.0,4.25,3.5,2.75,1.25,4.5,2.75,0.4330127018922193,8.012347435968932,184.21442953505903,164.7706398858923
LIDC-IDRI-0016,4,4,4.0,1.0,6.0,4.0,3.5,2.0,1.5,4.5,2.75,0.4330127018922193,6.903777018451885,122.41622836310853,121.02531897795627
LIDC-IDRI-0016,5,4,5.0,1.0,6.0,3.75,3.0,2.5,4.0,4.25,4.5,0.5,18.62291349209224,1518.991201722165,897.3340081352678
LIDC-IDRI-0017,0,4,3.5,1.0,6.0,4.75,5.0,1.0,1.0,4.75,2.5,0.5,7.817360901635803,150.26450606368599,134.36143228497664
LIDC-IDRI-0018,0,3,2.6666666666666665,1.0,6.0,4.666666666666667,4.666666666666667,1.0,1.0,5.0,2.3333333333333335,0.4714045207910317,5.829439380033636,106.75350643724717,102.68513574460819
LIDC-IDRI-0018,1,4,4.25,1.0,5.25,4.0,4.5,1.75,1.0,5.0,3.0,1.224744871391589,11.562617089904565,699.6396973087406,432.92575153113035
LIDC-IDRI-0018,2,3,3.0,1.0,6.0,4.666666666666667,4.333333333333333,1.6666666666666667,1.0,4.666666666666667,2.6666666666666665,0.4714045207910317,8.114038859855265,171.6140705893243,150.1845299033538
LIDC-IDRI-0018,3,4,5.0,1.0,6.0,4.25,4.0,3.0,2.5,5.0,4.5,0.8660254037844386,21.796444929269107,2855.610361951294,1259.3682830098526
LIDC-IDRI-0019,0,2,5.0,1.0,6.0,3.5,3.5,2.0,4.0,4.5,3.0,1.0,31.71283255128429,6180.548840240817,2944.4485985644837
LIDC-IDRI-0020,0,1,5.0,1.0,6.0,3.0,2.0,3.0,4.0,5.0,5.0,0.0,33.62840146015902,4403.635559082031,2111.327721105697
LIDC-IDRI-0020,1,4,3.5,1.0,6.0,4.25,4.5,1.25,1.0,5.0,2.75,0.4330127018922193,7.211083302823991,151.83841705322266,132.45318672707782
LIDC-IDRI-0021,0,1,3.0,1.0,6.0,5.0,5.0,1.0,1.0,5.0,2.0,0.0,8.687087817337188,147.3505098145688,136.07526978058957
LIDC-IDRI-0021,1,1,3.0,1.0,6.0,4.0,5.0,1.0,1.0,5.0,2.0,0.0,9.676947589425128,437.92020673980005,307.40508275102286
LIDC-IDRI-0021,2,4,4.75,1.0,3.75,4.25,4.75,1.5,1.0,5.0,1.5,0.8660254037844386,9.585359215919883,415.8864856447508,296.02941201921396
LIDC-IDRI-0022,0,1,5.0,1.0,6.0,3.0,3.0,3.0,2.0,5.0,2.0,0.0,40.87811771366803,12423.271179199219,3781.183696089557
LIDC-IDRI-0023,0,4,5.0,1.0,6.0,3.75,3.25,3.0,5.0,4.75,4.75,0.4330127018922193,37.48782414749885,7280.251298580442,3043.8670485743082
LIDC-IDRI-0024,0,3,2.3333333333333335,1.0,6.0,4.333333333333333,4.333333333333333,1.0,1.0,5.0,2.6666666666666665,0.4714045207910317,6.1167397213721655,101.470947265625,91.70135610827764
LIDC-IDRI-0024,1,4,4.0,1.0,6.0,4.5,4.25,1.75,1.5,4.75,3.25,0.82915619758885,15.102328938660438,1115.6082153320312,585.3090226379591
LIDC-IDRI-0024,2,3,3.3333333333333335,1.3333333333333333,6.0,3.6666666666666665,4.333333333333333,1.6666666666666667,1.0,4.333333333333333,2.0,0.816496580927726,14.469358127584158,605.010986328125,406.5932684094975
LIDC-IDRI-0024,3,2,3.0,1.0,4.5,5.0,5.0,1.0,1.0,5.0,1.5,0.5,4.941058844013093,56.45751953125,56.50600428835548
LIDC-IDRI-0025,0,1,2.0,1.0,6.0,2.0,3.0,3.0,1.0,5.0,2.0,0.0,10.160287374587181,138.49476532363042,134.3477970394657
LIDC-IDRI-0026,0,2,2.5,1.0,6.0,4.0,4.5,1.5,1.0,5.0,1.5,0.5,6.227651129407423,45.69111761869863,53.758075155800405
LIDC-IDRI-0026,1,1,1.0,1.0,6.0,4.0,1.0,1.0,1.0,1.0,3.0,0.0,8.367083440515776,115.38943263032706,110.49673165200888
LIDC-IDRI-0027,0,4,4.0,1.0,6.0,4.75,5.0,1.0,1.0,5.0,2.75,0.4330127018922193,10.431100415176955,516.5061950683594,312.90563732463227
LIDC-IDRI-0027,1,3,2.6666666666666665,1.0,6.0,2.6666666666666665,4.333333333333333,1.0,1.0,4.666666666666667,2.6666666666666665,0.4714045207910317,9.844516054640179,226.7888387044271,184.0122439634174
LIDC-IDRI-0027,2,2,1.5,1.0,6.0,2.5,3.5,1.5,1.0,4.0,2.5,0.5,7.562237410859548,101.5472412109375,97.48770392858131
LIDC-IDRI-0027,3,4,2.75,1.0,6.0,4.75,5.0,1.0,1.0,5.0,2.5,0.5,8.370248830267908,216.94183349609375,171.5903311871784
LIDC-IDRI-0027,4,3,2.3333333333333335,1.0,6.0,4.0,4.666666666666667,2.3333333333333335,2.3333333333333335,4.666666666666667,2.6666666666666665,0.4714045207910317,9.068960554776583,325.5666097005208,229.23292429001836
LIDC-IDRI-0027,5,2,2.0,1.0,6.0,2.5,4.5,1.0,1.0,4.5,3.0,0.0,10.56891504990135,224.32708740234375,173.9497909427813
LIDC-IDRI-0027,6,1,2.0,1.0,6.0,2.0,3.0,1.0,1.0,5.0,2.0,0.0,6.076698900821893,49.8504638671875,54.94535952323953
LIDC-IDRI-0029,0,1,5.0,1.0,6.0,4.0,4.0,4.0,3.0,5.0,5.0,0.0,31.50605255398175,6442.447812012397,2816.417370515832
LIDC-IDRI-0030,0,2,3.5,1.0,6.0,3.5,3.0,1.5,1.0,3.5,2.5,0.5,7.785353819401234,203.9337158203125,170.5640713604997
LIDC-IDRI-0030,1,2,3.0,1.0,6.0,3.0,2.5,1.5,1.0,4.0,3.0,0.0,6.482492196534062,93.93310546875,97.42144498810539
LIDC-IDRI-0031,0,1,2.0,1.0,6.0,5.0,4.0,1.0,1.0,5.0,2.0,0.0,6.076698900821893,98.77777099609375,88.50498964051181
LIDC-IDRI-0031,1,1,1.0,1.0,6.0,3.0,3.0,1.0,1.0,5.0,2.0,0.0,8.463862173418528,67.39044189453125,71.8712317456133
LIDC-IDRI-0031,2,4,4.0,1.0,6.0,4.0,4.25,1.75,1.25,4.75,3.5,0.8660254037844386,14.006934977202182,531.9690704345703,360.0863915716835
LIDC-IDRI-0031,3,4,3.25,1.0,6.0,4.0,4.5,1.0,1.25,5.0,2.5,0.5,8.776028352426358,228.94287109375,181.39515650620237
LIDC-IDRI-0031,4,4,4.5,1.0,6.0,4.25,4.0,1.5,2.5,4.5,4.5,0.5,18.7050589643358,2129.261016845703,1045.2952681271454
LIDC-IDRI-0033,0,4,3.75,1.0,6.0,3.75,3.25,1.5,1.25,4.0,3.0,1.0,10.139131648461492,313.1866455078125,234.29558730016393
LIDC-IDRI-0033,1,1,4.0,1.0,6.0,4.0,1.0,1.0,1.0,3.0,3.0,0.0,15.819106821341084,733.184814453125,590.2677686224221
LIDC-IDRI-0034,0,3,4.333333333333333,1.0,5.666666666666667,3.6666666666666665,5.0,1.3333333333333333,1.0,4.666666666666667,2.0,0.0,5.729700603895561,60.77438874053769,69.05989142744626
LIDC-IDRI-0035,0,2,4.0,1.0,6.0,4.5,4.0,4.0,2.5,4.5,3.0,0.0,9.615430182628767,240.9865302615799,193.9660798968912
LIDC-IDRI-0036,0,1,4.0,1.0,6.0,4.0,4.0,2.0,2.0,4.0,3.0,0.0,6.104125939346914,47.26037482261745,56.586083499129245
LIDC-IDRI-0036,1,4,3.75,1.0,6.0,3.5,3.25,2.5,1.75,4.5,3.75,0.82915619758885,11.16524419824512,340.06921883287305,265.22317097010546
LIDC-IDRI-0037,0,4,5.0,1.0,6.0,3.75,4.0,2.5,3.75,4.5,4.0,0.7071067811865476,18.53994128243076,1601.1962890625,869.77612443818
LIDC-IDRI-0037,1,3,4.0,1.0,6.0,3.3333333333333335,4.0,1.3333333333333333,3.3333333333333335,4.666666666666667,3.6666666666666665,0.4714045207910317,9.620805027439166,245.27994791666666,240.0077319293698
LIDC-IDRI-0038,0,1,1.0,1.0,6.0,3.0,4.0,1.0,1.0,4.0,3.0,0.0,5.0573455202262085,61.18574465348502,66.10316154095378
LIDC-IDRI-0039,0,4,4.25,1.0,3.75,4.5,5.0,1.0,1.0,5.0,1.5,0.8660254037844386,8.161888526427742,203.18407727922022,164.64932234091697
LIDC-IDRI-0039,1,4,3.5,1.0,5.25,4.25,4.75,1.5,1.5,5.0,1.5,0.8660254037844386,6.630991719297576,83.52313171598325,83.78190828882632
LIDC-IDRI-0039,2,4,3.5,1.0,4.25,4.25,5.0,1.25,1.5,5.0,1.25,0.4330127018922193,6.344833413196427,83.52313171610149,82.2409252284975
LIDC-IDRI-0039,3,4,3.75,1.0,4.5,3.0,5.0,1.5,2.0,5.0,1.0,0.0,8.141289403707411,111.22531754708689,107.58162412705471
LIDC-IDRI-0039,4,4,3.5,1.0,6.0,4.75,5.0,1.25,1.0,5.0,2.75,0.4330127018922193,9.491374637071617,294.20554500958133,218.64713401825003
LIDC-IDRI-0040,0,1,1.0,1.0,3.0,2.0,5.0,1.0,1.0,5.0,1.0,0.0,5.057345520226195,58.98085295419141,68.56156047391974
LIDC-IDRI-0040,1,4,3.25,1.0,6.0,3.5,4.25,1.25,1.0,4.0,2.75,0.4330127018922193,7.471763933037472,142.76673752443457,134.4737830951969
LIDC-IDRI-0040,2,1,1.0,1.0,6.0,2.0,4.0,1.0,1.0,4.0,3.0,0.0,5.3538390048506415,68.35164267584332,72.48878177458127
LIDC-IDRI-0040,3,1,2.0,1.0,6.0,3.0,4.0,1.0,1.0,5.0,3.0,0.0,5.475995535917827,35.829490112337226,45.1807798391263
LIDC-IDRI-0041,0,4,4.75,1.0,6.0,4.0,4.0,3.5,2.75,4.75,3.75,0.82915619758885,24.049692690127316,3010.8596337530616,1308.631463359363
LIDC-IDRI-0041,1,1,1.0,1.0,6.0,1.0,4.0,1.0,1.0,4.0,3.0,0.0,6.61356677802229,79.90827355970396,79.34664270181958
LIDC-IDRI-0041,2,2,3.5,1.0,3.0,5.0,5.0,1.0,1.0,5.0,1.0,0.0,5.345464404106252,100.93676660158962,92.93486178672052
LIDC-IDRI-0042,0,2,3.5,1.0,6.0,4.5,3.5,1.0,1.0,4.0,3.0,1.0,6.651848711447487,114.63546752929688,104.46120418611281
LIDC-IDRI-0042,1,2,3.5,1.0,6.0,3.5,2.0,1.0,1.0,3.5,3.0,0.0,6.536910714763508,69.52285766601562,78.89319343365212
LIDC-IDRI-0042,2,3,3.3333333333333335,1.0,6.0,4.333333333333333,3.6666666666666665,1.3333333333333333,1.3333333333333333,4.666666666666667,3.0,0.816496580927726,6.762085457000405,120.50628662109375,119.783582765557
LIDC-IDRI-0042,3,4,3.5,1.0,6.0,3.75,3.25,1.25,2.75,4.0,3.25,0.4330127018922193,9.251339511067872,194.50950622558594,165.77792221501173
LIDC-IDRI-0042,4,1,4.0,1.0,6.0,3.0,2.0,1.0,1.0,4.0,3.0,0.0,7.340840514077731,121.124267578125,112.16823590512001
LIDC-IDRI-0042,5,1,2.0,1.0,6.0,4.0,2.0,1.0,1.0,2.0,2.0,0.0,8.199776102126204,121.74224853515625,116.32495113257238
LIDC-IDRI-0042,6,1,4.0,1.0,6.0,4.0,4.0,1.0,1.0,4.0,3.0,0.0,6.367067675252871,98.25897216796875,93.94059397803153
LIDC-IDRI-0042,7,2,2.5,1.0,6.0,4.0,2.0,1.5,1.0,3.5,2.5,0.5,6.38571669162611,63.0340576171875,70.83196892457559
LIDC-IDRI-0042,8,4,3.75,1.0,6.0,4.75,5.0,1.0,1.0,5.0,2.75,0.82915619758885,6.6444866870440915,139.5092010498047,126.19213132698198
LIDC-IDRI-0042,9,2,2.0,1.0,6.0,4.5,3.0,1.0,1.0,2.5,2.5,0.5,5.03577317754959,65.5059814453125,69.99187377055452
LIDC-IDRI-0043,0,3,4.0,1.0,6.0,3.6666666666666665,4.0,1.3333333333333333,1.0,4.666666666666667,3.0,1.4142135623730951,11.426785033609677,341.75219488204067,256.9083819407177
LIDC-IDRI-0043,1,3,4.0,1.0,6.0,4.0,5.0,2.0,1.0,5.0,3.0,1.4142135623730951,19.45837918865746,1384.9111779142306,786.2980031388174
LIDC-IDRI-0043,2,4,5.0,1.0,6.0,4.25,3.75,4.0,1.75,5.0,4.5,0.8660254037844386,20.25775981902453,2378.092632111293,1117.6783854766913
LIDC-IDRI-0044,0,1,1.0,1.0,6.0,5.0,2.0,1.0,1.0,1.0,2.0,0.0,10.70968093012112,531.463623046875,401.87918876905974
LIDC-IDRI-0044,1,4,4.0,1.0,3.75,4.5,5.0,1.0,1.0,5.0,1.5,0.8660254037844386,12.465228277220113,554.3289184570312,364.9855589154263
LIDC-IDRI-0044,2,4,5.0,1.0,6.0,4.25,3.75,3.75,2.75,4.5,4.0,1.0,31.086422592000407,8814.416885375977,2807.9147591328006
LIDC-IDRI-0044,3,4,4.0,1.0,6.0,4.25,4.25,2.25,1.0,4.75,3.0,0.7071067811865476,12.51948402279579,777.8835296630859,444.34670752433146
LIDC-IDRI-0045,0,4,4.0,1.0,6.0,3.25,4.25,1.0,1.0,4.75,3.0,0.7071067811865476,8.397258724047575,232.47826853639708,192.6956862939369
LIDC-IDRI-0045,1,1,2.0,1.0,6.0,4.0,3.0,1.0,1.0,2.0,3.0,0.0,9.249313376123444,188.51824028344708,176.41433414117162
LIDC-IDRI-0045,2,3,4.0,1.0,6.0,3.3333333333333335,3.6666666666666665,3.6666666666666665,3.3333333333333335,4.666666666666667,4.0,0.0,12.616147790203934,431.42380914728466,328.66869869353474
LIDC-IDRI-0045,3,2,4.0,1.0,6.0,3.5,3.0,1.5,2.5,5.0,4.0,0.0,13.905244865504736,850.5369729739323,506.53240176075894
LIDC-IDRI-0045,4,4,2.5,1.0,6.0,4.25,2.25,1.75,1.25,2.5,3.25,0.82915619758885,7.371434226554557,152.4131387085754,144.30832758731532
LIDC-IDRI-0045,5,4,4.75,1.0,3.75,4.75,5.0,1.0,1.0,5.0,1.5,0.8660254037844386,7.265242366041631,191.963383563334,159.29838675742525
LIDC-IDRI-0045,6,1,2.0,1.0,6.0,3.0,2.0,1.0,1.0,1.0,3.0,0.0,11.823287771620372,449.7979066408152,325.79833029427385
LIDC-IDRI-0045,7,1,3.0,1.0,6.0,2.0,3.0,3.0,3.0,3.0,3.0,0.0,13.04674822244162,429.95388134761015,326.2819282059237
LIDC-IDRI-0045,8,1,3.0,1.0,6.0,4.0,2.0,1.0,1.0,3.0,3.0,0.0,5.712477321482871,89.84933674313652,99.15186088173415
LIDC-IDRI-0045,9,4,4.75,1.0,6.0,4.0,4.0,2.75,2.5,5.0,4.5,0.8660254037844386,18.297308778531267,1681.2299206554962,952.6337951735541
LIDC-IDRI-0045,10,4,3.75,1.0,6.0,4.25,4.25,1.25,1.25,4.5,2.75,0.82915619758885,8.78272639969489,325.0837199037778,257.12913479276403
LIDC-IDRI-0045,11,4,4.0,1.0,6.0,4.0,3.25,1.75,1.75,4.75,3.5,0.5,10.751415333616306,415.3464738406183,290.12977008251346
LIDC-IDRI-0046,0,1,3.0,1.0,6.0,5.0,5.0,1.0,1.0,5.0,3.0,0.0,6.384542585295828,134.9565416992482,123.3923625473916
LIDC-IDRI-0046,1,3,3.3333333333333335,1.0,6.0,4.333333333333333,4.0,1.3333333333333333,1.0,4.666666666666667,2.6666666666666665,0.4714045207910317,9.010207288804251,222.40287229018577,183.10583915474248
LIDC-IDRI-0046,2,3,3.3333333333333335,1.0,6.0,3.6666666666666665,4.666666666666667,1.3333333333333333,1.0,3.3333333333333335,2.6666666666666665,0.4714045207910317,6.381654528653719,77.5770596842267,80.28319076790986
LIDC-IDRI-0046,3,3,2.3333333333333335,1.0,6.0,3.6666666666666665,3.3333333333333335,1.3333333333333333,1.0,2.6666666666666665,2.6666666666666665,0.4714045207910317,5.763234003008622,86.06922302250798,83.43305167980827
LIDC-IDRI-0046,4,4,3.5,1.0,5.5,3.75,4.25,1.75,1.0,4.75,2.25,0.4330127018922193,7.791156404460091,139.7764181886305,124.62601845725192
LIDC-IDRI-0046,5,3,3.3333333333333335,1.0,6.0,3.6666666666666665,3.6666666666666665,2.0,1.6666666666666667,4.666666666666667,2.6666666666666665,0.4714045207910317,8.2993344028691,278.86428259295525,237.48414677174662
LIDC-IDRI-0046,6,4,3.25,1.0,6.0,4.25,4.25,1.5,1.25,4.75,2.75,0.4330127018922193,7.6084622811732565,132.71874190089875,127.76905654115757
LIDC-IDRI-0047,0,4,4.75,1.0,6.0,3.5,4.25,2.75,2.25,5.0,4.25,0.82915619758885,18.84252539993499,1049.2324829101562,699.3518510106246
LIDC-IDRI-0048,0,2,2.5,1.0,6.0,4.5,3.5,1.0,1.0,3.0,2.0,0.0,13.836315606411409,460.64479296772333,352.78953861389675
LIDC-IDRI-0048,1,2,1.5,1.0,6.0,5.0,2.0,2.0,1.0,1.0,2.5,0.5,8.895151549236305,146.97835081246012,132.6599533032994
LIDC-IDRI-0048,2,3,3.3333333333333335,1.0,6.0,4.333333333333333,2.6666666666666665,2.6666666666666665,1.6666666666666667,3.0,3.6666666666666665,1.247219128924647,21.207683649109427,715.5574371607994,514.2742794366901
LIDC-IDRI-0049,0,2,4.5,1.0,6.0,3.5,4.5,1.5,1.5,5.0,2.5,0.5,9.046161420190348,210.30648129279143,195.5590416820685
LIDC-IDRI-0049,1,2,2.0,1.0,6.0,3.5,2.5,1.0,1.0,3.0,1.5,0.5,6.071364034186866,142.54105954278202,158.8057291291985
LIDC-IDRI-0049,2,2,1.5,1.0,6.0,4.0,1.5,1.0,1.0,3.0,2.0,0.0,6.335691701549033,110.60563090213691,108.89425589915635
LIDC-IDRI-0049,3,1,2.0,1.0,6.0,4.0,3.0,1.0,1.0,3.0,3.0,0.0,5.314938783969958,42.580571521102684,51.963714927370276
LIDC-IDRI-0049,4,3,3.6666666666666665,1.0,6.0,3.3333333333333335,4.333333333333333,1.3333333333333333,1.3333333333333333,5.0,2.3333333333333335,0.4714045207910317,7.29529606664918,86.7189688293244,89.90666987891056
LIDC-IDRI-0049,5,3,3.6666666666666665,1.0,6.0,3.3333333333333335,3.0,1.3333333333333333,1.3333333333333333,4.333333333333333,2.3333333333333335,0.4714045207910317,7.638828353096021,152.14765189836422,138.7774600702409
LIDC-IDRI-0049,6,1,4.0,1.0,6.0,4.0,4.0,1.0,2.0,5.0,3.0,0.0,11.088930613384502,590.4159734069981,437.6986314241484
LIDC-IDRI-0049,7,3,3.3333333333333335,1.0,6.0,4.0,2.6666666666666665,1.6666666666666667,1.3333333333333333,4.333333333333333,2.3333333333333335,0.4714045207910317,7.301630644931283,134.31920122078736,126.56087466864783
LIDC-IDRI-0049,8,4,3.5,1.0,6.0,4.5,3.5,1.25,1.25,4.5,2.5,0.5,6.960838402147672,126.96280166928773,122.29424757421779
LIDC-IDRI-0049,9,4,3.75,1.0,6.0,3.25,3.5,1.75,1.75,4.75,3.5,0.5,11.566282571330039,262.8831016159893,244.24652070121576
LIDC-IDRI-0049,10,4,3.5,1.0,6.0,3.75,3.5,1.25,1.25,4.25,2.5,0.5,7.655062752172956,170.7117425308752,165.33066558419011
LIDC-IDRI-0049,11,3,2.6666666666666665,1.0,6.0,3.6666666666666665,3.3333333333333335,1.0,1.0,3.6666666666666665,1.6666666666666667,0.4714045207910317,6.056806055478056,79.44911515502706,82.59387796754704
LIDC-IDRI-0049,12,2,3.0,1.0,6.0,4.0,3.5,1.0,2.5,4.0,1.5,0.5,4.678796711339776,74.51600016171142,81.98011604418464
LIDC-IDRI-0049,13,1,3.0,1.0,6.0,2.0,1.0,1.0,1.0,2.0,2.0,0.0,9.68942554804905,191.61257184430724,181.9199401302502
LIDC-IDRI-0049,14,4,3.5,1.0,6.0,3.75,3.5,1.25,1.25,4.5,2.25,0.4330127018922193,8.437585136701497,175.9044951553915,153.72655564895476
LIDC-IDRI-0050,0,4,5.0,1.0,6.0,4.0,3.75,3.5,3.5,5.0,4.0,1.0,32.72064289205031,8245.277404785156,2891.810522828069
LIDC-IDRI-0051,0,1,2.0,1.0,6.0,3.0,3.0,1.0,1.0,4.0,2.0,0.0,7.7308230480331135,134.033203125,116.46610893240691
LIDC-IDRI-0051,1,4,4.25,1.0,6.0,4.25,4.75,1.5,1.0,5.0,3.75,1.0897247358851685,15.322426360220854,1359.832763671875,635.6807850503312
LIDC-IDRI-0051,2,4,3.5,1.0,6.0,4.25,4.25,1.25,1.5,5.0,3.5,1.118033988749895,14.962905733419689,1350.2197265625,655.1109332574249
LIDC-IDRI-0052,0,4,3.0,1.0,6.0,3.5,5.0,1.0,1.0,5.0,2.0,0.7071067811865476,11.461238877374216,291.51645837737306,239.77099780170485
LIDC-IDRI-0052,1,4,5.0,1.0,6.0,3.25,3.5,3.0,4.0,5.0,4.75,0.4330127018922193,28.78252019434365,4518.54813945758,2548.090248059642
LIDC-IDRI-0053,0,4,5.0,1.0,6.0,4.25,4.75,2.25,1.5,5.0,4.0,0.7071067811865476,25.56026919328538,6199.893951416016,2126.230614812118
LIDC-IDRI-0053,1,4,4.5,1.0,6.0,3.5,4.25,1.5,1.5,4.75,3.25,0.82915619758885,12.596769618268171,584.9189758300781,374.06566799315567
LIDC-IDRI-0054,0,4,4.5,1.0,6.0,3.75,4.5,1.75,1.75,5.0,4.0,1.224744871391589,20.01522705521207,2321.2432861328125,1001.5489964158187
LIDC-IDRI-0055,0,6,3.6666666666666665,1.0,6.0,3.5,3.3333333333333335,2.1666666666666665,2.0,4.5,3.1666666666666665,0.8975274678557507,13.426131445372198,477.28729248046875,334.17434897193965
LIDC-IDRI-0055,1,4,3.25,1.0,6.0,4.5,2.5,1.5,1.25,3.25,3.5,0.8660254037844386,9.186081627499757,291.68701171875,215.43981131775894
LIDC-IDRI-0055,2,2,2.5,1.0,6.0,4.0,1.5,1.0,1.0,1.5,3.0,0.0,6.234273362721256,97.6409912109375,97.351089720105
LIDC-IDRI-0055,3,1,1.0,1.0,6.0,5.0,1.0,1.0,1.0,1.0,3.0,0.0,4.716705890038619,43.87664794921875,50.04368298909184
LIDC-IDRI-0055,4,4,4.75,1.0,6.0,3.75,4.0,2.75,3.0,4.25,4.25,0.82915619758885,15.315359968164623,800.2853393554688,512.3999518303134
LIDC-IDRI-0055,5,1,1.0,1.0,6.0,5.0,1.0,1.0,2.0,1.0,3.0,0.0,4.099888051063102,43.2586669921875,49.613245360134385
LIDC-IDRI-0055,6,2,3.5,1.0,6.0,4.5,2.5,1.0,3.0,2.5,3.0,0.0,12.621421607981876,412.5022888183594,307.7974035616759
LIDC-IDRI-0056,0,4,3.5,1.0,6.0,4.0,4.25,2.5,1.5,5.0,3.25,0.4330127018922193,12.94819895725476,568.4446445628419,379.67965116588346
LIDC-IDRI-0056,1,3,2.6666666666666665,1.0,6.0,4.666666666666667,4.333333333333333,1.3333333333333333,1.0,5.0,2.3333333333333335,0.4714045207910317,6.014622947446676,59.013015007803915,64.13011102534846
LIDC-IDRI-0056,2,3,1.6666666666666667,1.0,6.0,4.0,4.333333333333333,1.0,1.0,5.0,2.3333333333333335,0.4714045207910317,6.231379452015504,58.87081497154819,64.99386937902771
LIDC-IDRI-0057,0,4,5.0,1.0,6.0,2.75,3.0,3.75,4.5,5.0,4.75,0.4330127018922193,30.851935468563035,4576.24138551485,2359.805287170577
LIDC-IDRI-0058,0,3,5.0,1.0,6.0,3.0,3.6666666666666665,3.3333333333333335,4.0,5.0,5.0,0.0,37.15508208607756,6652.565002441406,2751.5686320763803
LIDC-IDRI-0058,1,2,1.5,1.0,6.0,4.0,1.5,1.5,2.0,1.0,2.5,0.5,10.198196849197075,287.9791259765625,250.6230421699793
LIDC-IDRI-0058,2,4,5.0,1.0,6.0,3.5,3.5,3.5,2.5,5.0,4.0,1.0,29.761583388436105,4089.1799926757812,1920.2968470220721
LIDC-IDRI-0059,0,4,4.25,1.0,6.0,3.5,2.75,2.75,3.0,4.5,4.25,0.4330127018922193,13.40390112095652,665.2565002441406,478.02404711769873
LIDC-IDRI-0060,0,4,4.25,1.0,6.0,4.25,3.25,2.75,3.75,4.25,4.25,0.82915619758885,13.906047066969784,901.4797210693359,545.3161509867896
LIDC-IDRI-0060,1,2,4.5,1.0,6.0,3.0,3.5,2.5,3.0,5.0,5.0,0.0,20.414841928417008,1203.826904296875,746.5134085756692
LIDC-IDRI-0060,2,1,4.0,1.0,6.0,3.0,2.0,5.0,4.0,4.0,5.0,0.0,13.867792680456576,251.51824951171875,241.23172289617685
LIDC-IDRI-0060,3,3,4.333333333333333,1.0,6.0,3.3333333333333335,2.3333333333333335,3.0,3.3333333333333335,4.666666666666667,4.666666666666667,0.4714045207910317,15.442491831312287,1000.30517578125,668.3778682109495
LIDC-IDRI-0060,4,1,5.0,1.0,6.0,3.0,1.0,4.0,4.0,2.0,4.0,0.0,11.337549958544836,169.94476318359375,171.38541612154742
LIDC-IDRI-0060,5,2,4.5,2.5,6.0,3.0,2.5,2.5,2.5,4.0,4.5,0.5,25.87264359276909,3335.552215576172,1955.9245277428383
LIDC-IDRI-0061,0,4,4.25,1.0,6.0,4.25,4.75,1.25,1.0,5.0,4.0,1.224744871391589,23.580196468599585,3432.691204177536,1355.9142271257952
LIDC-IDRI-0061,1,1,3.0,1.0,6.0,5.0,5.0,1.0,1.0,5.0,2.0,0.0,32.03420766071171,18223.29207019153,4610.77617017184
LIDC-IDRI-0061,2,3,3.0,1.0,6.0,3.6666666666666665,4.0,1.0,1.0,4.0,2.6666666666666665,0.4714045207910317,8.234042169031257,80.46903337405335,82.91436243491913
LIDC-IDRI-0061,3,4,3.25,1.0,6.0,4.0,5.0,1.0,1.0,5.0,2.75,0.4330127018922193,12.752605761779737,650.831859650425,384.0739677554672
LIDC-IDRI-0061,4,4,3.75,1.0,6.0,3.5,4.75,1.0,1.0,5.0,2.5,0.5,11.750609288870839,358.7460912964525,254.88993639807447
LIDC-IDRI-0061,5,3,4.333333333333333,1.0,6.0,4.666666666666667,4.666666666666667,1.3333333333333333,1.0,5.0,4.0,1.4142135623730951,37.90469369897283,18746.76135698188,4201.89742193893
LIDC-IDRI-0063,0,1,2.0,1.0,3.0,2.0,5.0,1.0,1.0,5.0,1.0,0.0,6.2986388658582415,78.582763671875,79.38105451919594
LIDC-IDRI-0063,1,3,3.3333333333333335,3.0,6.0,4.333333333333333,4.666666666666667,1.3333333333333333,1.3333333333333333,3.3333333333333335,3.3333333333333335,0.4714045207910317,10.481181049385377,423.6857096354167,310.6391511104689
LIDC-IDRI-0063,2,2,4.5,1.0,6.0,3.5,3.5,3.0,3.5,5.0,4.5,0.5,13.125420014741513,959.3963623046875,658.1807584230763
LIDC-IDRI-0063,3,4,3.75,1.0,6.0,4.75,4.5,1.0,1.0,4.5,2.75,0.4330127018922193,8.534012638112312,228.5003662109375,176.53822438367848
LIDC-IDRI-0064,0,4,4.5,1.0,6.0,4.75,4.5,1.75,1.0,5.0,3.0,0.7071067811865476,29.790759554522907,10658.26416015625,2779.977110966024
LIDC-IDRI-0064,1,4,4.75,1.0,6.0,4.0,4.0,4.0,1.5,4.75,4.0,1.0,23.55997380778714,3533.7448120117188,1646.8802177962182
LIDC-IDRI-0065,0,2,1.0,1.0,6.0,4.5,3.5,1.0,1.0,4.5,3.0,0.0,6.09256812013474,50.745068113465095,57.74741701101368
LIDC-IDRI-0066,0,4,4.5,1.0,6.0,3.5,3.75,3.25,2.5,5.0,3.5,0.5,11.536296924432145,277.52900791168213,306.21840185335174
LIDC-IDRI-0066,1,4,4.75,1.0,6.0,3.25,2.75,3.5,4.0,4.75,4.25,0.4330127018922193,22.00835902353065,1305.663381099701,1396.8737834608519
LIDC-IDRI-0066,2,3,4.333333333333333,1.0,6.0,3.3333333333333335,3.0,2.0,3.6666666666666665,4.0,3.6666666666666665,0.4714045207910317,9.716586808558034,68.71712493896484,116.05989535777216
LIDC-IDRI-0067,0,4,4.75,1.0,6.0,4.25,5.0,1.25,1.25,4.75,3.5,0.8660254037844386,11.605210960735686,518.8941955566406,335.2801378246855
LIDC-IDRI-0067,1,4,4.25,1.0,5.0,4.5,4.0,1.0,1.0,4.5,2.5,0.5,7.867990807029553,138.66424560546875,129.47499017707005
LIDC-IDRI-0067,2,4,3.25,1.0,6.0,4.25,4.25,1.75,1.75,4.75,3.0,0.7071067811865476,9.072718576134061,168.2281494140625,146.64371522885344
LIDC-IDRI-0067,3,2,3.5,1.0,6.0,3.0,3.0,1.5,2.5,4.5,2.0,0.0,7.727524656832866,70.5718994140625,78.00451601249756
LIDC-IDRI-0068,0,4,3.5,1.0,6.0,4.0,5.0,1.5,1.0,5.0,2.75,0.4330127018922193,6.0462729426363,84.6252464331883,87.62905063035402
LIDC-IDRI-0068,1,4,3.5,1.0,6.0,4.0,5.0,1.0,1.25,5.0,3.0,0.7071067811865476,7.677836996690582,148.44100603886545,139.91347539375283
LIDC-IDRI-0068,2,4,4.25,1.0,6.0,4.0,4.75,1.25,1.5,5.0,3.5,1.118033988749895,10.1593916565712,279.0661707230174,218.4122363957291
LIDC-IDRI-0068,3,2,3.5,1.0,6.0,3.5,5.0,1.5,1.5,5.0,2.5,0.5,5.358703911860161,40.59675325011085,49.66964813496476
LIDC-IDRI-0068,4,4,4.25,1.0,6.0,4.0,5.0,1.0,1.25,5.0,3.5,1.118033988749895,12.510066792112974,470.8785282557619,336.99353101125655
LIDC-IDRI-0068,5,4,4.25,1.0,6.0,4.5,5.0,1.75,2.0,5.0,3.75,1.0897247358851685,14.026190438869529,866.2587779846945,494.6037374556405
LIDC-IDRI-0070,0,2,2.0,1.0,6.0,3.0,4.5,1.0,1.0,5.0,2.5,0.5,5.403210198505334,50.95298002932395,57.74311412511358
LIDC-IDRI-0070,1,3,2.3333333333333335,1.0,6.0,4.666666666666667,4.0,1.3333333333333333,1.0,4.666666666666667,2.6666666666666665,0.4714045207910317,7.292419417853163,135.64509548368127,126.21224827787255
LIDC-IDRI-0070,2,2,1.5,1.0,6.0,4.5,4.5,1.0,1.0,5.0,1.5,0.5,4.978748460253833,35.80479677741096,40.70710980305391
LIDC-IDRI-0072,0,3,5.0,1.0,6.0,2.6666666666666665,2.6666666666666665,2.6666666666666665,4.333333333333333,4.0,5.0,0.0,43.473965282864306,9110.684822407015,4084.41421955386
LIDC-IDRI-0073,0,1,3.0,1.0,6.0,2.0,1.0,1.0,1.0,3.0,1.0,0.0,15.047532111819864,635.9024047851562,484.92773933354437
LIDC-IDRI-0073,1,2,3.5,1.0,6.0,3.5,3.0,2.0,1.0,4.0,3.0,1.0,10.274571146939932,192.19207763671875,174.53341120433288
LIDC-IDRI-0073,2,4,4.25,1.0,6.0,4.5,4.25,2.25,1.5,5.0,4.0,1.224744871391589,21.662939739215172,2042.4270629882812,1109.2165502871803
LIDC-IDRI-0074,0,3,5.0,1.0,6.0,3.3333333333333335,4.333333333333333,2.6666666666666665,2.3333333333333335,5.0,4.0,1.4142135623730951,24.748218155472955,2662.261962890625,1404.7121199605729
LIDC-IDRI-0075,0,1,1.0,1.0,6.0,3.0,2.0,1.0,1.0,1.0,3.0,0.0,5.830449435935449,41.43035888671875,51.41446415432418
LIDC-IDRI-0075,1,3,5.0,1.0,6.0,2.6666666666666665,3.6666666666666665,3.3333333333333335,4.666666666666667,4.666666666666667,5.0,0.0,44.93582368135128,9746.934560139975,3612.6426870441687
LIDC-IDRI-0075,2,1,2.0,1.0,6.0,2.0,1.0,2.0,2.0,3.0,3.0,0.0,16.619337910341827,236.36550903320312,245.64976648326785
LIDC-IDRI-0075,3,4,3.0,1.0,6.0,2.75,3.5,1.5,2.25,2.25,3.0,0.0,14.810061679797219,497.82825469970703,382.58840843924713
LIDC-IDRI-0076,0,4,4.25,1.0,6.0,3.75,4.25,1.75,1.25,4.75,2.75,1.0897247358851685,10.519987979517683,338.4240406675144,249.50212253431891
LIDC-IDRI-0076,1,4,2.75,1.0,6.0,3.75,2.75,1.0,1.0,1.75,3.0,0.7071067811865476,8.801275848300419,166.9855463820022,143.96623932216033
LIDC-IDRI-0077,0,4,5.0,1.0,6.0,4.5,4.75,2.0,1.5,5.0,4.25,1.299038105676658,23.488189715600278,5293.9449698270255,1768.0005859827324
LIDC-IDRI-0077,1,1,2.0,1.0,6.0,4.0,1.0,2.0,2.0,3.0,3.0,0.0,7.571471731421852,156.5473106445279,163.9728628864375
LIDC-IDRI-0080,0,3,5.0,1.0,6.0,4.0,5.0,1.6666666666666667,1.0,5.0,3.6666666666666665,1.247219128924647,30.048481726469902,3745.396931966146,1690.3123151062666
LIDC-IDRI-0080,1,4,5.0,1.0,6.0,3.5,3.75,3.25,4.5,5.0,5.0,0.0,35.04495685148284,6588.172912597656,2688.992278711912
LIDC-IDRI-0081,0,4,4.0,1.0,6.0,4.5,4.75,1.25,1.0,5.0,3.75,1.0897247358851685,14.086320133212812,665.5960083007812,410.47993217769726
LIDC-IDRI-0081,1,3,5.0,1.0,4.0,3.0,4.666666666666667,3.0,3.0,5.0,3.6666666666666665,1.8856180831641267,23.97523324693516,3820.6380208333335,1622.9796589553816
LIDC-IDRI-0082,0,3,4.666666666666667,1.0,6.0,3.6666666666666665,4.0,2.3333333333333335,5.0,5.0,4.666666666666667,0.4714045207910317,26.9830641053009,3246.2539672851562,1650.7007212104456
LIDC-IDRI-0083,0,3,2.0,1.0,6.0,5.0,4.333333333333333,1.0,1.0,5.0,2.6666666666666665,0.4714045207910317,7.0456826218458355,91.54403970945471,89.26604701095955
LIDC-IDRI-0083,1,4,2.5,1.0,6.0,4.5,4.5,1.0,1.5,5.0,2.75,0.4330127018922193,7.367912071266442,105.14246521000132,100.92232974403689
LIDC-IDRI-0084,0,1,2.0,1.0,6.0,2.0,3.0,1.0,1.0,5.0,1.0,0.0,6.305711696549407,44.23522500002582,57.38879733059036
LIDC-IDRI-0084,1,3,3.0,1.0,6.0,2.6666666666666665,3.3333333333333335,1.3333333333333333,2.0,4.666666666666667,2.0,0.816496580927726,9.190535013862705,139.00132499998048,128.78363178686857
LIDC-IDRI-0084,2,3,3.6666666666666665,1.0,6.0,3.6666666666666665,3.3333333333333335,1.0,2.0,4.666666666666667,2.0,0.816496580927726,6.556831020427729,96.25717499976356,95.08917179784355
LIDC-IDRI-0084,3,1,5.0,1.0,6.0,4.0,3.0,1.0,1.0,4.0,3.0,0.0,5.813578932120887,92.44664999993984,88.64519763755521
LIDC-IDRI-0084,4,2,5.0,1.0,6.0,3.5,2.5,1.0,2.5,3.5,2.5,0.5,10.621792947523595,209.74454999997397,192.2871444738076
LIDC-IDRI-0084,5,3,4.333333333333333,1.0,6.0,3.0,3.6666666666666665,1.0,1.3333333333333333,4.666666666666667,2.6666666666666665,0.4714045207910317,8.231529887484939,117.29790000004384,114.22425081283352
LIDC-IDRI-0085,0,4,2.75,1.0,6.0,3.0,4.0,1.75,1.0,4.25,2.25,0.4330127018922193,6.994217756238932,52.51005022520985,65.21888077664612
LIDC-IDRI-0085,1,1,4.0,1.0,6.0,5.0,5.0,1.0,1.0,5.0,2.0,0.0,6.1283212290114335,64.34757599854493,65.25771247765803
LIDC-IDRI-0086,0,2,2.5,1.0,6.0,4.5,4.5,1.5,1.5,5.0,2.5,0.5,6.104129031676146,117.94557666778564,199.79302718207066
LIDC-IDRI-0087,0,3,5.0,1.0,6.0,4.0,4.0,2.6666666666666665,5.0,4.666666666666667,4.666666666666667,0.4714045207910317,30.173643692612444,4598.1903076171875,2194.0951641194692
LIDC-IDRI-0087,1,1,4.0,1.0,3.0,5.0,5.0,1.0,1.0,5.0,1.0,0.0,4.716705890038619,51.910400390625,60.828909067674175
LIDC-IDRI-0088,0,4,2.5,1.0,6.0,4.0,2.75,2.0,1.25,1.75,3.0,0.7071067811865476,7.867003819042097,103.74252319335938,116.28663582587959
LIDC-IDRI-0088,1,3,4.0,1.0,4.0,3.6666666666666665,4.333333333333333,2.0,1.3333333333333333,5.0,1.3333333333333333,0.4714045207910317,7.826398954997527,105.36712646484375,123.86436197291083
LIDC-IDRI-0088,2,3,3.3333333333333335,1.0,6.0,3.6666666666666665,3.3333333333333335,1.3333333333333333,1.6666666666666667,3.0,2.3333333333333335,0.4714045207910317,5.8348092696087335,54.462890625,70.5337192123019
LIDC-IDRI-0089,0,4,5.0,1.0,6.0,4.0,4.75,2.25,2.75,5.0,4.5,0.8660254037844386,30.531885774843712,8877.178337680889,2683.5338872088664
LIDC-IDRI-0090,0,4,3.75,1.0,6.0,4.0,4.25,2.0,1.75,5.0,2.75,0.82915619758885,7.955320614849357,128.23104858398438,129.71325354398772
LIDC-IDRI-0091,0,2,2.5,1.0,6.0,2.5,4.5,2.0,1.5,5.0,3.0,0.0,4.8099963989185355,40.157318115234375,43.78928351862812
LIDC-IDRI-0091,1,3,3.3333333333333335,1.0,6.0,4.333333333333333,4.333333333333333,2.0,1.3333333333333333,5.0,2.6666666666666665,0.4714045207910317,9.76118068086589,206.17167154947916,179.9266879813964
LIDC-IDRI-0091,2,4,4.25,1.0,6.0,3.75,4.5,2.5,1.5,5.0,3.0,0.7071067811865476,9.896275292613208,228.36589813232422,183.6346313223313
LIDC-IDRI-0091,3,4,4.25,1.0,6.0,3.75,3.75,1.5,2.25,4.75,3.0,0.7071067811865476,11.049792302198217,315.2580261230469,262.47580426868467
LIDC-IDRI-0091,4,4,4.0,1.75,6.0,4.5,4.0,1.5,1.25,4.5,3.0,1.0,11.912944042347608,516.1600112915039,340.6424485759045
LIDC-IDRI-0092,0,3,4.666666666666667,1.0,3.6666666666666665,3.6666666666666665,5.0,1.0,1.0,5.0,1.0,0.0,6.705645444154503,145.43891637461152,134.8106386998414
LIDC-IDRI-0092,1,5,4.6,1.0,5.2,3.6,4.4,2.2,1.0,4.8,2.6,0.4898979485566356,10.250993905067435,301.9446500362392,244.63664190488302
LIDC-IDRI-0092,2,2,4.0,1.0,4.5,2.5,5.0,1.0,1.0,5.0,1.5,0.5,9.669222075856817,150.48628236691002,143.85717377129038
LIDC-IDRI-0092,3,3,4.666666666666667,1.0,3.6666666666666665,3.6666666666666665,5.0,1.0,1.0,5.0,1.0,0.0,5.980614687672639,52.59230737801166,58.00252815039204
LIDC-IDRI-0093,0,1,2.0,1.0,6.0,4.0,2.0,1.0,1.0,3.0,2.0,0.0,6.299845282700161,74.41509484880953,85.90990185093466
LIDC-IDRI-0093,1,4,3.25,1.0,6.0,4.75,4.75,1.25,1.0,5.0,3.5,1.118033988749895,9.021667754353764,303.44822010509233,220.7244653341288
LIDC-IDRI-0094,0,4,5.0,1.0,5.0,2.75,4.5,4.0,1.75,5.0,4.0,0.7071067811865476,31.420372465854868,3963.803683757782,3198.0211466420637
LIDC-IDRI-0095,0,4,4.5,1.0,6.0,4.25,4.25,2.5,1.5,5.0,4.0,1.224744871391589,26.793530933462776,3272.0952949523926,2388.5400230450546
LIDC-IDRI-0095,1,1,2.0,1.0,6.0,2.0,4.0,1.0,1.0,5.0,3.0,0.0,5.123064745727504,33.25665473937988,79.95952130617701
LIDC-IDRI-0095,2,4,3.5,1.0,6.0,3.25,4.0,1.25,1.5,4.75,4.0,0.7071067811865476,18.833078147983546,598.2153124809265,771.713753853551
LIDC-IDRI-0096,0,3,4.333333333333333,1.0,6.0,3.6666666666666665,3.3333333333333335,2.0,2.0,4.666666666666667,3.3333333333333335,0.9428090415820634,13.219037128049285,415.283203125,316.273397591994
LIDC-IDRI-0097,0,3,4.333333333333333,1.0,6.0,3.0,4.666666666666667,1.3333333333333333,1.0,5.0,2.6666666666666665,0.4714045207910317,15.003023144967138,363.2691637137153,300.7172887972833
LIDC-IDRI-0098,0,3,4.666666666666667,1.0,6.0,3.6666666666666665,3.0,4.666666666666667,3.0,4.666666666666667,3.3333333333333335,1.699673171197595,14.37353122832709,707.4417877197266,536.8468676642586
LIDC-IDRI-0099,0,3,3.0,1.0,6.0,3.0,3.6666666666666665,1.0,1.0,4.0,2.0,0.816496580927726,9.297485374771936,162.37894694010416,159.94137771468618
LIDC-IDRI-0099,1,1,4.0,1.0,6.0,3.0,4.0,1.0,2.0,5.0,4.0,0.0,9.144296805249708,307.464599609375,244.98951804172793
LIDC-IDRI-0099,2,4,3.5,1.0,6.0,2.75,4.0,1.0,1.0,5.0,2.75,0.4330127018922193,8.603210267613727,165.9393310546875,153.9935171148859
LIDC-IDRI-0099,3,1,1.0,1.0,6.0,3.0,3.0,1.0,1.0,1.0,3.0,0.0,9.536371574791955,56.0760498046875,83.69421443748479
LIDC-IDRI-0102,0,2,1.5,1.0,6.0,3.5,3.0,1.5,1.0,5.0,2.5,0.5,8.806785724858582,150.79959686205257,122.27358565573894
LIDC-IDRI-0102,1,1,1.0,1.0,6.0,5.0,3.0,1.0,1.0,5.0,3.0,0.0,6.176320392738713,56.02830871590413,55.32343800592857
LIDC-IDRI-0103,0,4,2.5,1.0,6.0,4.25,4.5,1.0,1.0,3.75,2.75,0.4330127018922193,6.030066657722257,124.03990173339844,115.11865801337595
LIDC-IDRI-0103,1,1,1.0,1.0,6.0,5.0,5.0,1.0,1.0,5.0,2.0,0.0,5.101897481345176,35.439971923828125,42.62087798373327
LIDC-IDRI-0104,0,4,4.5,1.0,6.0,4.75,4.25,1.25,1.5,5.0,3.75,1.299038105676658,16.543989295467,1771.4411400000245,807.1821666245629
LIDC-IDRI-0105,0,2,3.0,1.0,6.0,4.5,5.0,1.0,1.0,5.0,2.5,0.5,5.094141669072995,58.980852954136935,65.46883674659885
LIDC-IDRI-0105,1,1,3.0,1.0,6.0,4.0,4.0,3.0,2.0,5.0,3.0,0.0,9.032219708971892,270.650456079602,218.74827153241182
LIDC-IDRI-0106,0,1,2.0,1.0,6.0,4.0,3.0,2.0,1.0,3.0,2.0,0.0,4.6823263448845465,42.38674799998989,50.465857288368824
LIDC-IDRI-0106,1,4,4.25,1.0,6.0,3.75,2.25,3.25,3.75,3.75,3.75,0.4330127018922193,11.112191314168816,303.52809199991316,257.1010327564086
LIDC-IDRI-0106,2,1,4.0,1.0,6.0,4.0,4.0,2.0,1.0,5.0,3.0,0.0,5.9637146142316375,76.97823200002313,84.48028676759775
LIDC-IDRI-0106,3,2,2.0,1.0,6.0,4.0,4.0,2.0,1.5,4.0,3.0,0.0,6.282000000000011,47.745991999981925,56.63155172923748
LIDC-IDRI-0106,4,1,4.0,1.0,6.0,4.0,4.0,2.0,2.0,4.0,1.0,0.0,6.435242031190436,76.97823200002313,83.01908274079344
LIDC-IDRI-0106,5,1,4.0,1.0,6.0,2.0,3.0,1.0,3.0,4.0,1.0,0.0,8.140008845204036,95.97918799991021,100.13749801583742
LIDC-IDRI-0107,0,1,1.0,1.0,6.0,5.0,2.0,1.0,1.0,1.0,2.0,0.0,6.440000000000004,75.06721599999582,88.13281442660025
LIDC-IDRI-0107,1,1,1.0,1.0,6.0,5.0,2.0,1.0,1.0,1.0,2.0,0.0,9.376781537393304,123.17659200003254,126.2077300898435
LIDC-IDRI-0107,2,4,3.75,1.0,6.0,4.0,3.75,1.5,2.25,4.5,3.0,0.7071067811865476,10.44065071247775,256.51421599999594,215.62008615976
LIDC-IDRI-0108,0,4,5.0,1.0,6.0,3.5,4.25,3.5,4.0,4.75,4.75,0.4330127018922193,23.932305526406957,2050.4608154296875,1135.106706482974
LIDC-IDRI-0108,1,2,3.5,1.0,6.0,3.5,2.5,1.5,1.0,3.5,2.5,1.5,8.779139133560907,187.55722045898438,175.47118082919138
LIDC-IDRI-0109,0,4,4.25,1.0,6.0,5.0,5.0,1.25,1.0,5.0,3.25,1.0897247358851685,15.303940259392615,787.8303527832031,455.77879508018395
LIDC-IDRI-0111,0,4,3.25,1.0,6.0,4.0,4.5,1.5,1.25,5.0,2.75,0.4330127018922193,6.608962523249476,83.42742919921875,85.73213306911663
LIDC-IDRI-0111,1,4,4.75,1.0,6.0,3.75,3.75,2.5,4.0,4.75,4.25,0.82915619758885,23.753422289503007,3507.1964263916016,1562.1563086540532
LIDC-IDRI-0111,2,4,5.0,1.0,6.0,3.75,3.75,3.25,3.75,4.75,4.75,0.4330127018922193,20.06080710456995,1687.7064426773077,941.4991492894158
LIDC-IDRI-0111,3,4,1.5,1.0,6.0,4.0,2.5,1.0,1.0,1.0,3.0,0.7071067811865476,10.913656318752448,447.5727081298828,306.83451876524566
LIDC-IDRI-0111,4,1,1.0,1.0,6.0,4.0,1.0,1.0,1.0,1.0,3.0,0.0,9.140625,173.03466796875,147.24398001243327
LIDC-IDRI-0111,5,1,1.0,1.0,6.0,4.0,1.0,1.0,1.0,1.0,2.0,0.0,7.170496190989853,236.0687255859375,236.5640356295496
LIDC-IDRI-0112,0,4,4.0,1.0,6.0,3.75,4.5,1.25,1.0,5.0,3.5,1.118033988749895,16.17675334483427,1183.4335327148438,629.0205789981644
LIDC-IDRI-0113,0,3,3.3333333333333335,1.0,6.0,3.3333333333333335,3.6666666666666665,1.6666666666666667,1.0,5.0,3.0,0.816496580927726,9.199046595093199,233.83684262730335,184.16235713396156
LIDC-IDRI-0114,0,4,4.25,1.0,6.0,4.5,3.5,2.25,1.5,4.75,3.5,0.8660254037844386,13.802975476345681,625.4639643632163,439.32045626894626
LIDC-IDRI-0116,0,1,4.0,1.0,6.0,4.0,5.0,1.0,1.0,5.0,2.0,0.0,9.61802027263762,127.55380920483731,122.09712611735559
LIDC-IDRI-0116,1,4,5.0,1.0,6.0,3.75,4.5,2.25,3.75,4.75,4.75,0.4330127018922193,27.555149278567374,4010.4944169623195,1496.8369505317107
LIDC-IDRI-0117,0,4,3.5,1.0,6.0,3.0,4.0,4.0,3.75,4.75,2.75,1.479019945774904,11.055575846834799,399.2625000003318,313.5014028589898
LIDC-IDRI-0118,0,4,4.25,1.0,3.75,3.75,5.0,1.0,1.0,5.0,1.25,0.4330127018922193,6.341610906092351,87.5558910406653,84.28913549967417
LIDC-IDRI-0118,1,2,4.5,1.0,3.0,4.5,5.0,1.0,1.0,5.0,1.0,0.0,6.243696821094295,84.26797858153805,79.25560066677748
LIDC-IDRI-0118,2,3,4.666666666666667,1.0,3.0,4.666666666666667,5.0,1.0,1.0,5.0,1.0,0.0,6.949379802573447,98.55619074948966,94.56400325067206
LIDC-IDRI-0118,3,3,4.666666666666667,1.0,3.0,4.0,5.0,1.0,1.0,5.0,1.0,0.0,7.800087788028093,125.34658856437697,110.99951874235974
LIDC-IDRI-0118,4,1,5.0,1.0,3.0,4.0,5.0,3.0,1.0,5.0,1.0,0.0,5.583393331457134,101.80351169685309,91.70782723403997
LIDC-IDRI-0118,5,3,4.0,1.0,4.0,4.666666666666667,5.0,1.0,1.0,5.0,1.0,0.0,7.004437644233448,95.30886980240514,92.33546296465424
LIDC-IDRI-0119,0,4,5.0,1.0,2.5,4.0,5.0,1.0,1.5,5.0,1.0,0.0,13.782496583330438,789.9916496276855,802.8482352046361
LIDC-IDRI-0119,1,4,3.75,1.0,2.5,4.5,5.0,1.25,1.0,5.0,1.0,0.0,6.810033136386071,140.2754716873169,242.7798361093191
LIDC-IDRI-0120,0,2,3.0,1.5,6.0,3.5,2.0,1.0,1.5,1.5,3.0,0.0,13.185267187443714,864.041398000496,502.371333747053
LIDC-IDRI-0120,1,2,3.0,1.5,6.0,4.0,1.0,2.0,1.0,1.0,3.0,0.0,14.201379767178263,714.1429680000874,421.95256192111333
LIDC-IDRI-0120,2,3,3.0,1.3333333333333333,6.0,3.3333333333333335,2.3333333333333335,1.3333333333333333,1.3333333333333333,1.0,3.3333333333333335,0.4714045207910317,26.027896803237855,3326.7010773335737,1559.2474912070222
LIDC-IDRI-0120,3,3,4.666666666666667,1.0,6.0,4.0,3.3333333333333335,2.0,1.6666666666666667,5.0,4.0,0.0,16.907351504255562,1264.2180026667968,683.462842750072
LIDC-IDRI-0121,0,4,4.25,1.0,6.0,4.0,4.75,1.5,1.0,5.0,4.0,1.224744871391589,20.737575498149283,1940.240963123215,905.2140043420405
LIDC-IDRI-0121,1,4,3.75,1.0,6.0,4.75,5.0,1.25,1.0,5.0,3.25,1.0897247358851685,8.418776847524065,210.53510450836256,163.31677927369682
LIDC-IDRI-0122,0,4,2.75,1.0,6.0,4.25,4.5,1.0,1.0,5.0,2.75,0.4330127018922193,6.589714769588703,153.37535542614205,133.87953203022911
LIDC-IDRI-0123,0,2,3.0,1.0,6.0,3.5,4.0,2.0,1.0,5.0,2.5,0.5,8.562442749358304,174.24583435058594,143.4001591044201
LIDC-IDRI-0124,0,1,1.0,1.0,6.0,5.0,2.0,1.0,1.0,1.0,2.0,0.0,4.555431167847891,50.35400390625,51.359507663597086
LIDC-IDRI-0124,1,3,3.6666666666666665,1.0,6.0,5.0,4.666666666666667,1.3333333333333333,1.3333333333333333,5.0,2.6666666666666665,0.4714045207910317,7.187340855066393,135.54890950520834,115.85194074260403
LIDC-IDRI-0124,2,1,2.0,1.0,6.0,5.0,3.0,1.0,1.0,5.0,2.0,0.0,5.524271728019903,74.76806640625,75.0008668670307
LIDC-IDRI-0124,3,1,1.0,1.0,6.0,5.0,3.0,1.0,1.0,5.0,3.0,0.0,7.202769107260068,68.66455078125,74.87420392315346
LIDC-IDRI-0124,4,3,3.0,1.0,6.0,3.6666666666666665,4.666666666666667,1.3333333333333333,1.3333333333333333,5.0,2.0,0.0,5.6331478100069035,65.35847981770833,68.1180118052926
LIDC-IDRI-0124,5,4,4.25,1.0,6.0,4.5,4.75,1.5,1.25,5.0,3.0,1.224744871391589,12.266415446902549,469.5892333984375,313.8555886943126
LIDC-IDRI-0124,6,1,3.0,1.0,6.0,5.0,5.0,1.0,1.0,5.0,2.0,0.0,5.524271728019903,68.66455078125,69.38026741547016
LIDC-IDRI-0124,7,2,3.0,1.0,6.0,5.0,5.0,1.0,1.0,5.0,2.5,0.5,5.818704294978291,85.44921875,87.47187778387519
LIDC-IDRI-0124,8,4,3.25,1.0,6.0,4.75,4.75,1.25,1.25,5.0,2.5,0.5,7.11151867809541,123.9776611328125,108.8458157456665
LIDC-IDRI-0124,9,1,2.0,1.0,6.0,4.0,5.0,1.0,1.0,5.0,3.0,0.0,6.720566614877052,95.367431640625,94.63964834692368
LIDC-IDRI-0124,10,1,2.0,1.0,6.0,5.0,4.0,1.0,1.0,5.0,2.0,0.0,4.752158226795484,32.04345703125,38.9727834014345
LIDC-IDRI-0124,11,3,2.6666666666666665,1.0,6.0,5.0,4.666666666666667,1.3333333333333333,1.3333333333333333,5.0,2.6666666666666665,0.4714045207910317,4.990738685286289,60.780843098958336,62.86454965486035
LIDC-IDRI-0124,12,3,3.3333333333333335,1.0,6.0,3.6666666666666665,3.6666666666666665,2.0,1.3333333333333333,5.0,2.6666666666666665,0.4714045207910317,8.088959691977818,138.092041015625,135.09077219416812
LIDC-IDRI-0124,13,3,4.0,1.0,6.0,4.666666666666667,4.666666666666667,1.3333333333333333,1.3333333333333333,5.0,3.0,0.816496580927726,6.854726704078629,129.95402018229166,112.34480803114486
LIDC-IDRI-0124,14,4,3.75,1.0,6.0,5.0,4.75,1.25,1.25,5.0,2.5,0.5,7.011427314122572,183.67767333984375,151.388048453566
LIDC-IDRI-0125,0,1,4.0,1.0,6.0,5.0,5.0,1.0,1.0,5.0,2.0,0.0,8.523331249339062,92.32245230698027,102.4494042379392
LIDC-IDRI-0125,1,2,3.5,1.0,6.0,4.0,4.0,1.0,1.0,5.0,2.5,0.5,7.6646903634329435,98.62863074348752,97.39795745763035
LIDC-IDRI-0125,2,2,3.5,1.0,6.0,3.0,5.0,1.0,1.0,5.0,2.0,0.0,7.682815603512658,72.64717558597113,74.55596372584398
LIDC-IDRI-0126,0,3,2.6666666666666665,1.0,6.0,3.6666666666666665,4.0,1.0,1.0,4.333333333333333,1.6666666666666667,0.4714045207910317,7.638727748691042,104.26839192708333,99.60363863174155
LIDC-IDRI-0126,1,4,3.5,1.0,6.0,4.0,4.5,1.75,1.0,5.0,2.25,0.82915619758885,6.489125396984494,144.5770263671875,128.18270036184302
LIDC-IDRI-0128,0,3,1.0,1.0,6.0,5.0,2.6666666666666665,1.0,1.0,1.0,2.6666666666666665,0.4714045207910317,5.200809589811608,56.19973258808992,57.866768497680425
LIDC-IDRI-0128,1,1,2.0,1.0,6.0,4.0,5.0,2.0,1.0,5.0,3.0,0.0,7.022160145524408,95.17696647959383,98.34137771288928
LIDC-IDRI-0128,2,4,3.25,1.0,6.0,4.0,3.25,1.25,2.0,3.0,3.5,1.118033988749895,16.206662712803034,710.7679889595238,514.6047871955176
LIDC-IDRI-0129,0,4,3.0,1.0,6.0,4.75,5.0,1.25,1.0,5.0,2.75,0.82915619758885,7.818802009601049,178.07722243369426,150.60532296171903
LIDC-IDRI-0129,1,4,5.0,1.0,6.0,4.25,5.0,2.5,1.5,5.0,3.75,0.82915619758885,16.341959730418857,1123.8058450048811,590.2834060254141
LIDC-IDRI-0129,2,1,1.0,1.0,6.0,5.0,5.0,1.0,1.0,5.0,2.0,0.0,4.752321971531803,35.11624299317191,40.59478280556379
LIDC-IDRI-0129,3,4,4.25,1.0,6.0,4.75,5.0,1.25,1.5,5.0,3.5,1.118033988749895,13.893384153307396,809.7392501957256,459.40426367922396
LIDC-IDRI-0129,4,3,2.6666666666666665,1.0,6.0,4.666666666666667,5.0,1.0,1.3333333333333333,5.0,3.0,0.816496580927726,8.063448865835722,75.39663936770619,90.28099889516561
LIDC-IDRI-0129,5,1,1.0,1.0,6.0,4.0,5.0,1.0,1.0,5.0,2.0,0.0,6.384542585295816,95.02042221662123,107.75331566994183
LIDC-IDRI-0129,6,4,3.5,1.0,6.0,4.5,4.75,1.0,1.25,5.0,2.75,0.82915619758885,7.927789125434028,177.04439175725383,149.52293262463155
LIDC-IDRI-0129,7,3,2.6666666666666665,1.0,6.0,3.0,5.0,1.3333333333333333,1.0,5.0,2.3333333333333335,0.4714045207910317,6.607407864579176,50.14966728107538,62.304975477486124
LIDC-IDRI-0129,8,3,3.0,1.0,6.0,4.333333333333333,5.0,1.0,1.3333333333333333,5.0,2.6666666666666665,0.4714045207910317,7.075374412211228,79.75748000090486,85.07766862943738
LIDC-IDRI-0129,9,2,2.0,1.0,6.0,3.5,4.5,1.0,1.0,5.0,2.5,0.5,6.186566797399424,54.74002584234768,61.25283332390915
LIDC-IDRI-0129,10,4,3.75,1.0,6.0,4.25,5.0,1.0,1.25,5.0,2.75,0.82915619758885,9.570934362179306,284.28664364326323,226.5788865682618
LIDC-IDRI-0129,11,4,4.0,1.0,6.0,4.75,4.0,1.0,1.25,5.0,2.75,0.82915619758885,8.880917084600062,226.8784718875213,180.96444904513987
LIDC-IDRI-0129,12,4,4.0,1.0,6.0,4.5,4.75,1.5,1.75,5.0,3.25,0.82915619758885,10.033096697479207,235.91574030477204,194.71543984435587
LIDC-IDRI-0129,13,4,2.75,1.0,6.0,4.0,4.5,1.75,1.75,5.0,2.5,0.5,6.631734238391909,70.14641676332758,78.0178199872014
LIDC-IDRI-0129,14,3,2.6666666666666665,1.0,6.0,4.333333333333333,5.0,1.0,1.3333333333333333,5.0,2.6666666666666665,0.4714045207910317,5.784406540327866,69.31441427409784,72.04915744698108
LIDC-IDRI-0130,0,4,4.5,1.0,6.0,4.75,5.0,2.0,2.0,5.0,3.5,1.118033988749895,19.65984555809633,1181.145149230957,1053.6648720570188
LIDC-IDRI-0130,1,4,4.5,1.0,3.75,4.25,4.5,2.25,2.0,5.0,2.0,1.7320508075688772,6.845092936666209,114.8551983833313,189.32877303037435
LIDC-IDRI-0131,0,1,1.0,1.0,6.0,3.0,1.0,1.0,1.0,2.0,3.0,0.0,6.367067675252871,50.05645751953125,62.81753179404567
LIDC-IDRI-0131,1,3,3.6666666666666665,1.0,6.0,3.3333333333333335,3.0,2.3333333333333335,2.0,1.3333333333333333,3.3333333333333335,0.9428090415820634,14.166266598843373,345.5543518066406,295.9615269805638
LIDC-IDRI-0132,0,1,4.0,1.0,6.0,4.0,4.0,1.0,1.0,4.0,4.0,0.0,8.902480013492028,169.1253662109375,154.94616557450357
LIDC-IDRI-0132,1,2,4.0,1.0,6.0,4.0,3.5,1.5,1.0,4.0,3.5,0.5,6.4393592715024806,176.07879638671875,178.57111366758613
LIDC-IDRI-0132,2,1,5.0,1.0,6.0,5.0,5.0,1.0,1.0,4.0,3.0,0.0,4.509646778019317,63.2537841796875,72.32936223972303
LIDC-IDRI-0132,3,4,5.0,1.75,6.0,4.75,4.75,1.25,1.25,5.0,4.0,1.0,12.709219677601517,827.7946472167969,498.6846025232768
LIDC-IDRI-0132,4,2,3.5,1.0,6.0,3.0,4.0,1.0,1.0,5.0,3.5,0.5,8.646852977022911,139.068603515625,133.95839123609522
LIDC-IDRI-0132,5,1,3.0,1.0,6.0,3.0,4.0,1.0,1.0,5.0,3.0,0.0,6.9174823816183295,91.9647216796875,102.92960142227332
LIDC-IDRI-0132,6,4,5.0,1.75,6.0,3.75,4.0,3.75,1.75,4.5,3.75,1.299038105676658,25.82766983112506,4653.302764892578,1927.8183194115923
LIDC-IDRI-0132,7,2,4.5,1.0,6.0,5.0,5.0,1.0,1.0,5.0,2.0,1.0,5.4274220551786225,64.1510009765625,75.77299941518987
LIDC-IDRI-0133,0,3,3.3333333333333335,1.0,6.0,3.0,4.666666666666667,1.3333333333333333,1.3333333333333333,5.0,3.0,0.0,20.912423896844626,927.9409831467152,619.217102234652
LIDC-IDRI-0133,1,4,4.25,1.0,6.0,4.5,4.75,1.0,1.0,5.0,3.0,0.7071067811865476,16.75797082336581,1578.9398963475833,780.1756073575342
LIDC-IDRI-0134,0,4,4.0,1.0,6.0,4.75,4.75,1.5,1.0,4.5,3.25,1.0897247358851685,9.803070068374215,395.50764374958817,271.7377797293734
LIDC-IDRI-0134,1,4,4.5,1.0,6.0,5.0,4.5,1.25,1.25,4.75,3.5,0.8660254037844386,12.349092137406746,821.2095562496397,477.52542262082954
LIDC-IDRI-0134,2,1,5.0,1.0,3.0,5.0,5.0,1.0,1.0,5.0,1.0,0.0,4.288347583860235,46.223325000086334,48.08134029186411
LIDC-IDRI-0135,0,4,4.5,1.0,6.0,4.0,4.25,1.25,1.5,5.0,3.25,0.4330127018922193,12.156517010762594,537.5080108642578,335.3879794750492
LIDC-IDRI-0135,1,2,3.5,1.0,6.0,5.0,5.0,1.0,1.0,5.0,2.0,0.0,6.076698900821893,99.23934936523438,93.68357648104252
LIDC-IDRI-0135,2,2,3.5,1.0,6.0,3.0,2.5,2.0,2.0,5.0,2.5,0.5,6.425725274261,81.23779296875,80.53321464795988
LIDC-IDRI-0135,3,4,3.75,1.0,6.0,4.0,4.5,1.25,1.0,5.0,2.5,0.5,7.77791031814762,199.86343383789062,156.8475885393772
LIDC-IDRI-0135,4,4,3.75,1.0,6.0,4.25,4.25,1.25,1.25,5.0,2.5,0.5,6.128903312278452,93.46961975097656,85.08679524310101
LIDC-IDRI-0135,5,3,3.0,1.0,6.0,2.6666666666666665,3.0,2.6666666666666665,1.3333333333333333,4.666666666666667,2.3333333333333335,0.4714045207910317,6.9169446742550775,129.5496622721354,112.65198069262631
LIDC-IDRI-0137,0,2,3.5,1.0,3.0,5.0,5.0,1.5,1.0,5.0,1.0,0.0,5.138214977407694,59.1278076171875,62.36856763356183
LIDC-IDRI-0137,1,3,5.0,1.0,6.0,3.3333333333333335,3.3333333333333335,1.6666666666666667,3.0,4.666666666666667,4.0,0.816496580927726,31.420699855835153,4091.1356608072915,1948.5092828091413
LIDC-IDRI-0137,2,5,5.0,1.0,6.0,2.8,3.8,3.0,2.2,4.6,3.6,1.019803902718557,19.65063079425254,894.775390625,576.4076578083739
LIDC-IDRI-0138,0,1,5.0,1.0,6.0,3.0,2.0,4.0,4.0,5.0,1.0,0.0,33.131375619855504,5002.2633228613995,2259.567512146421
LIDC-IDRI-0139,0,2,5.0,1.0,6.0,3.0,4.0,3.0,3.0,5.0,5.0,0.0,32.31708023614329,9782.638549804688,3380.05011114017
LIDC-IDRI-0139,1,3,5.0,1.0,6.0,3.3333333333333335,4.333333333333333,3.3333333333333335,1.6666666666666667,5.0,4.333333333333333,0.9428090415820634,37.868059765934774,10810.546875,3102.145752649576
LIDC-IDRI-0139,2,3,5.0,1.0,6.0,3.0,4.333333333333333,3.3333333333333335,2.3333333333333335,5.0,4.0,1.4142135623730951,22.137655502331242,2840.240478515625,1266.7687491405375
LIDC-IDRI-0139,3,1,2.0,1.0,6.0,4.0,5.0,1.0,1.0,5.0,3.0,0.0,8.81013099806836,78.48358154296875,88.95153165792142
LIDC-IDRI-0140,0,4,4.75,1.0,6.0,3.75,4.75,2.0,1.0,5.0,2.75,0.4330127018922193,11.23421825372607,388.64751410484314,333.9024147793677
LIDC-IDRI-0141,0,4,5.0,1.0,3.25,2.75,3.75,2.25,2.0,5.0,3.0,1.5811388300841898,31.503130272893593,7932.17298078537,4937.651308962213
LIDC-IDRI-0141,1,4,5.0,1.0,4.75,2.5,4.25,2.25,2.0,4.75,3.25,0.82915619758885,12.755251215381863,327.1449384689331,463.9534924243285
LIDC-IDRI-0141,2,1,4.0,1.0,6.0,4.0,4.0,1.0,2.0,4.0,3.0,0.0,4.744983634317553,48.717519760131836,108.55488107794136
LIDC-IDRI-0141,3,4,4.0,1.0,6.0,3.0,3.5,1.75,1.75,3.75,2.5,0.5,5.930778319317238,52.89053440093994,113.32027287870429
LIDC-IDRI-0141,4,3,4.0,1.0,6.0,3.6666666666666665,4.0,1.3333333333333333,1.3333333333333333,5.0,2.3333333333333335,0.4714045207910317,6.1747847200320765,60.42783991495768,121.07489401052487
LIDC-IDRI-0142,0,4,4.5,1.0,3.5,3.5,5.0,1.0,1.0,5.0,1.0,0.0,7.450726327248109,136.3290433883667,212.99167213233883
LIDC-IDRI-0142,1,3,3.3333333333333335,1.0,6.0,3.0,4.0,2.6666666666666665,2.0,4.666666666666667,2.0,0.0,7.6033728146731425,116.33812522888184,196.08195481183853
LIDC-IDRI-0142,2,4,4.25,1.0,5.5,4.75,4.25,1.5,1.75,5.0,3.0,1.224744871391589,11.051000241096862,361.6402187347412,442.9564405001822
LIDC-IDRI-0142,3,2,3.0,1.0,6.0,4.5,4.5,1.5,1.5,4.5,2.5,0.5,6.322716985170846,81.46674919128418,147.21616019655903
LIDC-IDRI-0144,0,4,4.25,1.0,4.5,3.5,4.75,1.25,1.25,5.0,1.75,0.82915619758885,8.771967949936792,188.4915984192594,158.93176816825576
LIDC-IDRI-0144,1,4,4.75,1.0,4.5,3.5,4.75,2.0,1.25,5.0,2.0,1.0,11.436612573436232,435.85454538628255,309.1446053303796
LIDC-IDRI-0144,2,1,4.0,1.0,3.0,5.0,5.0,1.0,1.0,5.0,1.0,0.0,6.842635261669281,112.23426682161517,106.17101692143329
LIDC-IDRI-0144,3,4,4.0,1.0,4.5,3.5,4.75,1.5,1.25,5.0,1.75,0.82915619758885,10.630282708724478,371.1304896729416,274.9172419971266
LIDC-IDRI-0144,4,4,4.25,1.0,6.0,4.5,4.75,1.25,1.0,5.0,3.5,0.8660254037844386,13.754899830058191,894.2592272040201,492.67698636744115
LIDC-IDRI-0145,0,1,1.0,1.0,6.0,3.0,4.0,1.0,1.0,5.0,2.0,0.0,5.687585851000405,56.45751953125,62.46533196331774
LIDC-IDRI-0145,1,4,4.0,1.0,6.0,4.75,3.75,1.5,3.0,4.75,3.5,0.5,9.060708703743092,387.76397705078125,268.376406293585
LIDC-IDRI-0145,2,1,2.0,1.0,6.0,4.0,4.0,2.0,1.0,5.0,3.0,0.0,4.941058844013093,34.332275390625,39.28191878954754
LIDC-IDRI-0146,0,4,4.0,1.0,6.0,3.5,4.5,1.5,1.5,5.0,3.25,0.82915619758885,19.273769824506203,1613.7074677005694,863.5042428019893
LIDC-IDRI-0147,0,3,4.333333333333333,1.0,6.0,4.333333333333333,4.333333333333333,2.0,1.0,4.666666666666667,2.6666666666666665,1.247219128924647,7.39024842957986,146.32583333342336,144.50875135867219
LIDC-IDRI-0147,1,2,4.5,1.0,6.0,4.5,3.5,1.5,1.0,4.5,3.0,0.0,6.765412493577388,83.02124999996158,91.2307747128069
LIDC-IDRI-0147,2,3,4.666666666666667,1.0,6.0,4.666666666666667,4.0,1.0,1.0,4.666666666666667,2.6666666666666665,1.247219128924647,6.787926977088202,104.21666666666472,103.7725864281502
LIDC-IDRI-0147,3,2,4.5,1.0,6.0,3.0,3.5,1.5,1.5,4.5,3.0,0.0,6.9555701315722125,80.27500000002328,83.31038212107163
LIDC-IDRI-0147,4,2,4.5,1.0,6.0,5.0,4.0,1.0,1.5,4.5,3.5,0.5,6.079572667284356,102.24499999996624,99.34688400231008
LIDC-IDRI-0147,5,1,4.0,1.0,6.0,4.0,3.0,1.0,2.0,5.0,3.0,0.0,5.553602434456394,64.6425000000454,76.22716155472945
LIDC-IDRI-0147,6,2,4.5,1.0,6.0,3.5,3.5,1.5,1.0,4.5,3.0,0.0,8.474963126763448,129.49625000008382,122.80881217454602
LIDC-IDRI-0148,0,1,2.0,1.0,6.0,4.0,4.0,1.0,1.0,5.0,2.0,0.0,4.752158226795484,33.5693359375,38.628494866699945
LIDC-IDRI-0148,1,4,5.0,1.0,6.0,4.25,4.0,3.5,2.25,5.0,4.25,0.82915619758885,14.668066544616542,1140.4037475585938,631.6615231826626
LIDC-IDRI-0148,2,4,4.75,1.0,6.0,2.75,3.75,2.75,3.5,4.75,4.5,0.5,22.174891409881816,1405.7159423828125,794.6849374712195
LIDC-IDRI-0149,0,1,2.0,1.0,6.0,4.0,4.0,4.0,1.0,5.0,2.0,0.0,8.450510801868726,76.2939453125,87.40997562848204
LIDC-IDRI-0149,1,3,3.6666666666666665,1.0,5.0,3.3333333333333335,4.333333333333333,1.6666666666666667,1.6666666666666667,5.0,2.3333333333333335,0.9428090415820634,10.600182099226798,185.64860026041666,177.775305473431
LIDC-IDRI-0149,2,4,3.75,1.0,6.0,4.75,5.0,1.0,1.25,5.0,2.5,0.5,6.7079639450455275,115.203857421875,104.31946640192365
LIDC-IDRI-0149,3,1,3.0,1.0,6.0,5.0,4.0,1.0,2.0,5.0,3.0,0.0,5.949822738956178,78.582763671875,79.38105451919594
LIDC-IDRI-0149,4,4,4.25,1.0,5.25,4.75,4.75,1.0,1.25,5.0,2.25,0.82915619758885,6.961667861068561,170.8984375,142.93278295820676
LIDC-IDRI-0149,5,1,2.0,1.0,6.0,5.0,5.0,1.0,1.0,5.0,2.0,0.0,4.207160005573831,28.99169921875,33.40139383196539
LIDC-IDRI-0149,6,1,2.0,1.0,6.0,5.0,5.0,1.0,1.0,5.0,2.0,0.0,5.524271728019903,44.25048828125,50.38954478186424
LIDC-IDRI-0149,7,1,2.0,1.0,6.0,5.0,5.0,1.0,1.0,5.0,2.0,0.0,6.442352540027595,80.108642578125,84.41167992065533
LIDC-IDRI-0151,0,4,4.75,1.0,6.0,3.25,2.75,3.25,2.5,4.5,3.75,0.82915619758885,14.403897170931664,842.3801557496045,557.527506540044
LIDC-IDRI-0152,0,4,3.5,1.0,6.0,4.75,5.0,1.0,1.0,5.0,2.75,0.82915619758885,10.847850876335066,487.518310546875,317.1929876884468
LIDC-IDRI-0153,0,3,5.0,1.0,6.0,2.6666666666666665,4.333333333333333,2.0,1.0,5.0,3.6666666666666665,0.4714045207910317,18.036184742855912,1760.6850194096235,907.0916730781618
LIDC-IDRI-0153,1,3,5.0,1.0,6.0,4.0,4.666666666666667,2.6666666666666665,2.3333333333333335,5.0,3.6666666666666665,0.9428090415820634,24.406895007035473,3009.8128440682194,1292.227245502312
LIDC-IDRI-0155,0,2,4.5,1.0,6.0,3.0,3.0,1.5,1.5,5.0,3.0,0.0,10.834922508513447,174.52239990234375,158.85593547449403
LIDC-IDRI-0156,0,4,5.0,1.0,6.0,4.0,4.25,4.25,1.5,5.0,4.0,0.7071067811865476,12.531650427476302,794.2268658750836,484.34589001514166
LIDC-IDRI-0157,0,2,3.5,1.0,6.0,3.5,2.0,1.5,1.5,4.0,2.5,0.5,8.642172442436696,125.7503883906611,121.86889839455785
LIDC-IDRI-0158,0,1,5.0,1.0,3.0,5.0,5.0,1.0,1.0,5.0,1.0,0.0,9.770278475972734,269.2938657843479,202.9557807508945
LIDC-IDRI-0158,1,2,3.5,1.0,6.0,3.0,3.0,2.0,2.0,4.5,3.0,0.0,7.854096345736843,107.06372205694606,111.33820969031348
LIDC-IDRI-0158,2,3,2.6666666666666665,1.0,6.0,4.0,4.333333333333333,1.6666666666666667,1.6666666666666667,5.0,2.6666666666666665,0.4714045207910317,7.264567166140071,170.67537371180757,157.89284858616716
LIDC-IDRI-0158,3,4,3.75,1.0,6.0,3.25,3.25,1.75,2.25,5.0,2.75,0.4330127018922193,11.406135904539939,302.80235894710586,262.5265526757414
LIDC-IDRI-0159,0,2,4.5,1.0,3.0,4.0,5.0,1.0,1.0,5.0,1.0,0.0,5.619848854935667,84.3048095703125,81.22715841605643
LIDC-IDRI-0159,1,4,4.5,1.0,6.0,4.25,4.75,1.75,1.25,5.0,3.25,0.82915619758885,14.872365035802435,1241.8746948242188,618.8464954162802
LIDC-IDRI-0160,0,4,4.25,1.0,3.75,3.75,4.75,1.5,1.5,5.0,1.5,0.8660254037844386,8.29226206630029,243.94989013671875,203.34008180227494
LIDC-IDRI-0160,1,4,3.75,1.0,6.0,4.75,5.0,1.0,1.5,4.75,3.5,0.8660254037844386,10.888334407760745,653.839111328125,391.12017622814676
LIDC-IDRI-0160,2,4,3.75,1.0,6.0,4.0,5.0,1.25,1.0,5.0,3.0,0.7071067811865476,9.775295150663535,334.16748046875,242.73347617460803
LIDC-IDRI-0160,3,3,3.6666666666666665,1.0,5.666666666666667,2.6666666666666665,4.333333333333333,1.0,1.3333333333333333,5.0,3.0,0.816496580927726,6.968251052877249,118.76424153645833,113.92169805418324
LIDC-IDRI-0161,0,4,3.25,1.0,6.0,3.5,4.25,1.5,1.5,5.0,3.0,0.7071067811865476,10.279976832996189,305.2285765045599,242.07512587322935
LIDC-IDRI-0161,1,3,2.6666666666666665,1.0,6.0,3.6666666666666665,4.0,2.6666666666666665,1.3333333333333333,5.0,3.0,0.0,6.691490645818683,82.8522625855112,84.75601935307516
LIDC-IDRI-0161,2,2,2.0,1.0,6.0,4.0,3.0,1.5,1.5,1.5,2.5,0.5,11.444125069381297,366.52663372209645,285.5496198698146
LIDC-IDRI-0161,3,1,3.0,1.0,6.0,5.0,5.0,1.0,1.0,5.0,2.0,0.0,9.352995833139255,105.9836049317164,125.97034339660905
LIDC-IDRI-0162,0,1,3.0,1.0,6.0,4.0,5.0,1.0,1.0,5.0,2.0,0.0,6.675002926029321,72.479248046875,81.30485591271152
LIDC-IDRI-0162,1,4,3.0,1.0,6.0,3.25,3.5,1.75,1.5,4.0,2.75,0.82915619758885,14.58125965288179,575.4470825195312,373.8941881123536
LIDC-IDRI-0163,0,4,4.75,1.0,6.0,3.75,4.75,2.0,2.5,4.75,4.25,0.4330127018922193,23.68494457249823,4852.849960327148,1830.1227810317398
LIDC-IDRI-0164,0,3,4.0,1.0,6.0,4.666666666666667,4.666666666666667,1.3333333333333333,1.3333333333333333,5.0,2.6666666666666665,0.4714045207910317,8.07049109758232,150.16682942708334,128.79779224251084
LIDC-IDRI-0164,1,4,3.75,1.0,6.0,4.75,4.5,1.25,1.5,5.0,3.25,0.82915619758885,10.47520163728609,328.4130096435547,234.64652757451825
LIDC-IDRI-0164,2,4,4.5,1.0,6.0,4.25,4.5,1.75,1.5,5.0,3.75,1.299038105676658,15.117406438763492,1083.7860107421875,551.2987469620899
LIDC-IDRI-0164,3,4,4.0,1.0,6.0,4.5,4.5,1.25,1.25,5.0,3.0,0.7071067811865476,9.7716440795085,313.75789642333984,222.51023836939504
LIDC-IDRI-0164,4,4,3.75,1.0,6.0,4.75,5.0,1.25,1.0,5.0,2.5,0.5,7.851177123593655,176.89990997314453,145.67237979230833
LIDC-IDRI-0164,5,3,3.0,1.0,6.0,5.0,5.0,1.0,1.0,5.0,2.6666666666666665,0.4714045207910317,7.467096820878361,123.39528401692708,112.43321819855616
LIDC-IDRI-0164,6,3,3.3333333333333335,1.0,6.0,3.6666666666666665,4.666666666666667,1.6666666666666667,1.3333333333333333,5.0,2.6666666666666665,0.4714045207910317,7.971230975803974,156.16734822591147,130.56523838524058
LIDC-IDRI-0164,7,2,4.5,1.0,6.0,3.5,2.5,2.5,1.5,3.0,3.0,0.0,8.880425841720506,144.93560791015625,134.38467794240398
LIDC-IDRI-0164,8,4,4.25,1.0,6.0,3.5,4.75,1.75,1.25,5.0,3.0,0.7071067811865476,11.649941971237885,343.9912796020508,245.13709770021546
LIDC-IDRI-0164,9,1,3.0,1.0,6.0,5.0,5.0,1.0,1.0,5.0,2.0,0.0,6.928502752444066,70.159912109375,75.44800654771119
LIDC-IDRI-0164,10,4,4.75,1.0,6.0,3.75,4.5,3.0,1.25,5.0,3.5,0.5,12.937243693297708,563.5871887207031,377.13961921875597
LIDC-IDRI-0165,0,1,2.0,1.0,6.0,3.0,2.0,3.0,2.0,1.0,3.0,0.0,10.067217935116187,221.85516357421875,187.12106150583048
LIDC-IDRI-0166,0,2,5.0,1.0,6.0,4.5,5.0,1.0,1.0,4.5,2.5,0.5,35.16928463307853,15548.709869384766,3826.148993515377
LIDC-IDRI-0167,0,2,3.5,1.0,6.0,3.5,4.5,1.0,1.0,5.0,2.0,0.0,6.173744359917928,79.6517126343133,86.8759279821447
LIDC-IDRI-0167,1,2,4.5,1.0,3.0,4.0,5.0,1.0,1.0,5.0,1.0,0.0,5.678595401463205,97.29084622809751,94.85225370817253
LIDC-IDRI-0167,2,2,3.5,1.0,6.0,3.0,3.5,2.0,1.0,3.5,3.0,0.0,9.386386875415386,173.3596098509588,177.0444762396793
LIDC-IDRI-0168,0,4,4.25,1.0,3.75,3.5,5.0,1.0,1.0,5.0,1.25,0.4330127018922193,7.6543096941806095,123.36444854736328,113.15896474840234
LIDC-IDRI-0168,1,3,3.3333333333333335,1.0,6.0,3.3333333333333335,5.0,2.3333333333333335,1.0,4.666666666666667,3.0,0.0,8.10932347088472,168.60580444335938,152.15485206077986
LIDC-IDRI-0169,0,2,3.5,1.0,6.0,4.0,3.5,3.0,2.0,4.5,3.0,0.0,6.092403639702489,62.6220703125,76.34494935186233
LIDC-IDRI-0169,1,4,4.5,1.0,6.0,4.5,4.0,3.25,2.0,5.0,4.0,0.7071067811865476,10.148665250447628,364.74609375,279.04130155287396
LIDC-IDRI-0169,2,4,3.75,1.0,6.0,4.25,4.75,1.5,2.0,5.0,2.5,0.5,7.080823937840341,154.96826171875,142.67689940514197
LIDC-IDRI-0170,0,4,4.75,1.0,6.0,3.5,4.0,2.5,3.0,4.75,4.25,0.82915619758885,28.3981606074757,4237.751909180711,2015.5684592484404
LIDC-IDRI-0170,1,3,4.666666666666667,1.0,6.0,2.6666666666666665,4.0,2.6666666666666665,2.6666666666666665,3.6666666666666665,4.333333333333333,0.9428090415820634,35.492648891243306,4510.851476661725,1972.8923019167214
LIDC-IDRI-0171,0,4,4.25,1.0,6.0,4.25,3.75,1.75,1.75,4.75,3.5,0.8660254037844386,20.100401930256584,2331.2015533447266,1017.8545050372029
LIDC-IDRI-0171,1,4,3.25,1.0,6.0,4.0,4.5,1.0,1.0,5.0,2.5,0.5,8.148718824345696,204.7100067138672,158.23518985349142
LIDC-IDRI-0171,2,4,2.75,1.0,6.0,3.75,4.5,1.0,1.25,5.0,2.25,0.4330127018922193,7.988133760898,164.78347778320312,133.42347989112955
LIDC-IDRI-0171,3,4,3.25,1.0,6.0,4.0,4.25,1.0,1.25,5.0,2.5,0.5,7.654790875664507,172.16873168945312,142.9307186638653
LIDC-IDRI-0171,4,1,3.0,1.0,6.0,5.0,5.0,1.0,1.0,5.0,2.0,0.0,6.1970412547037315,44.3115234375,48.57922060817934
LIDC-IDRI-0171,5,1,2.0,1.0,6.0,5.0,5.0,1.0,1.0,5.0,2.0,0.0,7.923046017986075,75.6988525390625,75.27071932404871
LIDC-IDRI-0172,0,4,5.0,1.0,6.0,4.5,4.75,1.75,1.25,5.0,4.0,1.224744871391589,21.509363570001078,4332.664489746094,1489.6113089036708
LIDC-IDRI-0173,0,1,3.0,1.0,6.0,4.0,5.0,1.0,1.0,5.0,2.0,0.0,6.720798184903936,152.17038630384195,141.6531364520133
LIDC-IDRI-0175,0,4,4.25,1.0,6.0,4.5,4.5,1.25,1.25,5.0,3.0,0.7071067811865476,11.487127135499804,510.7612609863281,332.53657176219497
LIDC-IDRI-0176,0,2,5.0,1.0,6.0,4.5,4.0,2.0,3.5,4.5,3.5,0.5,13.585909797163758,257.3890686035156,263.66351728697333
LIDC-IDRI-0176,1,1,3.0,1.0,6.0,5.0,5.0,1.0,1.0,5.0,1.0,0.0,6.007502633426389,38.623809814453125,51.87259483294982
LIDC-IDRI-0176,2,2,4.0,1.0,6.0,3.5,4.0,2.0,2.0,5.0,2.0,1.0,6.814890850397944,55.309295654296875,69.4778835201651
LIDC-IDRI-0177,0,4,4.25,1.0,6.0,3.5,4.5,2.75,1.25,5.0,3.0,0.7071067811865476,9.099122224170031,273.3020782470703,220.18857187866928
LIDC-IDRI-0178,0,2,3.0,1.0,6.0,3.5,5.0,1.0,1.0,5.0,2.0,1.0,5.35484046506056,51.29241943359375,58.410234200780096
LIDC-IDRI-0179,0,4,3.0,1.0,6.0,4.5,2.5,2.25,1.5,1.25,3.5,0.8660254037844386,17.710802864034473,2131.725311279297,920.5428275913187
LIDC-IDRI-0179,1,1,2.0,1.0,6.0,3.0,2.0,2.0,1.0,1.0,3.0,0.0,8.893905919223567,268.2037353515625,217.69322896419942
LIDC-IDRI-0179,2,3,1.6666666666666667,1.0,6.0,3.3333333333333335,2.0,1.3333333333333333,1.6666666666666667,1.0,2.6666666666666665,0.4714045207910317,9.380596543201621,222.8851318359375,190.8688401053261
LIDC-IDRI-0179,3,3,1.3333333333333333,1.0,6.0,3.6666666666666665,2.3333333333333335,1.3333333333333333,1.3333333333333333,1.0,2.6666666666666665,0.4714045207910317,9.699927770539466,234.62677001953125,192.17415677372017
LIDC-IDRI-0179,4,1,2.0,1.0,6.0,3.0,1.0,3.0,1.0,1.0,3.0,0.0,9.563533951454609,174.88861083984375,161.14301743878013
LIDC-IDRI-0179,5,1,1.0,1.0,6.0,3.0,1.0,2.0,1.0,1.0,3.0,0.0,6.482492196534062,53.76434326171875,61.34463562542274
LIDC-IDRI-0179,6,1,1.0,1.0,6.0,3.0,1.0,3.0,1.0,1.0,3.0,0.0,7.861176483397698,93.93310546875,89.74443055033142
LIDC-IDRI-0179,7,1,1.0,1.0,6.0,3.0,1.0,3.0,1.0,1.0,3.0,0.0,11.953125,163.14697265625,158.025223037177
LIDC-IDRI-0179,8,4,1.5,1.0,6.0,3.25,1.75,1.75,1.5,1.0,2.75,0.4330127018922193,11.796742717804745,298.9482879638672,233.59482327013296
LIDC-IDRI-0179,9,2,1.5,1.0,6.0,2.5,2.0,1.0,1.5,1.0,3.0,0.0,10.831726253582929,260.16998291015625,208.8039612882481
LIDC-IDRI-0179,10,2,1.5,1.0,6.0,4.0,1.5,1.0,1.0,1.0,2.5,0.5,11.611320601401545,372.9515075683594,281.55622864557154
LIDC-IDRI-0180,0,1,3.0,1.0,6.0,4.0,4.0,2.0,1.0,5.0,3.0,0.0,6.2986388658582415,68.2830810546875,74.7508838961565
LIDC-IDRI-0181,0,4,4.0,1.0,6.0,3.0,4.75,1.25,1.0,4.75,3.0,1.0,15.839578804693257,1007.4615478515625,564.132121618694
LIDC-IDRI-0181,1,4,4.75,1.0,5.25,4.75,5.0,1.25,1.0,5.0,2.75,1.0897247358851685,9.698494672158064,549.31640625,337.4838686935783
LIDC-IDRI-0181,2,4,4.5,1.0,6.0,4.0,4.5,2.25,1.25,4.75,3.5,1.118033988749895,18.245028432047473,2091.5985107421875,903.0739517195698
LIDC-IDRI-0181,3,4,4.0,1.0,6.0,4.5,4.5,1.0,1.5,5.0,3.25,0.82915619758885,9.565100178891669,381.0882568359375,265.7392894846866
LIDC-IDRI-0181,4,1,4.0,1.0,3.0,3.0,5.0,2.0,1.0,5.0,1.0,0.0,9.144296805249708,317.3828125,274.7509631163749
LIDC-IDRI-0181,5,1,5.0,1.0,6.0,3.0,5.0,1.0,1.0,5.0,3.0,0.0,5.687585851000405,86.97509765625,87.37767498809889
LIDC-IDRI-0181,6,2,3.5,1.0,6.0,3.0,4.5,1.5,1.0,5.0,2.0,0.0,13.55371336664889,554.2755126953125,358.7060902931818
LIDC-IDRI-0181,7,4,4.0,1.0,6.0,4.25,4.25,2.25,1.5,4.75,3.25,0.82915619758885,15.70011170247749,1337.8143310546875,689.6371015621769
LIDC-IDRI-0182,0,1,3.0,1.0,6.0,4.0,5.0,1.0,1.0,5.0,2.0,0.0,6.924978141887886,125.45013427734375,113.13525679265913
LIDC-IDRI-0182,1,2,2.5,1.0,6.0,3.5,5.0,1.0,1.0,5.0,2.0,0.0,9.155248094106668,162.22000122070312,145.95998650458446
LIDC-IDRI-0182,2,4,4.5,1.25,6.0,4.25,4.25,2.25,1.75,5.0,2.5,0.5,12.843645671786998,619.8348999023438,414.93242111142376
LIDC-IDRI-0183,0,3,2.6666666666666665,1.0,6.0,4.333333333333333,4.666666666666667,1.6666666666666667,1.3333333333333333,5.0,2.6666666666666665,0.4714045207910317,7.6594858829849235,231.03304355516835,185.29483475239655
LIDC-IDRI-0183,1,4,5.0,1.0,6.0,2.0,3.75,3.0,3.5,5.0,4.25,0.82915619758885,27.57791032491152,2892.469217926955,1537.8475262644527
LIDC-IDRI-0184,0,4,4.25,1.0,4.5,3.75,4.75,1.0,1.25,5.0,2.0,1.0,7.7680144839642296,198.486328125,175.45371356498111
LIDC-IDRI-0185,0,4,3.5,1.0,6.0,3.25,4.25,1.75,1.5,5.0,2.75,0.4330127018922193,9.084158062564256,286.29302978515625,227.51221209739623
LIDC-IDRI-0185,1,2,3.0,1.0,6.0,3.5,3.5,1.5,2.0,5.0,2.0,0.0,5.861503712685733,103.759765625,102.85408593128884
LIDC-IDRI-0185,2,3,3.6666666666666665,1.0,5.333333333333333,4.0,4.0,1.6666666666666667,1.6666666666666667,5.0,1.6666666666666667,0.4714045207910317,6.9506410233479725,98.92781575520833,93.78002852450062
LIDC-IDRI-0185,3,4,3.75,1.0,6.0,4.25,4.25,1.25,1.25,4.75,2.5,0.5,7.4871725649843315,153.54156494140625,131.75699184288635
LIDC-IDRI-0185,4,3,3.3333333333333335,1.0,6.0,4.333333333333333,4.333333333333333,1.0,1.6666666666666667,5.0,2.6666666666666665,0.4714045207910317,5.608093643044597,85.70353190104167,82.89508732653299
LIDC-IDRI-0185,5,4,4.75,1.0,3.5,4.25,4.5,1.25,1.25,5.0,1.0,0.0,10.5772005711753,519.1802978515625,328.9547164058725
LIDC-IDRI-0186,0,2,4.5,1.0,3.0,4.5,5.0,2.0,1.0,5.0,1.0,0.0,5.71474836586396,87.23824409174995,88.6085361997863
LIDC-IDRI-0186,1,1,1.0,1.0,6.0,5.0,2.0,1.0,1.0,1.0,2.0,0.0,12.695788335698902,550.431778197526,412.7272567505263
LIDC-IDRI-0186,2,2,3.5,1.0,6.0,3.5,2.5,2.0,1.5,4.5,3.0,0.0,6.48546808322662,90.35389566650338,100.71551667063198
LIDC-IDRI-0186,3,2,5.0,4.0,6.0,3.5,2.5,2.5,3.5,5.0,3.0,0.0,31.35373064128052,7943.094052085507,3097.2899714184505
LIDC-IDRI-0186,4,4,5.0,1.0,6.0,4.0,3.25,2.75,3.75,4.75,4.75,0.4330127018922193,17.44550398094146,1382.7002050917508,881.2490085367974
LIDC-IDRI-0187,0,1,3.0,1.0,6.0,5.0,3.0,2.0,1.0,5.0,3.0,0.0,8.847807152410704,188.323974609375,157.68949370382077
LIDC-IDRI-0187,1,2,1.5,1.0,6.0,4.0,2.0,1.5,1.5,1.0,2.5,0.5,12.818940129258486,259.40704345703125,210.24752684899244
LIDC-IDRI-0187,2,1,3.0,1.0,6.0,3.0,5.0,1.0,1.0,5.0,2.0,0.0,6.544805012851796,91.39251708984375,85.48162690860971
LIDC-IDRI-0187,3,4,4.5,1.0,6.0,4.5,4.5,2.75,3.25,4.75,4.25,1.299038105676658,26.56394524812244,5210.988998413086,1943.389640205713
LIDC-IDRI-0188,0,1,2.0,1.0,6.0,5.0,5.0,1.0,1.0,5.0,2.0,0.0,5.35484046506056,75.3936767578125,82.80231203554996
LIDC-IDRI-0188,1,1,2.0,1.0,6.0,5.0,5.0,1.0,1.0,5.0,2.0,0.0,6.048509953389347,64.27001953125,67.56867670631718
LIDC-IDRI-0188,2,1,2.0,1.0,6.0,5.0,5.0,1.0,1.0,5.0,2.0,0.0,5.35484046506056,48.2025146484375,55.34933660307083
LIDC-IDRI-0188,3,4,5.0,1.0,6.0,4.25,4.25,2.25,1.0,5.0,3.75,1.0897247358851685,23.796754940793047,4939.676284790039,1719.9680621155237
LIDC-IDRI-0188,4,4,3.5,1.0,6.0,4.25,4.75,1.5,1.0,5.0,2.5,0.5,6.780865927726301,131.47544860839844,124.10483371432439
LIDC-IDRI-0188,5,4,3.5,1.0,6.0,4.25,4.5,2.25,1.0,5.0,3.0,1.224744871391589,9.937702395793464,309.76295471191406,234.55227484071366
LIDC-IDRI-0188,6,4,3.75,1.0,6.0,4.0,4.75,1.75,1.0,5.0,2.5,0.5,8.312131766462686,203.31573486328125,166.60403970819982
LIDC-IDRI-0188,7,2,3.0,1.0,6.0,3.5,4.5,3.0,1.0,5.0,3.5,0.5,8.896700538089672,168.0908203125,158.53438676759475
LIDC-IDRI-0188,8,2,3.5,1.0,6.0,4.5,4.5,1.5,1.0,5.0,2.5,0.5,5.057863969442101,59.326171875,63.403748566874334
LIDC-IDRI-0188,9,1,3.0,1.0,6.0,3.0,5.0,1.0,1.0,5.0,2.0,0.0,7.605459721681853,97.02301025390625,99.2885875343417
LIDC-IDRI-0190,0,4,5.0,1.0,6.0,3.5,4.75,3.25,1.25,5.0,4.25,0.82915619758885,28.044705162145423,5764.835357666016,2019.1375285415074
LIDC-IDRI-0190,1,4,5.0,1.0,6.0,3.5,4.75,2.25,2.0,5.0,4.25,0.82915619758885,25.4060289207809,2376.1367797851562,1119.9544983023525
LIDC-IDRI-0191,0,4,5.0,1.0,6.0,3.5,3.75,2.75,4.75,4.75,4.75,0.4330127018922193,46.83820778134822,8450.026857479243,3254.9050246404668
LIDC-IDRI-0192,0,1,1.0,1.0,6.0,5.0,5.0,1.0,1.0,5.0,2.0,0.0,4.627876006131214,41.54205322265625,46.49426576646964
LIDC-IDRI-0192,1,1,1.0,1.0,6.0,5.0,5.0,1.0,1.0,5.0,2.0,0.0,6.256344436100445,59.543609619140625,68.56078361249641
LIDC-IDRI-0192,2,4,3.5,1.0,6.0,4.25,4.5,1.5,1.0,5.0,2.75,0.4330127018922193,11.023187382674966,337.2983932495117,301.5644902486017
LIDC-IDRI-0192,3,3,4.0,1.0,6.0,4.333333333333333,4.666666666666667,1.3333333333333333,1.6666666666666667,5.0,3.3333333333333335,0.4714045207910317,8.649427062576665,174.93820190429688,145.8567426864685
LIDC-IDRI-0192,4,3,3.0,1.0,6.0,4.666666666666667,4.666666666666667,1.0,1.3333333333333333,5.0,3.0,0.0,7.257198077098287,95.08514404296875,94.51707050677719
LIDC-IDRI-0193,0,4,4.0,1.0,6.0,3.0,4.5,1.5,1.0,5.0,2.25,0.4330127018922193,11.512361815996393,256.61659240722656,214.86316809764298
LIDC-IDRI-0194,0,3,4.333333333333333,1.0,6.0,3.3333333333333335,2.3333333333333335,3.0,3.6666666666666665,3.3333333333333335,3.3333333333333335,0.4714045207910317,39.47964110517833,5070.749918619792,2384.2431960957815
LIDC-IDRI-0194,1,4,4.75,1.0,6.0,3.5,3.0,2.75,5.0,4.75,4.5,0.5,29.594755345208004,3646.6598510742188,1993.420451506071
LIDC-IDRI-0194,2,4,4.75,1.0,6.0,3.5,3.25,2.75,4.0,4.5,4.5,0.5,20.142049815077268,1297.1878051757812,748.0271376282147
LIDC-IDRI-0195,0,3,3.0,1.0,6.0,2.6666666666666665,4.333333333333333,2.0,1.3333333333333333,5.0,3.6666666666666665,0.4714045207910317,14.959102579900083,371.7079922938622,323.529246238152
LIDC-IDRI-0195,1,4,5.0,1.0,6.0,3.75,4.5,1.75,1.75,5.0,4.25,0.82915619758885,14.334662342463018,1113.4703081056068,625.3704072624669
LIDC-IDRI-0195,2,4,5.0,1.0,6.0,3.0,4.5,2.25,1.75,5.0,4.0,1.0,13.312462810795175,615.0269783510885,412.72574294641015
LIDC-IDRI-0195,3,4,5.0,1.0,6.0,3.5,4.25,2.25,2.25,5.0,4.5,0.5,21.93516526873402,3144.4511745503405,1285.3883327161238
LIDC-IDRI-0195,4,4,5.0,1.0,5.0,2.5,5.0,2.5,2.5,5.0,4.0,1.224744871391589,17.429912709738293,1085.4957446721892,739.9731101796685
LIDC-IDRI-0195,5,2,5.0,1.0,6.0,2.0,4.5,1.5,2.0,5.0,3.5,1.5,23.970504737579454,1796.1599004771779,1019.2670696046345
LIDC-IDRI-0195,6,4,5.0,1.0,6.0,4.0,4.5,1.5,1.75,5.0,4.0,1.0,9.534286625612017,381.7218754275382,277.7046675321144
LIDC-IDRI-0196,0,4,4.25,1.0,6.0,2.25,3.0,2.25,2.5,5.0,4.25,0.82915619758885,12.601105432817278,446.8994140625,375.9278951899786
LIDC-IDRI-0198,0,2,3.0,1.0,6.0,2.5,4.0,1.0,1.0,5.0,2.0,1.0,7.811159089705082,112.16354370117188,113.15693282386903
LIDC-IDRI-0199,0,1,3.0,1.0,3.0,5.0,5.0,1.0,1.0,5.0,1.0,0.0,6.299845282700216,81.85660433351586,93.7997410985542
LIDC-IDRI-0199,1,2,3.0,1.0,4.5,4.5,5.0,1.0,1.0,5.0,1.5,0.5,4.77686792999206,34.72704426279961,46.89100916184479
LIDC-IDRI-0199,2,1,2.0,1.0,6.0,3.0,4.0,1.0,1.0,5.0,2.0,0.0,5.0573455202262085,32.24654110112169,42.704453290532726
LIDC-IDRI-0199,3,4,4.75,1.0,6.0,3.5,4.75,1.25,1.0,5.0,3.0,0.7071067811865476,14.972972445902592,1022.6563312445978,603.4420718070216
LIDC-IDRI-0200,0,1,3.0,1.0,6.0,4.0,5.0,1.0,1.0,5.0,2.0,0.0,7.782162935904138,111.87158298340364,105.11312949321135
LIDC-IDRI-0200,1,3,3.0,1.0,6.0,3.3333333333333335,4.666666666666667,1.3333333333333333,1.0,5.0,2.6666666666666665,0.4714045207910317,7.049102199967847,65.0481384765347,70.14676440181283
LIDC-IDRI-0201,0,1,3.0,1.0,6.0,5.0,4.0,1.0,1.0,4.0,3.0,0.0,4.834444333295381,78.82487824710552,82.85312422139813
LIDC-IDRI-0201,1,2,3.0,1.0,6.0,2.5,2.5,2.0,1.5,4.0,2.5,0.5,6.1571841075615374,112.72508812264277,110.86427630180373
LIDC-IDRI-0201,2,2,4.5,1.0,6.0,3.5,4.0,3.5,4.5,4.5,4.5,0.5,25.373178176161993,3493.6508974145545,1999.8954896536814
LIDC-IDRI-0201,3,2,3.5,1.0,4.5,3.0,3.0,2.0,1.5,4.5,1.5,0.5,6.211097207049528,98.3932920776715,97.73169605010628
LIDC-IDRI-0201,4,1,3.0,1.0,6.0,3.0,2.0,1.0,1.0,3.0,1.0,0.0,6.573878406596228,82.68343872070545,84.500961216224
LIDC-IDRI-0201,5,1,2.0,1.0,6.0,4.0,1.0,1.0,2.0,2.0,2.0,0.0,5.673748215123035,63.39063635270577,73.72270593114813
LIDC-IDRI-0201,6,1,4.0,1.0,6.0,4.0,1.0,1.0,1.0,3.0,3.0,0.0,6.836936742684122,93.15667429211317,99.54286468818124
LIDC-IDRI-0201,7,1,2.0,1.0,6.0,3.0,1.0,1.0,1.0,2.0,2.0,0.0,7.7442271543895105,116.30803713342175,111.97136809951004
LIDC-IDRI-0202,0,2,3.0,1.0,6.0,3.0,3.0,1.5,1.5,3.0,3.0,0.0,8.886742549963628,152.9693603515625,139.9860218836746
LIDC-IDRI-0203,0,4,5.0,1.0,3.0,4.0,5.0,1.0,1.0,5.0,1.0,0.0,8.343930672991773,220.8709716796875,173.52559944062352
LIDC-IDRI-0203,1,4,4.75,1.0,6.0,3.0,3.5,2.75,3.25,4.0,4.25,0.82915619758885,32.818535053820376,5801.582336425781,2773.9852308230074
LIDC-IDRI-0204,0,6,4.5,1.0,6.0,2.3333333333333335,3.6666666666666665,2.8333333333333335,2.8333333333333335,5.0,4.166666666666667,0.6871842709362768,19.199226406852542,2182.708740234375,1279.824335545565
LIDC-IDRI-0206,0,4,3.5,1.0,6.0,3.5,4.5,1.5,1.25,4.75,2.0,0.0,6.817603015624648,93.29649684446849,93.21527966749487
LIDC-IDRI-0206,1,4,5.0,2.5,6.0,3.5,2.25,2.75,3.0,4.25,4.5,0.5,13.59554661489274,690.4470860224046,477.83850402475366
LIDC-IDRI-0206,2,1,2.0,1.0,6.0,4.0,2.0,1.0,1.0,4.0,2.0,0.0,4.384601770184615,26.50468660354818,34.04510935415822
LIDC-IDRI-0206,3,3,3.3333333333333335,1.0,6.0,3.3333333333333335,3.6666666666666665,2.0,1.3333333333333333,4.666666666666667,2.6666666666666665,0.4714045207910317,7.23864934229477,99.42202441511957,98.14497944772802
LIDC-IDRI-0207,0,3,4.0,1.0,6.0,3.0,3.0,2.6666666666666665,2.0,5.0,3.0,0.816496580927726,31.30361367018782,1552.34450643368,1007.5396518301435
LIDC-IDRI-0207,1,1,4.0,1.0,6.0,2.0,5.0,1.0,1.0,5.0,1.0,0.0,8.655325049862897,90.20054572771187,101.52066711871899
LIDC-IDRI-0208,0,4,4.75,1.0,6.0,4.0,3.5,1.75,1.75,4.75,3.5,0.5,10.792718181164876,335.00573255016207,261.2953288426837
LIDC-IDRI-0208,1,3,2.6666666666666665,1.0,6.0,4.333333333333333,4.0,1.6666666666666667,1.6666666666666667,3.3333333333333335,3.0,0.0,5.691197755240128,89.29811381839197,88.26790648170028
LIDC-IDRI-0208,2,4,4.0,1.0,6.0,4.5,4.75,1.5,1.25,5.0,2.75,0.4330127018922193,6.267901924453287,123.88735234992055,119.47753316346716
LIDC-IDRI-0209,0,4,4.75,1.0,6.0,3.5,4.75,3.0,1.5,5.0,4.0,1.0,20.564869436827536,3278.5523501784337,1216.591885911686
LIDC-IDRI-0210,0,4,4.25,1.0,6.0,3.75,4.0,2.0,2.0,5.0,3.25,0.4330127018922193,8.747124875635595,237.6556396484375,190.23873586345005
LIDC-IDRI-0211,0,4,5.0,1.0,6.0,3.5,4.0,4.0,2.75,5.0,4.5,0.8660254037844386,28.721955057149458,4048.9544586466945,1992.7243205842194
LIDC-IDRI-0211,1,1,5.0,1.0,6.0,3.0,4.0,1.0,2.0,5.0,2.0,0.0,8.93712699724468,98.46319113763457,103.43084540207357
LIDC-IDRI-0212,0,3,5.0,1.0,4.0,4.333333333333333,4.666666666666667,1.0,1.0,5.0,1.0,0.0,4.839635306407856,48.2025146484375,55.336746297820746
LIDC-IDRI-0213,0,4,4.5,1.0,3.75,4.0,5.0,1.25,1.0,5.0,1.25,0.4330127018922193,10.11921758038433,404.18107131363286,281.12937153122976
LIDC-IDRI-0215,0,3,2.0,1.0,6.0,3.3333333333333335,4.333333333333333,1.3333333333333333,1.3333333333333333,5.0,3.0,0.0,10.314262803576606,172.13313831045525,168.0111735249194
LIDC-IDRI-0215,1,2,2.5,1.0,6.0,3.0,4.0,1.0,1.0,3.0,2.5,0.5,8.661833657917953,52.81357652696897,67.78945216445643
LIDC-IDRI-0215,2,3,2.6666666666666665,1.0,6.0,4.0,3.0,2.0,1.0,4.333333333333333,2.3333333333333335,0.4714045207910317,7.607481564557162,80.26584427503015,90.63937672769619
LIDC-IDRI-0215,3,4,4.5,1.0,3.0,3.75,5.0,1.5,1.0,5.0,1.0,0.0,6.120095650379038,61.31231297977138,64.72433744215121
LIDC-IDRI-0216,0,2,3.5,1.0,6.0,5.0,4.0,1.0,1.0,4.0,2.0,0.0,6.31102111701634,73.67525490732078,77.44981699895014
LIDC-IDRI-0216,1,4,4.5,1.0,5.25,4.75,5.0,1.0,1.0,5.0,2.5,1.118033988749895,7.865907287385719,213.9680884338395,173.93704271485413
LIDC-IDRI-0217,0,4,4.75,1.0,6.0,3.5,4.5,2.5,1.5,5.0,3.75,1.0897247358851685,19.2916353070231,2297.9736328125,978.2461049372532
LIDC-IDRI-0217,1,4,4.75,1.0,6.0,3.5,4.75,1.5,1.75,5.0,3.5,0.8660254037844386,12.331749665910479,697.8988647460938,400.89924417072814
LIDC-IDRI-0217,2,4,4.75,1.0,6.0,4.25,4.75,2.25,1.5,5.0,3.5,0.8660254037844386,12.411920209220014,653.2669067382812,416.2982187733844
LIDC-IDRI-0219,0,4,4.5,1.0,6.0,4.5,4.25,1.25,1.5,5.0,3.75,0.82915619758885,12.671005104470911,775.2571105957031,445.99029988852163
LIDC-IDRI-0220,0,3,3.6666666666666665,1.0,6.0,3.0,2.6666666666666665,2.6666666666666665,3.0,1.3333333333333333,3.3333333333333335,0.9428090415820634,21.504686045134747,1352.8188069661458,960.6437050556256
LIDC-IDRI-0220,1,4,4.5,1.0,6.0,3.25,3.75,2.5,1.75,4.5,3.25,0.82915619758885,16.16116997394051,637.2451782226562,444.1165021449523
LIDC-IDRI-0220,2,4,4.5,1.0,6.0,3.0,4.5,1.75,2.0,5.0,3.5,1.118033988749895,21.51792179911892,1851.2725830078125,961.4246608374742
LIDC-IDRI-0221,0,4,5.0,1.0,6.0,3.5,3.5,3.25,4.5,4.75,4.75,0.4330127018922193,30.62199294247728,5983.734130859375,2217.327264675952
LIDC-IDRI-0222,0,4,4.75,1.0,3.5,4.0,4.75,1.0,1.0,5.0,1.75,0.82915619758885,7.246123897954229,152.7099609375,142.22454436026965
LIDC-IDRI-0223,0,3,4.0,1.0,6.0,3.0,2.3333333333333335,1.3333333333333333,2.6666666666666665,3.0,4.333333333333333,0.9428090415820634,23.354032939045897,2707.1634928385415,1427.3427982321282
LIDC-IDRI-0223,1,1,2.0,1.0,6.0,4.0,4.0,3.0,2.0,5.0,3.0,0.0,9.407495764681482,156.402587890625,159.9122551140684
LIDC-IDRI-0223,2,4,4.75,1.0,5.5,3.25,3.75,3.0,2.75,4.75,4.0,1.0,18.115455314208035,1093.3876037597656,780.5831320594482
LIDC-IDRI-0227,0,4,4.5,1.0,6.0,4.25,4.75,1.5,1.5,5.0,3.25,0.4330127018922193,9.004239296683238,327.8342065247489,230.04958546784533
LIDC-IDRI-0228,0,4,4.75,1.0,6.0,3.25,3.5,1.75,1.75,4.75,3.5,0.5,12.258907743930614,646.5625762939453,400.2705055428791
LIDC-IDRI-0229,0,4,3.75,1.0,5.25,3.25,4.75,1.25,1.25,5.0,2.5,0.8660254037844386,7.030684353095962,63.82374184564469,70.6953565731051
LIDC-IDRI-0229,1,4,5.0,1.0,6.0,2.75,4.25,2.0,1.5,5.0,4.5,0.8660254037844386,26.687583338824865,3194.08817145988,1315.3669152873729
LIDC-IDRI-0229,2,4,5.0,1.0,6.0,4.5,4.5,1.25,1.5,5.0,4.25,0.82915619758885,13.499449374326884,806.5000105956278,454.51955862094826
LIDC-IDRI-0229,3,4,4.5,1.0,5.5,3.5,4.5,2.5,1.5,5.0,4.0,0.7071067811865476,11.815383736043945,459.09577941340103,338.9633249769714
LIDC-IDRI-0229,4,1,3.0,1.0,6.0,2.0,3.0,2.0,3.0,3.0,3.0,0.0,7.952579833660843,74.70278875131044,80.80685575422365
LIDC-IDRI-0229,5,4,3.5,1.0,6.0,3.5,4.5,2.0,1.25,5.0,3.0,0.0,7.519226408403453,94.10375573270358,96.92033520074574
LIDC-IDRI-0229,6,4,4.75,1.0,6.0,4.0,4.0,2.25,2.0,4.5,4.25,0.82915619758885,16.27634250854713,1981.9810287373184,871.2451522157587
LIDC-IDRI-0230,0,3,4.0,1.0,6.0,4.333333333333333,4.333333333333333,1.3333333333333333,1.0,5.0,3.0,0.0,6.2004185848622315,101.348876953125,99.95779233563519
LIDC-IDRI-0230,1,2,3.5,1.0,6.0,4.5,3.0,1.5,1.5,5.0,3.0,0.0,4.917766577969491,41.40472412109375,48.23661855503978
LIDC-IDRI-0230,2,1,4.0,1.0,3.0,4.0,5.0,1.0,4.0,5.0,1.0,0.0,9.563533951454609,372.0245361328125,260.48118828161466
LIDC-IDRI-0231,0,2,4.5,1.0,3.0,5.0,5.0,1.0,1.0,5.0,1.0,0.0,6.736653882647931,88.16146850585938,83.48499581441055
LIDC-IDRI-0232,0,1,4.0,1.0,3.0,3.0,5.0,2.0,1.0,5.0,1.0,0.0,6.482492196534062,93.31512451171875,91.30953468688216
LIDC-IDRI-0232,1,2,3.5,1.0,6.0,3.5,4.5,2.0,1.0,5.0,3.0,0.0,6.338966036422033,69.83184814453125,78.6410867630736
LIDC-IDRI-0233,0,3,2.3333333333333335,1.0,6.0,4.666666666666667,4.0,2.0,2.0,5.0,2.6666666666666665,0.4714045207910317,7.632671985680385,126.92341421706563,120.91814329862679
LIDC-IDRI-0233,1,3,3.3333333333333335,1.0,6.0,3.6666666666666665,4.333333333333333,1.6666666666666667,1.3333333333333333,5.0,3.0,0.0,6.465633865602906,117.51317916665964,109.11619955139686
LIDC-IDRI-0234,0,4,3.5,1.0,6.0,4.0,4.25,1.5,1.5,5.0,3.0,0.7071067811865476,12.062739575938766,387.62855529785156,285.3325463490875
LIDC-IDRI-0235,0,2,3.5,1.0,6.0,4.0,4.5,2.5,1.5,5.0,2.0,0.0,7.114122079325284,117.10739135742188,116.10489911686689
LIDC-IDRI-0235,1,4,4.25,1.0,5.25,4.5,4.5,2.0,1.5,5.0,2.25,0.82915619758885,11.388934460413108,543.3597564697266,358.7417447311243
LIDC-IDRI-0235,2,1,3.0,1.0,6.0,3.0,5.0,2.0,1.0,5.0,2.0,0.0,7.340840514077731,176.12457275390625,154.78564644691932
LIDC-IDRI-0236,0,4,3.5,1.0,6.0,4.0,4.75,1.25,1.25,5.0,2.75,0.82915619758885,8.05585698708595,225.830078125,193.74476642905015
LIDC-IDRI-0236,1,1,5.0,1.0,6.0,3.0,4.0,1.0,1.0,5.0,3.0,0.0,13.184389443580617,585.44921875,453.75305895554925
LIDC-IDRI-0237,0,2,3.0,1.0,6.0,5.0,4.5,1.5,1.0,5.0,3.0,0.0,6.886607422126142,190.5181469606032,147.05415095196582
LIDC-IDRI-0237,1,4,4.25,1.0,6.0,4.75,4.75,1.0,1.0,5.0,2.5,0.5,9.219323241433639,300.0765957092335,215.71460846252836
LIDC-IDRI-0237,2,4,4.75,1.0,6.0,4.0,4.25,3.0,2.0,5.0,3.75,0.82915619758885,13.883592024652042,728.2167140444108,438.0614679289206
LIDC-IDRI-0240,0,3,3.0,1.0,6.0,3.3333333333333335,2.0,1.6666666666666667,1.6666666666666667,1.3333333333333333,3.3333333333333335,1.247219128924647,17.35504658441597,1292.6101684570312,694.6801217293411
LIDC-IDRI-0240,1,1,1.0,1.0,6.0,5.0,1.0,1.0,1.0,1.0,2.0,0.0,8.55388480823187,110.0006103515625,126.59085392214374
LIDC-IDRI-0240,2,1,1.0,1.0,6.0,2.0,4.0,2.0,3.0,3.0,3.0,0.0,6.048509953389347,77.8656005859375,82.42809632434627
LIDC-IDRI-0240,3,1,1.0,1.0,6.0,2.0,3.0,2.0,2.0,2.0,3.0,0.0,6.670429439417675,39.55078125,47.804915624266684
LIDC-IDRI-0240,4,4,5.0,1.0,6.0,3.25,2.0,3.5,4.25,4.5,4.5,0.8660254037844386,27.11470683956389,3089.750289916992,1594.552614409682
LIDC-IDRI-0241,0,3,3.6666666666666665,1.0,6.0,3.6666666666666665,4.666666666666667,1.6666666666666667,1.3333333333333333,5.0,2.6666666666666665,0.4714045207910317,7.139626977215289,60.06761811830074,74.45799992495829
LIDC-IDRI-0241,1,1,2.0,1.0,6.0,5.0,5.0,1.0,1.0,5.0,2.0,0.0,4.8337395297843635,26.577730545068334,36.76041176802447
LIDC-IDRI-0241,2,1,2.0,1.0,6.0,5.0,5.0,1.0,1.0,5.0,2.0,0.0,5.206096800529927,37.67612352003198,48.87787029582485
LIDC-IDRI-0241,3,4,3.75,1.0,6.0,2.5,3.75,2.5,2.25,4.5,2.5,0.5,9.179499536655127,89.88237994769406,107.91345062512008
LIDC-IDRI-0241,4,4,3.25,1.0,6.0,2.5,3.5,1.5,1.25,4.0,2.5,0.5,7.357641318273293,64.91099575428962,76.76283539865577
LIDC-IDRI-0242,0,4,5.0,1.0,6.0,4.25,3.5,3.0,4.75,4.75,4.75,0.4330127018922193,28.162037460647962,5471.038818359375,1989.1701443353963
LIDC-IDRI-0243,0,1,4.0,1.0,6.0,4.0,3.0,2.0,2.0,5.0,2.0,0.0,19.5674934855933,960.5815621587681,590.7489957647356
LIDC-IDRI-0243,1,1,3.0,1.0,6.0,3.0,4.0,1.0,4.0,5.0,2.0,0.0,5.800481778887001,71.49687634257134,73.59541278754824
LIDC-IDRI-0244,0,4,4.5,1.0,5.75,4.0,4.5,1.25,1.75,5.0,2.5,1.118033988749895,10.923562783343048,367.16461181640625,257.66183898515226
LIDC-IDRI-0244,1,4,4.25,1.0,3.75,4.0,5.0,1.0,1.0,5.0,1.0,0.0,5.928358749474166,79.15496826171875,78.66343264850039
LIDC-IDRI-0244,2,3,4.333333333333333,1.0,5.333333333333333,3.3333333333333335,4.333333333333333,2.0,1.6666666666666667,5.0,3.6666666666666665,0.4714045207910317,18.92339205189234,1700.8463541666667,872.9500775975447
LIDC-IDRI-0245,0,3,3.0,1.0,6.0,4.0,4.333333333333333,1.0,1.0,5.0,2.6666666666666665,0.4714045207910317,6.125333219820384,91.8731689453125,91.77026454075697
LIDC-IDRI-0246,0,4,4.75,1.0,4.25,4.5,4.5,1.25,1.25,5.0,2.5,1.118033988749895,10.169538697502022,382.04193115234375,261.34443132067724
LIDC-IDRI-0247,0,2,3.5,1.0,6.0,5.0,4.5,1.0,1.0,5.0,3.0,0.0,5.038911092686593,32.470703125,42.60445947237469
LIDC-IDRI-0248,0,3,3.0,1.0,4.0,3.0,5.0,1.3333333333333333,1.0,5.0,1.3333333333333333,0.4714045207910317,8.149874163130848,143.4483648680422,121.80370613953181
LIDC-IDRI-0249,0,4,4.25,1.0,6.0,4.25,4.75,1.0,1.0,5.0,3.25,0.82915619758885,14.059477186192275,646.6261610413494,398.4775653926116
LIDC-IDRI-0249,1,4,4.5,1.0,6.0,2.5,3.25,2.75,2.25,4.75,3.75,0.4330127018922193,22.182326887812096,1387.0394010502832,979.5515373432779
LIDC-IDRI-0250,0,4,4.25,1.0,6.0,4.0,4.5,1.75,2.0,4.75,3.75,1.0897247358851685,15.02363578122153,984.1334743658081,541.1615095647479
LIDC-IDRI-0250,1,4,4.25,1.0,6.0,4.25,4.75,1.25,2.0,5.0,4.0,1.224744871391589,14.13673774979738,1014.414504345259,532.4688025303849
LIDC-IDRI-0250,2,2,4.0,1.0,3.0,3.0,5.0,1.0,1.0,5.0,1.0,0.0,6.207024278454646,50.888953161775135,57.048868519630545
LIDC-IDRI-0251,0,4,3.75,1.0,6.0,4.0,3.25,1.25,1.5,4.25,3.0,0.7071067811865476,9.275925013701377,287.0389300232637,224.44425565300068
LIDC-IDRI-0252,0,5,4.6,1.0,6.0,2.8,3.8,2.8,2.8,5.0,4.2,0.7483314773547882,27.486928197797006,2263.2110595703125,1190.8075307078432
LIDC-IDRI-0254,0,2,4.0,1.0,6.0,4.5,5.0,1.0,1.0,5.0,2.5,0.5,5.24740161159567,60.296161560181645,71.14168153585706
LIDC-IDRI-0254,1,2,4.0,1.0,6.0,4.0,4.0,2.0,2.5,5.0,3.0,0.0,6.314524249478025,58.36496777348657,70.17476076788643
LIDC-IDRI-0254,2,4,4.5,1.0,5.25,3.5,4.75,1.25,1.25,5.0,2.25,0.82915619758885,10.005439235541122,247.40738177510138,210.19027281131832
LIDC-IDRI-0255,0,4,3.5,1.0,6.0,4.25,4.5,1.0,1.0,4.25,2.5,0.5,7.356266307294552,164.69192504882812,141.534740730517
LIDC-IDRI-0255,1,4,3.5,1.0,6.0,4.0,4.75,1.5,1.0,5.0,2.5,0.5,7.127284026354047,131.011962890625,119.18544904170051
LIDC-IDRI-0256,0,3,4.0,1.0,5.0,2.6666666666666665,4.666666666666667,2.0,1.3333333333333333,5.0,1.3333333333333333,0.4714045207910317,8.132875174495116,187.78581342179677,168.00914626147923
LIDC-IDRI-0256,1,1,2.0,1.0,6.0,4.0,4.0,1.0,1.0,5.0,2.0,0.0,5.261015092147907,62.01501370233018,67.62728724248184
LIDC-IDRI-0257,0,3,4.333333333333333,1.0,6.0,3.3333333333333335,2.6666666666666665,3.3333333333333335,2.3333333333333335,4.0,3.6666666666666665,0.4714045207910317,17.758412179378585,1137.542724609375,664.4144342339474
LIDC-IDRI-0258,0,4,4.25,1.0,6.0,4.0,3.75,2.5,1.25,4.75,3.0,0.0,10.496138897437795,394.73533630371094,293.7065814276894
LIDC-IDRI-0258,1,4,4.25,1.0,6.0,4.25,4.25,1.75,1.25,5.0,2.75,0.4330127018922193,9.05961731521911,254.7626495361328,201.34371767482367
LIDC-IDRI-0259,0,4,4.25,1.0,6.0,3.25,4.75,1.5,1.25,5.0,3.5,1.118033988749895,15.009916506965725,731.932672583207,475.87695444729934
LIDC-IDRI-0260,0,4,5.0,1.0,6.0,4.0,4.5,3.5,1.75,5.0,4.0,1.0,17.166756526274273,1605.574574225575,778.3444870342987
LIDC-IDRI-0260,1,2,4.5,1.0,6.0,3.5,4.0,2.0,1.5,5.0,4.0,0.0,16.98560429069768,899.8714247438238,576.6187642406019
LIDC-IDRI-0260,2,4,5.0,1.0,6.0,4.5,4.25,2.5,2.0,5.0,3.75,0.82915619758885,17.387220200786437,1598.6842876658147,774.5136406609524
LIDC-IDRI-0260,3,2,3.5,1.0,6.0,2.0,4.5,1.0,1.0,5.0,2.0,0.0,6.222939203796988,71.65898022465626,81.58770064115085
LIDC-IDRI-0262,0,4,4.0,1.0,6.0,4.0,3.25,2.25,1.5,5.0,4.0,0.7071067811865476,11.813771727969664,404.5550801476156,334.8298546257936
LIDC-IDRI-0263,0,4,4.5,1.0,4.5,3.75,4.25,1.25,1.0,5.0,1.75,1.299038105676658,6.953128258076962,119.80835844729882,112.15523609789076
LIDC-IDRI-0264,0,4,4.75,1.0,5.25,4.25,4.75,1.25,1.25,5.0,2.75,1.479019945774904,9.933927079500915,310.3809356689453,231.33483305992803
LIDC-IDRI-0264,1,4,4.75,1.0,5.25,4.25,4.25,1.5,1.5,5.0,3.25,1.479019945774904,17.741335408826313,1858.88671875,825.819194144115
LIDC-IDRI-0265,0,4,5.0,1.0,6.0,3.0,2.5,2.75,4.0,4.25,4.5,0.8660254037844386,35.0459106731404,5009.8419189453125,2527.856293929485
LIDC-IDRI-0266,0,2,5.0,1.0,6.0,4.0,4.5,1.5,2.5,5.0,4.0,1.0,32.41216851754903,8391.404390038242,2922.594532987062
LIDC-IDRI-0267,0,3,5.0,1.0,6.0,4.0,3.3333333333333335,3.0,3.3333333333333335,5.0,5.0,0.0,37.56678001956081,16553.910102570444,4860.838406148476
LIDC-IDRI-0267,1,2,5.0,1.0,3.0,5.0,5.0,1.0,1.0,5.0,1.0,0.0,6.430438423019854,142.993752685652,123.69925709199549
LIDC-IDRI-0268,0,1,4.0,1.0,6.0,3.0,3.0,3.0,1.0,5.0,1.0,0.0,4.555431167847891,43.487548828125,44.13460281069118
LIDC-IDRI-0269,0,3,2.3333333333333335,1.0,6.0,3.6666666666666665,2.3333333333333335,2.0,1.3333333333333333,1.6666666666666667,3.0,0.0,6.743332077583786,59.3191496013363,69.90429045256273
LIDC-IDRI-0270,0,4,3.0,1.0,6.0,3.75,3.5,1.25,1.0,3.75,2.25,0.82915619758885,7.657574880756972,136.1615108215483,125.84282125694449
LIDC-IDRI-0271,0,4,4.25,1.0,5.25,4.25,4.5,1.5,1.25,5.0,2.25,0.82915619758885,8.152746127104095,167.62733459472656,144.93286334740043
LIDC-IDRI-0272,0,4,2.5,1.0,6.0,3.0,4.0,2.0,1.0,4.75,2.25,0.4330127018922193,7.460508683834114,123.2147216796875,112.43902102256712
LIDC-IDRI-0273,0,2,1.0,1.0,6.0,4.5,3.0,1.0,1.0,5.0,3.0,0.0,4.585097266092168,29.972076416015625,34.23714053041003
LIDC-IDRI-0273,1,4,3.75,1.0,6.0,4.25,4.75,1.25,1.0,5.0,2.5,0.5,6.586494473419139,118.96133422851562,116.16999146089569
LIDC-IDRI-0274,0,4,4.75,1.0,6.0,3.75,4.75,2.0,1.25,5.0,3.25,1.299038105676658,12.828300832770775,921.3104248046875,489.28262736715794
LIDC-IDRI-0275,0,1,2.0,1.0,6.0,5.0,4.0,1.0,1.0,5.0,2.0,0.0,4.978748460253833,52.33008759765653,56.62746974758596
LIDC-IDRI-0276,0,4,4.5,1.0,6.0,3.5,3.75,1.75,2.75,4.75,3.75,0.4330127018922193,12.92123703136253,459.15985107421875,326.271044749174
LIDC-IDRI-0276,1,1,2.0,1.0,6.0,4.0,4.0,1.0,1.0,5.0,3.0,0.0,5.668774979272418,77.24761962890625,80.87644768759361
LIDC-IDRI-0277,0,4,4.75,1.0,5.25,4.5,4.25,1.5,1.5,5.0,3.0,1.224744871391589,14.007818882041677,949.9720914779755,513.8257787908657
LIDC-IDRI-0278,0,4,4.0,1.0,6.0,3.75,4.75,1.5,1.0,5.0,3.0,0.7071067811865476,10.391162175274724,194.1680908203125,177.3558769510513
LIDC-IDRI-0278,1,3,3.6666666666666665,1.0,6.0,4.333333333333333,5.0,1.0,1.0,5.0,2.6666666666666665,0.4714045207910317,6.6958247291050865,68.15592447916667,74.94788409313598
LIDC-IDRI-0280,0,1,3.0,1.0,6.0,3.0,3.0,1.0,1.0,5.0,2.0,0.0,6.482492196534062,47.58453369140625,62.73779268246675
LIDC-IDRI-0281,0,4,4.5,1.0,3.75,3.75,4.75,2.0,1.0,5.0,1.5,0.8660254037844386,9.823281793195932,233.07545594478142,190.45197547060096
LIDC-IDRI-0282,0,4,4.0,1.0,6.0,3.75,4.5,1.5,1.25,5.0,2.75,0.4330127018922193,8.438640922655585,172.26219177246094,158.1028371913098
LIDC-IDRI-0282,1,3,4.333333333333333,1.0,6.0,3.6666666666666665,4.666666666666667,1.6666666666666667,1.3333333333333333,5.0,2.6666666666666665,0.4714045207910317,6.757773763130669,105.67474365234375,102.89676109103414
LIDC-IDRI-0283,0,4,3.25,1.0,6.0,3.75,4.5,1.5,1.0,5.0,2.75,0.4330127018922193,8.60937249150446,224.58430568853146,178.08437963383028
LIDC-IDRI-0284,0,4,4.0,1.0,6.0,3.5,4.75,1.25,1.25,5.0,2.75,0.4330127018922193,7.922884384399146,176.21877169192885,144.76454722990835
LIDC-IDRI-0284,1,1,2.0,1.0,6.0,4.0,2.0,4.0,1.0,1.0,3.0,0.0,12.194814586250343,259.07103427744005,232.2820331351404
LIDC-IDRI-0284,2,4,4.0,1.0,3.0,3.25,4.75,2.0,1.0,5.0,1.0,0.0,8.440468048287116,173.6953525268109,149.71025000191466
LIDC-IDRI-0285,0,4,4.0,1.0,5.25,4.25,4.5,1.25,1.0,5.0,2.25,0.82915619758885,10.634233129118261,337.0867434635875,247.853713988184
LIDC-IDRI-0285,1,2,4.0,1.0,6.0,2.5,4.0,4.5,1.5,5.0,4.5,0.5,28.667136639779887,3869.242719731701,1726.783144620093
LIDC-IDRI-0286,0,4,4.5,1.0,3.75,4.75,5.0,1.0,1.0,5.0,1.25,0.4330127018922193,6.573685072993722,144.14405822753906,125.52001836197498
LIDC-IDRI-0286,1,4,3.25,1.0,6.0,4.5,4.75,1.0,1.0,5.0,2.5,0.5,7.478073594798391,216.75682067871094,175.0816648673484
LIDC-IDRI-0287,0,4,3.25,1.0,6.0,4.0,4.5,1.5,1.0,5.0,2.0,0.7071067811865476,6.455560062174552,90.98052978515625,88.71732058254287
LIDC-IDRI-0288,0,2,3.0,1.0,6.0,3.5,2.5,1.0,1.5,1.0,2.5,0.5,7.295118525369575,42.48619079589844,63.12285835320577
LIDC-IDRI-0288,1,3,2.3333333333333335,1.0,6.0,3.6666666666666665,3.3333333333333335,1.0,1.0,1.0,3.0,0.816496580927726,8.093037688558192,129.87899780273438,125.89919968366576
LIDC-IDRI-0289,0,3,3.3333333333333335,1.0,6.0,3.6666666666666665,4.0,2.0,1.0,4.666666666666667,2.3333333333333335,0.4714045207910317,8.202296365973233,84.08237915078644,83.41808259740093
LIDC-IDRI-0289,1,3,4.333333333333333,1.0,6.0,3.6666666666666665,5.0,1.0,1.0,5.0,3.0,1.4142135623730951,34.96269095412297,9265.541852858392,2641.493771926492
LIDC-IDRI-0289,2,1,2.0,1.0,6.0,5.0,5.0,1.0,1.0,5.0,2.0,0.0,4.838236698992303,34.30561069340911,34.5278002745257
LIDC-IDRI-0290,0,1,1.0,1.0,6.0,5.0,3.0,1.0,1.0,4.0,2.0,0.0,6.007502633426389,73.53973388671875,79.04440664350076
LIDC-IDRI-0290,1,1,1.0,1.0,6.0,5.0,2.0,1.0,1.0,3.0,2.0,0.0,6.007502633426389,50.6744384765625,58.744062302868585
LIDC-IDRI-0290,2,1,1.0,1.0,6.0,5.0,3.0,3.0,1.0,4.0,2.0,0.0,6.288941186718159,74.77569580078125,85.92212648408106
LIDC-IDRI-0291,0,2,2.5,1.0,6.0,3.0,4.5,1.0,1.0,5.0,2.0,1.0,7.583160569800679,130.70297241210938,136.48460526142236
LIDC-IDRI-0292,0,3,4.333333333333333,1.0,6.0,4.0,4.333333333333333,1.3333333333333333,1.0,4.666666666666667,2.6666666666666665,0.9428090415820634,7.177854849206571,124.88365173339844,211.83085642925656
LIDC-IDRI-0294,0,1,2.0,1.0,6.0,4.0,3.0,1.0,1.0,4.0,2.0,0.0,5.001373102474584,42.703857421874595,59.99528323630877
LIDC-IDRI-0294,1,4,5.0,1.0,5.0,4.25,4.5,3.0,1.75,4.75,4.0,1.224744871391589,20.02731274461933,2314.595489501952,1137.0087551049205
LIDC-IDRI-0296,0,4,5.0,1.0,6.0,5.0,4.75,1.25,1.0,5.0,3.5,0.5,17.846426100978988,2290.9443969726562,932.6977261641102
LIDC-IDRI-0297,0,2,4.5,1.0,6.0,2.5,4.5,1.0,1.0,5.0,2.0,0.0,8.180156939318614,81.80860404968286,108.35573283218974
LIDC-IDRI-0297,1,1,5.0,1.0,6.0,5.0,5.0,1.0,1.0,5.0,3.0,0.0,4.705877062850671,19.217855072020576,32.98786861697966
LIDC-IDRI-0298,0,4,1.75,1.0,6.0,4.0,2.25,1.0,1.0,1.0,3.0,0.7071067811865476,14.657767870463783,606.150484085083,443.1312597669989
LIDC-IDRI-0298,1,2,3.5,1.0,6.0,4.0,5.0,1.0,1.0,5.0,2.5,0.5,9.579663458749746,240.5284881591797,223.25929635201726
LIDC-IDRI-0298,2,3,4.0,1.0,6.0,3.3333333333333335,4.0,1.0,1.0,4.666666666666667,2.3333333333333335,0.4714045207910317,11.39871770152144,238.1744384765625,232.60363440267702
LIDC-IDRI-0298,3,4,2.25,1.0,6.0,4.25,2.75,1.0,1.0,1.5,2.5,0.5,9.46020323153305,171.2571144104004,178.24970275761956
LIDC-IDRI-0298,4,4,2.25,1.0,6.0,4.25,2.75,1.0,1.0,2.5,2.75,0.4330127018922193,7.15460804131821,120.36809921264648,121.03330256015428
LIDC-IDRI-0298,5,3,3.0,1.0,6.0,4.333333333333333,2.6666666666666665,1.0,1.6666666666666667,3.6666666666666665,2.3333333333333335,0.4714045207910317,6.449519023785757,54.004669189453125,68.65266342668762
LIDC-IDRI-0298,6,4,2.0,1.0,6.0,4.25,2.5,1.0,1.0,1.75,2.5,0.5,11.466298322962773,323.1971740722656,278.01512658469653
LIDC-IDRI-0299,0,2,5.0,1.0,6.0,3.0,5.0,1.0,1.0,5.0,2.5,0.5,9.216114432373615,100.13580322265625,192.41491943497192
LIDC-IDRI-0299,1,3,4.0,1.0,6.0,3.0,4.0,1.3333333333333333,1.3333333333333333,5.0,2.6666666666666665,0.9428090415820634,7.314214283120804,72.54282633463542,136.22955051904708
LIDC-IDRI-0299,2,4,3.5,1.0,6.0,3.5,3.5,1.5,1.5,4.75,3.25,1.0897247358851685,10.125743201199704,149.8699188232422,232.18235326852613
LIDC-IDRI-0299,3,1,4.0,1.0,6.0,4.0,5.0,1.0,2.0,5.0,4.0,0.0,5.2407843222651325,45.58563232421875,100.20828445647768
LIDC-IDRI-0299,4,1,5.0,1.0,6.0,4.0,5.0,1.0,1.0,5.0,3.0,0.0,7.202769107260068,60.462951660156236,122.1073894319457
LIDC-IDRI-0300,0,3,3.3333333333333335,1.0,6.0,3.6666666666666665,4.666666666666667,1.3333333333333333,1.0,5.0,2.0,0.816496580927726,5.402367158087043,45.567830403645836,56.85010644008673
LIDC-IDRI-0300,1,4,4.5,1.0,5.25,4.25,5.0,2.5,1.0,5.0,2.5,1.118033988749895,10.778828535869604,461.76013946533203,344.0916737132126
LIDC-IDRI-0300,2,4,4.75,1.0,5.25,3.5,4.75,1.75,1.0,5.0,3.0,1.4142135623730951,16.23944915946225,811.0706329345703,488.59852088019693
LIDC-IDRI-0300,3,4,4.75,1.0,6.0,4.25,4.75,1.25,1.5,5.0,3.0,1.224744871391589,11.274599395106582,494.00672912597656,350.7299737549687
LIDC-IDRI-0301,0,2,2.0,1.0,6.0,3.0,4.0,1.0,1.0,4.5,1.5,0.5,6.797703790652781,105.21125793457031,191.64121265311303
LIDC-IDRI-0301,1,3,4.0,1.0,6.0,3.0,4.0,2.3333333333333335,1.6666666666666667,4.666666666666667,2.6666666666666665,1.247219128924647,8.926117684043263,141.8781280517578,232.43296959973577
LIDC-IDRI-0302,0,1,2.0,1.0,6.0,3.0,1.0,1.0,1.0,2.0,3.0,0.0,6.670429439417675,37.69683837890625,83.88644195937437
LIDC-IDRI-0303,0,3,5.0,1.0,6.0,4.0,4.666666666666667,2.0,1.3333333333333333,4.666666666666667,3.6666666666666665,0.9428090415820634,33.28223254756045,13787.015077590942,3344.015403298666
LIDC-IDRI-0304,0,3,3.6666666666666665,2.0,6.0,2.0,2.0,3.0,3.3333333333333335,2.0,3.6666666666666665,0.4714045207910317,17.154796511039617,918.9624023437495,755.55042585018
LIDC-IDRI-0305,0,2,2.0,1.0,6.0,4.0,1.0,1.5,2.0,1.0,3.5,0.5,15.334026158592895,475.830078125,403.22366402061357
LIDC-IDRI-0305,1,3,1.6666666666666667,1.0,6.0,3.6666666666666665,1.6666666666666667,1.6666666666666667,1.6666666666666667,1.0,3.3333333333333335,0.4714045207910317,8.270560930065729,110.3515625,119.11013557330317
LIDC-IDRI-0305,2,2,2.0,1.0,6.0,3.5,1.0,3.0,2.5,1.0,3.5,0.5,21.223118765488735,1792.3583984375,1069.479619683008
LIDC-IDRI-0305,3,2,2.5,1.0,6.0,4.5,1.0,2.0,2.0,1.0,3.5,0.5,15.590653270217874,318.359375,350.44597272003654
LIDC-IDRI-0305,4,1,3.0,1.0,6.0,2.0,4.0,2.0,2.0,5.0,3.0,0.0,10.698276730389805,163.57421875,186.2987879754231
LIDC-IDRI-0305,5,2,2.0,1.0,6.0,3.5,1.5,2.0,2.0,1.0,3.5,0.5,14.674455950886252,309.2041015625,309.12606550476494
LIDC-IDRI-0305,6,1,3.0,1.0,6.0,4.0,1.0,1.0,2.0,1.0,3.0,0.0,11.267347735824966,213.623046875,218.635657194083
LIDC-IDRI-0305,7,4,4.0,1.0,6.0,3.25,3.0,2.25,1.75,1.5,4.0,0.7071067811865476,14.015173839075283,517.27294921875,428.2762811292531
LIDC-IDRI-0308,0,1,3.0,1.0,6.0,5.0,5.0,1.0,1.0,5.0,2.0,0.0,13.34085887883535,550.4665374755859,699.139245048729
LIDC-IDRI-0308,1,4,2.75,1.0,6.0,4.5,4.5,1.5,1.25,5.0,3.0,0.7071067811865476,6.799574857819973,115.48519134521484,199.9655665498907
LIDC-IDRI-0308,2,1,1.0,1.0,6.0,5.0,2.0,1.0,1.0,1.0,2.0,0.0,11.532107437633634,472.137451171875,651.4121144284778
LIDC-IDRI-0309,0,1,2.0,1.0,6.0,3.0,4.0,3.0,1.0,5.0,2.0,0.0,9.817207519277694,163.758773803712,194.63364952124243
LIDC-IDRI-0309,1,4,5.0,1.0,6.0,3.75,3.5,1.25,1.5,4.5,4.0,0.7071067811865476,11.744330023919556,317.79670715331986,270.28868097933446
LIDC-IDRI-0309,2,1,5.0,1.0,3.0,3.0,5.0,1.0,1.0,5.0,1.0,0.0,11.088934914547137,220.58830261230457,249.89937554089778
LIDC-IDRI-0309,3,1,4.0,1.0,6.0,3.0,2.0,2.0,1.0,4.0,2.0,0.0,10.088509820360379,145.0648498535154,157.80233716217003
LIDC-IDRI-0310,0,4,4.75,1.0,6.0,2.5,2.5,3.0,2.25,3.75,3.25,0.4330127018922193,13.412219103054285,618.7217265001527,443.2959386354618
LIDC-IDRI-0311,0,2,5.0,1.0,6.0,4.0,3.0,4.5,4.5,5.0,5.0,0.0,39.08696384951659,7123.756408691406,3575.5003605602788
LIDC-IDRI-0311,1,4,4.5,1.0,6.0,3.75,2.5,1.75,2.75,3.5,3.5,0.5,13.757707516732948,475.9788513183594,366.09218049726456
LIDC-IDRI-0312,0,3,4.666666666666667,1.0,6.0,3.0,3.6666666666666665,1.6666666666666667,1.3333333333333333,4.666666666666667,3.6666666666666665,0.4714045207910317,9.752633104967115,319.64833453387354,264.29643703555206
LIDC-IDRI-0312,1,3,4.666666666666667,1.0,6.0,3.6666666666666665,4.333333333333333,1.3333333333333333,1.3333333333333333,4.666666666666667,3.6666666666666665,0.4714045207910317,7.706811129968862,109.14821179208957,115.19980625708915
LIDC-IDRI-0312,2,3,4.666666666666667,1.0,6.0,3.3333333333333335,4.333333333333333,1.3333333333333333,1.3333333333333333,4.666666666666667,3.6666666666666665,0.4714045207910317,6.7942758775492225,118.44655224604746,122.12187863860868
LIDC-IDRI-0312,3,2,4.0,1.0,6.0,3.5,3.5,1.0,1.0,4.0,3.5,0.5,7.9004750143745,104.06988739028748,116.15202118299032
LIDC-IDRI-0313,0,4,4.5,1.0,6.0,3.5,1.75,2.75,3.5,3.5,5.0,0.0,31.894440068747876,5938.960637804562,2767.311635182708
LIDC-IDRI-0314,0,4,5.0,1.0,5.75,3.0,4.0,2.25,2.5,5.0,3.25,1.479019945774904,22.087252960886925,2200.3936767578098,1102.2987518194811
LIDC-IDRI-0315,0,1,4.0,1.0,6.0,2.0,4.0,2.0,1.0,5.0,2.0,0.0,8.645713811454224,325.73534202575684,251.7970410390496
LIDC-IDRI-0315,1,1,5.0,1.0,6.0,5.0,5.0,4.0,1.0,5.0,3.0,0.0,9.798621793098734,193.3147430419922,186.32140704362922
LIDC-IDRI-0315,2,1,2.0,1.0,6.0,4.0,4.0,1.0,1.0,1.0,3.0,0.0,4.680705524963708,64.76043891906738,63.031048265583664
LIDC-IDRI-0315,3,4,4.5,1.0,6.0,3.5,3.75,3.25,2.0,4.5,3.75,0.82915619758885,16.896685164070032,935.6433563232422,565.2854100057364
LIDC-IDRI-0315,4,4,3.25,1.0,6.0,3.25,3.5,1.5,1.5,4.25,2.5,0.5,9.98089033533962,314.3781008720398,243.5076844376861
LIDC-IDRI-0315,5,4,3.75,1.0,6.0,3.75,3.75,1.75,2.75,4.5,3.0,0.7071067811865476,10.460447228155655,319.93589973449707,233.48178497553505
LIDC-IDRI-0315,6,3,3.3333333333333335,1.0,6.0,4.0,4.333333333333333,1.3333333333333333,1.6666666666666667,5.0,2.3333333333333335,0.4714045207910317,9.701834081395804,179.1383285522461,162.86961852421967
LIDC-IDRI-0315,0,4,4.75,1.0,6.0,2.75,2.5,2.25,3.25,4.25,3.5,0.5,20.973856094718386,1411.644182624761,790.3518445474077
LIDC-IDRI-0315,1,4,3.0,1.0,6.0,4.0,4.25,1.0,1.0,4.0,2.5,0.5,5.043201365616878,52.525209375002305,54.393781620971346
LIDC-IDRI-0315,2,3,4.333333333333333,1.0,6.0,3.6666666666666665,4.0,2.0,1.3333333333333333,5.0,2.6666666666666665,0.4714045207910317,9.578312787049883,293.20739099988714,221.44805234594392
LIDC-IDRI-0315,3,4,3.5,1.0,6.0,4.75,4.5,1.0,1.25,4.75,2.75,0.4330127018922193,7.96677475519679,218.7383163750128,173.15805915657972
LIDC-IDRI-0315,4,4,4.0,1.0,6.0,4.25,4.25,2.0,1.75,4.5,2.75,0.4330127018922193,10.011360154285086,292.74050025001634,222.47478884506103
LIDC-IDRI-0317,0,2,2.5,1.0,6.0,4.0,4.0,1.0,1.0,4.0,2.0,1.0,4.136441204543164,39.743899541965874,51.143536889409404
LIDC-IDRI-0318,0,3,4.333333333333333,1.0,5.0,4.333333333333333,4.333333333333333,2.0,1.6666666666666667,4.666666666666667,1.6666666666666667,0.9428090415820634,11.427479521916217,270.5605102539066,259.5921752166856
LIDC-IDRI-0319,0,4,4.5,1.0,6.0,3.75,4.75,1.5,1.0,5.0,2.75,0.4330127018922193,8.03839477870798,184.59597587585407,175.85570775321673
LIDC-IDRI-0320,0,1,3.0,1.0,6.0,3.0,4.0,1.0,1.0,4.0,3.0,0.0,8.297908510253126,131.87164306640707,142.48780780168633
LIDC-IDRI-0320,1,1,3.0,1.0,6.0,3.0,5.0,1.0,1.0,5.0,3.0,0.0,8.297908510253126,81.30432128906301,97.68282553527614
LIDC-IDRI-0321,0,3,4.0,1.0,6.0,2.6666666666666665,4.666666666666667,1.0,1.3333333333333333,5.0,2.6666666666666665,0.4714045207910317,9.099986855028027,122.55523028165044,130.8369999072186
LIDC-IDRI-0321,1,3,4.0,1.0,3.0,3.6666666666666665,5.0,1.0,1.0,5.0,1.0,0.0,6.340409741516216,46.57833714595957,59.259038963616625
LIDC-IDRI-0321,2,4,4.5,1.0,3.75,3.75,4.75,1.25,2.25,5.0,1.75,1.299038105676658,9.982676954060448,327.56422306525565,264.4432623725286
LIDC-IDRI-0321,3,1,1.0,1.0,3.0,5.0,5.0,1.0,2.0,5.0,1.0,0.0,5.47599553591784,53.19301224371884,60.24209624684398
LIDC-IDRI-0323,0,4,4.0,1.0,6.0,3.5,5.0,1.0,1.0,5.0,2.75,0.4330127018922193,6.727799109848763,90.35396575927734,97.95020896189885
LIDC-IDRI-0323,1,2,3.5,1.0,6.0,2.5,4.0,1.0,1.0,4.5,2.0,1.0,9.544854121422189,154.84800338745117,152.47513168340097
LIDC-IDRI-0323,2,3,3.6666666666666665,1.0,6.0,4.333333333333333,4.666666666666667,1.3333333333333333,1.0,5.0,2.6666666666666665,0.4714045207910317,6.086276437851514,98.45466613769531,99.66414674722911
LIDC-IDRI-0324,0,1,3.0,1.0,6.0,4.0,5.0,5.0,5.0,5.0,3.0,0.0,6.482492196534062,77.86560058593798,90.01675139089662
LIDC-IDRI-0324,1,2,3.5,1.0,6.0,3.5,4.5,4.5,4.5,5.0,2.5,0.5,8.123362791226524,169.07958984375028,178.3255739306274
LIDC-IDRI-0325,0,4,4.5,1.0,6.0,2.75,2.75,2.75,4.0,5.0,4.25,0.82915619758885,31.076483419360095,3003.13330078125,2190.111513585495
LIDC-IDRI-0326,0,4,3.75,1.0,6.0,4.5,3.75,2.0,2.0,4.5,3.5,0.5,6.995227831834203,90.88134765625,97.34889665782023
LIDC-IDRI-0326,1,4,3.25,1.0,6.0,4.0,3.75,1.75,1.5,4.5,3.25,0.4330127018922193,5.938996985765269,53.955078125,67.58896860432877
LIDC-IDRI-0329,0,1,4.0,1.0,6.0,2.0,4.0,1.0,1.0,5.0,2.0,0.0,8.63276064984822,100.69034739273775,128.98819491111806
LIDC-IDRI-0329,1,1,4.0,1.0,6.0,4.0,5.0,1.0,1.0,5.0,3.0,0.0,5.852214750032677,84.59359117681743,101.07241861009553
LIDC-IDRI-0329,2,2,2.5,1.0,6.0,4.0,4.0,2.5,1.5,5.0,3.0,0.0,3.880475070019919,31.508544082062144,43.53705519189051
LIDC-IDRI-0328,0,1,5.0,1.0,6.0,5.0,4.0,1.0,1.0,5.0,3.0,0.0,5.634752919939619,46.991754339624094,94.025518364997
LIDC-IDRI-0328,1,1,5.0,1.0,6.0,4.0,4.0,1.0,1.0,5.0,3.0,0.0,4.834444333295409,27.285534777875,60.13974484757587
LIDC-IDRI-0332,0,4,5.0,1.0,6.0,3.5,3.0,3.0,2.25,4.25,5.0,0.0,39.78588532787897,8291.683535769169,4947.718900910362
LIDC-IDRI-0332,1,4,3.75,1.0,6.0,2.25,4.0,3.5,3.5,5.0,3.0,0.7071067811865476,12.064950464368295,415.3163549085439,425.582352884632
LIDC-IDRI-0332,0,5,3.8,1.0,6.0,3.2,3.2,3.6,3.2,5.0,3.8,0.9797958971132712,15.738300660083585,784.001972122854,1164.8749786007393
LIDC-IDRI-0332,1,2,3.0,1.0,6.0,3.0,4.0,5.0,4.0,4.0,2.5,0.5,8.867193043060945,148.12326861415386,291.04957958588494
LIDC-IDRI-0332,2,1,2.0,1.0,6.0,4.0,4.0,5.0,5.0,5.0,2.0,0.0,6.971668707378244,85.4207806731938,154.197575497765
LIDC-IDRI-0332,3,1,4.0,1.0,3.0,5.0,5.0,5.0,5.0,5.0,1.0,0.0,5.544465306692256,58.9377422882535,112.64172533345756
LIDC-IDRI-0334,0,2,3.5,1.0,6.0,3.5,2.5,3.5,4.5,3.5,2.5,0.5,9.616149407822903,166.21875,152.0622614605141
LIDC-IDRI-0334,1,1,4.0,1.0,6.0,3.0,2.0,5.0,4.0,5.0,3.0,0.0,9.604686356149273,126.5625,120.18979902865772
LIDC-IDRI-0334,2,3,3.3333333333333335,1.0,6.0,4.0,2.3333333333333335,3.3333333333333335,3.6666666666666665,4.333333333333333,3.6666666666666665,0.4714045207910317,16.13406507592361,570.9375,387.65730429321576
LIDC-IDRI-0334,3,1,1.0,1.0,6.0,3.0,2.0,4.0,5.0,2.0,3.0,0.0,5.408326913195984,125.71875,115.02393210271595
LIDC-IDRI-0334,4,1,1.0,1.0,6.0,3.0,2.0,3.0,5.0,2.0,3.0,0.0,7.721722605740251,156.9375,137.99926675727704
LIDC-IDRI-0334,5,2,1.5,1.0,6.0,4.0,2.0,4.0,4.5,3.0,2.0,1.0,6.708203932499369,81.84375,80.97071658526951
LIDC-IDRI-0334,6,4,4.0,1.0,6.0,3.0,2.75,3.0,3.25,3.25,3.0,0.7071067811865476,13.823668380583776,996.046875,554.4310114640148
LIDC-IDRI-0334,7,2,3.0,1.0,6.0,3.5,2.5,4.0,3.5,3.5,3.0,0.0,6.622165304138535,191.53125,160.11239379235653
LIDC-IDRI-0334,8,3,3.6666666666666665,1.0,6.0,4.0,3.6666666666666665,4.333333333333333,3.6666666666666665,4.333333333333333,2.6666666666666665,0.4714045207910317,8.404796854016277,273.65625,197.18163644046226
LIDC-IDRI-0334,9,2,4.5,1.0,6.0,3.0,4.0,4.0,3.5,5.0,2.5,0.5,7.739379576036045,136.6875,125.95584024320053
LIDC-IDRI-0335,0,2,4.0,1.0,6.0,3.0,3.5,1.5,2.0,4.5,2.5,0.5,6.290406573578624,69.75171661376953,135.69574699706004
LIDC-IDRI-0335,1,3,4.333333333333333,1.0,6.0,4.333333333333333,4.333333333333333,1.3333333333333333,1.3333333333333333,5.0,2.6666666666666665,0.4714045207910317,5.3641055553183925,60.38335418701172,114.60538831977617
LIDC-IDRI-0335,2,3,4.0,1.0,6.0,4.666666666666667,4.333333333333333,1.6666666666666667,1.3333333333333333,5.0,2.6666666666666665,0.4714045207910317,5.3641055553183925,48.63031768798828,96.69922960418167
LIDC-IDRI-0335,3,2,3.0,1.0,6.0,3.0,4.0,1.5,1.5,4.0,3.0,0.0,5.796703129378703,48.16189956665039,96.73026179936541
LIDC-IDRI-0335,4,2,4.0,1.0,6.0,3.5,5.0,1.0,1.0,5.0,2.0,0.0,4.348224777517868,36.025611877441406,82.4219415033929
LIDC-IDRI-0337,0,4,5.0,1.0,6.0,3.75,4.25,3.0,2.25,4.25,4.75,0.4330127018922193,20.27226315970207,1681.0359477996826,1009.2554475397873
LIDC-IDRI-0337,1,4,5.0,1.0,6.0,4.0,3.0,4.25,2.5,5.0,5.0,0.0,36.60991450653995,6097.289299964905,2882.805124726926
LIDC-IDRI-0338,0,4,3.5,1.0,6.0,4.0,4.75,1.0,1.0,4.75,3.0,1.0,7.039257018194313,89.46191358566284,150.57628373423603
LIDC-IDRI-0339,0,3,2.6666666666666665,1.0,6.0,4.0,2.6666666666666665,1.3333333333333333,1.0,3.0,3.0,0.816496580927726,7.48059605829804,91.94708582620176,99.4620591729785
LIDC-IDRI-0339,1,1,4.0,1.0,6.0,4.0,5.0,1.0,1.0,5.0,2.0,0.0,5.50282018427643,26.495901232992765,41.42366869820019
LIDC-IDRI-0340,0,8,4.25,1.0,6.0,2.875,3.5,2.0,2.25,4.25,3.25,0.9682458365518543,26.024239334026714,3345.2950716018677,3054.012118890226
LIDC-IDRI-0341,0,1,3.0,1.0,6.0,2.0,5.0,1.0,1.0,5.0,2.0,0.0,7.80687929809602,86.42145807868019,99.10599302020243
LIDC-IDRI-0341,1,4,3.0,1.0,6.0,3.75,4.5,1.25,1.75,4.75,2.5,0.5,5.70694316273833,92.67094368355174,105.81703072975377
LIDC-IDRI-0341,2,2,3.5,1.0,6.0,3.0,5.0,2.0,1.0,5.0,2.5,0.5,5.705707494784267,21.307769967024797,36.784119441473564
LIDC-IDRI-0341,3,4,3.25,1.0,6.0,4.0,4.0,1.75,2.0,4.75,3.0,0.0,5.888503151766541,41.96083191834987,56.68967593413669
LIDC-IDRI-0341,4,2,2.5,1.0,6.0,3.0,4.0,1.5,2.5,4.5,3.0,0.0,4.493196462345262,23.92660203003743,35.144159696128995
LIDC-IDRI-0341,5,4,3.75,1.0,6.0,3.0,4.25,1.25,2.0,4.75,2.75,0.4330127018922193,8.450052720689808,95.64688920965636,109.26355818618596
LIDC-IDRI-0343,0,4,3.5,1.0,6.0,4.75,5.0,1.0,1.0,5.0,2.5,1.118033988749895,7.349661199399456,300.19112744183985,262.6359573379372
LIDC-IDRI-0344,0,1,5.0,1.0,6.0,5.0,5.0,1.0,1.0,5.0,3.0,0.0,6.225577282469474,52.606640624999976,78.57728740676609
LIDC-IDRI-0344,1,4,4.5,1.0,6.0,2.25,2.25,3.5,2.0,4.75,2.75,0.82915619758885,18.813731933855177,630.4938964843748,615.2755663728949
LIDC-IDRI-0344,2,1,5.0,1.0,6.0,5.0,4.0,1.0,1.0,5.0,3.0,0.0,5.235844010281437,24.318164062500028,37.13577545563061
LIDC-IDRI-0344,3,2,4.0,1.0,6.0,3.5,3.0,2.0,1.0,4.5,2.5,0.5,9.68383307403423,106.20585937500013,139.86788037578424
LIDC-IDRI-0345,0,3,1.6666666666666667,1.0,6.0,4.0,4.333333333333333,1.3333333333333333,1.0,4.666666666666667,2.6666666666666665,0.4714045207910317,6.274528511812945,61.060587565104164,74.49046149672824
LIDC-IDRI-0345,1,3,3.3333333333333335,1.0,6.0,3.6666666666666665,3.3333333333333335,2.0,1.3333333333333333,4.666666666666667,2.3333333333333335,0.4714045207910317,6.750313298068927,87.72786458333333,104.19485616810603
LIDC-IDRI-0346,0,4,4.25,1.0,3.5,5.0,5.0,1.0,1.0,5.0,1.0,0.0,6.9438017162707,179.77286400024605,148.57219047758548
LIDC-IDRI-0346,1,4,4.0,1.0,6.0,3.0,3.75,3.0,2.5,4.0,2.5,0.8660254037844386,21.71866599463289,841.8985920001724,574.5366122944034
LIDC-IDRI-0346,2,2,3.5,1.0,3.0,4.5,4.5,1.0,1.0,5.0,1.0,0.0,5.499557261289691,108.44467200005602,103.48319709966877
LIDC-IDRI-0346,3,3,3.3333333333333335,1.0,4.0,4.666666666666667,4.333333333333333,1.0,1.0,4.666666666666667,2.6666666666666665,0.4714045207910317,5.987828233642568,125.4429440004169,118.35459950489694
LIDC-IDRI-0346,4,4,4.5,1.0,3.0,5.0,5.0,1.0,1.0,5.0,1.0,0.0,7.343545041477144,221.7306239999598,180.52063282595083
LIDC-IDRI-0347,0,4,4.75,1.0,6.0,3.5,3.25,2.75,2.0,5.0,3.5,0.8660254037844386,21.684566424458367,1208.4143314361572,740.5144457286278
LIDC-IDRI-0347,1,1,2.0,1.0,6.0,4.0,4.0,1.0,1.0,5.0,1.0,0.0,5.246797947547874,100.50641441345215,93.79802790469593
LIDC-IDRI-0347,2,4,3.5,1.0,6.0,4.5,4.5,1.25,1.25,5.0,2.25,0.82915619758885,7.595017074098896,202.18150806427002,173.34394765973707
LIDC-IDRI-0347,3,4,4.25,1.0,6.0,3.5,2.5,2.5,3.5,4.75,3.75,1.6393596310755,30.036684666922227,2485.3911781311035,1636.520983738533
LIDC-IDRI-0348,0,1,2.0,1.0,6.0,5.0,5.0,1.0,1.0,5.0,3.0,0.0,10.669887973416,202.10366570763225,220.54378424576115
LIDC-IDRI-0348,1,4,5.0,1.0,6.0,4.75,5.0,3.0,3.0,5.0,3.75,1.0897247358851685,17.25833532039532,2264.1355107937998,1115.6429205471618
LIDC-IDRI-0350,0,4,3.75,1.0,6.0,4.0,4.5,1.25,1.0,4.75,3.25,0.4330127018922193,6.497800682696019,82.17974623400761,89.89019074453279
LIDC-IDRI-0350,1,1,2.0,1.0,6.0,5.0,4.0,1.0,1.0,5.0,2.0,0.0,5.431644000000006,30.959682791763043,44.78956556563259
LIDC-IDRI-0351,0,1,3.0,1.0,6.0,3.0,5.0,1.0,1.0,5.0,4.0,0.0,8.168827108473101,102.01950073242188,115.66837304483947
LIDC-IDRI-0351,1,3,4.666666666666667,1.0,3.0,5.0,5.0,1.0,1.0,5.0,1.0,0.0,6.81911798908479,177.89249420166016,164.85841760479678
LIDC-IDRI-0352,0,1,1.0,1.0,6.0,5.0,2.0,1.0,1.0,1.0,2.0,0.0,8.105934662814184,82.38543701171875,90.5439057746695
LIDC-IDRI-0352,1,3,2.3333333333333335,1.0,6.0,4.333333333333333,3.3333333333333335,1.0,1.0,2.3333333333333335,2.6666666666666665,0.4714045207910317,7.736221460620165,105.88803100585938,107.50613034914336
LIDC-IDRI-0353,0,3,5.0,1.0,3.0,4.0,5.0,1.3333333333333333,1.0,5.0,1.0,0.0,6.3568519488762405,65.093994140625,73.22113392839357
LIDC-IDRI-0353,1,4,4.75,1.0,6.0,4.0,4.5,1.0,1.25,5.0,3.0,1.224744871391589,8.602136048749358,156.65817260742188,144.88096285759218
LIDC-IDRI-0353,2,3,4.666666666666667,1.0,6.0,2.6666666666666665,2.0,3.3333333333333335,2.6666666666666665,4.0,4.0,0.816496580927726,18.311658921288952,452.362060546875,421.6202564502907
LIDC-IDRI-0354,0,3,4.666666666666667,1.0,3.0,3.6666666666666665,3.6666666666666665,2.0,1.3333333333333333,4.666666666666667,1.0,0.0,9.633666124526876,366.815176000091,256.94114806591534
LIDC-IDRI-0354,1,2,1.0,1.0,6.0,4.5,1.5,1.5,1.0,1.0,3.0,0.0,10.988161324550212,377.97382350009866,300.9007894023319
LIDC-IDRI-0355,0,1,4.0,1.0,6.0,4.0,4.0,5.0,5.0,5.0,4.0,0.0,18.833841881039582,4416.921599998372,1612.0053875298895
LIDC-IDRI-0355,0,1,2.0,1.0,6.0,5.0,5.0,1.0,1.0,5.0,2.0,0.0,4.9444315096987195,59.80210876464844,66.32215390357158
LIDC-IDRI-0355,1,2,4.0,1.0,6.0,4.5,3.5,1.5,1.5,5.0,3.5,0.5,19.907239486585205,4830.712795257568,1915.9896467835601
LIDC-IDRI-0356,0,4,3.0,1.0,6.0,3.75,4.5,1.0,1.0,4.5,3.0,0.7071067811865476,6.149599198383262,89.63195800781219,105.59238961518636
LIDC-IDRI-0356,1,2,2.5,1.0,6.0,3.0,4.5,1.0,1.0,3.5,3.0,0.0,5.188111786213748,43.6047363281239,63.26758949955098
LIDC-IDRI-0356,2,4,3.25,1.0,6.0,4.5,4.75,1.0,1.0,4.75,2.5,0.5,6.033185134729293,68.97354125976607,87.7389621313789
LIDC-IDRI-0356,3,4,3.0,1.0,6.0,4.0,4.75,1.0,1.0,4.75,2.75,0.4330127018922193,6.687796781924341,79.53826904296812,99.43281570403724
LIDC-IDRI-0356,4,4,4.0,1.0,6.0,4.25,4.75,1.0,1.0,4.75,3.0,0.7071067811865476,8.099569565501783,199.24942016601585,188.3258350228108
LIDC-IDRI-0356,5,1,4.0,1.0,6.0,2.0,5.0,1.0,1.0,5.0,3.0,0.0,6.401007763674795,68.36791992187543,86.72477455792941
LIDC-IDRI-0356,6,2,2.5,1.0,6.0,2.5,5.0,1.0,1.0,5.0,2.5,0.5,5.539067897008556,36.15783691406262,53.16437798858291
LIDC-IDRI-0356,7,2,1.5,1.0,6.0,5.0,2.0,1.0,1.0,1.0,2.0,0.0,7.423862896191277,101.34063720703108,122.90450885653797
LIDC-IDRI-0357,0,1,2.0,1.0,6.0,4.0,5.0,1.0,1.0,3.0,2.0,0.0,5.798117286024835,71.685791015625,84.23510654204493
LIDC-IDRI-0358,0,2,4.0,1.0,4.5,5.0,5.0,1.0,1.5,5.0,1.5,0.5,4.8046900346178845,40.67130470275879,86.75804628107065
LIDC-IDRI-0358,1,1,3.0,1.0,3.0,5.0,5.0,1.0,1.0,5.0,1.0,0.0,4.678039362447833,48.10362434387207,98.58683827262271
LIDC-IDRI-0358,2,1,1.0,1.0,6.0,5.0,5.0,1.0,1.0,5.0,2.0,0.0,4.54371349629637,36.54223823547363,82.78199891346858
LIDC-IDRI-0358,3,1,2.0,1.0,6.0,3.0,5.0,1.0,1.0,5.0,2.0,0.0,4.678039362447833,33.23898506164551,76.7253802071171
LIDC-IDRI-0358,4,2,4.5,1.0,4.5,4.5,4.5,1.0,1.0,5.0,1.5,0.5,5.35414825395239,52.64559745788574,110.89060596178237
LIDC-IDRI-0358,5,4,3.5,1.0,6.0,2.75,3.75,2.25,1.25,4.75,2.25,1.299038105676658,9.247163723928152,104.05247497558594,198.07362845531773
LIDC-IDRI-0358,6,2,4.0,1.0,4.5,4.5,4.5,1.5,1.5,5.0,1.5,0.5,3.7874483356080657,26.52925205230713,62.64922548309781
LIDC-IDRI-0358,7,4,5.0,1.0,6.0,3.5,5.0,1.5,1.75,4.0,3.25,0.4330127018922193,8.694087459142628,214.96952295303345,308.21329425513096
LIDC-IDRI-0359,0,4,2.75,1.0,6.0,3.75,4.0,4.0,3.75,4.75,2.75,0.82915619758885,9.435849164689506,283.37679712468525,222.88298591569077
LIDC-IDRI-0359,1,4,5.0,1.0,3.75,4.5,5.0,4.0,4.0,5.0,1.5,0.8660254037844386,11.962587328840772,550.9712962496124,368.5418618917758
LIDC-IDRI-0360,0,3,3.0,1.0,6.0,5.0,4.0,1.0,1.0,3.0,2.3333333333333335,0.4714045207910317,6.201899374383583,176.11185709635416,410.7127355430404
LIDC-IDRI-0360,1,2,3.5,1.0,6.0,4.0,3.5,1.0,1.0,4.0,2.0,1.0,7.1713090418600505,87.02278137207031,195.36085210429943
LIDC-IDRI-0360,2,3,4.0,1.0,6.0,4.666666666666667,4.0,1.3333333333333333,1.6666666666666667,4.666666666666667,3.0,0.816496580927726,13.48914024295357,817.6167805989584,1326.1130105341629
LIDC-IDRI-0360,3,4,4.5,1.0,6.0,3.75,3.5,1.25,2.5,4.5,3.25,0.82915619758885,14.293655794626707,516.6530609130859,817.9745907330082
LIDC-IDRI-0362,0,1,3.0,1.0,6.0,4.0,4.0,2.0,1.0,3.0,3.0,0.0,8.697175929037252,93.4387207031256,106.40303822472079
LIDC-IDRI-0362,1,4,5.0,1.0,6.0,3.75,3.5,4.0,1.75,4.5,4.5,0.8660254037844386,16.44106655007448,1072.2093200683594,664.497373468345
LIDC-IDRI-0363,0,4,4.0,1.0,4.5,2.5,4.25,3.0,1.25,5.0,2.0,1.0,10.479320553786504,249.8188018798828,206.2071011148662
LIDC-IDRI-0365,0,4,4.0,1.0,6.0,3.75,2.5,2.5,2.0,4.0,3.25,0.82915619758885,18.78570986021275,1269.5235013961792,736.9609857800532
LIDC-IDRI-0365,0,4,4.75,1.0,6.0,5.0,3.75,1.5,1.5,4.75,3.75,0.82915619758885,13.937139038304343,859.4187419999507,494.86890935615395
LIDC-IDRI-0366,0,7,4.714285714285714,1.0,6.0,3.2857142857142856,2.857142857142857,3.142857142857143,3.2857142857142856,4.428571428571429,3.7142857142857144,0.6998542122237652,19.713358875077457,1837.2660342858248,976.0436241042353
LIDC-IDRI-0366,1,1,4.0,1.0,6.0,4.0,3.0,2.0,2.0,3.0,3.0,0.0,5.6170027594794725,105.30052800002159,110.80428087085372
LIDC-IDRI-0367,0,1,4.0,1.0,3.0,5.0,5.0,1.0,1.0,5.0,1.0,0.0,3.8916216588646217,22.847636627047905,53.01807580445655
LIDC-IDRI-0368,0,4,5.0,1.0,6.0,3.75,4.75,1.0,1.25,5.0,3.5,1.118033988749895,20.202745216758885,3992.6585475006723,1572.913941568542
LIDC-IDRI-0368,1,4,4.25,1.0,6.0,4.25,4.0,1.25,1.25,4.75,3.0,0.7071067811865476,9.857884789019533,373.55301900000086,261.3084893987516
LIDC-IDRI-0368,2,1,4.0,1.0,3.0,3.0,4.0,1.0,1.0,5.0,1.0,0.0,8.357155736253796,198.0557460001437,160.1377828579678
LIDC-IDRI-0368,3,4,5.0,1.0,3.0,5.0,5.0,1.0,1.0,5.0,1.0,0.0,10.81508329556846,530.8888095003495,350.19761866512425
LIDC-IDRI-0368,4,4,5.0,1.0,6.0,3.5,5.0,1.75,1.75,5.0,3.5,1.118033988749895,24.821827850806628,4066.069171500538,1605.120110582293
LIDC-IDRI-0368,5,4,4.5,1.0,6.0,4.25,5.0,1.0,1.25,5.0,3.0,0.7071067811865476,11.388652778553734,766.6057350000192,452.1476631268132
LIDC-IDRI-0369,0,4,3.25,1.0,6.0,2.5,3.5,2.5,2.0,5.0,2.75,0.82915619758885,8.924876173918527,89.36606581060005,113.56070932514146
LIDC-IDRI-0370,0,1,4.0,1.0,6.0,5.0,5.0,1.0,1.0,5.0,3.0,0.0,6.1202390361318475,97.43036046148518,192.17111477521937
LIDC-IDRI-0370,1,1,2.0,1.0,6.0,5.0,5.0,1.0,1.0,5.0,2.0,0.0,4.752321971531803,30.640643395963707,66.15284352525119
LIDC-IDRI-0371,0,3,4.0,1.0,6.0,3.0,4.0,1.6666666666666667,1.3333333333333333,4.333333333333333,2.3333333333333335,0.4714045207910317,7.530178952524229,94.27897135416667,176.64990956517545
LIDC-IDRI-0372,0,1,5.0,1.0,3.0,5.0,5.0,1.0,1.0,5.0,1.0,0.0,4.446952959611783,39.55078125,48.28655878003231
LIDC-IDRI-0372,1,4,3.75,1.0,6.0,3.5,3.75,1.75,1.5,5.0,3.0,0.0,7.363073380133972,83.50467681884766,91.7298745847371
LIDC-IDRI-0373,0,3,4.0,1.0,6.0,4.333333333333333,4.333333333333333,2.0,1.6666666666666667,3.6666666666666665,2.6666666666666665,1.247219128924647,7.429178409755565,122.78490650032988,208.5711532997227
LIDC-IDRI-0374,0,1,4.0,1.0,6.0,4.0,5.0,1.0,1.0,5.0,2.0,0.0,5.590316018550027,57.7941161680792,70.12970410412021
LIDC-IDRI-0374,1,2,3.0,1.0,6.0,4.0,4.0,2.0,1.0,4.5,2.5,0.5,6.207206358645568,48.429328826114215,63.295891409622584
LIDC-IDRI-0374,2,1,3.0,1.0,6.0,3.0,3.0,3.0,1.0,2.0,3.0,0.0,8.093206924574275,62.34272716294072,86.07649721208497
LIDC-IDRI-0375,0,4,4.5,1.0,3.0,4.5,5.0,1.0,1.0,5.0,1.0,0.0,7.47905533485811,102.35309600830078,174.03702081249168
LIDC-IDRI-0375,1,4,4.0,1.0,6.0,4.25,2.75,2.25,3.25,3.75,3.25,1.299038105676658,12.765242822504597,326.64208760375936,504.9865036128667
LIDC-IDRI-0376,0,4,3.0,1.0,6.0,3.5,4.75,1.0,1.25,5.0,2.25,1.0897247358851685,8.081447510355932,151.17359161376953,260.81357917303535
LIDC-IDRI-0376,1,2,2.5,1.0,6.0,3.5,4.0,2.0,1.5,4.5,2.0,0.0,7.103077996755098,55.77278137207031,115.75843020183106
LIDC-IDRI-0377,0,4,5.0,1.0,6.0,3.0,3.5,3.0,1.75,5.0,4.5,0.8660254037844386,20.644917004667334,1564.439219581871,1447.5139987330103
LIDC-IDRI-0377,1,3,2.6666666666666665,1.0,6.0,2.3333333333333335,3.3333333333333335,2.0,1.3333333333333333,5.0,3.0,0.816496580927726,6.543079452971747,75.79310166872376,154.0940505052058
LIDC-IDRI-0377,2,1,5.0,1.0,3.0,4.0,5.0,1.0,1.0,5.0,1.0,0.0,8.023891675317168,122.09587784433097,216.935642439432
LIDC-IDRI-0378,0,2,4.0,2.5,6.0,4.0,3.0,2.0,2.0,4.0,3.0,0.0,10.437628306697375,386.2480680000008,298.9547393260495
LIDC-IDRI-0379,0,4,4.0,1.0,6.0,3.25,3.0,1.25,2.0,3.75,2.75,0.4330127018922193,11.164664471675467,363.17391862531076,273.1460824902639
LIDC-IDRI-0379,1,1,5.0,1.0,6.0,3.0,3.0,1.0,1.0,5.0,2.0,0.0,5.248959230171277,81.87495750001108,87.15196565797356
LIDC-IDRI-0379,2,4,4.0,1.0,3.0,4.25,5.0,1.0,1.0,5.0,1.0,0.0,6.035148956977265,131.38981275027618,118.93860788843426
LIDC-IDRI-0379,3,4,3.75,1.0,6.0,2.5,4.0,1.25,1.0,4.75,2.75,0.4330127018922193,9.26097626038064,217.35851812498004,184.96204612139547
LIDC-IDRI-0379,4,2,4.0,1.0,6.0,4.0,4.5,1.0,1.0,4.5,3.0,0.0,4.932805902680176,72.90770024999074,72.61296812757107
LIDC-IDRI-0380,0,4,3.5,1.0,6.0,4.5,4.25,2.25,2.0,4.5,2.75,0.82915619758885,5.443852265640997,70.48828124999987,84.629314980563
LIDC-IDRI-0380,1,4,2.5,1.25,6.0,3.25,2.75,2.0,2.0,1.75,2.25,0.4330127018922193,5.286457306003938,43.8378906249998,56.65998080106925
LIDC-IDRI-0380,2,2,2.0,1.0,6.0,4.0,1.0,3.0,3.0,1.0,2.5,0.5,10.606601717798213,176.83593749999991,183.21898712127077
LIDC-IDRI-0381,0,2,4.5,1.0,6.0,4.0,5.0,1.0,1.0,5.0,2.5,0.5,5.538352423808648,73.64273071289062,86.40937993085134
LIDC-IDRI-0384,0,1,3.0,1.0,6.0,4.0,5.0,1.0,1.0,4.0,2.0,0.0,7.78789770440689,51.53806979831643,110.29307096312061
LIDC-IDRI-0384,1,2,4.0,1.0,6.0,4.5,4.0,1.5,1.0,5.0,3.0,0.0,5.351625163370938,53.48535203249412,109.59854901064578
LIDC-IDRI-0384,2,1,5.0,1.0,6.0,3.0,4.0,1.0,1.0,5.0,2.0,0.0,7.761180995463571,42.84020915221845,97.55673849197804
LIDC-IDRI-0385,0,4,3.5,1.0,6.0,4.0,3.75,1.25,1.25,2.25,3.75,1.0897247358851685,10.90010012406629,354.9894961461961,480.2432056096894
LIDC-IDRI-0385,1,1,5.0,1.0,6.0,2.0,2.0,2.0,1.0,5.0,4.0,0.0,31.004553953407463,2055.4209640457943,2580.0517100318443
LIDC-IDRI-0386,0,1,3.0,1.0,3.0,3.0,5.0,1.0,1.0,5.0,1.0,0.0,5.403210198505334,38.21473502200206,77.4122735545952
LIDC-IDRI-0386,1,3,2.3333333333333335,1.0,6.0,3.6666666666666665,2.6666666666666665,1.6666666666666667,1.3333333333333333,2.0,3.3333333333333335,0.4714045207910317,9.039694043792116,103.62734451910303,184.1422760119201
LIDC-IDRI-0386,2,2,4.0,1.0,3.0,4.5,5.0,1.0,1.0,5.0,1.0,0.0,5.08344438336594,48.97338789983223,100.13071144332093
LIDC-IDRI-0386,3,4,4.5,1.0,3.0,3.75,5.0,1.0,1.0,5.0,1.0,0.0,7.984754201185591,138.57144906618487,214.42081534261592
LIDC-IDRI-0386,4,4,2.25,1.0,6.0,4.5,3.5,1.25,1.5,1.5,3.0,1.0,8.244983478226727,110.34074391481795,188.46636770499646
LIDC-IDRI-0386,5,1,3.0,1.0,6.0,2.0,4.0,1.0,2.0,4.0,4.0,0.0,5.652335409894913,48.19876489262242,103.50568459424338
LIDC-IDRI-0387,0,4,4.75,1.0,6.0,2.25,2.5,2.0,2.25,4.25,3.75,0.82915619758885,16.70092709341842,665.7911739349365,524.5409351467749
LIDC-IDRI-0387,1,2,4.5,1.0,6.0,3.5,1.0,2.5,2.0,3.0,3.0,0.0,8.958980560830259,191.82306289672852,177.56273421422318
LIDC-IDRI-0388,0,2,1.0,1.0,6.0,4.0,1.5,1.0,1.0,1.0,2.0,0.0,7.184114646842859,120.19103240966797,133.00693099683826
LIDC-IDRI-0388,1,3,2.0,1.0,6.0,3.6666666666666665,2.3333333333333335,1.0,1.0,2.0,3.0,0.816496580927726,7.529205260231099,84.70416577657063,91.76104218960744
LIDC-IDRI-0388,2,1,1.0,1.0,6.0,3.0,1.0,1.0,1.0,1.0,2.0,0.0,8.201171875,85.76545524597168,119.03675810063574
LIDC-IDRI-0388,3,1,2.0,1.0,6.0,3.0,2.0,1.0,1.0,3.0,2.0,0.0,5.816236054112505,57.70761489868164,66.36244019040407
LIDC-IDRI-0388,4,2,1.5,1.0,6.0,4.5,1.5,1.0,1.0,1.0,2.0,0.0,20.485868308177416,1095.4497241973877,943.8148710003325
LIDC-IDRI-0390,0,4,4.25,1.0,3.0,3.75,4.5,1.0,1.0,5.0,1.0,0.0,9.965761441030752,386.6732425689697,280.89693589080395
LIDC-IDRI-0390,1,4,3.75,1.0,3.0,3.0,4.75,1.25,1.0,5.0,1.0,0.0,11.407107620808521,430.27966117858887,303.93828398484965
LIDC-IDRI-0390,2,4,4.25,1.0,3.0,3.75,4.75,1.0,1.0,5.0,1.0,0.0,8.63740902916781,241.46683502197266,197.70594390259336
LIDC-IDRI-0390,3,1,5.0,1.0,6.0,4.0,5.0,1.0,1.0,5.0,2.0,0.0,5.410056124976027,80.68670654296875,79.56222932796322
LIDC-IDRI-0390,4,4,4.25,1.0,3.0,3.75,4.75,1.0,1.0,5.0,1.0,0.0,10.02668016608863,321.4119358062744,243.2563732440518
LIDC-IDRI-0390,5,4,4.75,1.0,3.75,4.0,4.5,1.75,1.0,4.75,1.5,0.8660254037844386,16.405494195145483,1006.5073356628418,565.5851938105429
LIDC-IDRI-0390,6,3,3.6666666666666665,1.0,3.0,5.0,5.0,1.0,1.0,5.0,1.0,0.0,6.614540451409652,163.54878997802734,145.8478308395769
LIDC-IDRI-0390,7,3,3.6666666666666665,1.0,3.0,4.0,4.666666666666667,1.0,1.0,5.0,1.0,0.0,6.411824648674066,141.7950210571289,133.48890868252772
LIDC-IDRI-0392,0,4,2.0,1.0,6.0,4.25,2.75,1.0,1.0,1.0,3.0,0.0,4.997941160800375,51.00132474110069,64.69602342656381
LIDC-IDRI-0392,1,1,1.0,1.0,6.0,3.0,2.0,1.0,2.0,1.0,2.0,0.0,8.616694384293082,59.3191373598529,94.06590503368253
LIDC-IDRI-0392,2,3,1.6666666666666667,1.0,6.0,3.0,3.0,1.3333333333333333,1.3333333333333333,1.3333333333333333,2.6666666666666665,0.4714045207910317,5.56155244864019,31.22827895451337,47.784628452880206
LIDC-IDRI-0393,0,2,2.0,1.0,6.0,4.5,5.0,1.0,1.0,4.5,2.5,0.5,5.03577317754959,26.57318115234375,36.0858632005539
LIDC-IDRI-0394,0,2,4.5,1.0,6.0,3.0,3.5,1.5,1.0,3.5,3.5,0.5,9.472759020645386,185.6340101874821,214.55577922215448
LIDC-IDRI-0394,1,3,4.0,1.0,6.0,3.0,4.333333333333333,2.3333333333333335,1.3333333333333333,4.333333333333333,3.0,0.0,6.15941514996963,57.5074381002014,72.89298073874002
LIDC-IDRI-0394,2,3,3.3333333333333335,1.0,6.0,3.3333333333333335,2.6666666666666665,1.0,1.0,3.3333333333333335,3.3333333333333335,0.4714045207910317,5.2340707674183635,31.916628145615203,46.400800594752376
LIDC-IDRI-0394,3,4,2.25,1.0,6.0,3.0,2.5,1.0,1.25,1.25,3.25,0.4330127018922193,5.894809922082057,42.05231411079694,61.267318108136514
LIDC-IDRI-0394,4,3,3.6666666666666665,1.0,6.0,2.6666666666666665,2.3333333333333335,2.0,2.3333333333333335,3.0,3.6666666666666665,0.9428090415820634,8.646902930140314,100.35047948487772,118.64331115480485
LIDC-IDRI-0394,5,4,3.5,1.0,6.0,3.5,2.75,1.75,2.25,2.0,3.5,0.8660254037844386,9.602725192069293,256.88572599364306,244.21177399768186
LIDC-IDRI-0394,6,1,4.0,1.0,6.0,4.0,5.0,1.0,1.0,5.0,3.0,0.0,4.956528780952356,46.235980232577276,58.06082018687622
LIDC-IDRI-0394,7,1,4.0,1.0,6.0,3.0,2.0,1.0,1.0,1.0,3.0,0.0,4.984296666460575,27.25852565945388,44.70631259132914
LIDC-IDRI-0395,0,3,5.0,1.0,6.0,4.0,3.6666666666666665,3.6666666666666665,2.3333333333333335,5.0,3.6666666666666665,0.4714045207910317,22.525446540541367,2400.043265999062,1216.9947521639942
LIDC-IDRI-0395,1,1,3.0,1.0,6.0,5.0,5.0,1.0,1.0,5.0,2.0,0.0,5.617256269745946,92.031240000244,95.17442092505658
LIDC-IDRI-0395,2,2,5.0,1.0,6.0,4.0,2.5,2.5,5.0,3.5,3.5,0.5,31.95621540124062,2751.076710000081,1696.6689840912297
LIDC-IDRI-0395,3,3,3.0,1.0,6.0,4.666666666666667,4.333333333333333,1.3333333333333333,1.3333333333333333,4.666666666666667,2.6666666666666665,0.4714045207910317,6.9843080074812045,144.62051999993855,126.9871340287259
LIDC-IDRI-0396,0,1,5.0,1.0,3.0,5.0,5.0,1.0,1.0,5.0,1.0,0.0,5.967498806032557,139.40420099985204,128.12460561886053
LIDC-IDRI-0396,1,1,3.0,2.0,6.0,4.0,1.0,1.0,1.0,1.0,3.0,0.0,7.278892910326399,212.36340900039067,228.33963838235363
LIDC-IDRI-0397,0,1,5.0,1.0,6.0,5.0,5.0,1.0,1.0,5.0,3.0,0.0,4.72398318052256,27.036713012639666,66.8685494797102
LIDC-IDRI-0397,1,1,5.0,1.0,6.0,3.0,1.0,1.0,1.0,1.0,3.0,0.0,7.457773196787893,68.55737942505584,145.04389048838357
LIDC-IDRI-0397,2,2,4.0,1.0,6.0,3.5,2.5,1.0,1.0,2.0,3.0,0.0,5.062536514152626,31.43553017234246,73.65186306154447
LIDC-IDRI-0398,0,1,5.0,1.0,6.0,5.0,5.0,1.0,1.0,5.0,3.0,0.0,6.442352540027595,89.111328125,151.00506006264595
LIDC-IDRI-0398,1,4,3.25,1.0,6.0,4.25,4.25,1.25,1.5,4.75,2.75,0.4330127018922193,7.072912531789539,123.291015625,196.61354899401599
LIDC-IDRI-0398,2,1,5.0,1.0,6.0,5.0,5.0,1.0,1.0,5.0,3.0,0.0,5.2407843222651325,77.20947265625,140.38735418639004
LIDC-IDRI-0398,3,4,3.75,1.0,6.0,4.75,4.75,1.25,1.0,4.75,3.25,0.4330127018922193,7.933435042200218,163.726806640625,231.89190422991328
LIDC-IDRI-0398,4,1,5.0,1.0,6.0,5.0,5.0,1.0,1.0,5.0,3.0,0.0,5.2407843222651325,57.67822265625,112.01551693590608
LIDC-IDRI-0398,5,1,5.0,1.0,6.0,5.0,5.0,1.0,1.0,5.0,3.0,0.0,5.002440810494413,43.64013671875,89.50150558889788
LIDC-IDRI-0398,6,3,3.6666666666666665,1.0,6.0,4.0,4.666666666666667,1.0,1.0,5.0,2.6666666666666665,0.4714045207910317,6.142859085628747,112.50813802083333,200.86704604381393
LIDC-IDRI-0398,7,1,5.0,1.0,6.0,5.0,5.0,1.0,1.0,5.0,3.0,0.0,4.419417382415922,46.08154296875,92.7297206205022
LIDC-IDRI-0398,8,1,5.0,1.0,6.0,5.0,5.0,1.0,1.0,5.0,3.0,0.0,4.555431167847891,43.3349609375,90.60129422437822
LIDC-IDRI-0398,9,1,5.0,1.0,6.0,5.0,5.0,1.0,1.0,5.0,3.0,0.0,4.555431167847891,51.57470703125,96.71593517438512
LIDC-IDRI-0398,10,4,4.0,1.0,6.0,3.25,2.75,1.5,2.0,4.75,3.75,0.82915619758885,14.955746974739636,777.130126953125,789.2178500046078
LIDC-IDRI-0398,11,1,5.0,1.0,6.0,5.0,5.0,1.0,1.0,5.0,3.0,0.0,4.207160005573831,30.82275390625,64.94559770550975
LIDC-IDRI-0398,12,2,4.0,1.0,6.0,4.0,5.0,1.0,1.0,5.0,2.5,0.5,5.79174830343433,71.4111328125,133.87298920999564
LIDC-IDRI-0399,0,3,3.6666666666666665,1.0,6.0,3.6666666666666665,5.0,2.0,1.0,5.0,2.0,0.0,6.879383944770406,108.86652764901253,109.9512200907821
LIDC-IDRI-0399,1,1,2.0,1.0,6.0,4.0,4.0,2.0,1.0,5.0,2.0,0.0,5.939551093097873,23.97819722915301,40.52721790623714
LIDC-IDRI-0400,0,3,3.3333333333333335,1.0,6.0,3.6666666666666665,4.666666666666667,3.3333333333333335,1.6666666666666667,4.666666666666667,3.3333333333333335,0.4714045207910317,7.62599851791479,78.82553100585987,95.3885395302495
LIDC-IDRI-0400,1,3,4.666666666666667,1.0,6.0,4.0,4.666666666666667,2.0,1.0,5.0,3.3333333333333335,1.247219128924647,9.628631486180444,145.91812133789153,147.46384725118762
LIDC-IDRI-0400,2,4,4.25,1.0,6.0,4.25,3.5,2.5,2.0,4.75,3.5,0.5,7.1730331567488195,123.44375610351557,130.83493744114804
LIDC-IDRI-0400,3,1,4.0,1.0,6.0,3.0,3.0,1.0,1.0,5.0,2.0,0.0,6.842630651897065,59.49096679687538,85.46409150202197
LIDC-IDRI-0402,0,4,3.75,1.0,6.0,3.75,4.5,1.25,1.5,4.75,3.0,0.7071067811865476,9.284054874807527,184.79062182930647,171.27592050669327
LIDC-IDRI-0402,1,3,3.6666666666666665,1.0,6.0,4.333333333333333,4.0,1.0,1.0,4.666666666666667,2.6666666666666665,0.4714045207910317,6.31525014592954,102.02071902291209,97.03942465509245
LIDC-IDRI-0402,2,2,4.0,1.0,6.0,4.0,3.5,1.0,2.0,4.5,3.0,0.0,6.222111897320228,63.519086590567895,72.72057880227965
LIDC-IDRI-0402,3,4,3.25,1.0,6.0,3.75,3.25,1.5,1.25,1.5,3.25,0.4330127018922193,9.149044102263698,218.1854803621904,182.54662378332915
LIDC-IDRI-0402,4,3,1.6666666666666667,1.0,6.0,3.6666666666666665,2.0,1.0,1.0,1.0,3.0,0.0,5.64661817475491,67.93730670576527,73.30882380242119
LIDC-IDRI-0402,5,3,1.6666666666666667,1.0,6.0,3.6666666666666665,1.6666666666666667,1.3333333333333333,1.3333333333333333,1.3333333333333333,2.3333333333333335,0.4714045207910317,7.775419656496645,94.33186843251558,98.06220790353989
LIDC-IDRI-0402,6,3,1.0,1.0,6.0,3.0,1.6666666666666667,1.0,2.3333333333333335,1.0,3.0,0.0,7.485673704958238,51.41201588545906,62.56411465153398
LIDC-IDRI-0402,7,1,1.0,1.0,6.0,5.0,1.0,1.0,1.0,1.0,3.0,0.0,7.421879999999987,40.28039637451002,63.80902813699278
LIDC-IDRI-0402,8,1,1.0,1.0,6.0,2.0,2.0,1.0,4.0,1.0,3.0,0.0,8.027990670102216,35.46051988523686,57.70285581702663
LIDC-IDRI-0402,9,3,4.666666666666667,1.0,6.0,3.3333333333333335,1.0,2.0,3.6666666666666665,3.0,4.333333333333333,0.4714045207910317,31.151595543305593,5991.106476149257,2516.7311484745555
LIDC-IDRI-0403,0,4,4.75,1.0,3.5,4.75,5.0,1.25,1.0,5.0,1.0,0.0,7.606280864999227,167.12339878082275,310.3966634846488
LIDC-IDRI-0404,0,3,4.666666666666667,1.0,6.0,3.0,2.3333333333333335,3.0,3.3333333333333335,4.666666666666667,4.333333333333333,0.4714045207910317,36.69219020002435,3519.4022941589355,3226.3822111832865
LIDC-IDRI-0404,1,3,3.3333333333333335,1.0,6.0,4.0,3.0,1.0,1.0,4.333333333333333,2.6666666666666665,0.4714045207910317,9.19172656024385,144.87866020202637,237.11022067501142
LIDC-IDRI-0404,2,2,2.5,1.0,6.0,4.0,4.0,1.0,1.5,4.5,3.5,0.5,7.957391370350626,140.47537994384766,235.1805681620564
LIDC-IDRI-0404,3,4,5.0,1.0,6.0,4.25,5.0,1.0,1.5,5.0,4.0,1.224744871391589,18.998417196878705,2009.909492969513,1543.2900054213922
LIDC-IDRI-0404,4,7,4.571428571428571,1.0,6.0,3.4285714285714284,4.0,1.4285714285714286,1.8571428571428572,4.857142857142857,3.4285714285714284,0.9035079029052513,14.995563681604837,576.8143713814871,732.6178496963892
LIDC-IDRI-0404,5,2,3.0,1.0,6.0,2.5,2.0,2.0,1.0,5.0,3.0,0.0,13.024349773380173,216.83470344543457,315.59304013947315
LIDC-IDRI-0405,0,3,3.3333333333333335,1.0,6.0,2.6666666666666665,3.3333333333333335,1.6666666666666667,1.6666666666666667,4.333333333333333,2.3333333333333335,0.9428090415820634,8.406669288109763,141.69879150390625,239.06308984074624
LIDC-IDRI-0405,1,4,4.75,1.0,6.0,4.0,4.5,1.5,1.25,4.75,3.0,0.7071067811865476,8.370044827490867,108.27133178710938,185.27391730509672
LIDC-IDRI-0405,2,1,5.0,1.0,3.0,5.0,5.0,1.0,1.0,5.0,1.0,0.0,4.720696256330336,64.33209228515625,135.10815005344267
LIDC-IDRI-0405,3,2,4.5,1.0,6.0,4.5,5.0,1.0,1.0,5.0,2.5,0.5,6.024172191736641,64.33209228515625,129.63090327476246
LIDC-IDRI-0406,0,1,4.0,1.0,3.0,5.0,5.0,1.0,1.0,5.0,1.0,0.0,4.831768528126325,39.482184082098684,85.41429181654439
LIDC-IDRI-0406,1,4,2.25,1.0,6.0,3.75,2.5,1.75,1.25,2.0,2.75,0.4330127018922193,7.401498396132361,53.349228355466494,120.63431392632629
LIDC-IDRI-0406,2,3,3.0,1.0,6.0,3.6666666666666665,3.6666666666666665,1.6666666666666667,1.6666666666666667,5.0,2.6666666666666665,0.4714045207910317,5.719471951331468,62.441932434103364,133.40723444175907
LIDC-IDRI-0407,0,4,3.0,1.0,6.0,4.25,5.0,4.0,4.0,5.0,2.75,0.4330127018922193,6.1900663164350656,97.63275146484385,103.94156180262095
LIDC-IDRI-0407,1,4,4.75,1.0,6.0,3.75,4.75,3.5,3.5,5.0,4.25,0.82915619758885,14.92154558443696,988.9284896850611,615.1595979481258
LIDC-IDRI-0407,2,3,4.666666666666667,1.0,4.0,5.0,5.0,3.6666666666666665,3.6666666666666665,5.0,1.6666666666666667,0.9428090415820634,6.923763017821724,111.1267089843762,118.09064571312551
LIDC-IDRI-0407,3,1,2.0,1.0,6.0,4.0,3.0,5.0,5.0,5.0,1.0,0.0,6.9330160410734125,64.29473876953134,90.83295681395177
LIDC-IDRI-0408,0,4,4.0,1.0,6.0,4.5,4.75,1.0,1.25,5.0,2.75,0.4330127018922193,5.930619214518627,73.23074340820312,84.02628982959746
LIDC-IDRI-0408,1,4,4.0,1.0,6.0,3.75,4.5,1.25,1.0,4.75,2.75,0.4330127018922193,6.170202898475825,53.37810516357422,65.52347538901459
LIDC-IDRI-0408,2,1,2.0,1.0,6.0,4.0,4.0,2.0,2.0,5.0,3.0,0.0,7.170496190989853,82.19146728515625,89.4062344371976
LIDC-IDRI-0409,0,3,5.0,1.0,5.0,4.666666666666667,5.0,1.0,1.0,5.0,1.6666666666666667,0.9428090415820634,8.42658087615014,232.85904375712076,328.51344740130617
LIDC-IDRI-0409,1,4,4.0,1.0,6.0,3.0,4.25,1.25,1.25,5.0,3.25,0.4330127018922193,12.858696354180458,500.1784381866455,620.2586867800592
LIDC-IDRI-0409,2,1,5.0,1.0,6.0,4.0,4.0,1.0,1.0,5.0,3.0,0.0,6.951397696265164,65.04875183105469,143.25586946928456
LIDC-IDRI-0409,3,2,4.0,1.0,6.0,4.0,4.0,1.0,1.5,4.5,2.5,1.5,10.512495071333952,144.1526803970337,236.82355316625768
LIDC-IDRI-0409,4,1,5.0,1.0,6.0,5.0,5.0,1.0,1.0,5.0,3.0,0.0,4.771484375,30.20120620727539,67.49943738277193
LIDC-IDRI-0409,5,1,5.0,1.0,6.0,5.0,5.0,1.0,1.0,5.0,3.0,0.0,4.364629607156376,40.65546989440918,90.77610002892257
LIDC-IDRI-0411,0,1,3.0,1.0,6.0,4.0,5.0,1.0,1.0,5.0,3.0,0.0,5.963178084395686,60.48779714356215,145.02984779070027
LIDC-IDRI-0411,1,2,3.5,1.0,6.0,4.5,4.0,2.0,1.0,5.0,2.0,0.0,5.231797749808628,43.30376386414173,95.97985319130782
LIDC-IDRI-0411,2,3,3.3333333333333335,1.0,6.0,2.3333333333333335,3.6666666666666665,1.3333333333333333,1.3333333333333333,5.0,2.6666666666666665,0.9428090415820634,8.302537800467311,89.89158742172246,182.9930036792729
LIDC-IDRI-0412,0,2,4.0,1.0,6.0,3.0,2.5,1.0,1.0,5.0,3.0,0.0,8.791273264644236,213.7405242919922,186.55451368503637
LIDC-IDRI-0412,1,2,3.5,1.0,6.0,3.0,3.5,1.0,1.0,5.0,2.0,0.0,7.295915958388595,74.84997367858887,86.11909026603573
LIDC-IDRI-0412,2,4,4.25,1.0,5.25,4.25,4.25,1.0,1.0,4.75,2.0,0.7071067811865476,5.808590500220828,46.19487476348877,56.86414920350442
LIDC-IDRI-0413,0,3,3.6666666666666665,1.0,6.0,3.3333333333333335,2.3333333333333335,1.6666666666666667,1.3333333333333333,2.0,2.3333333333333335,0.4714045207910317,8.340217735855846,102.29141235351626,108.9100442166286
LIDC-IDRI-0413,1,3,3.3333333333333335,1.0,6.0,3.6666666666666665,2.3333333333333335,1.6666666666666667,1.3333333333333333,2.0,2.0,0.816496580927726,7.145063775004336,69.40612792968683,83.79944660750294
LIDC-IDRI-0413,2,1,4.0,1.0,6.0,3.0,5.0,1.0,1.0,4.0,2.0,0.0,7.309699149770546,62.46551513671815,75.98883509661863
LIDC-IDRI-0414,0,2,3.0,1.0,6.0,3.0,2.5,3.0,1.5,4.5,3.5,1.5,18.297886309651663,1322.1495552062988,809.9724709906035
LIDC-IDRI-0415,0,4,3.5,1.0,6.0,3.75,4.75,1.0,1.25,5.0,3.5,0.8660254037844386,8.268833927592,131.91609547503504,133.35906515053628
LIDC-IDRI-0415,1,1,5.0,1.0,6.0,4.0,2.0,1.0,1.0,3.0,2.0,0.0,7.706362242568272,86.83664817199315,97.5245991145126
LIDC-IDRI-0415,2,4,4.25,1.0,6.0,4.75,4.0,1.0,1.25,4.0,3.75,0.82915619758885,9.003256392460436,216.1178585441803,183.15350805698222
LIDC-IDRI-0415,3,4,3.75,1.0,6.0,3.75,4.0,1.25,1.5,3.75,3.25,0.4330127018922193,6.620125079626787,70.56909666749561,83.07501248175208
LIDC-IDRI-0415,4,2,3.5,1.0,6.0,3.5,4.0,1.0,1.5,3.0,3.0,0.0,9.407694319258566,322.48702454372506,274.26595349110937
LIDC-IDRI-0415,5,3,3.0,1.0,6.0,3.6666666666666665,2.3333333333333335,1.6666666666666667,2.0,4.0,3.0,0.0,7.142003244095059,83.62896195985134,93.5200384689597
LIDC-IDRI-0415,6,4,4.75,1.0,6.0,3.25,3.75,3.25,2.25,3.75,4.75,0.4330127018922193,13.472252373367237,498.90976621249365,383.4423613571178
LIDC-IDRI-0415,7,2,5.0,1.0,6.0,2.5,3.5,3.5,3.0,5.0,5.0,0.0,26.766751163965235,4482.626921269939,2641.040092031403
LIDC-IDRI-0416,0,3,3.3333333333333335,1.0,6.0,4.333333333333333,4.666666666666667,1.3333333333333333,1.0,5.0,3.0,0.0,6.958533060688836,110.87402343749977,121.80760357512573
LIDC-IDRI-0416,1,3,4.0,1.0,6.0,3.6666666666666665,4.333333333333333,1.6666666666666667,2.0,4.666666666666667,3.3333333333333335,0.4714045207910317,8.142884580465035,117.9961395263673,135.6328572627292
LIDC-IDRI-0419,0,3,3.6666666666666665,1.0,6.0,4.0,5.0,1.0,1.0,5.0,2.6666666666666665,0.9428090415820634,7.803698743179901,111.78817749023408,127.36725036812076
LIDC-IDRI-0419,1,4,4.25,1.0,3.75,4.75,5.0,1.0,1.0,5.0,1.5,0.8660254037844386,7.2079322222805216,140.09902954101597,138.6687394656092
LIDC-IDRI-0420,0,3,4.333333333333333,1.0,6.0,3.3333333333333335,3.3333333333333335,3.3333333333333335,3.0,5.0,4.0,0.816496580927726,12.26909272100143,280.198059082031,262.4882347023827
LIDC-IDRI-0420,1,3,4.0,1.0,6.0,2.6666666666666665,3.6666666666666665,2.0,1.0,5.0,3.0,0.0,10.51286414385107,188.12164306640648,193.9417335195366
LIDC-IDRI-0421,0,4,5.0,1.0,5.0,3.25,3.5,1.5,1.75,4.75,3.25,1.0897247358851685,28.49406647332801,6214.383328501484,2385.3511721787945
LIDC-IDRI-0421,1,3,4.333333333333333,1.0,3.0,3.0,5.0,1.0,1.0,5.0,1.0,0.0,6.983316042434805,140.03899600011937,123.17309419032865
LIDC-IDRI-0423,0,4,5.0,1.0,6.0,3.75,4.75,1.25,1.0,5.0,4.25,0.82915619758885,25.84320409415158,3698.6039717035237,1395.777447762096
LIDC-IDRI-0424,0,1,5.0,1.0,6.0,5.0,5.0,4.0,1.0,5.0,3.0,0.0,7.861176483397698,153.29360961914062,165.98429032148883
LIDC-IDRI-0424,1,2,1.0,1.0,6.0,4.0,2.0,2.0,1.5,1.0,2.5,0.5,9.40142838777586,45.91941833496094,85.2895454231342
LIDC-IDRI-0424,2,3,3.3333333333333335,1.0,6.0,4.0,3.6666666666666665,1.6666666666666667,1.3333333333333333,4.0,3.3333333333333335,0.9428090415820634,8.463595313158683,79.59365844726562,110.7718614587638
LIDC-IDRI-0424,3,1,1.0,1.0,6.0,2.0,4.0,3.0,1.0,5.0,3.0,0.0,4.723979149393681,26.43585205078125,38.27727744466874
LIDC-IDRI-0424,4,1,2.0,1.0,6.0,4.0,4.0,3.0,2.0,5.0,3.0,0.0,6.4453125,62.4847412109375,79.99037543096941
LIDC-IDRI-0426,0,4,4.75,1.0,4.0,4.25,4.75,1.75,1.25,5.0,1.0,0.0,11.040678020843226,563.4597734996496,369.6045584696031
LIDC-IDRI-0427,0,4,5.0,1.0,3.0,4.5,5.0,2.25,1.0,5.0,1.0,0.0,9.732612581062384,213.40863848428853,296.7190188578512
LIDC-IDRI-0427,1,3,4.333333333333333,1.0,4.0,3.6666666666666665,5.0,1.0,1.0,5.0,1.6666666666666667,0.9428090415820634,6.394098090921837,72.24076785688642,128.31665496159147
LIDC-IDRI-0427,2,2,3.0,1.0,6.0,3.0,4.5,1.0,1.0,5.0,2.0,0.0,9.428653071811407,106.72583654791197,194.47976072973492
LIDC-IDRI-0427,3,3,4.666666666666667,1.0,3.0,3.3333333333333335,5.0,1.6666666666666667,1.0,5.0,1.0,0.0,6.477904152536248,69.65869116615674,136.84936756946237
LIDC-IDRI-0429,0,2,3.5,1.0,6.0,3.5,3.5,1.5,1.5,5.0,3.0,1.0,7.861176483397698,59.635162353515625,130.20951823494127
LIDC-IDRI-0429,1,4,1.75,1.0,6.0,3.75,2.5,1.5,1.0,1.5,2.75,0.4330127018922193,11.411358934684564,187.90483474731445,294.9232399119315
LIDC-IDRI-0429,2,1,4.0,1.0,6.0,3.0,4.0,2.0,2.0,5.0,5.0,0.0,6.007502633426389,25.182723999023438,65.20867123124334
LIDC-IDRI-0430,0,4,3.75,1.0,6.0,4.0,4.0,1.5,1.25,5.0,3.0,0.7071067811865476,9.590565471948965,160.0956916809082,260.2315776486653
LIDC-IDRI-0430,1,3,3.6666666666666665,1.0,5.333333333333333,4.333333333333333,4.666666666666667,1.3333333333333333,1.0,5.0,2.6666666666666665,0.9428090415820634,6.960402094591924,91.51268005371094,167.90336562846664
LIDC-IDRI-0431,0,1,2.0,1.0,6.0,4.0,3.0,3.0,1.0,1.0,2.0,0.0,11.619447845630386,296.6100299125537,357.65380493438875
LIDC-IDRI-0432,0,1,5.0,1.0,3.0,5.0,5.0,1.0,1.0,5.0,1.0,0.0,20.348525745124633,471.67968750000006,706.6660947489618
LIDC-IDRI-0433,0,3,4.666666666666667,1.0,6.0,4.0,4.666666666666667,1.3333333333333333,1.3333333333333333,5.0,2.6666666666666665,0.4714045207910317,6.32413094426688,70.82813199361165,121.86053746542184
LIDC-IDRI-0433,1,1,5.0,1.0,6.0,4.0,5.0,1.0,1.0,5.0,2.0,0.0,5.00390625,23.30025291442871,47.80803022743562
LIDC-IDRI-0433,2,4,4.75,1.0,3.75,2.75,3.75,2.0,1.75,5.0,1.75,1.299038105676658,10.416752690964138,144.49634456634521,227.21858201274995
LIDC-IDRI-0433,3,3,4.0,1.0,6.0,4.333333333333333,4.333333333333333,1.3333333333333333,1.3333333333333333,4.333333333333333,2.6666666666666665,0.4714045207910317,6.880721421440241,42.31140454610189,84.21709782155138
LIDC-IDRI-0433,4,4,4.75,1.0,6.0,4.25,5.0,1.0,1.25,5.0,2.75,0.4330127018922193,6.837834926758472,110.58926010131836,171.8394531634033
LIDC-IDRI-0434,0,4,3.5,1.0,6.0,4.0,3.0,2.0,1.75,4.0,3.0,0.7071067811865476,11.37441587560205,153.8386344909668,255.0133695211267
LIDC-IDRI-0434,1,4,4.0,1.0,6.0,3.75,4.25,1.5,1.0,5.0,3.0,0.7071067811865476,10.161206029443273,147.1567153930664,240.9104558204585
LIDC-IDRI-0434,2,4,4.0,1.0,6.0,3.5,4.0,1.25,1.25,5.0,2.5,0.5,8.493374943450604,101.2716293334961,177.94948825417666
LIDC-IDRI-0435,0,3,4.333333333333333,1.0,6.0,3.3333333333333335,3.6666666666666665,1.0,1.0,5.0,2.0,0.816496580927726,7.134441079486471,136.73876953125,141.06328856101834
LIDC-IDRI-0435,1,2,4.5,1.0,6.0,3.5,4.5,1.0,1.0,5.0,2.0,1.0,6.0571819458391705,73.23779296875,87.23004407549227
LIDC-IDRI-0435,2,3,3.0,1.0,6.0,3.6666666666666665,2.6666666666666665,2.3333333333333335,1.0,2.3333333333333335,2.3333333333333335,0.9428090415820634,7.162671713481948,86.92578125,98.45185695956252
LIDC-IDRI-0435,3,1,2.0,1.0,6.0,1.0,3.0,1.0,1.0,5.0,1.0,0.0,6.462935188441858,97.3681640625,110.76857646769004
LIDC-IDRI-0435,4,2,3.5,1.0,6.0,3.5,2.5,1.5,2.0,3.5,2.0,1.0,10.218797782762902,152.82568359375,174.35072780599114
LIDC-IDRI-0435,5,4,3.5,1.0,6.0,3.25,3.5,2.0,1.75,4.0,2.5,0.5,7.5766291663104255,105.41162109375,117.94691341856799
LIDC-IDRI-0435,6,3,3.6666666666666665,1.0,6.0,4.666666666666667,3.3333333333333335,1.0,1.0,3.3333333333333335,2.3333333333333335,0.4714045207910317,6.114526203358683,67.4521484375,77.23577493351388
LIDC-IDRI-0436,0,4,5.0,1.0,6.0,3.5,4.0,3.0,2.5,4.5,4.0,0.7071067811865476,43.22789592957557,19178.59113550186,5051.478283269861
LIDC-IDRI-0436,1,2,5.0,1.0,3.0,4.0,5.0,1.0,1.0,5.0,1.0,0.0,7.077992657407634,134.4039716720581,126.38800535862708
LIDC-IDRI-0437,0,4,4.25,1.0,4.25,4.5,4.25,1.5,1.0,5.0,1.75,1.299038105676658,10.209320133172783,222.93663024902344,330.9539829262786
LIDC-IDRI-0437,1,2,3.0,1.0,6.0,3.0,3.0,1.0,1.0,5.0,2.0,1.0,11.258158273732876,126.53160095214844,214.5696910756152
LIDC-IDRI-0437,2,4,3.75,1.0,3.75,4.25,5.0,1.0,1.0,5.0,1.25,0.4330127018922193,7.61898293339316,127.3813247680664,207.71084591585065
LIDC-IDRI-0437,3,4,4.25,1.0,3.5,4.0,4.75,1.25,1.5,5.0,1.25,0.4330127018922193,8.208444957221186,150.63285827636685,245.18484953503759
LIDC-IDRI-0437,4,1,2.0,1.0,6.0,3.0,3.0,1.0,1.0,1.0,3.0,0.0,9.140625,52.52838134765625,112.9262548867228
LIDC-IDRI-0438,0,4,3.5,1.0,6.0,4.5,4.75,1.0,1.0,5.0,2.75,0.4330127018922193,8.318907951587803,187.7551989555359,183.54233522998948
LIDC-IDRI-0439,0,2,3.5,1.0,6.0,4.0,4.5,5.0,4.5,5.0,2.0,1.0,5.308459202602354,104.15292000005138,104.36800551623506
LIDC-IDRI-0439,1,4,4.75,1.0,6.0,2.75,1.75,3.5,3.0,3.5,3.5,1.118033988749895,30.464809448431037,3380.660124000824,1847.8110300685164
LIDC-IDRI-0440,0,4,3.5,1.0,6.0,3.75,3.0,1.75,1.75,4.0,3.0,0.7071067811865476,12.232590108087056,325.7918357849121,485.0969273754675
LIDC-IDRI-0440,1,4,5.0,1.0,3.0,4.0,4.5,1.5,1.25,5.0,1.0,0.0,16.126830948279334,737.830638885498,755.0388712663954
LIDC-IDRI-0440,2,1,3.0,1.0,6.0,2.0,5.0,1.0,1.0,5.0,2.0,0.0,10.067217935116187,89.14375305175781,169.73995505102013
LIDC-IDRI-0442,0,3,3.6666666666666665,1.0,6.0,3.0,4.666666666666667,1.0,1.0,5.0,2.3333333333333335,0.9428090415820634,7.362986504625176,114.0530776977539,119.4307855488717
LIDC-IDRI-0442,1,3,4.0,1.0,6.0,3.6666666666666665,3.3333333333333335,1.0,1.0,4.666666666666667,2.0,0.816496580927726,7.029367414863633,131.67946243286133,130.37238753574067
LIDC-IDRI-0442,2,4,2.75,1.0,6.0,3.25,2.75,1.5,1.0,3.0,2.5,1.118033988749895,4.874236057586079,56.89693307876587,65.68209924186601
LIDC-IDRI-0442,0,4,3.75,1.0,6.0,3.25,4.5,1.0,1.0,4.0,2.75,0.4330127018922193,7.526951660776553,126.5573501586914,126.32714556136841
LIDC-IDRI-0442,1,3,3.6666666666666665,1.0,6.0,3.6666666666666665,3.3333333333333335,1.6666666666666667,1.3333333333333333,2.6666666666666665,3.3333333333333335,0.4714045207910317,6.928861530969528,146.08383178710938,136.57086806994565
LIDC-IDRI-0442,2,2,2.0,1.0,6.0,3.5,3.0,1.5,1.0,2.5,2.0,1.0,5.77576216531294,63.60054016113281,70.84658897804154
LIDC-IDRI-0443,0,4,4.75,1.0,3.75,4.5,3.75,1.5,1.25,5.0,1.75,1.299038105676658,8.395895314758244,122.01261520385742,204.41902753336478
LIDC-IDRI-0443,1,2,3.0,1.0,4.5,5.0,5.0,1.0,1.0,5.0,1.5,0.5,5.3849809206213735,45.11260986328125,93.56065083677201
LIDC-IDRI-0444,0,2,3.0,1.0,6.0,4.5,3.0,1.0,1.0,3.5,2.0,0.0,7.333051395957964,91.89453125,105.8560404025074
LIDC-IDRI-0445,0,1,2.0,1.0,6.0,5.0,5.0,1.0,1.0,5.0,3.0,0.0,5.709542622060457,18.9910888671875,39.58488392069006
LIDC-IDRI-0445,1,3,3.6666666666666665,1.0,6.0,4.0,4.666666666666667,2.0,1.3333333333333333,5.0,3.3333333333333335,0.9428090415820634,9.182739198022714,103.67838541666667,121.1505103945854
LIDC-IDRI-0445,2,1,2.0,1.0,6.0,5.0,4.0,1.0,1.0,5.0,3.0,0.0,4.672502048220525,29.30908203125,41.855113319021015
LIDC-IDRI-0447,0,3,1.6666666666666667,1.0,6.0,3.6666666666666665,2.3333333333333335,1.3333333333333333,1.0,4.0,3.0,0.0,6.176494510712565,56.477282547014816,70.84862385415788
LIDC-IDRI-0447,1,4,5.0,1.0,6.0,3.25,4.0,1.75,2.25,5.0,5.0,0.0,18.811151757430636,1485.3995953881213,821.8164334756814
LIDC-IDRI-0447,2,1,4.0,1.0,3.0,5.0,5.0,1.0,1.0,5.0,1.0,0.0,4.4247927954832,32.380308660285664,47.40517719416238
LIDC-IDRI-0447,3,1,1.0,1.0,6.0,4.0,2.0,1.0,1.0,1.0,2.0,0.0,6.13608357977627,33.88636952817251,48.88226692465445
LIDC-IDRI-0447,4,1,2.0,1.0,6.0,3.0,4.0,1.0,1.0,5.0,2.0,0.0,6.608764269489421,55.15947928761307,74.82047019007715
LIDC-IDRI-0448,0,4,4.0,1.0,6.0,3.75,4.5,1.5,1.25,5.0,3.0,0.7071067811865476,7.620644348487247,70.41120529174805,128.93041498591313
LIDC-IDRI-0448,1,4,4.5,1.0,6.0,4.5,4.25,1.5,1.75,4.75,3.25,0.82915619758885,7.123666016982831,81.68935775756836,143.59502501779343
LIDC-IDRI-0448,2,4,4.5,1.0,6.0,4.25,4.5,2.25,1.75,4.5,3.0,0.7071067811865476,9.42214602046141,87.71467208862305,159.89246853202795
LIDC-IDRI-0449,0,2,3.5,1.0,6.0,3.0,3.0,2.0,2.0,3.0,3.0,0.0,8.04319717875256,225.9670769997756,181.25710847642392
LIDC-IDRI-0449,1,3,3.6666666666666665,1.0,6.0,4.666666666666667,4.0,1.3333333333333333,1.6666666666666667,4.333333333333333,2.3333333333333335,0.9428090415820634,8.151645668563413,263.3096340000193,199.79708746420079
LIDC-IDRI-0450,0,2,3.0,1.0,6.0,3.5,3.0,2.0,1.5,5.0,3.5,0.5,8.11936755946481,146.85744402131604,162.59386851704318
LIDC-IDRI-0450,1,2,2.5,1.0,6.0,3.5,3.5,1.5,2.5,5.0,3.0,0.0,5.894951072712539,54.99265859606567,70.57495148690045
LIDC-IDRI-0450,2,3,3.0,1.0,6.0,2.3333333333333335,4.0,1.3333333333333333,1.6666666666666667,4.666666666666667,2.3333333333333335,0.4714045207910317,7.26310278222167,88.70946894840017,101.13208457268364
LIDC-IDRI-0450,3,4,3.75,1.0,6.0,4.0,4.25,1.25,1.5,5.0,3.0,0.7071067811865476,7.473873030725045,78.38707647423689,94.70791689217043
LIDC-IDRI-0450,4,2,5.0,1.0,6.0,2.5,4.0,1.5,2.5,5.0,3.0,0.0,9.499698312717399,86.63597526359808,113.26234609045484
LIDC-IDRI-0450,5,4,4.5,1.0,6.0,3.75,4.0,1.25,1.5,4.75,3.0,0.7071067811865476,8.627761797269184,172.05489988631598,167.52371755862822
LIDC-IDRI-0450,6,4,4.75,1.0,6.0,3.25,4.0,1.75,2.0,4.75,3.25,0.82915619758885,9.012005974826135,250.62228015916844,211.33934733675505
LIDC-IDRI-0450,7,4,4.75,1.0,5.75,3.25,3.25,3.5,3.5,4.75,4.5,0.8660254037844386,12.969197350030944,462.8849271501167,412.31971725276935
LIDC-IDRI-0450,8,4,4.25,1.0,6.0,3.5,4.0,1.75,1.75,4.5,3.25,0.4330127018922193,8.161934970267186,116.34102609543334,128.43883872544268
LIDC-IDRI-0451,0,4,4.25,1.0,6.0,4.25,4.75,1.75,1.0,4.75,3.25,0.82915619758885,12.875655770711049,589.9550914764407,403.56928647455857
LIDC-IDRI-0452,0,4,3.5,1.0,6.0,3.5,4.25,2.0,2.0,5.0,3.0,0.7071067811865476,9.106185035346108,151.79157257080078,154.07984062044358
LIDC-IDRI-0452,1,1,3.0,1.0,6.0,5.0,5.0,1.0,1.0,5.0,2.0,0.0,6.337883101401544,59.566497802734375,77.91223780179581
LIDC-IDRI-0452,2,3,2.3333333333333335,1.0,6.0,3.6666666666666665,2.6666666666666665,1.6666666666666667,1.3333333333333333,3.0,3.0,0.816496580927726,6.208378976822547,53.10058593749998,67.98150536359567
LIDC-IDRI-0453,0,4,5.0,1.0,6.0,3.25,4.25,2.0,1.25,4.75,3.5,0.5,12.355426784044687,375.74787139892595,306.99199677415277
LIDC-IDRI-0454,0,4,3.5,1.0,5.25,5.0,4.75,1.25,1.25,4.75,2.25,0.82915619758885,6.53795694184602,87.09411954879761,89.98112853604253
LIDC-IDRI-0454,1,2,4.5,1.0,6.0,4.5,3.5,2.0,2.5,5.0,4.0,1.0,14.910195354449765,533.8534803390503,402.42050739832325
LIDC-IDRI-0454,2,3,3.3333333333333335,1.0,6.0,4.0,4.333333333333333,2.0,1.6666666666666667,5.0,3.0,0.0,6.013836854679021,37.1041514078776,50.68159305416526
LIDC-IDRI-0454,3,4,4.25,1.0,6.0,4.25,4.25,2.5,2.25,4.75,3.75,0.82915619758885,7.952279575198099,137.63102388381958,132.95451367769837
LIDC-IDRI-0454,4,1,5.0,1.0,6.0,5.0,5.0,5.0,5.0,5.0,5.0,0.0,10.06659515641773,113.15015983581543,149.83033725513258
LIDC-IDRI-0454,5,4,3.0,1.0,6.0,4.0,4.5,1.25,1.25,4.75,2.5,0.5,5.71386991891493,61.49750566482544,69.40936526724587
LIDC-IDRI-0454,6,3,5.0,1.0,5.333333333333333,2.6666666666666665,3.0,4.0,4.0,4.333333333333333,4.333333333333333,0.9428090415820634,39.03299078554852,4624.542418162028,2497.840691248089
LIDC-IDRI-0456,0,4,5.0,1.0,3.5,4.5,5.0,1.75,1.5,4.75,1.0,0.0,9.298212422629366,262.66252756118774,365.6866961243011
LIDC-IDRI-0456,1,4,5.0,1.0,6.0,4.0,4.5,1.25,1.5,4.0,3.25,0.4330127018922193,8.225029722030094,117.05286884307861,196.78317012386904
LIDC-IDRI-0456,2,4,4.75,1.0,3.5,4.75,5.0,1.25,1.0,5.0,1.0,0.0,5.0852716923702195,33.30911922454834,72.65095467063348
LIDC-IDRI-0457,0,2,3.5,1.0,6.0,3.5,3.5,1.0,1.0,5.0,2.5,0.5,8.324056340808202,157.0830345153808,169.16210741425428
LIDC-IDRI-0457,1,2,3.5,1.0,6.0,3.0,3.5,1.5,2.0,4.0,4.0,1.0,9.5764456746108,137.7367973327627,159.19929157631756
LIDC-IDRI-0458,0,1,2.0,1.0,6.0,3.0,3.0,1.0,2.0,3.0,3.0,0.0,4.351001355987842,12.94823516960605,23.491049850810484
LIDC-IDRI-0458,1,3,2.6666666666666665,1.0,6.0,2.6666666666666665,3.3333333333333335,1.6666666666666667,2.0,4.333333333333333,3.6666666666666665,0.9428090415820634,6.905942992942734,82.45198027584895,94.29732623170172
LIDC-IDRI-0458,2,3,2.6666666666666665,1.0,6.0,3.3333333333333335,3.3333333333333335,2.0,1.3333333333333333,4.333333333333333,3.3333333333333335,0.4714045207910317,8.679692422964768,123.82680070324568,127.11935267971148
LIDC-IDRI-0458,3,1,4.0,1.0,6.0,5.0,5.0,1.0,1.0,5.0,1.0,0.0,4.818456716817123,30.13813358459629,44.08989399340954
LIDC-IDRI-0459,0,1,5.0,1.0,3.0,3.0,5.0,1.0,4.0,5.0,1.0,0.0,5.511311023190394,47.02213865646627,54.40169734802028
LIDC-IDRI-0459,1,1,5.0,1.0,3.0,3.0,5.0,2.0,1.0,5.0,1.0,0.0,4.5856879590329696,28.91423432916781,38.60660594210916
LIDC-IDRI-0459,2,1,5.0,1.0,3.0,4.0,5.0,1.0,4.0,5.0,1.0,0.0,4.976639439652822,49.066579467835254,55.110143034596376
LIDC-IDRI-0459,3,1,5.0,1.0,3.0,3.0,5.0,1.0,2.0,5.0,1.0,0.0,4.323428069650282,27.453919464169303,35.909062956567865
LIDC-IDRI-0459,4,1,3.0,1.0,6.0,4.0,5.0,1.0,1.0,5.0,3.0,0.0,5.8406296962766,71.84749136347818,80.75813931037783
LIDC-IDRI-0460,0,3,4.0,1.0,6.0,4.0,4.333333333333333,1.3333333333333333,2.0,5.0,2.6666666666666665,0.4714045207910317,7.828613508444843,76.68113708496094,144.50857678731202
LIDC-IDRI-0460,1,2,3.0,1.0,6.0,3.5,4.5,1.5,1.0,5.0,2.5,0.5,9.34128585634153,64.57901000976562,128.59145743906737
LIDC-IDRI-0460,2,1,2.0,1.0,6.0,5.0,5.0,1.0,1.0,5.0,2.0,0.0,6.007502633426389,35.37940979003906,76.45619217846065
LIDC-IDRI-0461,0,1,4.0,1.0,3.0,3.0,5.0,1.0,1.0,5.0,1.0,0.0,5.37339912115597,43.71114686888177,55.916972815248876
LIDC-IDRI-0461,1,4,3.5,1.0,6.0,3.75,3.5,1.5,1.25,4.25,3.0,0.7071067811865476,5.611506740727448,62.15805288697766,81.38144538064165
LIDC-IDRI-0461,2,1,2.0,1.0,3.0,5.0,5.0,1.0,1.0,5.0,1.0,0.0,4.670703529967199,39.09942036434586,50.71188257667846
LIDC-IDRI-0461,3,1,4.0,1.0,3.0,4.0,5.0,1.0,1.0,5.0,1.0,0.0,4.839374985370324,55.942247598286485,64.27106899595131
LIDC-IDRI-0461,4,1,1.0,1.0,6.0,4.0,4.0,1.0,2.0,5.0,3.0,0.0,4.670703529967199,47.32032413330671,59.68971727428453
LIDC-IDRI-0461,5,4,4.25,1.0,3.75,4.0,5.0,1.75,1.0,5.0,1.75,1.299038105676658,5.59415244397133,68.77487787173777,77.54203142118668
LIDC-IDRI-0462,0,2,2.5,1.0,6.0,4.5,5.0,1.0,1.0,5.0,2.5,0.5,5.978858082995288,52.605628967285156,110.98543283426861
LIDC-IDRI-0462,1,4,4.75,1.0,6.0,2.75,3.75,3.25,3.25,4.75,3.75,1.0897247358851685,22.319927581626352,983.0532073974609,1023.97515060644
LIDC-IDRI-0462,2,4,4.25,1.0,6.0,3.0,4.25,2.0,1.25,5.0,2.5,1.118033988749895,13.365030031628566,546.1022593666075,631.0282556503914
LIDC-IDRI-0463,0,4,2.75,1.0,6.0,3.75,4.5,1.5,1.25,5.0,2.5,0.5,8.94973353285566,203.34644317626936,194.93890846978525
LIDC-IDRI-0463,1,4,3.5,1.0,3.0,3.5,4.75,2.0,1.75,5.0,1.0,0.0,8.670343837028385,136.3231468200682,139.36279124284022
LIDC-IDRI-0464,0,1,1.0,1.0,6.0,4.0,4.0,1.0,1.0,5.0,3.0,0.0,5.770820042668819,83.47048699959487,88.32192043249674
LIDC-IDRI-0464,1,1,4.0,1.0,6.0,5.0,5.0,1.0,1.0,5.0,1.0,0.0,4.101566000000005,39.05302990725431,51.57473392877405
LIDC-IDRI-0464,2,4,4.5,1.0,6.0,3.0,2.25,3.75,1.75,1.5,4.5,0.8660254037844386,22.790354890904016,2666.6572496251347,1379.360953499145
LIDC-IDRI-0466,0,3,4.0,1.0,4.0,3.6666666666666665,5.0,1.0,1.0,5.0,1.3333333333333333,0.4714045207910317,6.672261756707665,82.53288925789093,91.19372055598745
LIDC-IDRI-0466,1,3,5.0,1.0,6.0,3.6666666666666665,4.666666666666667,2.6666666666666665,1.0,5.0,5.0,0.0,24.90980557777485,3466.698783020123,1642.5855288909752
LIDC-IDRI-0466,2,3,2.0,1.0,6.0,3.6666666666666665,1.0,1.6666666666666667,2.3333333333333335,1.0,4.0,0.816496580927726,21.94537830519856,1621.2157640855003,1006.6659521621776
LIDC-IDRI-0466,3,1,3.0,1.0,6.0,3.0,1.0,2.0,1.0,3.0,3.0,0.0,5.520297291588556,63.804272080051305,75.69337920745888
LIDC-IDRI-0466,4,1,1.0,1.0,6.0,4.0,1.0,1.0,1.0,1.0,2.0,0.0,6.4436318936214985,51.66241433358664,71.30382619339659
LIDC-IDRI-0467,0,4,3.25,1.0,6.0,3.25,3.75,1.5,1.0,4.75,2.5,1.118033988749895,9.175774976467157,96.83620405197144,106.27917721003485
LIDC-IDRI-0468,0,2,2.0,1.0,6.0,4.0,2.5,1.5,1.5,2.5,2.5,0.5,9.818066054452055,207.97919082641602,316.18097064721644
LIDC-IDRI-0469,0,4,5.0,1.0,5.0,3.75,4.0,2.75,2.0,5.0,2.75,1.7853571071357126,18.063480826148513,1332.2286692748548,1225.4245113893169
LIDC-IDRI-0469,1,2,4.0,1.0,6.0,4.0,4.5,2.5,1.5,5.0,3.0,0.0,7.494713307278694,75.47749049381764,147.67300027147985
LIDC-IDRI-0469,2,4,3.0,1.0,6.0,3.75,4.5,1.25,1.0,5.0,2.75,0.4330127018922193,5.766220604108918,60.939892822352704,120.45771029505784
LIDC-IDRI-0469,3,1,3.0,1.0,6.0,4.0,4.0,1.0,1.0,5.0,2.0,0.0,8.286414663097666,208.2470633241519,368.7734733958964
LIDC-IDRI-0469,4,2,2.5,1.0,6.0,2.5,3.5,1.0,1.0,3.5,2.0,1.0,5.5432119897431145,26.661203109724738,65.63512893750249
LIDC-IDRI-0470,0,1,5.0,1.0,6.0,2.0,3.0,2.0,4.0,5.0,2.0,0.0,22.345662068536928,456.68792724609375,430.03192535430384
LIDC-IDRI-0470,1,4,5.0,1.0,6.0,3.25,4.0,2.5,3.0,5.0,4.5,0.8660254037844386,29.075968562408164,5622.622489929199,2286.540535449141
LIDC-IDRI-0471,0,1,4.0,1.0,6.0,2.0,4.0,2.0,1.0,4.0,2.0,0.0,11.479686542976685,454.888916015625,384.9998789104236
LIDC-IDRI-0471,1,1,4.0,1.0,6.0,2.0,4.0,2.0,1.0,4.0,2.0,0.0,10.18773964442064,334.302978515625,265.7896705397138
LIDC-IDRI-0473,0,4,3.0,1.0,5.25,3.75,4.75,1.0,1.0,5.0,2.0,0.7071067811865476,6.987421143781331,92.10479952395417,90.24033157917845
LIDC-IDRI-0473,1,4,2.75,1.0,6.0,4.0,4.75,1.0,1.0,5.0,2.0,0.7071067811865476,5.949480524799573,73.81001057742651,77.1737435217422
LIDC-IDRI-0473,2,2,2.5,1.0,6.0,3.5,4.0,2.0,1.5,4.0,2.5,0.5,5.480862300124745,45.42154497044976,55.18407676570288
LIDC-IDRI-0473,3,3,3.0,1.0,6.0,3.3333333333333335,3.6666666666666665,1.0,1.0,2.6666666666666665,2.0,0.0,7.505375378290566,61.26300972904526,76.82522629577
LIDC-IDRI-0474,0,2,4.5,1.0,3.0,5.0,5.0,1.5,1.0,5.0,1.0,0.0,6.553036796765728,131.18044166564886,133.03787197677113
LIDC-IDRI-0474,1,2,3.5,1.0,6.0,4.0,1.0,2.5,2.0,1.0,3.0,0.0,7.724312943703829,92.34657154083206,109.07001648917759
LIDC-IDRI-0474,2,2,2.0,1.0,6.0,3.5,1.0,3.5,2.0,1.0,3.0,0.0,9.267393512716035,315.68777675628724,302.737470712239
LIDC-IDRI-0474,3,2,2.0,1.0,6.0,4.5,1.5,3.0,2.0,1.0,3.0,0.0,9.921617356696384,217.58115749359212,214.6692394689842
LIDC-IDRI-0474,4,1,3.0,1.0,6.0,5.0,5.0,1.0,1.0,5.0,2.0,0.0,4.893729202791457,36.41836624145531,48.99507320620316
LIDC-IDRI-0474,5,2,1.5,1.0,6.0,2.5,1.0,5.0,4.5,1.0,3.0,0.0,18.67902878860664,908.4152681350707,854.6782445620813
LIDC-IDRI-0474,6,1,2.0,1.0,6.0,3.0,2.0,1.0,1.0,1.0,3.0,0.0,7.817300283078572,97.73500328063949,120.54594705306877
LIDC-IDRI-0475,0,4,2.25,1.0,6.0,4.5,4.25,1.0,1.0,4.75,2.5,0.8660254037844386,7.301622307818377,168.19199999990815,148.30928116974297
LIDC-IDRI-0476,0,4,3.25,1.0,6.0,3.5,1.75,1.5,1.5,1.5,3.25,1.0897247358851685,15.639445278553026,882.743997658672,640.1261714630789
LIDC-IDRI-0476,1,4,4.5,1.0,6.0,3.0,4.25,1.0,1.0,5.0,3.5,0.5,13.356094277067799,603.9684207048049,407.3198427933457
LIDC-IDRI-0476,2,4,4.25,1.0,6.0,3.5,4.75,1.75,1.25,5.0,3.25,0.82915619758885,9.657280589035512,322.92637564552933,243.10991504804718
LIDC-IDRI-0476,3,3,4.333333333333333,1.0,6.0,3.0,4.666666666666667,1.0,1.6666666666666667,5.0,2.3333333333333335,0.4714045207910317,9.77235500567299,143.36166255496815,149.78222914357517
LIDC-IDRI-0476,4,4,4.75,1.0,6.0,3.5,4.75,1.75,1.0,5.0,3.75,0.82915619758885,12.534814778670277,477.9527940490334,332.8165422260149
LIDC-IDRI-0476,5,4,4.0,1.0,6.0,4.0,4.25,1.5,1.0,5.0,2.75,0.82915619758885,7.427142552726121,111.23825460897933,111.3062651592017
LIDC-IDRI-0477,0,2,3.5,1.0,4.0,3.5,4.5,2.0,1.0,5.0,1.0,0.0,4.492486910433781,27.651407725461468,36.81598921062935
LIDC-IDRI-0477,1,3,4.0,1.0,4.0,3.0,4.666666666666667,1.3333333333333333,1.3333333333333333,5.0,1.6666666666666667,0.9428090415820634,7.942356612698288,136.48284814747362,132.41811628658456
LIDC-IDRI-0477,2,1,4.0,1.0,6.0,3.0,4.0,3.0,2.0,5.0,4.0,0.0,10.412716974921633,89.05570751030609,134.28584190161735
LIDC-IDRI-0477,3,1,4.0,1.0,6.0,3.0,5.0,1.0,1.0,5.0,2.0,0.0,5.314938783969951,40.503470471212495,52.31096098913779
LIDC-IDRI-0477,4,1,3.0,1.0,6.0,2.0,3.0,2.0,3.0,5.0,4.0,0.0,7.972408175954937,141.2428713866393,163.66932721841292
LIDC-IDRI-0478,0,2,5.0,1.0,3.0,4.5,5.0,2.0,1.0,5.0,1.0,0.0,5.343641685513484,43.41821937561054,55.251145484962194
LIDC-IDRI-0479,0,1,1.0,1.0,6.0,5.0,5.0,1.0,1.0,4.0,2.0,0.0,5.625,28.076171875,67.25274668385403
LIDC-IDRI-0479,1,3,3.6666666666666665,1.0,6.0,4.333333333333333,4.0,1.0,1.0,3.6666666666666665,2.6666666666666665,0.4714045207910317,6.707150316001221,55.704752604166664,118.25886887039849
LIDC-IDRI-0479,2,2,3.5,1.0,3.0,5.0,4.5,1.0,1.0,5.0,1.0,0.0,3.918486196045209,19.8974609375,53.89474161506757
LIDC-IDRI-0479,3,1,4.0,1.0,6.0,3.0,5.0,1.0,1.0,5.0,3.0,0.0,4.759858191164943,33.203125,82.92269327804172
LIDC-IDRI-0480,0,4,3.75,1.0,6.0,3.25,4.0,1.75,1.5,3.0,3.0,1.0,10.724035023383996,225.67066541519307,220.04588125859283
LIDC-IDRI-0480,1,1,4.0,1.0,6.0,3.0,2.0,4.0,2.0,2.0,3.0,0.0,8.658309175207352,67.24919682623295,81.19417286240785
LIDC-IDRI-0481,0,3,3.6666666666666665,1.0,6.0,3.6666666666666665,4.333333333333333,1.0,1.3333333333333333,5.0,2.0,0.816496580927726,9.016521192477429,110.46651204427083,127.01908298923506
LIDC-IDRI-0481,1,3,3.3333333333333335,1.0,6.0,3.6666666666666665,4.0,2.3333333333333335,1.3333333333333333,5.0,2.0,0.816496580927726,5.768139732415847,49.42887624104818,61.76087788407034
LIDC-IDRI-0481,2,4,3.75,1.0,5.25,3.25,4.5,1.75,1.25,5.0,2.25,0.82915619758885,7.811309517769159,96.59709930419922,111.05022610458514
LIDC-IDRI-0481,3,4,4.25,1.0,6.0,3.0,3.25,2.25,2.0,4.25,4.0,0.7071067811865476,13.820055166228347,436.2449645996094,362.1947383487752
LIDC-IDRI-0481,4,2,3.5,1.0,6.0,3.0,4.0,1.0,1.5,5.0,3.0,0.0,8.110714661523215,79.27560806274414,100.04385743100764
LIDC-IDRI-0481,5,4,4.25,1.0,6.0,3.5,4.25,1.5,1.25,5.0,2.75,0.4330127018922193,9.629240281907649,252.35304832458496,225.0651578992012
LIDC-IDRI-0481,6,3,4.0,1.0,6.0,3.0,4.333333333333333,1.0,1.3333333333333333,5.0,3.3333333333333335,0.9428090415820634,9.691788232489664,150.974973042806,154.24709788936153
LIDC-IDRI-0483,0,2,4.0,1.0,6.0,3.5,3.0,2.0,1.5,4.5,3.5,0.5,7.5501457131395915,79.87403869628906,87.9356529025236
LIDC-IDRI-0484,0,4,4.75,1.75,6.0,4.75,4.0,4.5,3.5,4.75,3.0,1.4142135623730951,20.26380658521652,2504.629089832306,1269.930197498481
LIDC-IDRI-0484,1,1,2.0,1.0,6.0,5.0,3.0,5.0,5.0,5.0,4.0,0.0,9.795258359748788,232.6592559814453,199.3949519574499
LIDC-IDRI-0484,0,4,5.0,1.0,6.0,4.5,4.25,1.0,1.0,4.25,3.75,1.299038105676658,18.59316321050914,2218.1520767211914,1097.0835689720882
LIDC-IDRI-0484,1,1,5.0,1.0,6.0,5.0,5.0,1.0,1.0,5.0,3.0,0.0,4.324463986383891,56.10296630859375,60.07726427656977
LIDC-IDRI-0485,0,2,1.5,1.0,6.0,3.5,1.5,1.5,1.0,2.0,2.0,0.0,10.09863392213005,97.94677579957352,128.1670480113818
LIDC-IDRI-0485,1,4,4.75,1.0,4.0,4.5,4.75,1.0,1.0,5.0,1.0,0.0,10.66304487983927,229.11627168587074,193.96708182167015
LIDC-IDRI-0485,2,1,2.0,1.0,6.0,4.0,1.0,1.0,1.0,1.0,2.0,0.0,22.278006365852026,979.123481103743,685.2965948902261
LIDC-IDRI-0485,3,3,3.0,1.0,6.0,4.666666666666667,4.333333333333333,1.0,1.0,4.666666666666667,3.0,0.0,6.590400054020328,138.85834647621473,125.38656526602517
LIDC-IDRI-0485,4,4,3.0,1.0,6.0,4.5,4.25,1.5,1.25,5.0,2.75,0.4330127018922193,8.721292801592636,113.26709749762813,115.52444271557977
LIDC-IDRI-0486,0,4,4.5,1.0,4.0,2.75,3.75,2.5,1.5,4.5,1.75,1.299038105676658,10.74623280605699,136.22932720184326,232.94864796142193
LIDC-IDRI-0486,1,3,4.333333333333333,1.0,6.0,3.6666666666666665,4.0,1.6666666666666667,2.0,5.0,3.3333333333333335,0.4714045207910317,9.117223899427005,162.64225387573242,274.3492765878085
LIDC-IDRI-0487,0,4,4.5,1.0,6.0,3.5,4.5,1.0,1.0,4.75,3.0,0.7071067811865476,8.517060909857442,185.94263763427733,194.1248615239699
LIDC-IDRI-0487,1,1,5.0,1.0,6.0,5.0,5.0,1.0,1.0,5.0,3.0,0.0,3.800987998616281,20.37523803710924,34.94951545755453
LIDC-IDRI-0487,2,1,3.0,1.0,6.0,3.0,3.0,3.0,4.0,5.0,3.0,0.0,8.660229370744533,49.97138671875032,89.20055498429073
LIDC-IDRI-0487,3,1,5.0,1.0,6.0,5.0,5.0,1.0,1.0,5.0,3.0,0.0,4.539707893015392,17.995648193359376,33.72446866533997
LIDC-IDRI-0487,4,1,5.0,1.0,6.0,3.0,1.0,1.0,1.0,4.0,2.0,0.0,10.80011087996467,74.36218261718832,134.2464773926377
LIDC-IDRI-0487,5,3,4.0,1.0,4.0,3.3333333333333335,4.333333333333333,1.0,1.0,5.0,1.6666666666666667,0.9428090415820634,6.0132793957239175,33.78521830240873,56.271325099882255
LIDC-IDRI-0487,6,1,5.0,1.0,6.0,3.0,4.0,1.0,1.0,5.0,3.0,0.0,5.153437916894046,38.96578369140626,68.77002196484594
LIDC-IDRI-0487,7,1,5.0,1.0,6.0,3.0,3.0,1.0,1.0,5.0,3.0,0.0,7.035905576765243,28.034542846679585,56.42541116335484
LIDC-IDRI-0487,8,1,5.0,1.0,6.0,4.0,4.0,1.0,1.0,5.0,3.0,0.0,4.348475678057341,32.49627380371097,53.898659859422914
LIDC-IDRI-0488,0,4,3.25,1.0,6.0,4.25,4.5,1.25,1.0,5.0,2.25,1.0897247358851685,5.621762984074378,44.4442510328214,103.92746717071199
LIDC-IDRI-0488,1,1,5.0,1.0,6.0,4.0,5.0,1.0,1.0,5.0,4.0,0.0,6.680721082317387,52.785963500973594,124.37490770213998
LIDC-IDRI-0489,0,4,4.75,1.0,6.0,3.5,3.75,3.0,2.25,5.0,4.5,0.5,18.682093043647406,1437.4237060546875,767.4258260185717
LIDC-IDRI-0489,1,1,4.0,1.0,6.0,3.0,2.0,3.0,1.0,2.0,3.0,0.0,10.38151621422661,203.31573486328125,195.61774950690284
LIDC-IDRI-0489,2,4,5.0,1.0,6.0,4.0,3.0,3.5,2.0,5.0,5.0,0.0,22.353782146454172,3816.1869049072266,1643.7480046345845
LIDC-IDRI-0489,3,3,3.6666666666666665,1.0,6.0,3.6666666666666665,3.0,2.0,1.6666666666666667,4.666666666666667,3.0,0.816496580927726,8.206095639481765,211.96746826171875,174.7202766994624
LIDC-IDRI-0489,4,4,4.25,1.0,6.0,3.75,3.25,2.5,1.5,4.75,3.25,0.4330127018922193,10.620216848353081,412.19329833984375,296.3724434296773
LIDC-IDRI-0489,5,2,4.0,1.0,6.0,3.0,2.5,2.0,1.5,4.5,2.5,0.5,6.419635585131136,105.98373413085938,104.40451552991819
LIDC-IDRI-0489,6,4,4.75,1.0,6.0,3.0,3.75,2.25,1.5,5.0,4.0,0.7071067811865476,19.477469467004816,1284.3189239501953,725.7161880189617
LIDC-IDRI-0490,0,4,4.75,1.0,6.0,3.5,4.0,1.75,1.75,5.0,4.0,1.0,17.928187057065397,1159.8138537705563,1090.099119788874
LIDC-IDRI-0490,1,3,3.0,1.0,6.0,4.0,4.0,1.3333333333333333,1.0,4.333333333333333,2.6666666666666665,0.4714045207910317,5.782749697843912,71.81406576243226,141.39627293060997
LIDC-IDRI-0491,0,4,4.75,1.0,3.0,4.5,5.0,1.0,1.0,5.0,1.0,0.0,5.815638493515733,51.57379490207404,102.20315362271818
LIDC-IDRI-0491,1,1,5.0,1.0,3.0,5.0,5.0,1.0,1.0,5.0,1.0,0.0,5.673748215123061,64.35527647097388,126.41338492318293
LIDC-IDRI-0491,2,2,4.5,1.0,3.0,5.0,5.0,1.0,1.0,5.0,1.0,0.0,4.834444333295409,38.99902192998525,79.92490383549719
LIDC-IDRI-0491,3,3,5.0,1.0,3.0,5.0,5.0,1.0,1.0,5.0,1.0,0.0,6.170958035634828,97.33678147185249,169.9926426657916
LIDC-IDRI-0491,4,1,5.0,1.0,3.0,5.0,5.0,1.0,1.0,5.0,1.0,0.0,4.199896855133477,27.836757702671093,63.09499991493078
LIDC-IDRI-0491,5,2,4.5,1.0,3.0,5.0,4.5,1.0,1.0,5.0,1.0,0.0,4.674054556556297,37.6898674835229,81.76532660551342
LIDC-IDRI-0491,6,2,4.0,1.0,3.0,4.5,5.0,1.0,1.0,5.0,1.0,0.0,5.683588085226232,51.47044060363214,100.71159482497632
LIDC-IDRI-0491,7,4,4.5,1.0,3.0,2.5,5.0,1.5,1.75,5.0,1.0,0.0,6.812126491595631,49.403354635715004,104.16277309306815
LIDC-IDRI-0491,8,4,5.0,1.0,5.0,4.25,5.0,2.0,2.0,5.0,2.75,1.7853571071357126,11.212404287186299,574.4087390796176,623.2134626711713
LIDC-IDRI-0491,9,2,3.0,1.0,3.0,4.5,5.0,1.0,1.0,5.0,1.0,0.0,5.094141669073025,26.665408987432784,60.921240141978956
LIDC-IDRI-0492,0,3,4.0,1.0,6.0,3.3333333333333335,4.666666666666667,1.6666666666666667,1.3333333333333333,5.0,2.6666666666666665,0.4714045207910317,6.157357777365017,60.55964152018229,71.04100791241405
LIDC-IDRI-0492,1,4,5.0,1.0,3.0,4.0,5.0,1.5,1.25,5.0,1.0,0.0,6.54078218464176,59.92307710647583,70.9623344978044
LIDC-IDRI-0492,2,2,5.0,1.0,5.0,3.0,4.5,1.5,1.5,5.0,2.0,1.0,6.402371964861095,79.69098281860366,93.47337556383826
LIDC-IDRI-0492,3,2,4.5,1.0,5.0,2.5,4.5,1.5,1.5,5.0,2.0,1.0,6.768262460428932,37.47127819061279,54.05382305185919
LIDC-IDRI-0493,0,3,3.6666666666666665,1.0,4.0,4.0,5.0,1.0,1.0,5.0,1.6666666666666667,0.9428090415820634,5.45529435418955,51.99918084730598,108.39483533478828
LIDC-IDRI-0493,1,3,5.0,1.0,6.0,4.333333333333333,3.6666666666666665,2.3333333333333335,2.0,5.0,4.333333333333333,0.9428090415820634,26.924078186627636,7792.867608892469,4517.432975799093
LIDC-IDRI-0494,0,1,5.0,1.0,6.0,5.0,5.0,1.0,3.0,5.0,2.0,0.0,10.692365134433626,184.53629516618093,189.79008354294112
LIDC-IDRI-0494,1,1,5.0,1.0,6.0,5.0,5.0,1.0,1.0,5.0,2.0,0.0,8.963127887266596,157.0704279786878,169.98461346549192
LIDC-IDRI-0495,0,1,4.0,1.0,6.0,5.0,5.0,1.0,1.0,5.0,2.0,0.0,5.668774979272418,53.1463623046875,68.57944866360089
LIDC-IDRI-0496,0,4,4.25,1.0,6.0,2.75,4.25,1.25,1.5,4.75,3.0,0.0,8.863407981929155,114.69145321658289,127.61455746617872
LIDC-IDRI-0496,1,3,3.6666666666666665,1.0,6.0,2.6666666666666665,4.333333333333333,1.3333333333333333,1.3333333333333333,5.0,2.0,0.0,6.218030573533576,65.23143457036288,81.70261978143913
LIDC-IDRI-0496,2,3,3.3333333333333335,1.0,6.0,4.333333333333333,2.6666666666666665,1.3333333333333333,1.3333333333333333,3.6666666666666665,2.6666666666666665,0.4714045207910317,4.70265976882416,26.464507446304804,37.74506394498308
LIDC-IDRI-0496,3,1,1.0,1.0,6.0,4.0,1.0,1.0,2.0,1.0,2.0,0.0,5.558695942931208,31.971986022945202,49.0155116779582
LIDC-IDRI-0497,0,4,4.0,1.0,6.0,4.25,1.75,1.75,1.5,1.0,3.75,0.4330127018922193,18.388957804876817,713.3045196533203,569.4518926350481
LIDC-IDRI-0498,0,1,5.0,1.0,6.0,5.0,5.0,1.0,1.0,5.0,3.0,0.0,6.367067675252871,37.54234313964844,84.160898467716
LIDC-IDRI-0498,1,3,2.0,1.0,6.0,4.0,2.3333333333333335,2.0,1.6666666666666667,2.0,3.6666666666666665,0.9428090415820634,8.624965637001305,69.47135925292969,133.1361993865754
LIDC-IDRI-0499,0,2,3.5,1.0,6.0,3.0,4.5,1.0,1.0,4.0,3.0,1.0,7.267043068568506,107.5535774230957,108.75261239720581
LIDC-IDRI-0499,1,2,4.5,1.0,6.0,3.0,4.0,1.0,1.0,4.5,2.0,1.0,4.776400484446075,61.8372917175293,72.51842011079006
LIDC-IDRI-0499,2,2,4.0,1.0,6.0,4.5,5.0,1.0,1.0,5.0,2.5,0.5,3.7995686336422207,41.38526916503906,51.25769633643414
LIDC-IDRI-0499,3,2,3.5,1.0,6.0,4.0,4.0,2.0,2.0,4.5,2.5,0.5,6.395319629064645,85.1766586303711,94.89025760133264
LIDC-IDRI-0499,4,2,4.5,1.0,6.0,5.0,5.0,1.0,1.0,5.0,2.5,0.5,4.368697858118616,48.60363006591797,59.05439911237336
LIDC-IDRI-0499,5,2,4.0,1.0,6.0,3.5,4.5,1.0,1.0,4.0,2.5,0.5,7.026543681773637,49.566078186035156,61.551928675246586
LIDC-IDRI-0499,6,1,5.0,1.0,6.0,4.0,5.0,1.0,1.0,5.0,3.0,0.0,4.313621485743229,25.023651123046875,33.72704063010654
LIDC-IDRI-0500,0,4,4.0,1.0,6.0,3.5,4.25,2.25,2.0,5.0,3.0,0.7071067811865476,11.667932228163588,230.30093798356393,250.66624576350475
LIDC-IDRI-0501,0,4,3.25,1.0,6.0,4.75,4.5,1.25,1.25,5.0,3.0,0.0,5.096281092108063,60.71015678202457,70.21243471051793
LIDC-IDRI-0501,1,4,3.0,1.0,6.0,4.75,4.75,1.0,1.0,4.75,2.75,0.4330127018922193,6.025372165849398,73.29090127991549,78.7143304776697
LIDC-IDRI-0502,0,1,3.0,1.0,6.0,4.0,5.0,1.0,1.0,5.0,3.0,0.0,6.174375570576202,77.68196453267592,78.1717547517411
LIDC-IDRI-0503,0,1,3.0,1.0,6.0,4.0,2.0,3.0,4.0,3.0,3.0,0.0,5.492832021214671,45.43087005615263,53.19966346221075
LIDC-IDRI-0503,1,3,4.0,1.0,6.0,4.333333333333333,4.666666666666667,2.0,2.0,4.666666666666667,2.6666666666666665,0.4714045207910317,7.936337585135405,182.9419326782225,161.06908936820852
LIDC-IDRI-0504,0,4,5.0,1.0,6.0,3.25,5.0,1.25,1.0,5.0,3.25,0.82915619758885,13.163476201867109,902.2394887500595,521.5502312053836
LIDC-IDRI-0505,0,2,4.0,1.0,6.0,3.5,3.5,2.0,1.0,3.0,3.5,0.5,11.40925320375477,336.29133224487356,287.63713317177803
LIDC-IDRI-0505,1,3,2.3333333333333335,1.0,6.0,3.0,2.3333333333333335,1.6666666666666667,1.6666666666666667,3.3333333333333335,2.6666666666666665,0.4714045207910317,10.269160135933728,229.3643188476564,238.0018185989103
LIDC-IDRI-0507,0,4,3.5,1.0,6.0,3.25,2.75,2.0,1.75,2.75,3.5,0.8660254037844386,17.91702446648756,1367.3446655273438,730.8101436826198
LIDC-IDRI-0507,1,1,4.0,1.0,6.0,3.0,4.0,2.0,1.0,4.0,4.0,0.0,13.849956283775771,555.6884765625,462.0407736284153
LIDC-IDRI-0507,2,4,3.0,1.0,6.0,3.25,2.75,2.25,1.75,4.0,4.0,1.224744871391589,18.69260121633274,1260.9283447265625,702.5667522032695
LIDC-IDRI-0507,3,3,2.3333333333333335,1.0,6.0,3.6666666666666665,2.6666666666666665,1.3333333333333333,1.3333333333333333,2.0,3.0,0.816496580927726,12.140634798047136,436.541748046875,342.67831884111973
LIDC-IDRI-0508,0,4,5.0,1.0,6.0,3.5,3.0,4.5,1.75,4.5,3.75,0.82915619758885,28.43609982042804,3104.4978771209717,2619.826198235474
LIDC-IDRI-0508,1,1,3.0,1.0,6.0,4.0,5.0,1.0,1.0,5.0,2.0,0.0,5.594537264018029,48.33933067321777,100.94865682381061
LIDC-IDRI-0509,0,4,2.75,1.0,6.0,4.25,4.25,1.25,1.0,4.5,2.75,0.4330127018922193,6.345004062433492,168.51001739501953,146.91587218072385
LIDC-IDRI-0509,1,1,3.0,1.0,6.0,5.0,5.0,1.0,1.0,5.0,2.0,0.0,5.265593123976218,89.63298797607422,103.12799582755244
LIDC-IDRI-0509,2,3,4.0,1.0,6.0,4.333333333333333,4.333333333333333,1.0,2.0,4.333333333333333,2.6666666666666665,0.4714045207910317,8.282262402804717,235.43598175048828,190.8571172842384
LIDC-IDRI-0509,3,3,3.3333333333333335,1.0,6.0,4.333333333333333,4.333333333333333,1.0,1.6666666666666667,4.666666666666667,2.6666666666666665,0.4714045207910317,7.807540010870394,194.00562286376953,165.79166979663918
LIDC-IDRI-0509,4,4,4.25,1.0,6.0,3.75,4.5,1.0,1.75,4.75,3.0,0.7071067811865476,11.391541780664364,637.5893211364746,411.62804621923715
LIDC-IDRI-0510,0,3,4.333333333333333,1.0,6.0,3.6666666666666665,2.3333333333333335,1.0,1.0,4.333333333333333,3.0,1.4142135623730951,16.17374137268577,556.640625,673.4050473900794
LIDC-IDRI-0510,1,3,3.3333333333333335,1.0,6.0,3.3333333333333335,4.666666666666667,1.3333333333333333,1.0,5.0,3.0,0.816496580927726,10.603825026080019,308.0240885416667,446.1530740356654
LIDC-IDRI-0510,2,2,4.0,1.0,6.0,4.5,4.5,1.0,1.0,5.0,3.0,0.0,8.320800463907439,155.487060546875,237.16944930212466
LIDC-IDRI-0510,3,3,4.666666666666667,1.0,6.0,4.333333333333333,4.666666666666667,1.0,1.0,5.0,3.0,0.816496580927726,9.978043965623277,349.6297200520833,430.7821234919282
LIDC-IDRI-0510,4,3,5.0,1.0,6.0,4.0,4.333333333333333,1.0,1.0,5.0,3.0,0.816496580927726,11.833941812467046,557.2509765625,607.5477888749014
LIDC-IDRI-0510,5,3,5.0,1.0,6.0,4.333333333333333,4.666666666666667,1.0,1.0,5.0,3.0,0.816496580927726,12.989482942890575,530.2937825520834,573.2826035749213
LIDC-IDRI-0510,6,1,5.0,1.0,6.0,4.0,4.0,4.0,1.0,5.0,3.0,0.0,8.907620508587016,132.4462890625,201.4332873990221
LIDC-IDRI-0510,7,1,5.0,5.0,6.0,5.0,5.0,1.0,1.0,5.0,3.0,0.0,6.720566614877052,67.138671875,120.80735000006315
LIDC-IDRI-0510,8,2,3.5,1.0,6.0,4.5,4.0,1.0,1.0,4.5,3.0,0.0,6.841901579092021,80.413818359375,143.23393892060116
LIDC-IDRI-0510,9,1,5.0,1.0,6.0,5.0,5.0,1.0,1.0,5.0,3.0,0.0,8.450510801868726,177.6123046875,252.3130957857244
LIDC-IDRI-0515,0,4,4.75,1.0,6.0,3.5,4.0,2.5,3.5,4.5,4.25,0.82915619758885,21.156858804261113,2510.5630218219994,1154.0064981033609
LIDC-IDRI-0516,0,2,2.0,1.0,6.0,2.5,3.0,2.5,1.5,3.5,1.5,0.5,4.872747863999516,27.240171352532343,35.66478472400057
LIDC-IDRI-0516,1,1,2.0,1.0,6.0,5.0,2.0,1.0,1.0,1.0,1.0,0.0,3.8257692011515823,25.61389246580802,36.838184292695956
LIDC-IDRI-0517,0,1,1.0,1.0,6.0,5.0,2.0,3.0,1.0,1.0,3.0,0.0,7.15216662431072,60.63452172849793,68.99283013445059
LIDC-IDRI-0517,1,1,4.0,1.0,6.0,3.0,2.0,1.0,1.0,3.0,3.0,0.0,7.996365379181984,185.2109027345432,179.03132445672335
LIDC-IDRI-0518,0,4,4.25,1.0,6.0,5.0,5.0,1.0,1.0,5.0,3.0,0.7071067811865476,10.27083531807493,504.74090624964447,302.7790862709197
LIDC-IDRI-0518,1,2,2.5,1.0,6.0,4.5,4.5,1.0,1.0,3.0,2.0,0.0,9.764873980204246,215.74068450025516,174.32344490364383
LIDC-IDRI-0518,2,2,4.5,1.0,5.5,3.5,4.5,1.0,1.0,5.0,1.5,0.5,12.669336689373734,419.9444339996553,315.2552987598121
LIDC-IDRI-0520,0,1,5.0,1.0,3.0,4.0,5.0,1.0,1.0,5.0,1.0,0.0,4.550068680800324,36.1328125,94.71390513280329
LIDC-IDRI-0520,1,1,3.0,1.0,6.0,3.0,4.0,1.0,1.0,5.0,1.0,0.0,5.896238207535378,44.92181796874994,101.71989708225486
LIDC-IDRI-0521,0,4,5.0,1.0,6.0,4.0,4.5,2.75,1.25,5.0,3.75,0.82915619758885,21.21251478013602,2162.43896484375,983.8744161155543
LIDC-IDRI-0521,1,1,3.0,1.0,3.0,5.0,5.0,1.0,1.0,5.0,1.0,0.0,5.118827265900364,28.9215087890625,39.88896122043957
LIDC-IDRI-0522,0,3,2.3333333333333335,1.0,6.0,3.6666666666666665,3.6666666666666665,2.3333333333333335,1.3333333333333333,4.666666666666667,2.6666666666666665,1.247219128924647,6.1703987760021235,69.40118217468262,135.38632373782102
LIDC-IDRI-0523,0,2,4.5,1.0,6.0,3.5,3.5,2.5,2.5,5.0,3.0,0.0,20.393713342606503,1669.0120697021484,1001.7412050210575
LIDC-IDRI-0523,1,4,4.5,1.0,5.25,3.75,4.0,1.0,1.5,5.0,2.5,0.8660254037844386,12.064629544674432,398.36597442626953,315.64353222538375
LIDC-IDRI-0523,2,2,1.5,1.0,5.0,4.0,2.0,1.0,1.0,3.0,2.0,0.0,7.135182471440743,70.4498291015625,81.95558959167403
LIDC-IDRI-0523,3,2,3.5,1.0,6.0,4.0,3.5,2.0,1.5,5.0,2.0,0.0,7.012180545577351,80.49201965332031,94.51047792697315
LIDC-IDRI-0523,4,4,4.75,1.0,3.0,3.75,5.0,1.0,1.75,5.0,1.0,0.0,6.544113728693278,76.24340057373047,81.5853792573924
LIDC-IDRI-0524,0,4,3.25,1.0,5.25,4.25,4.0,1.25,1.0,4.75,2.0,1.0,5.720999814166166,47.53753662109346,65.42963892506191
LIDC-IDRI-0524,1,1,5.0,1.0,6.0,5.0,5.0,1.0,1.0,5.0,2.0,0.0,4.045879462490201,30.917919921874937,47.81726905767625
LIDC-IDRI-0524,2,1,5.0,1.0,6.0,5.0,5.0,1.0,1.0,5.0,2.0,0.0,4.283074428783604,27.065527343749824,41.49673809674747
LIDC-IDRI-0524,3,1,5.0,1.0,6.0,5.0,5.0,1.0,1.0,5.0,2.0,0.0,4.14919514032541,22.2253417968751,34.11513620416759
LIDC-IDRI-0524,4,1,4.0,1.0,6.0,5.0,5.0,1.0,1.0,5.0,2.0,0.0,4.751644452187053,19.755859375000078,34.23897038896114
LIDC-IDRI-0524,5,1,5.0,1.0,6.0,5.0,5.0,1.0,1.0,5.0,3.0,0.0,4.045879462490201,15.310791015624993,26.64457396852627
LIDC-IDRI-0525,0,2,3.5,1.0,6.0,4.5,4.0,1.0,1.0,4.0,2.5,0.5,5.658568791399212,28.978467527200714,48.36453998981732
LIDC-IDRI-0525,1,1,2.0,1.0,3.0,4.0,5.0,1.0,1.0,5.0,1.0,0.0,4.5890645543651845,21.60763780767443,35.46589068008919
LIDC-IDRI-0525,2,4,4.25,1.0,6.0,3.0,2.75,1.5,3.0,3.5,3.5,0.5,12.62118041334374,321.3883698218382,339.0113381440085
LIDC-IDRI-0525,3,1,1.0,1.0,6.0,4.0,1.0,1.0,1.0,1.0,3.0,0.0,7.305477392035169,71.99180260234269,111.58216005962922
LIDC-IDRI-0526,0,4,4.5,1.0,6.0,5.0,5.0,1.0,1.0,5.0,4.25,1.299038105676658,12.928476907716558,1497.5884079997777,707.7353366759006
LIDC-IDRI-0526,1,4,4.0,1.0,6.0,2.75,3.5,1.0,1.0,3.75,3.0,1.224744871391589,15.390275778142458,774.6231360000966,487.91447761977855
LIDC-IDRI-0526,2,1,1.0,1.0,6.0,4.0,2.0,1.0,1.0,1.0,2.0,0.0,6.5143042606252335,63.65424000006169,61.05771123354239
LIDC-IDRI-0526,3,3,3.3333333333333335,1.0,6.0,3.3333333333333335,3.6666666666666665,1.0,1.0,4.666666666666667,3.0,0.0,11.12036309097043,398.2470400002785,286.18846033129495
LIDC-IDRI-0526,4,3,3.0,1.0,6.0,4.0,3.6666666666666665,1.6666666666666667,1.6666666666666667,3.6666666666666665,2.6666666666666665,0.4714045207910317,8.170747364924237,180.51689600001555,150.20919692518547
LIDC-IDRI-0526,5,4,5.0,1.0,6.0,4.5,5.0,1.0,1.0,5.0,4.25,1.299038105676658,29.17361593109026,6394.313231999549,2093.002381872787
LIDC-IDRI-0527,0,4,4.25,1.0,6.0,5.0,4.75,1.25,1.25,5.0,3.5,1.118033988749895,14.291241702459743,1052.0954246520996,548.072885976699
LIDC-IDRI-0529,0,1,5.0,1.0,6.0,2.0,4.0,3.0,3.0,4.0,4.0,0.0,29.041701226964133,1790.445327758789,2050.1875965011805
LIDC-IDRI-0529,1,1,3.0,1.0,6.0,4.0,5.0,5.0,5.0,5.0,3.0,0.0,6.288941186718159,45.11260986328125,103.27996655929329
LIDC-IDRI-0529,2,2,4.0,1.0,6.0,3.5,5.0,5.0,5.0,5.0,3.0,0.0,10.074820447154252,152.25505828857422,246.58157731623785
LIDC-IDRI-0529,3,4,4.0,1.0,6.0,3.75,4.75,3.0,3.0,5.0,2.0,0.7071067811865476,8.475636944329812,68.44139099121094,142.6019476310549
LIDC-IDRI-0530,0,4,4.75,1.0,3.75,3.5,4.75,2.25,1.0,5.0,1.75,1.299038105676658,10.396122821077912,411.3013611331262,386.4650554551604
LIDC-IDRI-0530,1,3,3.3333333333333335,1.0,6.0,3.0,4.0,2.6666666666666665,1.3333333333333333,3.3333333333333335,3.0,0.816496580927726,9.34085755794788,220.07026083998304,246.25678618318355
LIDC-IDRI-0530,2,1,4.0,1.0,6.0,4.0,5.0,1.0,1.0,5.0,2.0,0.0,4.831768528126311,70.03796132824209,119.65188086661144
LIDC-IDRI-0530,3,1,4.0,1.0,6.0,3.0,5.0,1.0,1.0,5.0,2.0,0.0,6.680721082317405,69.95213049318409,82.49349184101966
LIDC-IDRI-0532,0,2,4.5,1.0,3.0,5.0,5.0,1.0,1.0,5.0,1.0,0.0,7.718489207491812,124.88603591918945,119.02493758059958
LIDC-IDRI-0533,0,4,4.0,1.75,6.0,4.5,4.75,1.25,1.0,5.0,3.25,0.82915619758885,12.776001645446161,739.0451259613037,448.9052430950494
LIDC-IDRI-0534,0,2,5.0,1.0,6.0,2.5,4.0,2.5,2.5,5.0,2.5,0.5,25.9408167693518,6060.605060577393,2707.45794202413
LIDC-IDRI-0534,1,2,4.5,1.0,3.0,3.5,4.5,1.0,1.0,5.0,1.0,0.0,6.839667222821795,152.25969314575195,146.82416359657668
LIDC-IDRI-0535,0,4,2.25,1.0,6.0,4.0,4.25,2.25,1.5,4.5,2.75,0.4330127018922193,6.317099294853149,90.55685520172119,91.80011909520674
LIDC-IDRI-0535,1,3,3.0,1.0,6.0,4.333333333333333,4.333333333333333,1.0,1.0,4.666666666666667,2.6666666666666665,0.9428090415820634,5.998167900620625,63.53965632120768,75.12202401101102
LIDC-IDRI-0535,2,1,3.0,1.0,6.0,2.0,5.0,1.0,1.0,4.0,3.0,0.0,8.014032692797098,62.42642784118652,84.41672219958863
LIDC-IDRI-0535,3,1,3.0,1.0,6.0,5.0,5.0,1.0,1.0,5.0,2.0,0.0,3.8600693051139903,15.157033920288086,22.749160653638466
LIDC-IDRI-0535,4,2,3.0,1.0,6.0,4.5,5.0,1.0,1.0,5.0,2.5,0.5,4.1967453972480016,15.54238224029541,22.179125067457356
LIDC-IDRI-0535,5,1,1.0,1.0,6.0,5.0,4.0,1.0,1.0,5.0,1.0,0.0,3.205613077118839,14.386337280273438,19.484762060234623
LIDC-IDRI-0537,0,4,3.75,1.0,5.25,2.75,4.5,1.25,1.0,5.0,2.0,0.7071067811865476,8.359365145580146,114.68723967755977,195.2104796252613
LIDC-IDRI-0538,0,2,4.0,1.0,6.0,4.0,3.5,1.0,1.0,4.5,2.5,0.5,6.193271463291268,47.047672271728565,64.1500109098356
LIDC-IDRI-0539,0,3,3.6666666666666665,1.0,6.0,3.6666666666666665,2.0,2.3333333333333335,1.3333333333333333,1.6666666666666667,3.6666666666666665,0.9428090415820634,9.665729044645111,154.47617600841718,154.4301012152973
LIDC-IDRI-0541,0,2,3.0,1.0,3.0,5.0,5.0,1.0,1.0,5.0,1.0,0.0,5.1506170943317535,97.57456500005355,94.309415729151
LIDC-IDRI-0541,1,4,4.5,1.0,3.0,4.75,5.0,1.0,1.0,5.0,1.0,0.0,7.612131957671879,204.46306574998016,163.08025634577731
LIDC-IDRI-0542,0,2,5.0,1.0,3.0,5.0,5.0,1.0,1.0,5.0,1.0,0.0,4.556721918257352,50.60863494873047,115.98873072928231
LIDC-IDRI-0542,1,1,5.0,1.0,3.0,5.0,5.0,1.0,1.0,5.0,1.0,0.0,3.6685490255855924,18.131256103515625,49.83968137732429
LIDC-IDRI-0542,2,3,5.0,1.0,3.0,5.0,5.0,1.0,1.0,5.0,1.0,0.0,4.834582966840088,41.1224365234375,94.5072215376781
LIDC-IDRI-0542,3,1,5.0,1.0,3.0,4.0,5.0,1.0,1.0,5.0,3.0,0.0,3.943571707538738,27.757644653320312,73.30940326105005
LIDC-IDRI-0543,0,4,3.5,1.0,6.0,2.5,4.75,1.5,1.0,5.0,3.0,0.7071067811865476,11.458912715621908,236.1416687965393,386.5236336420209
LIDC-IDRI-0543,1,4,4.75,1.0,6.0,3.5,4.25,1.5,1.75,5.0,4.0,1.0,16.652111419503687,1383.5372414588928,1425.8265535357098
LIDC-IDRI-0545,0,1,5.0,1.0,6.0,3.0,4.0,1.0,1.0,4.0,2.0,0.0,7.370297759419222,25.93994140625,55.59461144252343
LIDC-IDRI-0545,1,1,5.0,1.0,6.0,4.0,4.0,1.0,1.0,5.0,3.0,0.0,7.8125,80.87158203125,148.20474606164814
LIDC-IDRI-0546,0,4,5.0,1.0,6.0,5.0,5.0,2.5,1.0,5.0,4.5,0.8660254037844386,22.034755982388777,3846.1434841156006,2285.4952557154934
LIDC-IDRI-0547,0,2,3.5,1.0,6.0,4.0,4.0,1.0,1.0,5.0,2.0,0.0,6.18728515433963,97.17750549316406,102.5424706218574
LIDC-IDRI-0547,1,3,4.666666666666667,1.6666666666666667,6.0,4.333333333333333,4.666666666666667,1.0,1.0,5.0,2.6666666666666665,0.9428090415820634,9.072886158042026,283.447265625,212.95328754506423
LIDC-IDRI-0547,2,1,2.0,1.0,6.0,4.0,1.0,3.0,1.0,1.0,3.0,0.0,9.768124680081893,60.871124267578125,97.65082645231547
LIDC-IDRI-0549,0,3,2.0,1.0,6.0,4.0,3.6666666666666665,1.3333333333333333,1.0,4.333333333333333,2.6666666666666665,0.4714045207910317,6.321025698060442,76.903731900602,86.7254187997191
LIDC-IDRI-0549,1,4,4.0,1.0,6.0,3.0,4.0,1.0,1.5,4.75,2.75,0.4330127018922193,7.780611334103576,129.18975626507745,129.7220207430668
LIDC-IDRI-0549,2,4,4.0,1.0,6.0,4.25,4.5,1.0,1.25,5.0,3.0,0.7071067811865476,6.553219918114812,96.05872047366574,96.57489676807775
LIDC-IDRI-0549,3,4,4.25,1.0,6.0,3.25,3.75,1.0,1.75,4.5,3.0,0.0,8.026005127850889,91.5892231401358,104.60521164859637
LIDC-IDRI-0549,4,4,3.5,1.0,6.0,4.0,4.0,1.0,1.25,4.75,2.75,0.82915619758885,5.567416966072889,81.23134043026084,84.39141924687722
LIDC-IDRI-0549,5,4,4.25,1.0,6.0,2.25,4.75,1.25,1.75,4.75,2.75,0.82915619758885,10.076496303465044,236.03202586153202,220.15327727150978
LIDC-IDRI-0550,0,4,5.0,1.0,6.0,5.0,5.0,1.5,1.5,5.0,3.25,0.82915619758885,12.504873498691675,993.0766252498506,539.4449368880333
LIDC-IDRI-0551,0,1,4.0,1.0,6.0,4.0,5.0,1.0,1.0,5.0,3.0,0.0,5.35484046506056,41.25022888183594,84.66080628991541
LIDC-IDRI-0552,0,3,4.666666666666667,1.0,6.0,3.3333333333333335,4.333333333333333,1.6666666666666667,1.0,4.333333333333333,4.0,0.816496580927726,9.165384820232676,287.12692800304166,231.07660411430496
LIDC-IDRI-0553,0,2,2.0,1.0,6.0,2.5,3.0,1.0,1.0,3.5,3.0,1.0,8.745675948854384,94.76221454773167,182.36319944944216
LIDC-IDRI-0553,1,2,1.5,1.0,6.0,4.0,1.5,1.0,1.0,1.0,3.0,1.0,16.80450067991056,608.5094067690625,888.8466956881016
LIDC-IDRI-0554,0,2,1.5,1.0,6.0,4.0,4.0,1.0,1.0,5.0,3.0,0.0,6.068884782211249,60.12115478515625,73.19539050744064
LIDC-IDRI-0555,0,4,3.0,1.0,6.0,3.25,4.25,1.25,1.25,4.75,3.0,0.7071067811865476,7.19344383787994,83.39111771968646,91.62137258222864
LIDC-IDRI-0556,0,4,4.75,1.0,6.0,4.75,4.25,1.0,1.0,5.0,3.5,0.8660254037844386,9.660601985256669,271.06888580322266,348.222438623857
LIDC-IDRI-0556,1,1,5.0,1.0,6.0,5.0,5.0,1.0,1.0,5.0,3.0,0.0,5.858213426530417,56.010650634765625,104.14493337626281
LIDC-IDRI-0556,2,1,5.0,1.0,6.0,5.0,5.0,1.0,1.0,5.0,3.0,0.0,6.128317421124864,89.03385844497629,151.59374093874135
LIDC-IDRI-0557,0,1,5.0,1.0,6.0,5.0,5.0,1.0,1.0,5.0,2.0,0.0,4.975924704028011,21.998153686523285,34.11884153663263
LIDC-IDRI-0557,1,3,3.3333333333333335,1.0,6.0,3.3333333333333335,1.6666666666666667,3.0,2.0,2.3333333333333335,3.6666666666666665,0.9428090415820634,10.69240348033703,191.53947957356493,204.41668632543232
LIDC-IDRI-0558,0,2,2.0,1.0,6.0,3.0,1.5,2.0,1.0,2.0,3.0,0.0,9.765139090373102,229.07130432128906,387.4116602264526
LIDC-IDRI-0559,0,4,4.75,1.0,3.0,4.25,5.0,1.0,1.0,5.0,1.0,0.0,5.977940291802579,94.33186843274598,90.98951718670003
LIDC-IDRI-0559,1,2,4.0,1.0,3.0,4.5,5.0,1.0,1.0,5.0,1.0,0.0,5.248061677152805,48.88731867657043,55.7751437875362
LIDC-IDRI-0560,0,1,4.0,1.0,6.0,3.0,5.0,1.0,1.0,5.0,3.0,0.0,7.78789770440689,98.66229986568214,106.23495491742878
LIDC-IDRI-0562,0,3,2.6666666666666665,1.0,6.0,4.333333333333333,4.666666666666667,1.0,1.3333333333333333,4.666666666666667,2.6666666666666665,0.4714045207910317,6.031786841995803,75.28546396891277,137.92998224137307
LIDC-IDRI-0562,1,4,4.0,1.0,6.0,2.75,2.75,2.5,4.0,4.25,4.0,0.7071067811865476,17.670179373057643,863.7455520629883,1176.5186772249074
LIDC-IDRI-0563,0,1,4.0,1.0,6.0,4.0,5.0,1.0,1.0,5.0,3.0,0.0,5.353843035979506,38.89434814453088,55.434090415152944
LIDC-IDRI-0563,1,1,3.0,1.0,6.0,5.0,5.0,1.0,1.0,5.0,2.0,0.0,4.039334492776161,36.513061523437464,54.27302618575213
LIDC-IDRI-0563,2,1,4.0,1.0,6.0,4.0,5.0,1.0,1.0,5.0,3.0,0.0,5.353843035979506,40.87875366210963,56.531305583714115
LIDC-IDRI-0565,0,4,3.75,1.0,6.0,3.0,3.0,1.0,1.75,2.5,2.0,0.0,8.384904367086182,92.6306247711176,112.79271279209446
LIDC-IDRI-0565,1,4,3.25,1.0,6.0,3.0,3.0,1.75,1.0,3.75,2.5,0.8660254037844386,9.049175440698887,158.97560119628903,170.42145406129217
LIDC-IDRI-0565,2,2,3.0,1.0,6.0,4.0,2.0,1.0,1.0,1.5,2.0,0.0,6.30242296885256,57.19757080078071,72.54838230101774
LIDC-IDRI-0565,3,4,4.0,1.0,6.0,4.0,4.0,1.0,1.0,3.75,2.5,0.5,5.416903012979072,48.89130592346177,63.93120595043894
LIDC-IDRI-0565,4,4,5.0,1.0,6.0,3.5,4.25,3.25,3.0,5.0,4.75,0.4330127018922193,19.407182845740525,2155.318021774292,1073.6074563303464
LIDC-IDRI-0566,0,4,4.0,1.0,6.0,4.0,4.0,1.5,1.25,4.75,2.5,0.5,8.643248767934487,125.11676788330088,142.08840109431645
LIDC-IDRI-0567,0,2,2.5,1.0,6.0,4.5,4.5,1.0,1.0,5.0,1.0,0.0,4.09936561777636,24.69418716430664,36.576222556884694
LIDC-IDRI-0567,1,2,3.0,1.0,6.0,5.0,4.5,1.0,1.0,5.0,1.0,0.0,4.126655775210111,27.07695960998535,38.200721109430894
LIDC-IDRI-0568,0,1,5.0,1.0,6.0,3.0,3.0,1.0,1.0,2.0,3.0,0.0,8.697175929037252,104.43878173828125,175.2195074575238
LIDC-IDRI-0568,1,4,5.0,1.0,3.75,4.0,4.75,1.5,1.25,5.0,1.0,0.0,8.299409758176802,174.50237274169922,260.46489372525906
LIDC-IDRI-0568,2,4,5.0,1.0,3.75,4.5,5.0,1.0,1.25,5.0,1.0,0.0,7.117504640624083,115.56243896484375,184.80840830750446
LIDC-IDRI-0568,3,4,4.0,1.0,6.0,4.0,4.5,1.5,1.25,5.0,2.75,0.4330127018922193,7.134192232018082,111.77730560302734,190.31122785599044
LIDC-IDRI-0569,0,2,4.5,1.0,6.0,3.0,3.5,1.5,1.0,4.0,2.5,0.5,6.031854750197043,51.67968749999869,67.28617882738791
LIDC-IDRI-0569,1,4,3.75,1.0,6.0,3.5,3.75,1.25,1.25,4.75,2.75,0.4330127018922193,7.437265621583032,90.8789062499995,108.32294436234461
LIDC-IDRI-0569,2,4,4.75,1.0,3.0,4.5,5.0,1.25,1.0,5.0,1.0,0.0,5.210722125183298,53.78906250000006,69.18846193143787
LIDC-IDRI-0570,0,1,4.0,1.0,6.0,3.0,3.0,3.0,4.0,4.0,3.0,0.0,12.269184571215225,168.78419538028538,187.7248352489789
LIDC-IDRI-0571,0,1,4.0,2.0,6.0,3.0,3.0,1.0,1.0,5.0,1.0,0.0,7.8347184059160675,268.154296875,237.9780223215942
LIDC-IDRI-0571,1,2,4.0,1.0,6.0,3.5,4.0,1.0,1.0,5.0,2.0,1.0,7.06531156192079,122.01416015625,129.7066206265134
LIDC-IDRI-0571,2,1,4.0,1.0,6.0,4.0,5.0,1.0,1.0,5.0,3.0,0.0,5.031152949374527,88.9892578125,98.14812018722243
LIDC-IDRI-0571,3,1,3.0,1.0,6.0,3.0,4.0,1.0,1.0,1.0,2.0,0.0,4.095061812720291,30.849609375,40.092189955045086
LIDC-IDRI-0572,0,3,2.6666666666666665,1.0,6.0,2.6666666666666665,4.666666666666667,1.3333333333333333,1.3333333333333333,5.0,1.6666666666666667,0.4714045207910317,7.933824006920627,117.59422395838858,225.40116950562074
LIDC-IDRI-0574,0,2,2.5,1.0,6.0,2.5,2.5,1.5,1.5,4.5,3.0,0.0,13.354355985203853,224.19709456327837,246.82825133094073
LIDC-IDRI-0575,0,1,5.0,1.0,6.0,4.0,3.0,2.0,1.0,5.0,4.0,0.0,37.21243911651049,2579.345703125,2553.2781508004928
LIDC-IDRI-0576,0,2,5.0,1.0,6.0,3.0,4.0,3.0,1.0,5.0,2.5,0.5,33.93325517817768,6179.389171600342,2791.1136712323387
LIDC-IDRI-0576,1,2,4.5,1.0,6.0,4.5,4.0,1.5,1.0,3.5,3.0,1.0,6.342304235714345,68.65987968444824,82.10767979876834
LIDC-IDRI-0576,2,4,4.5,1.0,6.0,4.25,4.5,1.75,1.0,4.75,4.0,1.224744871391589,11.416432757286891,484.96018266677856,341.6426066995909
LIDC-IDRI-0576,3,2,2.5,1.0,6.0,4.5,5.0,1.0,1.0,3.0,1.5,0.5,4.55076658058258,23.099031448364258,33.424564699763664
LIDC-IDRI-0577,0,1,3.0,1.0,6.0,5.0,3.0,1.0,1.0,4.0,2.0,0.0,4.795317654872596,79.71624755859375,88.11389623767303
LIDC-IDRI-0577,1,1,3.0,1.0,6.0,3.0,3.0,2.0,3.0,4.0,2.0,0.0,5.7632545622602915,172.4630355834961,163.38659916707843
LIDC-IDRI-0577,2,4,4.25,1.0,5.0,3.25,4.75,1.25,1.25,5.0,2.0,1.0,8.033884037487352,186.8349552154541,159.98335892720854
LIDC-IDRI-0577,3,4,4.0,1.0,5.75,2.5,3.5,2.25,2.25,4.75,2.5,0.8660254037844386,11.67358479364883,337.26104736328125,252.1187169966956
LIDC-IDRI-0577,4,4,5.0,1.0,5.75,3.25,3.75,3.0,3.25,4.5,3.0,1.4142135623730951,29.612185799307774,4075.4931564331055,1854.2878373771402
LIDC-IDRI-0577,5,1,4.0,1.0,6.0,3.0,4.0,2.0,2.0,4.0,3.0,0.0,5.204141053665371,60.553688049316406,69.67909107671696
LIDC-IDRI-0578,0,4,3.25,1.0,6.0,4.75,3.5,1.0,1.0,4.5,2.25,0.4330127018922193,6.623685914481603,116.729736328125,104.8988125718566
LIDC-IDRI-0579,0,4,4.5,1.0,5.0,4.25,4.75,1.0,1.0,5.0,2.75,0.82915619758885,14.895944280954852,1194.652976989747,655.2963254190978
LIDC-IDRI-0580,0,4,3.75,1.0,6.0,3.75,4.5,1.75,1.25,5.0,3.0,0.7071067811865476,6.288490766738836,115.71693420410156,113.46459129747733
LIDC-IDRI-0581,0,1,3.0,1.0,6.0,5.0,5.0,1.0,1.0,5.0,2.0,0.0,5.186091733169399,54.38437906492254,67.31798672740487
LIDC-IDRI-0582,0,1,4.0,1.0,6.0,3.0,4.0,3.0,1.0,5.0,2.0,0.0,9.140504806902078,89.38432617187502,126.18956925048762
LIDC-IDRI-0582,1,3,4.0,1.0,5.333333333333333,3.3333333333333335,3.6666666666666665,1.6666666666666667,2.0,5.0,2.3333333333333335,0.4714045207910317,7.874624948988234,117.82250976562455,120.57339184866898
LIDC-IDRI-0582,2,3,3.3333333333333335,1.0,6.0,2.0,2.6666666666666665,1.3333333333333333,1.3333333333333333,5.0,2.3333333333333335,0.9428090415820634,7.045425137426523,46.375341796875155,63.57469995546666
LIDC-IDRI-0582,3,3,4.0,1.0,5.333333333333333,3.3333333333333335,4.0,1.6666666666666667,1.6666666666666667,4.666666666666667,2.3333333333333335,0.4714045207910317,7.49422515824919,87.32431640625009,103.71659302450671
LIDC-IDRI-0582,4,2,5.0,1.0,3.0,4.5,5.0,1.0,2.0,5.0,1.0,0.0,5.640627287280063,40.01945800781235,55.32289905284996
LIDC-IDRI-0582,5,3,3.3333333333333335,1.0,5.333333333333333,2.3333333333333335,4.666666666666667,1.6666666666666667,2.0,5.0,2.3333333333333335,0.4714045207910317,7.228635027041018,78.38085937500004,92.79061985880769
LIDC-IDRI-0582,6,1,3.0,1.0,6.0,3.0,3.0,2.0,2.0,2.0,3.0,0.0,6.225734143456497,41.75288085937501,60.29032934672912
LIDC-IDRI-0582,7,3,2.6666666666666665,1.0,6.0,2.3333333333333335,3.3333333333333335,1.6666666666666667,1.6666666666666667,5.0,2.6666666666666665,0.4714045207910317,7.143188474546201,26.679638671875107,45.05940039662343
LIDC-IDRI-0582,8,2,2.0,1.0,6.0,3.5,3.5,1.5,2.0,1.0,1.5,0.5,8.848478981865277,32.33210449218763,71.57598442536755
LIDC-IDRI-0583,0,1,5.0,1.0,6.0,4.0,5.0,1.0,1.0,5.0,3.0,0.0,5.149137272839113,22.43459701538086,53.16917273896432
LIDC-IDRI-0583,1,3,4.333333333333333,1.0,6.0,3.6666666666666665,4.0,1.3333333333333333,1.0,4.333333333333333,2.6666666666666665,0.4714045207910317,5.7395766289839285,60.43744468688965,117.51903555743264
LIDC-IDRI-0583,2,1,5.0,1.0,6.0,5.0,5.0,1.0,1.0,5.0,3.0,0.0,4.9881868047294455,57.92205047607422,121.29546135669335
LIDC-IDRI-0583,3,2,4.0,1.0,6.0,5.0,4.5,1.0,1.0,5.0,2.0,1.0,4.284341183451746,30.184730529785156,68.95954196748943
LIDC-IDRI-0583,4,1,5.0,1.0,6.0,5.0,5.0,1.0,1.0,5.0,3.0,0.0,5.45681489202897,55.474639892578125,111.16148605570686
LIDC-IDRI-0583,5,2,4.5,1.0,6.0,4.0,3.0,1.0,1.0,4.0,3.0,0.0,5.741016655177091,49.764015197753906,104.6495303972746
LIDC-IDRI-0583,6,1,5.0,1.0,6.0,4.0,5.0,1.0,1.0,5.0,3.0,0.0,5.149137272839113,32.63214111328125,76.16267146350765
LIDC-IDRI-0583,7,1,5.0,1.0,6.0,5.0,5.0,1.0,1.0,5.0,3.0,0.0,4.089495362579183,25.697811126708984,58.53480551568027
LIDC-IDRI-0583,8,2,4.5,1.0,6.0,4.0,4.5,1.0,1.0,5.0,2.5,0.5,4.756790761144753,44.56326770782471,103.23925364265224
LIDC-IDRI-0583,9,4,4.5,1.0,6.0,3.25,3.5,1.75,1.0,4.75,3.25,0.4330127018922193,7.941919165191524,153.01414918899536,241.61125802157906
LIDC-IDRI-0583,10,3,3.3333333333333335,1.0,6.0,3.0,3.0,3.0,1.6666666666666667,4.333333333333333,3.0,0.816496580927726,7.748820796325956,103.40309715270996,191.30393472977357
LIDC-IDRI-0583,11,1,5.0,1.0,6.0,4.0,5.0,1.0,1.0,5.0,3.0,0.0,4.284341183451746,31.000534057617188,71.91429994732553
LIDC-IDRI-0583,12,1,5.0,1.0,6.0,5.0,5.0,1.0,1.0,5.0,3.0,0.0,4.284341183451746,33.040042877197266,82.38834236422699
LIDC-IDRI-0583,13,3,4.0,1.0,6.0,4.0,4.0,1.0,1.0,4.666666666666667,2.0,0.816496580927726,6.148152541330273,89.12653541564941,160.3085380468078
LIDC-IDRI-0583,14,2,4.5,1.0,6.0,4.5,3.5,1.0,1.0,3.5,3.0,0.0,4.891357669564414,32.32621479034424,72.34474386325799
LIDC-IDRI-0583,15,1,3.0,1.0,6.0,3.0,5.0,1.0,1.0,5.0,2.0,0.0,6.878706609113214,62.816871643066406,124.59318164944817
LIDC-IDRI-0583,16,1,5.0,1.0,6.0,5.0,5.0,1.0,1.0,5.0,3.0,0.0,7.475462638291636,95.24506187438965,183.2951364856086
LIDC-IDRI-0583,17,1,4.0,1.0,3.0,5.0,5.0,1.0,1.0,5.0,1.0,0.0,3.724064979715651,25.08595848083496,59.74608914652276
LIDC-IDRI-0583,18,2,4.5,1.0,6.0,4.5,5.0,1.0,1.0,5.0,2.5,0.5,5.603259059465492,46.39882564544678,99.9131836835678
LIDC-IDRI-0583,19,4,4.75,1.0,5.0,4.5,4.5,1.0,1.0,4.75,3.5,1.118033988749895,14.385138060910695,1069.9773144721985,1004.8864317972681
LIDC-IDRI-0583,20,1,5.0,1.0,6.0,4.0,4.0,1.0,1.0,4.0,3.0,0.0,4.284341183451746,28.553123474121094,64.95072823637925
LIDC-IDRI-0583,21,1,5.0,1.0,6.0,5.0,5.0,1.0,1.0,5.0,3.0,0.0,4.863980089096676,39.566471099853516,88.1535631069276
LIDC-IDRI-0583,22,1,5.0,1.0,6.0,3.0,4.0,1.0,1.0,5.0,3.0,0.0,5.888263745185106,61.79711723327637,126.40630453418343
LIDC-IDRI-0584,0,1,5.0,1.0,6.0,3.0,3.0,1.0,1.0,4.0,3.0,0.0,10.570286516043451,381.17065429687335,353.3341691162184
LIDC-IDRI-0586,0,4,3.75,1.25,6.0,3.0,3.75,1.25,1.0,4.0,2.25,0.82915619758885,6.305011648820555,73.24180204699132,85.921913921782
LIDC-IDRI-0586,1,4,3.5,1.25,6.0,4.0,4.0,1.0,1.0,4.5,2.25,0.82915619758885,5.2991718058506,68.57341523096693,78.23869594549537
LIDC-IDRI-0586,2,1,3.0,1.0,6.0,4.0,5.0,1.0,1.0,5.0,3.0,0.0,4.645247171352669,27.802837037597783,36.94922134919887
LIDC-IDRI-0586,3,1,1.0,1.0,6.0,5.0,5.0,1.0,1.0,3.0,2.0,0.0,3.8650792761960306,42.326707131942385,55.253556015950025
LIDC-IDRI-0587,0,4,3.0,1.0,6.0,3.25,2.0,1.25,1.0,2.5,3.25,0.82915619758885,8.932489712751925,178.50882720947266,309.41670836283845
LIDC-IDRI-0587,1,2,4.5,1.0,6.0,2.5,1.5,2.0,1.5,2.5,3.0,0.0,10.161569744092896,140.36917114257812,283.5186455441326
LIDC-IDRI-0587,2,1,3.0,1.0,6.0,5.0,5.0,1.0,1.0,5.0,1.0,0.0,4.700359963775381,19.42694091796875,48.52438206641122
LIDC-IDRI-0587,3,2,4.0,1.0,6.0,3.5,1.5,2.0,1.0,2.0,3.5,0.5,8.73950312037683,167.03359985351562,285.814756977215
LIDC-IDRI-0587,4,3,5.0,1.0,6.0,3.3333333333333335,2.6666666666666665,3.3333333333333335,1.6666666666666667,4.333333333333333,5.0,0.0,23.343167943080605,1572.7568868001301,1657.5696709942833
LIDC-IDRI-0587,5,2,3.5,1.0,6.0,2.5,3.0,1.5,1.5,3.0,3.0,0.0,5.106467151095439,29.235641479492188,71.46262540423183
LIDC-IDRI-0587,6,3,3.0,1.0,6.0,3.6666666666666665,3.3333333333333335,1.3333333333333333,1.0,3.3333333333333335,2.3333333333333335,0.9428090415820634,6.904098386092451,73.77158610026042,146.46559368942707
LIDC-IDRI-0587,7,2,3.5,1.0,6.0,4.0,1.5,1.0,1.5,1.5,3.0,0.0,9.421756168360762,136.8456573486328,259.1367808997644
LIDC-IDRI-0588,0,1,2.0,1.0,6.0,3.0,2.0,1.0,1.0,5.0,2.0,0.0,8.458471618680996,164.50298371579265,146.62642799513128
LIDC-IDRI-0590,0,4,4.25,1.0,6.0,4.25,3.0,2.25,2.0,3.0,4.0,0.7071067811865476,8.510878422688606,137.96424865722656,239.683188648983
LIDC-IDRI-0591,0,3,4.333333333333333,1.0,6.0,3.3333333333333335,3.0,1.6666666666666667,1.3333333333333333,4.333333333333333,3.0,0.816496580927726,6.748786937669622,55.23585549060954,66.80630181298243
LIDC-IDRI-0592,0,4,3.5,1.0,6.0,4.25,4.25,1.0,1.0,4.5,2.75,0.4330127018922193,6.400927241335433,75.3792953491211,78.04377000550923
LIDC-IDRI-0592,1,1,1.0,1.0,6.0,5.0,1.0,1.0,1.0,1.0,3.0,0.0,11.147668267960794,120.53359985351562,156.0704802650162
LIDC-IDRI-0593,0,1,3.0,1.0,6.0,4.0,5.0,1.0,1.0,5.0,3.0,0.0,4.462370862103683,37.422244042973034,57.51516169299331
LIDC-IDRI-0594,0,4,4.25,1.0,6.0,2.75,3.75,1.25,1.5,4.75,2.75,0.4330127018922193,8.880316766310921,110.8294677734375,124.83851057794351
LIDC-IDRI-0594,1,1,3.0,1.0,6.0,4.0,5.0,1.0,1.0,5.0,2.0,0.0,7.174308546821777,51.99951171875,73.83023554115016
LIDC-IDRI-0594,2,2,5.0,1.0,6.0,2.5,4.0,2.0,1.5,5.0,3.0,0.0,20.85295726979058,2719.5083618164062,1418.8010741240205
LIDC-IDRI-0594,3,1,1.0,1.0,6.0,5.0,2.0,1.0,1.0,1.0,2.0,0.0,5.474104521517652,55.3045654296875,81.98013047660075
LIDC-IDRI-0595,0,4,4.5,1.0,6.0,4.5,4.25,1.5,1.5,5.0,3.75,1.299038105676658,24.669491779401348,5517.815701499989,2003.131990627724
LIDC-IDRI-0596,0,3,3.6666666666666665,1.0,6.0,3.3333333333333335,4.0,2.0,1.3333333333333333,4.666666666666667,3.3333333333333335,0.4714045207910317,5.692660094900635,94.85167257919177,99.38699213399086
LIDC-IDRI-0596,1,4,4.25,1.0,6.0,2.75,3.75,2.5,2.0,4.75,3.25,0.4330127018922193,8.86368168401275,187.41152766043797,184.0242376086468
LIDC-IDRI-0597,0,4,4.5,1.0,6.0,4.0,4.5,1.75,1.5,5.0,3.5,0.5,14.162281753391477,912.9213029996026,493.1435024621132
LIDC-IDRI-0598,0,4,4.0,1.0,6.0,4.0,4.5,2.0,1.25,4.75,3.0,1.224744871391589,7.606164724633853,141.73221588134743,144.44647070213605
LIDC-IDRI-0599,0,1,5.0,1.0,3.0,5.0,5.0,1.0,1.0,5.0,1.0,0.0,3.7471607904195694,15.944578552246028,27.40708397482868
LIDC-IDRI-0599,1,1,5.0,1.0,3.0,4.0,5.0,1.0,1.0,5.0,1.0,0.0,5.299285610204042,26.86552276611325,42.31399742197232
LIDC-IDRI-0601,0,4,4.0,1.0,6.0,3.25,3.75,1.5,2.75,4.5,2.25,0.82915619758885,9.584536599284915,194.22174072265625,187.51392959366189
LIDC-IDRI-0601,1,4,3.5,1.0,6.0,2.75,3.5,2.0,1.0,4.75,2.25,0.82915619758885,15.002037662604582,440.1870422363281,387.895917530681
LIDC-IDRI-0601,2,2,3.5,1.0,3.0,3.5,3.5,2.0,1.0,5.0,1.0,0.0,11.059780590994505,358.08575439453125,312.5739132594216
LIDC-IDRI-0601,3,4,5.0,1.0,6.0,4.0,4.75,2.25,1.75,5.0,3.75,0.82915619758885,15.218246846750358,1538.7079162597656,830.4544020824904
LIDC-IDRI-0601,4,3,4.0,1.0,4.666666666666667,2.3333333333333335,5.0,1.0,1.6666666666666667,5.0,1.6666666666666667,0.9428090415820634,9.13296840280353,109.61885579427083,117.48347274646916
LIDC-IDRI-0602,0,1,5.0,1.0,6.0,3.0,1.0,1.0,1.0,1.0,3.0,0.0,7.4601321759416255,59.93461608886719,87.15463067511065
LIDC-IDRI-0602,1,4,4.25,1.0,5.25,4.0,4.75,1.0,1.25,5.0,1.75,0.82915619758885,5.545713032353191,42.32882261276245,53.63699272574797
LIDC-IDRI-0602,2,1,3.0,1.0,6.0,2.0,4.0,1.0,4.0,3.0,2.0,0.0,5.275110050156278,20.763063430786133,30.861775156102098
LIDC-IDRI-0602,3,4,3.75,1.0,5.25,4.5,4.75,1.0,1.0,5.0,2.0,1.0,5.559549096988858,49.82064962387085,59.93610174333185
LIDC-IDRI-0604,0,1,3.0,1.0,6.0,5.0,3.0,1.0,2.0,4.0,3.0,0.0,8.78906999999999,78.6425025330027,156.7692778833561
LIDC-IDRI-0604,1,4,4.5,1.0,3.0,4.25,5.0,1.0,1.0,5.0,1.0,0.0,5.69720422011163,51.06934680179165,108.80624136295285
LIDC-IDRI-0604,2,4,3.75,1.0,6.0,3.25,3.5,1.5,1.5,4.5,2.75,0.82915619758885,7.700118590331719,65.07050175480572,130.22727804842015
LIDC-IDRI-0604,3,2,3.0,1.0,6.0,4.0,3.5,1.0,1.0,5.0,2.0,0.0,6.2276304124732365,46.29500660705162,97.35486468392884
LIDC-IDRI-0604,4,4,3.5,1.0,6.0,4.0,4.0,1.25,1.0,5.0,2.0,0.7071067811865476,6.271320676859448,49.4868407822014,103.1566904392387
LIDC-IDRI-0604,5,1,2.0,1.0,6.0,2.0,2.0,1.0,1.0,5.0,1.0,0.0,7.817387958406053,110.82906564339282,262.9620445102886
LIDC-IDRI-0605,0,3,3.3333333333333335,1.0,6.0,3.0,4.333333333333333,1.3333333333333333,1.3333333333333333,5.0,2.3333333333333335,1.247219128924647,11.136113296316353,267.791748046875,259.3235217750086
LIDC-IDRI-0605,1,3,2.6666666666666665,1.0,6.0,4.333333333333333,4.333333333333333,1.0,1.0,5.0,1.6666666666666667,0.4714045207910317,5.824798299574547,79.1015625,99.95371816280618
LIDC-IDRI-0605,2,3,3.0,1.0,6.0,5.0,4.666666666666667,1.0,1.0,5.0,2.0,0.816496580927726,5.988406266472322,99.371337890625,116.54100470031248
LIDC-IDRI-0605,3,3,2.3333333333333335,1.0,6.0,4.0,4.0,1.0,1.0,4.666666666666667,1.6666666666666667,0.4714045207910317,5.511337144118259,59.326171875,78.50176748500216
LIDC-IDRI-0605,4,3,4.0,1.0,6.0,2.6666666666666665,5.0,1.0,1.0,5.0,2.3333333333333335,0.9428090415820634,10.29962880701865,320.196533203125,297.0981333871295
LIDC-IDRI-0605,5,2,2.5,1.0,6.0,4.5,4.0,1.0,1.0,4.5,2.5,0.5,7.73449103380311,92.6971435546875,106.26654060058566
LIDC-IDRI-0606,0,4,4.75,1.0,6.0,3.0,2.0,4.5,4.5,5.0,4.75,0.4330127018922193,19.020626725021852,1468.9776182174683,1188.3700809445158
LIDC-IDRI-0606,1,1,4.0,1.0,6.0,2.0,1.0,3.0,3.0,5.0,3.0,0.0,20.714611531969652,469.9264888763428,611.1771817757351
LIDC-IDRI-0606,2,1,4.0,1.0,6.0,4.0,1.0,1.0,1.0,3.0,3.0,0.0,5.826916607719756,26.56233501434326,51.89007684113123
LIDC-IDRI-0607,0,1,1.0,1.0,6.0,4.0,1.0,5.0,5.0,1.0,2.0,0.0,5.929270612815711,60.9375,86.04991533398426
LIDC-IDRI-0607,1,2,1.5,1.0,6.0,3.0,1.5,5.0,4.5,1.5,2.5,0.5,10.670821604546903,186.5234375,224.39080654721238
LIDC-IDRI-0608,0,4,4.5,1.0,6.0,4.0,4.75,1.0,1.0,4.75,3.75,0.4330127018922193,9.725999432217021,348.50415229797363,436.46489069164033
LIDC-IDRI-0608,1,4,5.0,1.0,3.5,4.0,4.5,1.0,1.0,5.0,1.0,0.0,9.218333505610062,222.3462200164795,314.48131726127826
LIDC-IDRI-0608,2,1,3.0,1.0,3.0,5.0,5.0,1.0,1.0,5.0,1.0,0.0,4.274015900071325,32.8809814453125,72.98118005048386
LIDC-IDRI-0608,3,1,4.0,1.0,6.0,4.0,5.0,1.0,1.0,5.0,3.0,0.0,4.274015900071325,22.834014892578125,55.689905331486884
LIDC-IDRI-0608,4,1,3.0,1.0,6.0,2.0,3.0,1.0,1.0,4.0,1.0,0.0,7.555464064598898,44.983009338378906,101.2680913823132
LIDC-IDRI-0608,5,5,4.6,1.0,6.0,3.2,3.6,3.0,3.0,4.6,4.0,1.0954451150103321,17.586244228068693,873.2183975219726,1113.1881092769913
LIDC-IDRI-0609,0,2,3.0,1.0,6.0,4.0,4.0,2.0,1.0,3.5,2.5,0.5,6.18728515433963,53.1463623046875,119.44290645780056
LIDC-IDRI-0609,1,1,3.0,1.0,3.0,5.0,5.0,1.0,1.0,5.0,1.0,0.0,3.786444005016448,25.800704956054688,61.06775144700021
LIDC-IDRI-0610,0,2,5.0,1.0,4.5,4.5,5.0,1.5,1.0,5.0,1.0,0.0,6.19304523253028,94.42749023437497,112.08648784141504
LIDC-IDRI-0610,1,4,4.75,1.0,6.0,3.5,3.0,2.25,2.5,4.75,3.75,0.4330127018922193,15.046980093257039,545.5535888671875,475.7209679679296
LIDC-IDRI-0611,0,1,2.0,1.0,6.0,4.0,4.0,1.0,1.0,1.0,3.0,0.0,5.744208363039904,76.8611068725586,81.82729573082342
LIDC-IDRI-0613,0,4,4.75,1.0,6.0,3.75,4.0,1.5,1.25,4.75,2.75,0.82915619758885,7.401116079389579,105.2961950302124,186.55054854870556
LIDC-IDRI-0614,0,2,5.0,1.0,6.0,1.5,2.5,1.5,3.5,5.0,2.5,0.5,27.88851074192158,983.5166931152344,1417.3353913675385
LIDC-IDRI-0614,1,2,3.0,1.0,6.0,3.5,5.0,1.0,1.0,5.0,3.0,0.0,6.826494193761958,72.22652435302734,141.27166643282436
LIDC-IDRI-0614,2,4,4.25,1.0,6.0,3.25,4.25,1.75,1.75,5.0,4.0,1.224744871391589,13.53333094298243,404.0050506591797,523.4643054568525
LIDC-IDRI-0615,0,4,3.0,1.0,6.0,3.25,4.75,1.0,1.0,5.0,2.25,0.4330127018922193,6.914783674473643,116.64390563964844,110.72463515860306
LIDC-IDRI-0615,1,4,4.5,1.0,3.0,4.25,5.0,1.0,1.0,5.0,1.0,0.0,6.642223919145698,84.50889587402344,86.69308118763414
LIDC-IDRI-0615,2,2,3.5,1.0,6.0,3.0,4.5,1.5,1.0,5.0,2.0,0.0,5.733446132648627,49.90196228027344,62.44930240249849
LIDC-IDRI-0617,0,1,2.0,1.0,6.0,2.0,4.0,1.0,1.0,5.0,1.0,0.0,6.62109375,116.39223289489746,229.8368006030105
LIDC-IDRI-0617,1,4,5.0,1.0,6.0,3.75,4.0,2.5,1.5,5.0,4.0,1.224744871391589,15.209345636623613,843.679292678833,1013.6591833009667
LIDC-IDRI-0617,2,4,5.0,1.0,6.0,4.5,4.75,1.5,1.5,5.0,4.0,1.224744871391589,9.204578401580369,263.19769048690796,346.71493361728704
LIDC-IDRI-0618,0,4,3.75,1.0,6.0,2.75,4.25,2.25,1.25,4.75,3.25,0.4330127018922193,8.749357602619579,198.9023572189035,168.45540460591303
LIDC-IDRI-0619,0,4,4.25,1.0,5.75,4.25,4.0,1.75,1.75,5.0,3.25,1.479019945774904,16.08863592642026,714.8046316225373,485.3813820933747
LIDC-IDRI-0619,1,4,5.0,1.0,6.0,3.25,2.5,3.25,3.25,5.0,5.0,0.0,27.822888101754724,5230.232017477478,2214.969778645676
LIDC-IDRI-0620,0,3,3.3333333333333335,1.0,6.0,2.0,4.666666666666667,2.6666666666666665,4.333333333333333,5.0,4.333333333333333,0.4714045207910317,14.195557957011466,317.6402749173697,327.2070995763133
LIDC-IDRI-0620,1,4,2.5,1.0,6.0,2.75,3.0,2.0,1.0,2.25,2.25,0.4330127018922193,5.760478387592634,41.089873117001616,56.40750625721197
LIDC-IDRI-0620,2,2,3.5,1.0,6.0,3.5,4.0,1.0,1.0,4.0,2.0,1.0,5.144899739326416,40.179294211375236,53.04739137043674
LIDC-IDRI-0620,3,2,3.5,1.0,6.0,3.5,4.0,1.0,1.0,4.5,3.0,1.0,7.173110881396061,105.85462877722149,115.17546231916056
LIDC-IDRI-0620,4,1,4.0,1.0,6.0,3.0,5.0,1.0,1.0,5.0,3.0,0.0,6.21357752016792,38.2443140369287,54.566304824162984
LIDC-IDRI-0621,0,1,3.0,1.0,6.0,5.0,5.0,1.0,1.0,5.0,2.0,0.0,7.231271691978052,114.18710327148438,135.8653848018614
LIDC-IDRI-0624,0,2,4.5,1.0,6.0,4.5,5.0,1.0,1.0,5.0,3.0,0.0,7.34741411931375,86.82730102539062,162.154272383379
LIDC-IDRI-0624,1,1,5.0,1.0,6.0,3.0,4.0,1.0,1.0,5.0,3.0,0.0,7.2497516458000995,59.28643798828125,134.7738390353187
LIDC-IDRI-0624,2,2,4.0,1.0,6.0,4.0,5.0,1.0,1.0,5.0,2.0,1.0,4.644101930406844,45.30577087402344,100.15263041624931
LIDC-IDRI-0624,3,4,5.0,1.0,6.0,3.0,1.75,2.5,2.5,4.0,4.0,1.0,26.341645704677042,1983.5202865600586,1917.479811112226
LIDC-IDRI-0624,4,1,5.0,1.0,6.0,3.0,4.0,1.0,1.0,4.0,3.0,0.0,14.162088768991008,261.11260986328125,393.7965054896762
LIDC-IDRI-0624,5,1,5.0,1.0,6.0,3.0,5.0,1.0,1.0,5.0,3.0,0.0,15.777165312961007,355.29815673828125,589.5224028256436
LIDC-IDRI-0624,6,1,5.0,1.0,6.0,3.0,1.0,1.0,1.0,4.0,3.0,0.0,6.98388560925256,74.21316528320312,163.1248647224659
LIDC-IDRI-0624,7,1,5.0,1.0,6.0,4.0,4.0,1.0,1.0,4.0,3.0,0.0,10.455740517324681,126.77206420898438,243.10822095970414
LIDC-IDRI-0625,0,4,5.0,1.0,6.0,4.0,5.0,1.25,1.5,5.0,4.25,0.82915619758885,11.73543658447474,286.41733112335226,242.6909721695577
LIDC-IDRI-0625,1,1,5.0,1.0,6.0,4.0,5.0,1.0,1.0,5.0,3.0,0.0,5.678878789571109,38.13304901123063,56.1237289277431
LIDC-IDRI-0626,0,3,2.0,1.0,6.0,4.333333333333333,3.3333333333333335,1.0,1.0,2.0,2.3333333333333335,0.4714045207910317,5.580808085340098,41.400574157705705,53.79116221636582
LIDC-IDRI-0628,0,1,4.0,1.0,6.0,3.0,3.0,1.0,1.0,3.0,4.0,0.0,7.184763336934965,32.26301512986538,38.80596342649441
LIDC-IDRI-0628,1,1,5.0,1.0,6.0,3.0,4.0,1.0,1.0,5.0,4.0,0.0,6.086504141685016,34.540404433355434,47.65268431065451
LIDC-IDRI-0628,2,1,5.0,1.0,6.0,3.0,4.0,1.0,1.0,5.0,3.0,0.0,5.510461932583307,32.2630151300109,40.4922343990395
LIDC-IDRI-0628,3,3,4.333333333333333,1.0,6.0,3.6666666666666665,4.666666666666667,1.0,1.0,5.0,3.6666666666666665,0.9428090415820634,7.24218743542995,90.33644236360487,90.98583791956356
LIDC-IDRI-0628,4,1,4.0,1.0,6.0,4.0,5.0,1.0,1.0,5.0,2.0,0.0,6.2828932764758,49.34343490447645,61.85409744267557
LIDC-IDRI-0628,5,4,4.5,1.0,6.0,3.75,4.75,2.0,1.5,5.0,3.5,0.8660254037844386,9.862563918145614,160.9355107654028,149.57906410982787
LIDC-IDRI-0628,6,1,2.0,1.0,6.0,2.0,4.0,1.0,1.0,5.0,3.0,0.0,4.5440433187972635,36.43822885251211,42.601608333895015
LIDC-IDRI-0628,7,2,4.0,1.0,6.0,3.0,4.0,2.0,1.5,5.0,3.5,0.5,7.708285803469396,84.26340422149224,96.63559377642892
LIDC-IDRI-0629,0,1,4.0,1.0,6.0,2.0,1.0,1.0,1.0,5.0,2.0,0.0,13.213512925339915,418.2717590332031,616.1997159204757
LIDC-IDRI-0629,1,1,5.0,1.0,6.0,2.0,4.0,2.0,2.0,3.0,4.0,0.0,9.213889078620657,162.98382568359375,266.5662962688493
LIDC-IDRI-0630,0,1,3.0,1.0,6.0,3.0,5.0,1.0,1.0,5.0,2.0,0.0,7.056305519843651,58.40263972393586,79.73594529386844
LIDC-IDRI-0631,0,3,4.333333333333333,1.0,6.0,4.333333333333333,4.0,2.0,2.0,5.0,3.0,0.0,7.172428611720288,61.249081420898825,78.96072425936721
LIDC-IDRI-0631,1,1,5.0,1.0,6.0,4.0,5.0,1.0,1.0,5.0,3.0,0.0,5.101897481345176,20.46307983398433,34.93897785793767
LIDC-IDRI-0633,0,4,3.25,1.0,6.0,3.5,4.25,2.0,1.5,5.0,3.0,0.7071067811865476,6.969648400005011,125.68852894601605,242.16431087386007
LIDC-IDRI-0634,0,1,5.0,1.0,3.0,5.0,5.0,1.0,1.0,5.0,1.0,0.0,5.711980763549897,73.24516296386659,86.53833200677732
LIDC-IDRI-0634,1,3,3.3333333333333335,1.0,6.0,3.3333333333333335,2.6666666666666665,1.6666666666666667,2.0,2.0,3.0,0.0,12.772299137841735,204.11865234375048,225.37778830460562
LIDC-IDRI-0635,0,4,4.25,1.0,6.0,5.0,5.0,1.0,1.0,5.0,3.5,1.118033988749895,16.267721459496805,1439.4715522500192,693.4602468988453
LIDC-IDRI-0636,0,2,3.5,1.0,6.0,3.5,4.5,1.0,1.0,4.5,2.5,0.5,9.308263705024125,118.94416809082031,127.73137444682175
LIDC-IDRI-0636,1,2,3.5,1.0,6.0,3.5,4.5,1.0,1.0,5.0,2.5,0.5,8.793396836722486,109.9508285522461,113.83184570896769
LIDC-IDRI-0636,2,3,3.3333333333333335,1.0,6.0,3.0,3.3333333333333335,1.0,1.3333333333333333,4.666666666666667,2.6666666666666665,0.4714045207910317,6.092277574961511,70.49617767333984,75.05891938350497
LIDC-IDRI-0636,3,3,2.6666666666666665,1.0,6.0,3.0,3.6666666666666665,1.0,1.0,4.666666666666667,2.0,0.816496580927726,6.611780354174705,47.67436981201172,58.3269826317167
LIDC-IDRI-0636,4,4,2.75,1.0,6.0,4.0,2.25,1.75,1.25,1.25,3.25,0.82915619758885,17.194348223711405,822.9630947113037,606.4333180944566
LIDC-IDRI-0637,0,4,2.5,1.0,6.0,3.5,4.25,1.25,1.25,5.0,2.25,0.82915619758885,7.073153329122994,135.82443714141823,139.05334384974577
LIDC-IDRI-0637,1,4,4.0,1.0,6.0,4.5,4.0,1.25,1.5,5.0,2.5,1.118033988749895,8.336925515751272,185.5340421676633,180.21319493122886
LIDC-IDRI-0637,2,1,2.0,1.0,6.0,3.0,3.0,1.0,1.0,5.0,2.0,0.0,5.32509135136578,26.694314575195936,44.38000460324571
LIDC-IDRI-0637,3,2,2.5,1.0,6.0,4.0,4.0,1.0,1.0,5.0,2.0,0.0,6.539924924542669,35.6779781341547,58.77391151791713
LIDC-IDRI-0637,4,1,3.0,1.0,6.0,4.0,4.0,2.0,2.0,5.0,3.0,0.0,6.88650604109962,37.98806304931729,61.432316125763535
LIDC-IDRI-0637,5,4,3.5,1.0,6.0,3.75,3.75,1.25,1.0,5.0,2.25,0.82915619758885,8.279484895076308,74.9066423416134,88.59804554602971
LIDC-IDRI-0637,6,2,2.5,1.0,4.5,5.0,5.0,1.0,1.0,5.0,1.5,0.5,5.613489269450026,43.37826118469229,57.28078793771452
LIDC-IDRI-0637,7,2,4.0,1.0,6.0,3.5,4.5,1.5,1.0,5.0,3.0,0.0,7.315311995848124,106.09278869628923,125.67948085208283
LIDC-IDRI-0637,8,1,2.0,1.0,6.0,2.0,4.0,2.0,1.0,5.0,3.0,0.0,11.055619163479294,211.15887298584016,217.9815534488325
LIDC-IDRI-0637,9,2,2.5,1.0,6.0,4.5,4.0,1.5,1.0,5.0,2.5,0.5,8.495525250797158,50.65075073242105,74.23837045087132
LIDC-IDRI-0637,10,2,3.0,1.0,6.0,3.5,4.0,1.0,1.5,5.0,2.0,1.0,6.9921875,86.84208106994681,98.62671905202716
LIDC-IDRI-1012,0,4,3.25,1.0,6.0,4.25,3.5,1.25,1.25,3.5,2.0,0.0,9.267563364103658,171.1614378186532,187.58368677254273
LIDC-IDRI-1011,0,4,5.0,3.25,6.0,4.5,4.0,1.5,3.0,3.25,3.5,0.5,28.67580489709698,6039.2913818359375,1929.4159352089132
LIDC-IDRI-1011,1,4,5.0,1.0,6.0,3.5,3.75,3.0,1.75,5.0,4.5,0.8660254037844386,32.8592102048355,4170.8221435546875,1695.707378433121
LIDC-IDRI-1011,2,4,4.5,1.0,6.0,3.5,3.0,2.5,2.5,5.0,4.25,1.299038105676658,22.721655181024957,2185.342788696289,1018.3491313394884
LIDC-IDRI-1011,3,1,1.0,1.0,6.0,4.0,2.0,1.0,1.0,1.0,2.0,0.0,6.544805012851796,92.315673828125,92.85722382304795
LIDC-IDRI-1010,0,3,2.6666666666666665,1.0,6.0,2.3333333333333335,5.0,1.0,1.0,5.0,2.3333333333333335,0.4714045207910317,8.314055738283427,78.2012939453125,87.97459261518331
LIDC-IDRI-1009,0,1,3.0,1.0,6.0,5.0,5.0,1.0,1.0,5.0,2.0,0.0,37.43108902745484,10878.318786621094,3757.286586922178
LIDC-IDRI-1008,0,2,4.0,1.0,6.0,3.5,3.5,1.0,1.5,3.5,2.5,0.5,7.358510343207782,182.3472000004258,153.78098404618066
LIDC-IDRI-1008,1,3,4.0,1.0,6.0,4.333333333333333,3.6666666666666665,2.6666666666666665,2.3333333333333335,4.0,2.6666666666666665,0.4714045207910317,6.929138735859552,178.58880000005593,154.2616659659624
LIDC-IDRI-1008,2,2,4.0,1.0,3.0,3.0,5.0,1.0,1.0,5.0,1.0,0.0,10.562844369947154,192.06719999998313,178.93686875067863
LIDC-IDRI-1008,3,1,5.0,1.0,3.0,5.0,5.0,1.0,1.0,5.0,1.0,0.0,6.151682696628626,112.75200000005134,101.83453882857137
LIDC-IDRI-1008,4,2,3.5,1.0,6.0,3.5,3.5,1.5,2.0,4.0,2.5,0.5,6.966365500484805,189.73439999995753,160.9368159459335
LIDC-IDRI-1008,5,1,3.0,1.0,6.0,2.0,3.0,2.0,2.0,3.0,2.0,0.0,5.937272100889422,88.64640000005602,88.78764545985248
LIDC-IDRI-1007,0,4,3.0,1.0,6.0,3.5,3.75,1.25,1.0,4.75,2.25,1.0897247358851685,6.914614369149301,78.98182868957555,93.06030167800189
LIDC-IDRI-1007,1,3,5.0,1.0,6.0,3.3333333333333335,3.6666666666666665,3.3333333333333335,3.0,5.0,5.0,0.0,42.09192359330651,5382.2299575805655,2902.579016321586
LIDC-IDRI-1006,0,2,5.0,1.0,6.0,4.0,4.5,1.0,1.0,5.0,3.5,0.5,8.815373400015059,179.74853515625,156.31486941837875
LIDC-IDRI-1005,0,3,2.6666666666666665,1.0,6.0,4.333333333333333,4.333333333333333,1.0,1.0,5.0,2.6666666666666665,0.4714045207910317,7.260634984719318,96.57440185546875,102.2528348812278
LIDC-IDRI-1005,1,1,4.0,1.0,6.0,4.0,5.0,1.0,1.0,5.0,2.0,0.0,6.9330160410734125,64.82391357421875,81.26072083242207
LIDC-IDRI-1005,2,1,1.0,1.0,6.0,2.0,3.0,1.0,1.0,5.0,2.0,0.0,6.9330160410734125,70.556640625,85.5354332638806
LIDC-IDRI-1005,3,1,1.0,1.0,6.0,4.0,3.0,1.0,1.0,1.0,3.0,0.0,6.540257134005226,45.42083740234375,60.84329562524951
LIDC-IDRI-1005,4,3,2.6666666666666665,1.0,6.0,3.6666666666666665,4.333333333333333,1.0,1.0,5.0,2.6666666666666665,0.4714045207910317,6.475448448852816,44.391886393229164,61.86841059083457
LIDC-IDRI-1005,5,4,3.5,1.0,6.0,4.0,4.5,1.0,1.0,5.0,2.5,0.5,9.562468329989862,154.6182632446289,160.35977863845545
LIDC-IDRI-1005,6,1,1.0,1.0,6.0,4.0,2.0,1.0,1.0,1.0,3.0,0.0,6.299850026116693,41.231536865234375,55.69698902644579
LIDC-IDRI-1004,0,4,3.5,1.0,6.0,4.25,4.75,1.0,1.0,5.0,2.25,0.4330127018922193,4.987549653513954,42.35864203377787,94.75789071790638
LIDC-IDRI-1004,1,1,4.0,1.0,6.0,4.0,4.0,1.0,1.0,5.0,3.0,0.0,8.668996801360867,101.50035657047738,206.6984026381883
LIDC-IDRI-1004,2,4,5.0,1.0,6.0,3.75,3.25,3.25,4.25,4.25,4.75,0.4330127018922193,23.99923488946119,2487.732497861996,2201.2052011644014
LIDC-IDRI-1004,3,3,4.333333333333333,1.0,6.0,4.0,4.0,2.6666666666666665,1.3333333333333333,4.666666666666667,2.6666666666666665,0.4714045207910317,9.409052811031573,169.39638139450838,307.7467652439065
LIDC-IDRI-1003,0,1,5.0,1.0,6.0,4.0,2.0,3.0,2.0,1.0,3.0,0.0,31.368184721072282,6527.114868164062,3331.4971307965466
LIDC-IDRI-1003,1,3,3.0,1.0,6.0,3.6666666666666665,4.0,2.0,2.0,4.333333333333333,2.0,0.816496580927726,6.794658155121881,63.457489013672195,80.31120460211997
LIDC-IDRI-1003,2,3,4.0,1.0,6.0,3.3333333333333335,3.6666666666666665,2.0,2.3333333333333335,4.333333333333333,2.3333333333333335,0.4714045207910317,10.632362049989972,157.791137695311,174.2985426722751
LIDC-IDRI-1003,3,4,3.5,1.0,6.0,4.0,4.0,1.75,1.75,4.75,3.25,1.0897247358851685,8.793313336568913,213.97590637206937,201.31646973283316
LIDC-IDRI-1003,4,3,4.666666666666667,1.0,6.0,3.0,3.3333333333333335,2.0,3.0,4.333333333333333,4.333333333333333,0.9428090415820634,20.075655317846117,1925.731658935546,1346.2842644945802
LIDC-IDRI-1003,5,3,3.0,1.0,6.0,3.3333333333333335,4.333333333333333,2.0,2.6666666666666665,4.666666666666667,2.3333333333333335,0.4714045207910317,9.633630557776797,169.94476318359418,175.3064131605917
LIDC-IDRI-1003,6,2,3.5,1.0,6.0,3.0,3.0,1.5,2.5,4.0,3.5,0.5,12.2832088577609,345.4513549804693,332.61411969981776
LIDC-IDRI-1003,7,1,4.0,1.0,6.0,4.0,2.0,2.0,3.0,3.0,3.0,0.0,13.489294257681255,304.0466308593751,301.36014834176854
LIDC-IDRI-1002,0,4,4.75,1.0,6.0,4.75,4.25,1.5,1.5,4.5,3.75,1.299038105676658,18.803966777144275,2532.665240764618,2064.084849093673
LIDC-IDRI-1002,1,4,5.0,1.0,6.0,4.5,5.0,1.75,1.25,5.0,3.75,1.299038105676658,20.69516704686682,3556.5605521202087,2564.855225903348
LIDC-IDRI-1002,2,4,5.0,1.0,6.0,4.75,4.75,1.75,1.5,5.0,4.25,0.82915619758885,20.645675170119684,3692.8552865982056,2469.1639316112833
LIDC-IDRI-1002,3,4,4.5,1.0,6.0,3.75,4.75,1.75,1.5,5.0,3.75,0.82915619758885,9.657725240910226,322.24273681640625,472.65690858027904
LIDC-IDRI-1001,0,4,4.0,1.0,6.0,4.0,4.5,1.0,1.0,5.0,3.0,1.0,6.80860356403931,115.15457153320386,123.19555157650228
LIDC-IDRI-1001,1,3,3.6666666666666665,1.0,6.0,4.666666666666667,4.333333333333333,1.3333333333333333,1.3333333333333333,4.666666666666667,2.3333333333333335,0.9428090415820634,5.556285701720538,58.325042724609744,70.48904619407479
LIDC-IDRI-1000,0,4,4.5,1.0,6.0,4.25,3.75,4.0,2.5,4.5,3.5,0.5,9.918120356969006,271.64119500004017,208.23077756141106
LIDC-IDRI-1000,1,1,4.0,1.0,6.0,4.0,3.0,5.0,5.0,4.0,3.0,0.0,6.348516047077455,152.7726420001709,135.46203278170734
LIDC-IDRI-1000,2,4,1.75,1.0,6.0,4.5,3.75,3.0,2.75,4.75,2.5,0.5,6.480435912655973,108.8607195001241,101.39086500147255
LIDC-IDRI-1000,3,3,5.0,1.0,4.666666666666667,4.666666666666667,3.6666666666666665,3.6666666666666665,3.6666666666666665,5.0,2.3333333333333335,1.8856180831641267,18.231487278888054,1821.5618579982547,911.6924063773859
LIDC-IDRI-1000,4,1,4.0,1.0,6.0,5.0,3.0,3.0,3.0,3.0,3.0,0.0,7.3799999999999955,88.23232799983816,87.75507340609401
LIDC-IDRI-0999,0,2,3.0,1.0,6.0,3.5,4.5,1.0,1.5,5.0,3.0,0.0,5.28664675719874,43.479369802498695,53.67921629531039
LIDC-IDRI-0999,1,4,2.5,1.0,6.0,3.0,3.5,1.75,1.25,4.25,3.0,0.0,6.137159481119017,44.7503052274601,56.75092749572467
LIDC-IDRI-0999,2,1,2.0,1.0,6.0,2.0,3.0,1.0,2.0,4.0,3.0,0.0,5.62847561525019,21.9403589158901,36.26576778468818
LIDC-IDRI-0999,3,4,3.5,1.0,3.0,3.25,5.0,1.25,1.0,5.0,1.0,0.0,5.264120028888997,31.840276963037013,45.163899886516695
LIDC-IDRI-0999,4,1,2.0,1.0,6.0,2.0,2.0,1.0,1.0,3.0,3.0,0.0,5.395471283049542,33.980799784039846,45.93889798658758
LIDC-IDRI-0998,0,1,4.0,1.0,6.0,4.0,2.0,1.0,1.0,4.0,3.0,0.0,10.496116283237814,180.95169067382812,173.3938114318302
LIDC-IDRI-0998,1,2,4.5,1.0,6.0,2.5,4.0,2.0,2.0,4.5,2.0,0.0,11.60309523572909,261.5123748779297,242.07320304075046
LIDC-IDRI-0998,2,1,3.0,1.0,6.0,2.0,4.0,2.0,2.0,4.0,2.0,0.0,7.001782871448261,57.012176513671875,62.10052633953626
LIDC-IDRI-0998,3,2,3.5,1.0,6.0,3.0,3.5,1.5,1.5,4.5,2.5,0.5,8.702270271486316,125.592041015625,121.90477497093556
LIDC-IDRI-0998,4,1,4.0,1.0,6.0,3.0,4.0,3.0,1.0,4.0,3.0,0.0,19.720412098136094,1325.3265380859375,915.6070092433757
LIDC-IDRI-0998,5,4,4.0,1.0,6.0,4.25,4.5,1.5,2.0,5.0,3.75,1.299038105676658,12.381728738252539,509.5979690551758,351.84294579421027
LIDC-IDRI-0998,6,4,5.0,1.0,6.0,3.75,3.5,1.75,2.5,4.0,3.25,0.82915619758885,11.797067832008318,324.5149612426758,254.92309400531485
LIDC-IDRI-0998,7,4,4.25,1.0,6.0,3.75,4.0,1.25,1.25,4.75,3.0,0.7071067811865476,9.402110130061327,362.10994720458984,259.4611676760171
LIDC-IDRI-0998,8,3,3.6666666666666665,1.0,6.0,3.0,2.3333333333333335,1.3333333333333333,1.6666666666666667,4.0,3.0,0.0,7.491591691487464,149.00283813476562,130.85536669428177
LIDC-IDRI-0998,9,3,3.6666666666666665,1.0,6.0,3.0,4.333333333333333,1.6666666666666667,1.6666666666666667,4.666666666666667,3.0,0.816496580927726,8.11927955529102,160.57052612304688,139.60770507076072
LIDC-IDRI-0997,0,2,3.5,1.0,6.0,2.5,4.5,2.0,1.5,5.0,2.0,0.0,10.499077990274042,64.79520797729387,99.57492269299422
LIDC-IDRI-0997,1,2,3.0,1.0,3.0,2.5,4.5,1.5,1.5,5.0,1.0,0.0,5.878370000183908,28.291769027709805,47.56487876548948
LIDC-IDRI-0997,2,4,3.5,1.0,6.0,3.0,3.75,2.0,1.5,4.75,2.0,0.7071067811865476,8.182602950879245,61.0742950439456,90.97361368714397
LIDC-IDRI-0997,3,4,3.75,1.0,3.75,4.75,4.5,1.5,1.0,5.0,1.0,0.0,6.883780194725988,69.863348007202,84.21421670665508
LIDC-IDRI-0997,4,1,2.0,1.0,6.0,2.0,1.0,1.0,3.0,2.0,4.0,0.0,14.644335363120412,194.3856239318841,283.4518724681231
LIDC-IDRI-0996,0,1,3.0,1.0,6.0,4.0,5.0,1.0,1.0,5.0,1.0,0.0,4.212252664521161,22.622417449951172,34.89408397925424
LIDC-IDRI-0996,1,1,4.0,1.0,6.0,5.0,5.0,1.0,1.0,5.0,1.0,0.0,5.957024846308033,37.92581748962402,51.78293727054978
LIDC-IDRI-0994,0,2,3.0,1.0,6.0,3.5,4.5,1.0,1.0,5.0,2.5,0.5,7.663996729116226,96.61286345210101,177.65412947026985
LIDC-IDRI-0994,1,4,4.25,1.0,6.0,4.25,4.5,1.5,1.25,5.0,3.0,1.0,10.28362199097361,251.6095983572086,332.7802012972432
LIDC-IDRI-0994,2,1,2.0,1.0,6.0,2.0,4.0,1.0,1.0,5.0,2.0,0.0,8.791489678190386,85.35224254304921,168.639738737088
LIDC-IDRI-0994,3,3,2.6666666666666665,1.0,6.0,4.333333333333333,1.3333333333333333,1.6666666666666667,1.3333333333333333,1.0,3.0,0.816496580927726,18.908255203416388,1228.6044600603782,1205.76774403182
LIDC-IDRI-0994,4,3,5.0,1.0,6.0,3.0,2.0,3.0,3.6666666666666665,4.333333333333333,5.0,0.0,25.25494513003049,1844.4568941405596,2160.573012447486
LIDC-IDRI-0994,5,1,1.0,1.0,6.0,5.0,2.0,1.0,1.0,1.0,2.0,0.0,14.525205833713489,878.4916283157509,921.6722714209462
LIDC-IDRI-0993,0,3,4.333333333333333,1.0,4.333333333333333,3.6666666666666665,4.0,1.3333333333333333,1.3333333333333333,5.0,1.0,0.0,14.922666069690221,753.3221759998705,491.13234466336525
LIDC-IDRI-0991,0,3,2.6666666666666665,1.0,6.0,3.3333333333333335,4.333333333333333,1.3333333333333333,1.0,4.666666666666667,3.0,0.0,6.2692442597916616,44.597625732421875,55.83788986511646
LIDC-IDRI-0990,0,3,3.6666666666666665,1.0,6.0,4.0,3.6666666666666665,1.6666666666666667,2.6666666666666665,4.666666666666667,3.0,0.816496580927726,9.520915804077973,172.85752232869467,287.1857449121459
LIDC-IDRI-0989,0,1,5.0,1.0,6.0,4.0,4.0,1.0,1.0,1.0,3.0,0.0,5.50687741397419,38.21868896484375,82.17663460385481
LIDC-IDRI-0987,0,4,3.0,1.0,6.0,4.5,3.0,2.0,1.0,4.5,2.0,0.7071067811865476,6.060092918233385,47.36328125,100.15987730760038
LIDC-IDRI-0987,1,2,1.5,1.0,6.0,4.5,3.5,1.0,1.0,5.0,1.5,0.5,4.6549634359826335,28.50341796875,67.48569515141503
LIDC-IDRI-0987,2,3,4.333333333333333,1.0,6.0,4.333333333333333,5.0,1.6666666666666667,1.0,5.0,2.0,0.816496580927726,7.05629686902418,114.29850260416667,207.21783947400073
LIDC-IDRI-0986,0,2,5.0,1.0,6.0,1.5,2.5,1.5,3.0,5.0,3.5,0.5,17.7715544332938,678.6927680238659,494.3020419674135
LIDC-IDRI-0986,1,1,3.0,1.0,6.0,4.0,5.0,1.0,1.0,5.0,3.0,0.0,5.5068752779732595,54.52390255712089,69.4498016693575
LIDC-IDRI-0986,2,2,4.0,1.0,6.0,3.0,4.0,1.0,1.5,5.0,3.0,0.0,9.960989272422534,133.4537424500013,146.40311952985576
LIDC-IDRI-0985,0,4,4.25,1.0,6.0,4.25,5.0,1.0,1.0,5.0,2.5,1.118033988749895,7.724779168607648,131.9265535354615,136.76606659619983
LIDC-IDRI-0985,1,1,5.0,1.0,6.0,5.0,5.0,1.0,1.0,5.0,3.0,0.0,4.968101987028409,29.19289245605475,42.37739597284211
LIDC-IDRI-0985,2,1,5.0,1.0,6.0,4.0,5.0,1.0,1.0,5.0,3.0,0.0,5.094967562017231,35.746398925781186,50.50346730628193
LIDC-IDRI-0984,0,3,3.0,1.0,6.0,2.6666666666666665,2.3333333333333335,1.6666666666666667,1.0,2.6666666666666665,3.3333333333333335,0.4714045207910317,5.566649335933036,87.48902699655446,99.78283776098824
LIDC-IDRI-0983,0,2,2.0,1.0,6.0,3.0,1.5,1.5,1.0,3.0,3.0,0.0,7.4365357230873155,167.7043102492753,155.9071265057795
LIDC-IDRI-0982,0,4,3.75,1.0,5.75,3.25,4.25,1.5,1.0,4.75,2.5,1.118033988749895,6.706520808983278,98.9468594284699,183.28672986996395
LIDC-IDRI-0982,1,2,3.5,1.0,4.5,4.0,5.0,1.0,1.0,5.0,2.0,1.0,5.838034129074648,92.37543612676745,174.31124140555443
LIDC-IDRI-0982,2,1,4.0,1.0,6.0,2.0,1.0,4.0,3.0,5.0,4.0,0.0,24.893746773405162,490.84508743289905,868.4925925980217
LIDC-IDRI-0981,0,2,3.0,2.5,6.0,3.0,3.5,2.5,1.5,3.0,3.5,0.5,8.338540040078959,92.1630859375,212.39015966848632
LIDC-IDRI-0980,0,4,4.5,1.0,6.0,5.0,4.5,4.0,4.0,5.0,2.5,0.8660254037844386,9.206429136987671,502.2032096246039,319.66102929794295
LIDC-IDRI-0980,1,1,2.0,1.0,6.0,3.0,2.0,3.0,5.0,1.0,3.0,0.0,10.53158876903193,126.83771100011654,123.48993962546001
LIDC-IDRI-0980,2,3,4.333333333333333,1.0,6.0,3.6666666666666665,2.0,2.6666666666666665,3.6666666666666665,4.0,4.666666666666667,0.4714045207910317,15.290112118140248,841.466632500058,503.43093123225344
LIDC-IDRI-0978,0,1,5.0,1.0,6.0,3.0,3.0,3.0,1.0,5.0,4.0,0.0,29.744310171515924,4027.9225401878357,3194.6055368159614
LIDC-IDRI-0978,1,4,5.0,1.0,6.0,3.5,4.25,1.25,1.0,4.75,3.25,1.299038105676658,9.176392902077282,254.1940655708313,350.2438005437233
LIDC-IDRI-0978,2,1,5.0,1.0,6.0,4.0,4.0,1.0,1.0,5.0,4.0,0.0,11.457080194555358,223.28123188018864,375.9499089552291
LIDC-IDRI-0978,3,1,5.0,1.0,6.0,2.0,4.0,1.0,1.0,5.0,4.0,0.0,29.50504027159127,4180.714635372174,3715.2461910172915
LIDC-IDRI-0978,4,4,4.75,1.0,6.0,3.25,4.0,2.5,1.75,5.0,3.5,1.118033988749895,10.678874639040341,434.05950236320496,595.6923458008591
LIDC-IDRI-0977,0,1,4.0,1.0,6.0,4.0,2.0,3.0,3.0,5.0,3.0,0.0,7.969618426947434,106.4302353511448,113.35466220464573
LIDC-IDRI-0976,0,1,2.0,1.0,6.0,4.0,5.0,1.0,1.0,5.0,2.0,0.0,5.4759955359178125,37.48315888668003,83.16122880626267
LIDC-IDRI-0976,1,4,5.0,1.0,6.0,4.0,4.5,2.25,1.25,5.0,4.5,0.8660254037844386,27.17098891674744,5429.614712194898,3196.6359815876694
LIDC-IDRI-0976,2,1,4.0,1.0,6.0,3.0,5.0,1.0,1.0,5.0,2.0,0.0,8.023891675317156,115.20559128422974,204.65441957713838
LIDC-IDRI-0974,0,4,5.0,1.0,5.5,4.5,4.75,1.25,2.0,5.0,2.5,1.5,13.763821348207799,662.6558303833008,444.31841457415976
LIDC-IDRI-0974,1,3,4.666666666666667,1.0,6.0,4.666666666666667,5.0,1.0,1.0,5.0,3.0,0.0,5.87910013755398,126.85775756835938,126.0013293311747
LIDC-IDRI-0973,0,3,4.666666666666667,1.0,6.0,4.333333333333333,4.333333333333333,1.6666666666666667,1.3333333333333333,4.666666666666667,3.6666666666666665,0.9428090415820634,12.445651090125835,662.2283935546881,445.15730398729517
LIDC-IDRI-0973,1,3,4.666666666666667,1.0,5.666666666666667,4.333333333333333,4.666666666666667,1.3333333333333333,1.3333333333333333,4.666666666666667,2.6666666666666665,1.247219128924647,12.448055158372332,502.6409912109362,363.48140183353394
LIDC-IDRI-0973,2,3,3.6666666666666665,1.0,6.0,3.3333333333333335,4.333333333333333,1.3333333333333333,1.6666666666666667,4.666666666666667,3.0,0.0,8.668051682012473,152.4682617187502,150.2691726688039
LIDC-IDRI-0973,3,1,3.0,1.0,6.0,2.0,3.0,2.0,2.0,4.0,2.0,0.0,5.798117286024835,39.60021972656212,53.21800857694261
LIDC-IDRI-0972,0,1,3.0,1.0,6.0,3.0,3.0,1.0,3.0,3.0,3.0,0.0,4.6823263448845465,124.23701999941841,115.50511142786746
LIDC-IDRI-0972,1,1,2.0,1.0,6.0,2.0,3.0,1.0,3.0,3.0,3.0,0.0,5.755855453362254,119.85218400011945,108.42166778979208
LIDC-IDRI-0972,2,3,4.0,1.0,6.0,3.6666666666666665,2.3333333333333335,2.3333333333333335,1.6666666666666667,4.333333333333333,3.3333333333333335,0.4714045207910317,9.270169343672034,176.6114500007825,160.81123034218624
LIDC-IDRI-0971,0,1,2.0,1.0,6.0,3.0,4.0,1.0,1.0,4.0,3.0,0.0,8.173846891809992,203.20141154559678,197.90631235405957
LIDC-IDRI-0969,0,2,2.5,1.0,6.0,4.0,3.0,3.0,1.0,4.0,3.0,0.0,5.509852132586544,35.84043782845583,51.583471296243275
LIDC-IDRI-0969,1,3,2.3333333333333335,1.0,6.0,2.3333333333333335,3.0,2.0,2.3333333333333335,3.3333333333333335,3.0,0.0,7.112312313236845,55.042080537435446,71.79300690198126
LIDC-IDRI-0969,2,2,4.0,1.0,6.0,3.0,3.0,1.0,1.0,4.5,2.5,0.5,6.039143145325599,61.981483241106616,78.64015695525708
LIDC-IDRI-0968,0,1,3.0,1.0,6.0,3.0,3.0,2.0,1.0,5.0,2.0,0.0,6.30242296885256,54.907798767089844,77.36752046601454
LIDC-IDRI-0968,1,3,5.0,1.0,6.0,3.3333333333333335,4.0,3.0,3.3333333333333335,5.0,4.666666666666667,0.4714045207910317,31.11149093217661,4783.287048339844,1972.692989450901
LIDC-IDRI-0966,0,3,3.0,1.0,6.0,4.333333333333333,4.333333333333333,1.0,1.0,4.0,1.6666666666666667,0.4714045207910317,6.721576564228253,79.90842941884573,102.20095650456183
LIDC-IDRI-0966,1,4,3.5,1.0,6.0,4.5,2.5,1.25,1.0,2.0,3.5,1.118033988749895,9.332947350234749,202.57487808835867,207.02892572586353
LIDC-IDRI-0966,2,2,3.0,1.0,6.0,3.5,4.0,1.0,1.0,5.0,2.0,0.0,6.190206948119904,59.40560871284106,75.70695272456696
LIDC-IDRI-0965,0,4,4.75,1.0,6.0,2.75,2.75,2.5,2.25,3.75,4.0,0.7071067811865476,19.670389502237498,1490.510368347168,1487.7607010680745
LIDC-IDRI-0963,0,4,4.0,1.0,6.0,4.25,4.5,1.75,1.0,4.75,2.25,0.4330127018922193,6.174941645354144,44.96488708116203,96.83204277588743
LIDC-IDRI-0962,0,4,4.75,1.0,6.0,4.0,4.5,1.0,1.25,5.0,3.25,0.82915619758885,11.410794314278693,426.92780113220215,311.3136033086852
LIDC-IDRI-0962,1,1,3.0,1.0,6.0,5.0,3.0,1.0,3.0,5.0,2.0,0.0,17.58627632184153,510.3072395324707,559.8716333696813
LIDC-IDRI-0961,0,4,4.5,1.0,3.0,4.75,4.75,1.0,1.0,5.0,1.0,0.0,6.80934864100214,177.68505599992932,146.672041177905
LIDC-IDRI-0961,1,1,3.0,1.0,6.0,3.0,2.0,1.0,1.0,3.0,3.0,0.0,6.3567387865162415,68.91523200002848,67.43250891749076
LIDC-IDRI-0961,2,3,3.0,1.0,6.0,3.0,3.3333333333333335,1.0,1.0,4.333333333333333,1.6666666666666667,0.4714045207910317,9.725063929699774,215.0487359999388,184.485052526634
LIDC-IDRI-0961,3,1,1.0,1.0,6.0,4.0,2.0,1.0,1.0,4.0,3.0,0.0,9.410938316661094,188.4790079999948,173.61376347533442
LIDC-IDRI-0961,4,2,4.0,1.0,6.0,2.5,3.0,1.5,1.0,4.0,2.5,0.5,12.993401402250294,435.4944479999249,302.7737463698098
LIDC-IDRI-0961,5,1,3.0,1.0,6.0,3.0,2.0,1.0,1.0,3.0,3.0,0.0,6.135181170919077,92.16374399978667,89.04061418106217
LIDC-IDRI-0961,6,2,1.5,1.0,6.0,4.0,2.0,1.0,1.0,2.5,2.5,0.5,6.3567387865162415,106.27891200006707,98.33891180176602
LIDC-IDRI-0961,7,1,5.0,1.0,5.0,4.0,5.0,1.0,1.0,5.0,1.0,0.0,8.318172876299215,178.51536000004853,165.24417502151573
LIDC-IDRI-0961,8,2,2.0,1.0,6.0,4.0,3.0,2.0,1.0,3.0,2.0,1.0,7.110938913554046,151.53048000036506,130.2972823386075
LIDC-IDRI-0961,9,3,2.3333333333333335,1.0,5.0,4.666666666666667,3.6666666666666665,1.0,1.0,4.333333333333333,2.3333333333333335,0.9428090415820634,7.470903725779529,252.41241599991918,192.9129022006109
LIDC-IDRI-0959,0,2,3.0,1.0,6.0,3.5,4.5,1.0,1.0,5.0,2.5,0.5,6.355840642784386,78.8248782471419,85.16905035062706
LIDC-IDRI-0958,0,1,5.0,1.0,6.0,3.0,4.0,1.0,1.0,5.0,3.0,0.0,11.573224017539635,492.0381774902344,365.04334867268614
LIDC-IDRI-0957,0,3,3.0,1.0,6.0,3.6666666666666665,3.6666666666666665,1.3333333333333333,2.3333333333333335,4.333333333333333,2.6666666666666665,0.4714045207910317,6.46973965932764,166.50054931640625,140.37134888080695
LIDC-IDRI-0957,1,3,3.6666666666666665,1.0,6.0,3.6666666666666665,4.0,1.3333333333333333,2.3333333333333335,5.0,2.3333333333333335,0.4714045207910317,6.424009322990698,153.5394287109375,130.0518757039673
LIDC-IDRI-0956,0,4,1.75,1.0,6.0,4.0,3.25,1.5,1.5,1.25,3.25,0.4330127018922193,6.320932276149331,48.830676855104684,62.239424508270446
LIDC-IDRI-0956,1,4,4.0,1.0,3.0,3.75,5.0,1.5,2.0,5.0,1.0,0.0,6.358678281698299,77.32638691022657,87.77107280771017
LIDC-IDRI-0956,2,4,4.25,1.0,3.0,4.5,5.0,1.0,2.25,5.0,1.0,0.0,7.315262847370913,138.264395971878,130.36999261302537
LIDC-IDRI-0955,0,2,3.0,1.0,6.0,2.5,4.0,1.0,1.0,5.0,2.5,0.5,6.941745667131813,43.45186019900666,103.00188589813389
LIDC-IDRI-0953,0,3,3.3333333333333335,1.0,6.0,4.333333333333333,3.0,2.3333333333333335,1.0,3.0,3.3333333333333335,0.4714045207910317,7.772042131571836,102.31750784309043,193.46631570553123
LIDC-IDRI-0951,0,4,5.0,1.0,3.75,4.25,5.0,1.25,1.0,5.0,1.75,1.299038105676658,18.770971697822816,2177.2869534492493,986.5506258143014
LIDC-IDRI-0951,1,1,5.0,1.0,6.0,5.0,5.0,1.0,1.0,5.0,2.0,0.0,3.271066904333654,11.991243362426758,16.79153508728525
LIDC-IDRI-0951,2,2,4.5,1.0,4.5,4.0,5.0,1.0,1.0,5.0,1.5,0.5,4.438970152269214,27.579859733581543,39.76238208961571
LIDC-IDRI-0951,3,1,5.0,1.0,3.0,3.0,5.0,1.0,1.0,5.0,1.0,0.0,6.542133808667308,52.57699012756348,69.67509065443966
LIDC-IDRI-0951,4,1,5.0,1.0,3.0,4.0,5.0,1.0,1.0,5.0,1.0,0.0,4.625987179538429,24.166967391967773,35.89625813325371
LIDC-IDRI-0950,0,1,2.0,1.0,6.0,4.0,1.0,2.0,1.0,1.0,3.0,0.0,5.668774979272418,35.533905029296875,46.33121597409216
LIDC-IDRI-0950,1,1,1.0,1.0,6.0,4.0,1.0,2.0,1.0,1.0,2.0,0.0,6.048509953389347,39.859771728515625,55.57253402260079
LIDC-IDRI-0949,0,4,5.0,1.0,6.0,4.25,4.5,2.75,2.75,4.75,3.0,0.0,17.9386925715663,2031.5762444999928,918.9786026343845
LIDC-IDRI-0949,1,3,4.0,1.0,6.0,3.0,3.3333333333333335,1.0,4.0,4.333333333333333,2.6666666666666665,1.247219128924647,12.141655856845077,351.09723000004306,288.53798321172957
LIDC-IDRI-0949,2,1,1.0,1.0,6.0,4.0,1.0,1.0,1.0,1.0,1.0,0.0,11.00430334005748,188.0256240000017,178.58738942490237
LIDC-IDRI-0947,0,1,3.0,1.0,6.0,2.0,1.0,3.0,3.0,1.0,3.0,0.0,6.007502633426389,50.51994323730469,108.41613990594925
LIDC-IDRI-0947,1,1,4.0,1.0,6.0,3.0,4.0,2.0,2.0,4.0,3.0,0.0,4.099888051063102,12.668609619140625,32.97931749361321
LIDC-IDRI-0947,2,3,4.0,1.0,6.0,2.3333333333333335,2.3333333333333335,2.0,2.0,2.0,3.0,0.816496580927726,11.427561537030963,259.552001953125,379.84649224623246
LIDC-IDRI-0947,3,1,3.0,1.0,6.0,4.0,5.0,1.0,1.0,5.0,2.0,0.0,5.798117286024835,32.90748596191406,74.69450082383821
LIDC-IDRI-0947,4,2,3.0,1.0,6.0,3.0,2.0,2.0,1.5,1.5,2.5,0.5,9.588326762048867,189.33391571044922,290.8836837262011
LIDC-IDRI-0947,5,1,4.0,1.0,6.0,2.0,1.0,4.0,1.0,1.0,3.0,0.0,11.973787288542,241.1670684814453,432.8755400570083
LIDC-IDRI-0947,6,1,3.0,1.0,6.0,2.0,2.0,2.0,2.0,2.0,3.0,0.0,6.007502633426389,62.41607666015625,125.13223344581144
LIDC-IDRI-0946,0,4,4.75,1.0,4.5,4.75,4.0,1.25,1.25,4.75,2.0,1.0,12.480773428874327,740.7960205078125,455.6158220329148
LIDC-IDRI-0945,0,1,5.0,1.0,6.0,2.0,3.0,2.0,2.0,5.0,3.0,0.0,17.316480762556814,1302.7723334985785,784.4927644875698
LIDC-IDRI-0944,0,4,4.75,1.0,3.0,5.0,4.75,1.0,1.0,5.0,1.0,0.0,7.297835756490966,199.1261444091797,164.41254025141745
LIDC-IDRI-0944,1,3,4.0,1.0,6.0,3.3333333333333335,3.0,1.3333333333333333,2.3333333333333335,3.0,3.0,0.816496580927726,7.468181723710668,150.46356201171875,139.65094086355245
LIDC-IDRI-0943,0,1,3.0,1.0,6.0,4.0,5.0,1.0,1.0,5.0,3.0,0.0,6.670429439417675,50.51994323730469,117.45177212602874
LIDC-IDRI-0942,0,7,5.0,1.0,6.0,4.0,3.5714285714285716,2.5714285714285716,2.5714285714285716,4.428571428571429,4.285714285714286,0.880630571852711,27.537857563089087,2767.864445277623,1518.8543054992622
LIDC-IDRI-0942,1,4,4.75,1.0,6.0,4.25,4.5,2.5,1.75,5.0,4.5,0.8660254037844386,15.343845105208636,846.9200134277344,504.1392977223281
LIDC-IDRI-0942,2,1,4.0,1.0,3.0,4.0,4.0,1.0,4.0,5.0,1.0,0.0,7.748664987082049,48.198699951171875,68.93250265327146
LIDC-IDRI-0942,3,2,4.5,1.0,3.0,2.0,4.5,1.0,2.0,5.0,1.0,0.0,11.460867559185559,341.1090850830078,302.06599200262303
LIDC-IDRI-0941,0,4,3.75,1.0,6.0,3.5,4.0,1.75,1.75,5.0,3.25,1.0897247358851685,10.775097659526638,163.14697265625,261.96955992981435
LIDC-IDRI-0940,0,4,4.25,1.0,6.0,3.5,2.5,3.5,2.0,2.75,4.5,0.8660254037844386,14.657480563087459,513.18359375,652.4205847409245
LIDC-IDRI-0940,1,1,3.0,1.0,6.0,3.0,2.0,1.0,2.0,1.0,2.0,0.0,17.67766952966369,538.3300781250003,907.951025339325
LIDC-IDRI-0939,0,1,4.0,1.0,6.0,3.0,5.0,1.0,1.0,5.0,2.0,0.0,5.668774979272418,24.410247802734375,58.69725977571687
LIDC-IDRI-0939,1,1,4.0,1.0,6.0,4.0,5.0,1.0,1.0,5.0,2.0,0.0,6.482492196534062,43.567657470703125,98.05964839839952
LIDC-IDRI-0939,2,4,4.75,1.0,6.0,3.75,4.75,2.5,1.5,5.0,3.75,1.299038105676658,17.490373947352502,1314.0206336975098,1242.0766868300152
LIDC-IDRI-0938,0,4,4.25,1.0,6.0,3.5,2.25,3.0,1.25,1.75,4.5,0.8660254037844386,14.761410674214012,705.7781679954496,459.5826830920883
LIDC-IDRI-0936,0,4,3.75,1.75,6.0,3.0,2.5,2.75,2.25,2.25,4.0,1.224744871391589,16.70914171960789,640.8344715278872,496.90102863579887
LIDC-IDRI-0936,1,4,4.0,1.0,6.0,3.0,1.75,2.0,1.5,1.5,4.25,0.82915619758885,18.24785973906388,998.6417647712074,753.3184645993372
LIDC-IDRI-0935,0,4,5.0,1.0,3.0,4.5,5.0,1.25,1.0,5.0,1.0,0.0,10.864671911818965,716.4819717407227,446.25822918698054
LIDC-IDRI-0935,1,1,5.0,1.0,6.0,2.0,3.0,1.0,1.0,4.0,2.0,0.0,21.49923580497116,706.2659740447998,534.63302610577
LIDC-IDRI-0935,2,1,4.0,1.0,6.0,3.0,4.0,1.0,1.0,5.0,3.0,0.0,5.796488705331457,52.442121505737305,54.94348817329154
LIDC-IDRI-0935,3,1,4.0,1.0,6.0,3.0,2.0,5.0,2.0,3.0,2.0,0.0,12.147609277686293,249.9514102935791,224.63999880276145
LIDC-IDRI-0935,4,2,4.5,1.0,6.0,5.0,5.0,1.0,1.5,5.0,3.0,0.0,5.1972440036238705,41.88559055328369,46.74117670957203
LIDC-IDRI-0935,5,1,5.0,1.0,6.0,5.0,5.0,1.0,1.0,5.0,2.0,0.0,5.796488705331457,104.88424301147461,100.80840106993071
LIDC-IDRI-0933,0,1,4.0,1.0,6.0,3.0,5.0,1.0,1.0,4.0,3.0,0.0,5.673752487124923,41.275634765624396,53.08514303886322
LIDC-IDRI-0933,1,1,4.0,1.0,6.0,4.0,5.0,1.0,1.0,5.0,3.0,0.0,7.182934181588416,92.07641601562558,107.36948389750339
LIDC-IDRI-0933,2,2,3.5,1.0,6.0,4.0,3.0,2.5,1.0,3.0,3.0,1.0,9.560659558916887,128.98635864257892,152.41421185297668
LIDC-IDRI-0933,3,3,4.0,1.0,6.0,4.0,3.6666666666666665,1.3333333333333333,1.3333333333333333,4.333333333333333,2.6666666666666665,0.4714045207910317,6.5774508582364435,75.53970336914081,90.64651075061961
LIDC-IDRI-0933,4,3,4.666666666666667,1.0,3.0,3.0,4.666666666666667,1.3333333333333333,1.0,5.0,1.0,0.0,8.548675344354857,161.00143432617224,161.78586568236315
LIDC-IDRI-0933,5,3,5.0,1.0,3.0,2.6666666666666665,4.666666666666667,2.3333333333333335,1.3333333333333333,5.0,1.0,0.0,19.05474073285969,921.0287475585943,715.031822245427
LIDC-IDRI-0932,0,2,4.5,1.0,5.0,4.0,5.0,1.0,1.0,5.0,2.0,0.0,7.197463485480034,128.198604583737,126.41953612430947
LIDC-IDRI-0929,0,4,4.75,1.0,3.0,4.5,5.0,1.0,1.0,5.0,1.0,0.0,6.409325674744974,104.20703887939453,100.30007110342358
LIDC-IDRI-0928,0,4,3.25,1.0,6.0,4.25,4.0,1.5,1.25,4.75,3.25,0.4330127018922193,5.632336260488383,49.03177495732052,60.94559738704816
LIDC-IDRI-0928,1,2,4.5,1.0,6.0,3.5,3.5,1.5,1.5,4.0,3.5,0.5,5.177548902253891,29.785657684342368,43.713517737561354
LIDC-IDRI-0926,0,4,4.0,1.0,6.0,4.5,4.5,1.25,1.25,4.75,2.75,0.4330127018922193,8.845422970933669,321.046875,232.51978562697255
LIDC-IDRI-0925,0,4,4.75,1.0,6.0,3.75,3.75,1.75,3.0,4.75,4.5,0.5,17.105905967796463,911.3073348999023,616.673368250337
LIDC-IDRI-0924,0,3,3.6666666666666665,1.0,6.0,3.3333333333333335,3.0,3.0,2.0,4.333333333333333,3.0,0.816496580927726,9.038307801120933,212.5973040262858,334.32127243834947
LIDC-IDRI-0924,1,1,2.0,1.0,6.0,4.0,3.0,4.0,3.0,4.0,1.0,0.0,8.123537372107988,221.07272911071777,363.3158391737903
LIDC-IDRI-0923,0,4,4.5,1.0,6.0,4.0,4.75,1.25,1.25,4.75,2.75,0.82915619758885,9.365094402452268,153.85845870971696,163.37198010864316
LIDC-IDRI-0922,0,2,2.5,1.0,6.0,4.5,4.0,1.5,1.0,5.0,3.5,0.5,7.894804468258139,117.0654296875,201.704971552591
LIDC-IDRI-0922,1,1,4.0,1.0,6.0,4.0,5.0,1.0,1.0,5.0,4.0,0.0,6.5251915680690935,36.4990234375,87.35190026752534
LIDC-IDRI-0921,0,4,4.5,1.0,5.25,3.5,4.0,2.25,1.5,5.0,3.25,1.479019945774904,15.718601734930624,521.8586196899414,684.1297750459019
LIDC-IDRI-0921,1,2,4.0,1.0,6.0,2.5,3.5,1.5,3.0,5.0,2.0,1.0,12.027368859482472,314.02757263183594,506.86890522660576
LIDC-IDRI-0921,2,1,4.0,1.0,6.0,2.0,4.0,1.0,4.0,5.0,1.0,0.0,10.95963162659334,167.69696044921875,317.47443890356556
LIDC-IDRI-0921,3,3,5.0,1.0,5.0,4.333333333333333,3.6666666666666665,3.6666666666666665,3.0,5.0,3.6666666666666665,1.8856180831641267,31.73968306589769,4833.568450927734,4681.21631288306
LIDC-IDRI-0921,4,4,4.75,1.0,6.0,2.75,3.75,2.75,3.25,5.0,4.5,0.5,17.560138565510538,721.4318618774414,948.9005384316388
LIDC-IDRI-0920,0,2,4.0,1.0,6.0,4.0,1.5,2.0,1.0,3.0,3.5,0.5,18.06427613726182,1598.2774355176866,1541.9253451587365
LIDC-IDRI-0919,0,4,4.5,1.0,6.0,3.25,3.0,3.0,2.5,5.0,4.25,0.82915619758885,15.511176922369103,909.5126706293559,683.9107177455865
LIDC-IDRI-0917,0,3,3.0,1.0,6.0,4.333333333333333,5.0,1.0,1.0,5.0,3.0,0.816496580927726,7.264618549470913,103.58596801757751,114.5581442202548
LIDC-IDRI-0917,1,1,2.0,1.0,6.0,3.0,4.0,1.0,2.0,5.0,2.0,0.0,6.83694189049918,98.82339477539125,118.01916745848848
LIDC-IDRI-0917,2,3,3.6666666666666665,1.0,6.0,4.333333333333333,4.0,1.0,1.0,4.333333333333333,2.6666666666666665,0.4714045207910317,6.498625243703683,72.49694824218797,84.89593215222688
LIDC-IDRI-0917,3,1,3.0,1.0,6.0,4.0,5.0,1.0,1.0,5.0,2.0,0.0,6.299850026116693,87.31384277343756,108.6351560272209
LIDC-IDRI-0916,0,4,3.5,1.0,6.0,3.75,3.5,1.5,1.5,4.5,3.0,0.0,6.626802931128417,107.07505314339942,111.43699157373615
LIDC-IDRI-0916,1,3,3.0,1.0,6.0,3.6666666666666665,4.333333333333333,1.3333333333333333,1.3333333333333333,5.0,1.6666666666666667,0.4714045207910317,5.242753207869197,47.956394458014984,56.99839253927812
LIDC-IDRI-0916,2,3,3.0,1.0,6.0,3.6666666666666665,4.0,1.3333333333333333,1.3333333333333333,4.0,2.3333333333333335,0.4714045207910317,5.477596333537363,72.5776850993255,77.50876831655881
LIDC-IDRI-0916,3,4,4.75,1.0,6.0,4.0,4.5,1.25,1.25,4.5,3.25,0.4330127018922193,7.5763527936264,135.87645096427877,124.81310675514096
LIDC-IDRI-0916,4,4,2.75,1.0,6.0,3.75,3.5,1.5,1.5,4.25,2.75,0.4330127018922193,5.078921158506714,41.203913629178714,50.02927368684126
LIDC-IDRI-0916,5,1,2.0,1.0,6.0,4.0,2.0,1.0,1.0,1.0,2.0,0.0,5.057345520226201,66.69797390146414,74.17314170315449
LIDC-IDRI-0916,6,2,2.5,1.0,6.0,4.5,3.5,1.0,1.0,3.5,2.0,0.0,5.738094068124738,76.34437508550036,82.7678980988191
LIDC-IDRI-0916,7,3,3.0,1.0,6.0,2.6666666666666665,4.0,1.3333333333333333,1.3333333333333333,4.666666666666667,1.6666666666666667,0.4714045207910317,7.098585293498118,90.40055966801447,106.99610297192123
LIDC-IDRI-0916,8,1,4.0,1.0,6.0,3.0,4.0,2.0,2.0,5.0,2.0,0.0,4.454663319823392,28.112369165137352,37.79587919719598
LIDC-IDRI-0915,0,4,3.5,1.0,6.0,2.5,4.0,4.75,5.0,4.75,3.0,0.7071067811865476,10.1348083308786,122.59197235107422,131.27388601357887
LIDC-IDRI-0914,0,4,3.75,1.0,3.75,4.5,5.0,1.0,1.0,5.0,1.0,0.0,5.106706296008797,38.78480854802319,50.05076128248291
LIDC-IDRI-0913,0,3,3.6666666666666665,1.0,6.0,2.6666666666666665,3.6666666666666665,2.0,1.3333333333333333,5.0,2.3333333333333335,1.247219128924647,7.430716524289672,78.7693977355957,175.01830717260873
LIDC-IDRI-0913,1,1,4.0,1.0,6.0,4.0,4.0,2.0,1.0,5.0,3.0,0.0,5.704094791261389,75.71039199829102,200.98238416560127
LIDC-IDRI-0913,2,3,5.0,2.0,6.0,4.666666666666667,4.0,1.3333333333333333,1.3333333333333333,4.333333333333333,4.666666666666667,0.4714045207910317,15.46999318597917,1097.4878311157227,1081.4264267239612
LIDC-IDRI-0912,0,4,3.75,1.0,3.75,4.5,5.0,1.0,1.25,5.0,1.5,0.8660254037844386,6.1127166400511825,67.86942481994629,120.6122715253853
LIDC-IDRI-0912,1,3,3.6666666666666665,1.0,6.0,4.333333333333333,4.666666666666667,1.0,1.0,5.0,2.6666666666666665,0.4714045207910317,5.8194511149847825,63.850084940592446,116.22139889458492
LIDC-IDRI-0912,2,4,4.5,1.0,6.0,4.5,4.75,1.25,1.0,5.0,3.5,0.5,11.061042790848532,468.36793422698975,504.06176406930445
LIDC-IDRI-0912,3,1,5.0,1.0,6.0,5.0,5.0,1.0,1.0,4.0,3.0,0.0,4.840145615838384,43.75338554382324,82.82098398982978
LIDC-IDRI-0912,4,4,4.0,1.0,6.0,4.75,4.75,1.25,1.0,4.75,3.5,0.8660254037844386,13.166368482687357,755.0904154777527,697.5781833071817
LIDC-IDRI-0912,5,4,3.5,1.0,6.0,4.75,4.75,1.25,1.25,4.75,2.5,0.5,6.430335603461262,86.98999881744385,150.59881496874664
LIDC-IDRI-0912,6,1,5.0,1.0,6.0,2.0,4.0,1.0,1.0,5.0,4.0,0.0,27.101764765072915,6093.434095382684,4591.762506868064
LIDC-IDRI-0911,0,4,5.0,1.0,5.5,5.0,4.75,1.25,1.75,4.75,2.0,1.0,16.303979759894098,1600.261688232423,798.7918781682363
LIDC-IDRI-0911,1,1,2.0,1.0,6.0,4.0,1.0,3.0,2.0,1.0,4.0,0.0,7.341775831723633,103.82080078124983,115.81463924816778
LIDC-IDRI-0910,0,4,5.0,1.0,6.0,4.25,2.0,2.25,2.5,1.75,3.5,1.118033988749895,33.368269995181315,7509.146334374644,2811.950979400638
LIDC-IDRI-0910,1,4,5.0,1.0,6.0,4.25,4.0,3.0,3.25,5.0,4.5,0.8660254037844386,15.331819207973542,1373.440293751104,760.6626149688475
LIDC-IDRI-0909,0,1,4.0,1.0,6.0,2.0,4.0,2.0,1.0,4.0,2.0,0.0,10.891426601599811,129.67519306037502,259.3671975518218
LIDC-IDRI-0909,1,2,3.0,1.0,6.0,3.5,2.5,1.0,1.0,1.0,3.0,0.0,16.846799303876743,126.50566124280886,246.1760915396908
LIDC-IDRI-0908,0,4,2.5,1.0,6.0,3.5,3.0,1.5,1.0,2.5,2.5,0.8660254037844386,8.304337325771998,65.52662518610305,129.64667343760655
LIDC-IDRI-0907,0,3,3.0,1.0,6.0,3.6666666666666665,4.333333333333333,2.0,1.0,5.0,2.6666666666666665,0.4714045207910317,6.566253145398124,56.00461981208961,66.25943619743298
LIDC-IDRI-0907,1,1,3.0,1.0,6.0,4.0,5.0,1.0,1.0,5.0,3.0,0.0,5.975418591511059,46.134073791563424,58.276153688951
LIDC-IDRI-0907,2,3,3.3333333333333335,1.0,6.0,3.6666666666666665,4.666666666666667,1.3333333333333333,1.3333333333333333,5.0,2.6666666666666665,0.4714045207910317,5.374549450795423,49.85340997318417,63.329606231219024
LIDC-IDRI-0906,0,1,4.0,1.0,6.0,4.0,3.0,1.0,1.0,3.0,1.0,0.0,24.064408837235845,2244.099974210607,1964.9324864393634
LIDC-IDRI-0906,1,3,3.0,1.0,6.0,4.333333333333333,4.666666666666667,1.0,1.0,5.0,2.0,0.816496580927726,5.107378024995928,46.942483725618025,66.49415435381378
LIDC-IDRI-0906,2,1,4.0,1.0,6.0,2.0,3.0,3.0,1.0,4.0,1.0,0.0,11.256249998916392,285.8091044537723,330.1425640130528
LIDC-IDRI-0906,3,4,3.25,1.0,6.0,4.0,3.75,1.25,1.5,4.0,2.5,1.118033988749895,5.992542979644065,65.87006704195664,87.97695182482776
LIDC-IDRI-0905,0,4,4.25,1.0,6.0,3.5,4.0,2.25,2.75,5.0,4.0,0.7071067811865476,13.820808183129774,719.4557189941406,864.2000584776215
LIDC-IDRI-0904,0,4,4.0,1.0,6.0,3.75,3.25,2.0,2.0,4.5,3.0,0.7071067811865476,11.601770393671213,612.7643520001438,419.7655858754375
LIDC-IDRI-0904,1,1,4.0,1.0,6.0,2.0,2.0,2.0,1.0,3.0,3.0,0.0,7.589620543874369,170.004743999918,160.05679347046288
LIDC-IDRI-0904,2,3,4.333333333333333,1.0,6.0,3.3333333333333335,3.0,2.6666666666666665,4.0,4.0,3.6666666666666665,0.4714045207910317,11.709594402097975,401.65955999982543,337.16040483991105
LIDC-IDRI-0904,3,3,2.6666666666666665,1.0,6.0,3.6666666666666665,3.0,2.0,1.3333333333333333,3.6666666666666665,3.0,0.0,6.260704854476266,111.0012660001521,111.53913838614994
LIDC-IDRI-0902,0,4,4.0,1.0,4.5,3.75,4.25,1.25,1.0,5.0,1.5,0.5,11.774629083233677,384.9635124206543,525.2865489732671
LIDC-IDRI-0902,1,1,3.0,1.0,6.0,5.0,5.0,1.0,1.0,5.0,2.0,0.0,4.9718445552179125,25.028228759765625,63.62694654804878
LIDC-IDRI-0902,2,3,4.0,1.0,6.0,3.6666666666666665,4.333333333333333,2.0,1.0,5.0,2.6666666666666665,0.4714045207910317,13.940932120746815,268.61572265625,424.9556229938533
LIDC-IDRI-0899,0,1,2.0,1.0,6.0,5.0,2.0,5.0,4.0,1.0,1.0,0.0,2.878156861505987,12.744287568348227,13.761003128520027
LIDC-IDRI-0899,1,2,2.5,1.0,6.0,3.0,2.0,5.0,5.0,2.0,2.0,1.0,8.838704168275981,110.51686875684027,121.29710885795075
LIDC-IDRI-0898,0,2,2.5,1.0,6.0,3.0,4.5,1.0,1.0,5.0,2.0,1.0,6.806909265405293,96.93039321899414,103.73820947774266
LIDC-IDRI-0898,1,1,4.0,1.0,6.0,5.0,5.0,1.0,1.0,5.0,3.0,0.0,4.919761761115351,30.82592010498047,42.04043651795865
LIDC-IDRI-0898,2,4,4.25,1.0,6.0,3.75,3.75,1.25,1.75,4.75,3.5,1.118033988749895,7.697352611528833,85.34213066101074,104.07074169781845
LIDC-IDRI-0896,0,4,4.5,1.0,6.0,4.25,4.5,3.5,1.25,4.75,3.5,0.5,12.846423396982944,609.3018436431882,446.74537010667655
LIDC-IDRI-0896,1,3,2.6666666666666665,1.0,6.0,4.333333333333333,2.6666666666666665,3.3333333333333335,1.6666666666666667,2.0,3.0,0.0,7.48921016548062,119.82479095458966,140.21480621400846
LIDC-IDRI-0895,0,1,4.0,1.0,6.0,4.0,4.0,1.0,1.0,5.0,3.0,0.0,8.687087817337188,79.87223896489013,158.1253764578188
LIDC-IDRI-0895,1,1,3.0,1.0,6.0,5.0,5.0,1.0,1.0,5.0,2.0,0.0,6.120239036131885,84.17570011610223,147.77998224516088
LIDC-IDRI-0895,2,4,4.25,1.0,6.0,3.5,3.75,3.0,2.75,4.5,4.5,0.5,13.097573928109876,152.08431708078933,251.5960106433556
LIDC-IDRI-0894,0,2,3.0,1.0,6.0,4.0,4.5,1.0,1.0,5.0,2.5,0.5,6.424779935893467,63.0340576171875,72.00914931776978
LIDC-IDRI-0894,1,2,3.5,1.0,6.0,2.5,4.0,1.5,1.5,4.5,2.5,0.5,12.090090541069173,259.08851623535156,225.00049349424697
LIDC-IDRI-0894,2,4,2.25,1.0,6.0,4.25,3.5,1.25,1.25,3.75,3.0,0.0,5.700657694319967,31.671524047851562,46.43273537767938
LIDC-IDRI-0894,3,1,4.0,1.0,6.0,4.0,5.0,1.0,1.0,5.0,2.0,0.0,6.670429439417675,63.961029052734375,71.30851561106314
LIDC-IDRI-0894,4,4,3.75,1.0,6.0,3.5,4.0,1.5,1.0,4.75,3.25,0.4330127018922193,8.692052031885469,145.30277252197266,136.7993043434826
LIDC-IDRI-0893,0,2,4.0,1.0,6.0,3.5,1.5,1.5,2.5,5.0,3.5,0.5,17.09032437493712,506.0103006362915,475.11386379459424
LIDC-IDRI-0893,1,4,5.0,1.0,6.0,3.75,4.5,1.75,1.5,5.0,4.25,0.82915619758885,24.621061806785875,2997.9767746925354,1306.3993925860418
LIDC-IDRI-0893,2,3,4.333333333333333,1.0,6.0,5.0,5.0,1.0,1.0,5.0,2.3333333333333335,0.4714045207910317,5.946427862759021,59.32862091064453,67.25256213952981
LIDC-IDRI-0892,0,4,4.75,1.0,5.75,4.25,4.5,1.75,2.0,5.0,3.0,1.224744871391589,17.96696095889394,2387.4048000000403,1014.4601427046429
LIDC-IDRI-0892,1,4,5.0,1.0,5.75,3.75,4.75,2.25,1.5,5.0,3.5,1.6583123951777,20.647922940027694,3023.308800000217,1202.5387725880728
LIDC-IDRI-0892,2,4,4.75,1.0,5.75,4.25,4.75,1.5,1.75,5.0,3.25,1.479019945774904,15.927561884843884,1848.7295999998605,837.9285855224061
LIDC-IDRI-0892,3,4,3.0,1.0,5.25,3.0,4.75,1.25,1.25,5.0,2.0,0.7071067811865476,8.440515247033112,196.1471999999194,172.1848314532166
LIDC-IDRI-0890,0,2,2.0,1.0,6.0,2.5,4.5,1.5,2.5,5.0,2.5,0.5,6.6451572087576345,86.66890837672327,92.72862802771206
LIDC-IDRI-0890,1,1,2.0,1.0,6.0,4.0,5.0,2.0,1.0,5.0,3.0,0.0,6.550981520865401,41.23897768004099,54.90555991992434
LIDC-IDRI-0890,2,4,5.0,1.0,6.0,3.5,4.25,2.25,2.25,5.0,4.75,0.4330127018922193,26.84485833376783,3441.862074151082,1829.8893054181358
LIDC-IDRI-0888,0,3,4.666666666666667,1.0,6.0,3.3333333333333335,3.6666666666666665,2.0,2.3333333333333335,4.333333333333333,3.6666666666666665,0.9428090415820634,13.83148154816796,558.1006673177084,690.2321084872962
LIDC-IDRI-0886,0,2,4.0,1.0,6.0,3.0,2.0,1.0,1.0,1.5,1.5,0.5,8.994970635886741,275.90625,220.0147630855009
LIDC-IDRI-0886,1,4,4.25,1.0,6.0,3.5,4.25,1.25,1.0,5.0,2.75,1.299038105676658,8.520507979524401,131.203125,118.3737960747577
LIDC-IDRI-0886,2,4,4.5,1.0,6.0,3.75,3.25,1.75,2.25,3.75,4.0,0.7071067811865476,16.253681132037872,1159.3125,631.5926942923168
LIDC-IDRI-0884,0,1,1.0,1.0,6.0,5.0,2.0,1.0,1.0,5.0,2.0,0.0,5.673748215123035,36.93193596191122,48.97773634331699
LIDC-IDRI-0884,1,4,5.0,1.0,6.0,3.75,3.5,4.0,3.75,4.75,5.0,0.0,21.30152168055806,3167.9470517200934,1502.4986905787969
LIDC-IDRI-0883,0,1,1.0,1.0,6.0,5.0,2.0,1.0,1.0,1.0,2.0,0.0,9.265734512685452,180.42379760742188,295.8472643336481
LIDC-IDRI-0883,1,1,1.0,1.0,6.0,5.0,2.0,1.0,1.0,1.0,2.0,0.0,8.165681844484975,107.86205291748047,193.04917767503517
LIDC-IDRI-0883,2,1,5.0,1.0,3.0,5.0,5.0,1.0,1.0,5.0,1.0,0.0,12.52558416957319,369.34581756591797,486.5926424275963
LIDC-IDRI-0882,0,4,3.0,1.0,6.0,4.75,4.5,1.0,1.0,4.75,2.75,0.4330127018922193,9.187814863731361,211.06565431960917,184.0294525194887
LIDC-IDRI-0882,1,1,1.0,1.0,6.0,5.0,2.0,1.0,1.0,1.0,2.0,0.0,10.766328501993861,126.16230823274236,159.1403601196618
LIDC-IDRI-0880,0,1,4.0,1.0,6.0,4.0,5.0,1.0,1.0,5.0,3.0,0.0,6.752490462654801,64.36522301424702,78.27331876907712
LIDC-IDRI-0880,1,1,3.0,1.0,6.0,3.0,4.0,1.0,1.0,3.0,4.0,0.0,6.393691162211078,52.81878987807431,68.84858858962177
LIDC-IDRI-0880,2,4,3.5,1.0,6.0,2.75,3.75,1.25,1.0,4.75,2.5,0.5,10.220951047741233,151.7618951031909,151.286797728426
LIDC-IDRI-0880,3,1,3.0,1.0,6.0,4.0,5.0,1.0,1.0,5.0,3.0,0.0,5.947798397626636,48.88808923599754,61.09325635738674
LIDC-IDRI-0879,0,4,5.0,1.0,3.75,3.75,4.75,1.75,2.0,5.0,1.75,1.299038105676658,18.47212216988494,1004.2190551757812,587.1489051548969
LIDC-IDRI-0879,1,1,3.0,1.0,3.0,2.0,5.0,1.0,3.0,5.0,1.0,0.0,7.202769107260068,103.3782958984375,101.6073874482254
LIDC-IDRI-0879,2,2,1.5,1.0,6.0,5.0,4.5,1.0,1.0,5.0,2.5,0.5,6.12423080240721,79.91790771484375,78.31929825900308
LIDC-IDRI-0879,3,1,2.0,1.0,6.0,3.0,4.0,1.0,1.0,5.0,1.0,0.0,6.2986388658582415,35.4766845703125,46.18540025048521
LIDC-IDRI-0879,4,2,3.0,1.0,6.0,4.0,4.0,1.5,1.0,4.5,2.5,0.5,8.061853725037547,80.29937744140625,94.7154638538538
LIDC-IDRI-0879,5,1,2.0,1.0,6.0,4.0,4.0,1.0,1.0,5.0,2.0,0.0,5.949822738956178,83.160400390625,87.68350426031861
LIDC-IDRI-0879,6,1,2.0,1.0,6.0,3.0,3.0,3.0,1.0,5.0,1.0,0.0,6.442352540027595,48.4466552734375,60.917736598036726
LIDC-IDRI-0879,7,4,3.75,1.0,5.25,3.25,4.0,1.25,1.25,5.0,2.25,0.82915619758885,12.957043933528755,248.71826171875,216.71891075891324
LIDC-IDRI-0875,0,1,3.0,1.0,6.0,2.0,3.0,1.0,1.0,5.0,4.0,0.0,11.492168911439759,333.0750503540039,289.92038072173096
LIDC-IDRI-0875,1,4,5.0,1.0,6.0,4.0,3.25,2.25,2.0,5.0,4.25,1.299038105676658,17.208263002077402,1395.6023082733154,765.8571888708193
LIDC-IDRI-0874,0,4,4.25,1.0,6.0,4.0,4.25,2.0,1.75,5.0,3.0,1.224744871391589,16.060387975436253,1186.1283798818295,1345.0303055658867
LIDC-IDRI-0874,1,1,3.0,1.0,6.0,3.0,5.0,1.0,1.0,5.0,2.0,0.0,8.859692121751864,132.01789049077888,237.1236352070249
LIDC-IDRI-0874,2,2,4.0,1.0,4.5,4.0,5.0,1.0,1.0,5.0,1.5,0.5,4.413975316784621,30.868483789074617,74.64067664854656
LIDC-IDRI-0874,3,2,5.0,1.0,3.0,4.5,5.0,1.0,1.0,5.0,1.0,0.0,4.575145376553213,28.112369165064592,70.00963184806719
LIDC-IDRI-0873,0,1,4.0,1.0,6.0,2.0,4.0,2.0,1.0,4.0,4.0,0.0,7.794917000000012,177.51840798504418,168.50506737134418
LIDC-IDRI-0872,0,2,4.0,1.0,3.0,4.5,5.0,1.5,1.0,5.0,1.0,0.0,5.094466172934404,90.42029999970691,87.35252470116102
LIDC-IDRI-0872,1,2,4.5,1.0,6.0,5.0,4.0,1.0,1.5,5.0,3.0,0.0,6.25955382761108,119.35479599991959,108.157472197493
LIDC-IDRI-0871,0,1,4.0,1.0,6.0,4.0,3.0,1.0,1.0,3.0,3.0,0.0,5.800490264168373,30.899100585957058,43.47406914033044
LIDC-IDRI-0871,1,1,4.0,1.0,6.0,4.0,3.0,1.0,1.0,1.0,3.0,0.0,6.117372315218031,32.40114019776229,52.47141584591136
LIDC-IDRI-0871,2,4,3.5,1.0,6.0,3.0,3.75,1.0,1.25,4.75,3.0,0.7071067811865476,6.228242527368055,56.00461981211993,69.38426404126986
LIDC-IDRI-0871,3,3,2.3333333333333335,1.0,6.0,3.3333333333333335,4.333333333333333,1.3333333333333333,1.0,5.0,2.3333333333333335,0.4714045207910317,5.125268937311229,34.83301385503486,47.10454520905733
LIDC-IDRI-0871,4,2,3.5,1.0,6.0,2.5,4.0,1.5,1.5,4.5,3.0,0.0,6.214058854371779,56.648351074254606,69.56676880832015
LIDC-IDRI-0871,5,3,4.333333333333333,1.0,6.0,2.6666666666666665,4.0,1.3333333333333333,1.3333333333333333,4.666666666666667,2.3333333333333335,0.4714045207910317,9.450955920096103,152.0636292725006,152.50027837531397
LIDC-IDRI-0871,6,4,4.0,1.0,6.0,3.75,4.25,1.0,1.25,4.75,3.0,0.0,6.91335124092511,80.30547496038707,95.26800323541258
LIDC-IDRI-0871,7,4,3.75,1.0,6.0,2.5,4.5,1.0,1.0,4.5,2.25,0.4330127018922193,9.125220810932174,91.99992622368882,109.18352125964401
LIDC-IDRI-0871,8,2,4.0,1.0,5.5,4.0,4.5,1.5,1.0,5.0,1.5,0.5,5.1258556085387585,44.52474563599026,56.41970362865113
LIDC-IDRI-0870,0,2,4.5,1.0,5.5,3.5,4.5,2.0,1.5,4.5,2.0,1.0,7.361824720887238,199.82963562011815,181.51538552875508
LIDC-IDRI-0870,1,2,2.5,1.0,6.0,3.5,4.0,1.5,1.0,4.0,1.5,0.5,7.167553095531964,91.28265380859236,101.06902164213508
LIDC-IDRI-0870,2,3,3.0,1.0,6.0,4.0,3.6666666666666665,2.0,1.3333333333333333,4.666666666666667,3.0,0.0,8.541310108522275,193.28109741210756,188.4925285516305
LIDC-IDRI-0870,3,3,2.6666666666666665,1.0,6.0,4.0,3.3333333333333335,1.6666666666666667,1.6666666666666667,4.333333333333333,3.0,0.816496580927726,7.03277607918021,95.7806396484359,114.40110947309962
LIDC-IDRI-0870,4,2,1.0,1.0,6.0,2.5,3.5,2.5,2.0,4.0,2.0,1.0,7.868975732987687,142.48031616210878,146.87153800248615
LIDC-IDRI-0870,5,2,1.0,1.0,6.0,4.5,4.0,2.0,1.5,4.5,2.5,0.5,6.918115263902651,102.85835266113257,105.29149271614767
LIDC-IDRI-0870,6,3,3.0,1.0,6.0,5.0,4.666666666666667,1.3333333333333333,1.3333333333333333,4.666666666666667,3.0,0.0,7.238775620106961,144.86160278320307,140.21174143573677
LIDC-IDRI-0870,7,3,4.0,1.0,6.0,4.0,4.0,1.6666666666666667,1.3333333333333333,4.666666666666667,3.0,0.0,9.267519608619965,179.65484619140628,173.25768741565284
LIDC-IDRI-0870,8,3,2.3333333333333335,1.0,6.0,4.666666666666667,4.333333333333333,1.3333333333333333,1.3333333333333333,4.666666666666667,2.0,0.816496580927726,5.805250780794793,56.224822998046996,69.24422520920812
LIDC-IDRI-0870,9,2,2.5,1.0,6.0,3.5,4.5,1.5,1.5,4.5,3.0,0.0,5.1552238161869,44.252243041992465,56.49358624288756
LIDC-IDRI-0870,10,3,4.0,1.0,6.0,3.0,2.6666666666666665,2.0,2.3333333333333335,4.0,3.3333333333333335,0.4714045207910317,11.267730454970541,255.06225585937418,233.1105961677039
LIDC-IDRI-0869,0,2,2.5,1.0,6.0,4.0,4.0,1.5,1.5,4.5,2.5,0.5,6.258259015353696,61.32449436187744,72.82349691549703
LIDC-IDRI-0869,1,4,5.0,1.0,6.0,4.25,4.5,1.75,1.5,5.0,4.0,1.224744871391589,25.895848745826598,5208.368041038513,1698.1355313739182
LIDC-IDRI-0869,2,2,2.5,1.0,6.0,4.0,2.0,2.0,2.0,1.0,2.5,0.5,17.708691320369983,1269.4059438705444,795.7054767202684
LIDC-IDRI-0869,3,2,3.0,1.0,6.0,4.5,5.0,1.0,1.0,5.0,2.5,0.5,7.575948023843992,104.68412780761719,111.02351408686549
LIDC-IDRI-0868,0,3,4.666666666666667,1.0,6.0,3.3333333333333335,4.333333333333333,1.0,1.3333333333333333,4.333333333333333,2.6666666666666665,0.4714045207910317,6.146295967642842,85.89935302734375,87.5958277214966
LIDC-IDRI-0868,1,3,4.333333333333333,1.0,6.0,3.6666666666666665,4.333333333333333,1.3333333333333333,1.3333333333333333,4.333333333333333,3.0,0.0,5.5983682928663905,82.3974609375,85.87712433801663
LIDC-IDRI-0867,0,4,5.0,1.0,3.75,3.0,4.75,2.25,1.25,4.75,1.75,1.299038105676658,7.751249384474748,83.39881896972656,148.51658083044902
LIDC-IDRI-0867,1,4,4.25,1.0,6.0,2.75,3.5,2.25,1.75,3.5,3.25,0.82915619758885,16.37493392169674,295.44830322265625,453.4055922794078
LIDC-IDRI-0866,0,4,4.0,1.0,5.25,3.75,4.5,1.25,1.0,5.0,2.5,0.8660254037844386,8.930148273257046,152.87303924560547,145.43308694934842
LIDC-IDRI-0866,1,4,3.75,1.0,6.0,3.25,4.25,1.0,1.0,5.0,2.0,0.7071067811865476,9.047147968138534,101.73511505126953,112.24531415772881
LIDC-IDRI-0866,2,4,4.25,1.0,5.25,4.0,4.75,1.0,1.25,5.0,2.75,1.0897247358851685,8.098771156674092,123.98242950439453,127.82100264530085
LIDC-IDRI-0866,3,1,4.0,1.0,6.0,4.0,5.0,1.0,1.0,5.0,3.0,0.0,7.340840514077731,53.1463623046875,69.52353146393911
LIDC-IDRI-0866,4,1,2.0,1.0,6.0,5.0,4.0,1.0,1.0,5.0,1.0,0.0,5.668774979272418,30.28106689453125,40.033888186823006
LIDC-IDRI-0866,5,1,3.0,1.0,6.0,4.0,5.0,1.0,1.0,5.0,2.0,0.0,6.482492196534062,50.6744384765625,63.70697497983261
LIDC-IDRI-0866,6,1,2.0,1.0,6.0,2.0,3.0,2.0,2.0,5.0,1.0,0.0,8.697175929037252,66.741943359375,87.5254336233802
LIDC-IDRI-0866,7,1,4.0,1.0,6.0,4.0,5.0,1.0,1.0,5.0,2.0,0.0,6.482492196534062,53.76434326171875,75.17295280740612
LIDC-IDRI-0866,8,3,4.0,1.0,6.0,2.6666666666666665,4.0,2.6666666666666665,2.6666666666666665,5.0,2.6666666666666665,0.4714045207910317,9.980792220007388,148.52142333984375,161.89381006133908
LIDC-IDRI-0865,0,5,5.0,2.2,6.0,3.4,2.6,3.4,4.2,4.8,5.0,0.0,28.642811646112413,5352.9510498046875,2149.246325027183
LIDC-IDRI-0864,0,2,4.5,1.0,6.0,4.5,5.0,1.0,1.0,5.0,2.5,0.5,7.456864262055314,105.22979736328034,112.09557885154548
LIDC-IDRI-0864,1,1,4.0,1.0,6.0,3.0,5.0,1.0,1.0,5.0,1.0,0.0,6.670429439417675,131.70410156250006,134.12802178278764
LIDC-IDRI-0864,2,1,3.0,1.0,6.0,4.0,5.0,1.0,1.0,5.0,2.0,0.0,5.668774979272418,45.384521484375284,62.86302970806021
LIDC-IDRI-0863,0,3,5.0,1.0,6.0,2.6666666666666665,4.333333333333333,1.0,1.0,5.0,3.3333333333333335,0.9428090415820634,11.028982880495754,264.11819458007795,245.51884082738286
LIDC-IDRI-0863,1,5,4.6,1.0,3.0,3.2,5.0,1.4,1.4,5.0,1.0,0.0,8.335876591239957,89.23301696777325,131.55907573463938
LIDC-IDRI-0861,0,4,4.0,1.0,3.0,4.75,5.0,1.0,1.0,5.0,1.0,0.0,7.164492000256002,136.28314590454102,126.84006229767974
LIDC-IDRI-0861,1,3,4.666666666666667,1.0,6.0,3.3333333333333335,3.0,2.0,4.0,4.666666666666667,4.0,0.0,29.51245812325281,4059.9823684692383,2139.189714155685
LIDC-IDRI-0860,0,4,4.75,1.0,3.75,4.5,4.75,1.25,1.25,5.0,2.0,1.7320508075688772,9.563973647338695,325.34122467040964,251.76202510680372
LIDC-IDRI-0860,1,4,4.0,1.0,6.0,4.0,4.5,1.75,1.25,4.75,3.25,0.82915619758885,11.306041932705593,398.58947753906284,305.700447452505
LIDC-IDRI-0859,0,3,3.0,1.0,5.0,4.0,3.3333333333333335,1.0,1.0,3.3333333333333335,2.6666666666666665,1.247219128924647,6.141037194498433,48.06893666585287,67.80339784378064
LIDC-IDRI-0858,0,1,5.0,1.0,6.0,4.0,5.0,1.0,1.0,5.0,3.0,0.0,5.070306481121235,29.354095458984375,72.30263822781791
LIDC-IDRI-0858,1,4,4.75,1.0,6.0,3.25,4.5,1.25,1.5,5.0,3.25,0.4330127018922193,11.029596216185038,242.55752563476562,335.0638651675323
LIDC-IDRI-0858,2,4,5.0,1.0,3.75,3.75,5.0,1.25,1.0,5.0,1.0,0.0,10.638395457428459,453.0959129333496,548.1508463519863
LIDC-IDRI-0858,3,2,4.0,1.0,6.0,4.0,5.0,1.0,1.0,5.0,2.5,0.5,6.028006293407868,46.34857177734375,95.15319060343865
LIDC-IDRI-0858,4,3,4.333333333333333,1.0,6.0,4.0,3.0,1.3333333333333333,1.3333333333333333,4.333333333333333,2.6666666666666665,0.4714045207910317,7.104983003877586,72.71575927734375,133.1035173338278
LIDC-IDRI-0858,5,1,5.0,1.0,6.0,3.0,2.0,1.0,1.0,4.0,3.0,0.0,8.81013099806836,74.00321960449219,137.92683054521382
LIDC-IDRI-0858,6,4,4.5,1.0,6.0,3.75,4.25,1.5,1.5,5.0,3.25,0.4330127018922193,9.166378685368002,164.26706314086914,243.34971067601015
LIDC-IDRI-0858,7,1,5.0,1.0,6.0,4.0,2.0,1.0,1.0,4.0,3.0,0.0,5.491581803371866,21.320343017578125,50.92726992058723
LIDC-IDRI-0858,8,3,4.333333333333333,1.0,6.0,4.333333333333333,4.333333333333333,1.3333333333333333,1.0,4.666666666666667,2.6666666666666665,0.4714045207910317,6.172352226277286,70.4498291015625,132.0167608153421
LIDC-IDRI-0858,9,1,5.0,1.0,6.0,4.0,5.0,1.0,1.0,5.0,3.0,0.0,4.9718445552179125,27.191162109375,65.37022510352932
LIDC-IDRI-0858,10,4,4.25,1.0,6.0,4.25,4.75,1.5,1.5,5.0,3.25,0.82915619758885,12.122942618267135,408.1377983093262,496.6890489180196
LIDC-IDRI-0858,11,1,5.0,1.0,6.0,5.0,5.0,1.0,1.0,5.0,3.0,0.0,5.070306481121235,24.255752563476562,57.64344425540391
LIDC-IDRI-0858,12,3,3.6666666666666665,1.0,6.0,3.0,3.0,1.3333333333333333,1.3333333333333333,4.666666666666667,2.3333333333333335,0.4714045207910317,7.361408238366827,59.326171875,117.31453052237627
LIDC-IDRI-0857,0,4,4.0,1.0,6.0,3.5,4.5,1.25,1.0,5.0,2.5,1.118033988749895,7.8735702877987475,89.385986328125,175.52191161288027
LIDC-IDRI-0857,1,1,3.0,1.0,3.0,4.0,5.0,1.0,1.0,5.0,1.0,0.0,2.7950849718747373,8.544921875,25.142600852340525
LIDC-IDRI-0856,0,1,3.0,1.0,6.0,4.0,5.0,1.0,2.0,5.0,2.0,0.0,4.570313999999996,27.378934712214686,65.24577915144562
LIDC-IDRI-0855,0,4,4.0,1.0,6.0,3.25,4.0,3.0,2.25,4.75,2.75,0.4330127018922193,11.62234541317817,375.2948112487793,280.66095393737334
LIDC-IDRI-0855,1,4,4.0,1.0,6.0,2.0,4.5,2.25,2.25,4.75,2.25,0.82915619758885,9.776171309041946,405.66332244873047,299.3920419533314
LIDC-IDRI-0855,2,3,3.0,1.0,6.0,3.0,4.0,1.3333333333333333,2.3333333333333335,4.666666666666667,2.6666666666666665,0.4714045207910317,6.395777139619567,71.48472595214844,76.02822058548286
LIDC-IDRI-0855,3,1,2.0,1.0,6.0,3.0,2.0,4.0,3.0,4.0,2.0,0.0,10.294530390310733,266.9429626464844,210.27075128005396
LIDC-IDRI-0855,4,3,2.6666666666666665,1.0,6.0,4.0,3.6666666666666665,1.6666666666666667,1.6666666666666667,4.333333333333333,2.6666666666666665,0.4714045207910317,6.9087165860483895,143.21939849853516,124.69778990281452
LIDC-IDRI-0855,5,2,3.5,1.0,6.0,4.5,4.0,1.5,1.5,4.5,2.5,0.5,4.818904426884645,72.73445892333984,70.12671131228349
LIDC-IDRI-0855,6,2,3.5,1.0,6.0,3.0,3.5,4.0,3.0,4.0,2.5,0.5,6.185193822938052,91.85537338256836,91.39894259768481
LIDC-IDRI-0855,7,2,2.0,1.0,6.0,3.5,3.5,3.0,3.0,3.5,2.5,0.5,5.464401949592885,55.86306381225586,59.7554843658243
LIDC-IDRI-0855,8,3,3.6666666666666665,1.0,6.0,4.0,4.0,1.3333333333333333,1.6666666666666667,4.666666666666667,2.6666666666666665,0.4714045207910317,5.309248426900287,72.98440551757812,76.24400559577616
LIDC-IDRI-0855,9,3,3.0,1.0,6.0,3.3333333333333335,3.6666666666666665,2.0,2.0,4.333333333333333,2.6666666666666665,0.4714045207910317,6.6423639152842995,117.2249526977539,112.15301172084328
LIDC-IDRI-0855,10,1,5.0,1.0,6.0,4.0,4.0,1.0,3.0,5.0,3.0,0.0,7.210332280939797,94.47981262207031,96.23480939412707
LIDC-IDRI-0855,11,3,2.6666666666666665,1.0,6.0,3.3333333333333335,3.3333333333333335,3.0,1.6666666666666667,4.333333333333333,2.6666666666666665,0.4714045207910317,5.635346422184444,81.73253631591797,80.97072107299525
LIDC-IDRI-0855,12,1,5.0,1.0,6.0,5.0,4.0,2.0,2.0,5.0,3.0,0.0,4.999465913858012,86.23157501220703,86.85377468842117
LIDC-IDRI-0855,13,2,3.0,1.0,3.0,3.0,4.5,3.0,1.0,5.0,1.0,0.0,7.239767439478788,128.97244262695312,123.52927984038166
LIDC-IDRI-0855,14,3,4.333333333333333,1.0,3.6666666666666665,5.0,4.666666666666667,1.0,1.3333333333333333,5.0,1.0,0.0,5.5880820292288425,104.47767639160156,100.32906545741965
LIDC-IDRI-0855,15,3,4.333333333333333,1.0,4.333333333333333,4.0,4.0,2.3333333333333335,1.0,4.333333333333333,1.0,0.0,5.554498185987156,103.22794342041016,94.28974828445986
LIDC-IDRI-0854,0,1,5.0,1.0,6.0,5.0,5.0,1.0,1.0,5.0,3.0,0.0,5.798117286024835,55.77278137207031,112.45795030397306
LIDC-IDRI-0854,1,3,4.333333333333333,1.0,6.0,3.0,4.333333333333333,1.3333333333333333,1.3333333333333333,5.0,2.3333333333333335,0.4714045207910317,8.195867241229498,139.0972137451172,241.97765022774016
LIDC-IDRI-0854,2,4,4.0,1.0,6.0,4.25,4.25,1.5,2.25,5.0,3.0,0.7071067811865476,8.93381967096657,173.1891632080078,259.16321998774544
LIDC-IDRI-0854,3,3,4.333333333333333,1.0,6.0,3.0,4.666666666666667,1.3333333333333333,1.3333333333333333,5.0,2.0,0.0,6.571009312288882,53.35235595703125,108.94006487089695
LIDC-IDRI-0854,4,1,5.0,1.0,6.0,4.0,5.0,1.0,1.0,5.0,3.0,0.0,6.007502633426389,26.109695434570312,59.2361156453254
LIDC-IDRI-0854,5,1,5.0,1.0,6.0,5.0,5.0,1.0,1.0,5.0,2.0,0.0,3.97747564417433,20.702362060546875,49.61802342164692
LIDC-IDRI-0852,0,3,2.0,1.0,6.0,3.3333333333333335,3.0,2.0,1.0,3.6666666666666665,2.3333333333333335,0.4714045207910317,7.109375,74.02038574218756,102.37406707872067
LIDC-IDRI-0852,1,3,4.0,1.0,6.0,3.6666666666666665,3.3333333333333335,3.0,2.0,4.333333333333333,3.3333333333333335,1.247219128924647,10.807225780070583,199.45129394531273,236.29153962771147
LIDC-IDRI-0851,0,4,4.5,1.0,6.0,4.0,4.75,1.25,1.25,4.75,2.5,0.5,6.5023633367475515,79.89898490905762,140.66599909671976
LIDC-IDRI-0851,1,2,4.0,1.0,6.0,3.5,5.0,1.0,1.0,5.0,2.5,0.5,9.37923635365345,149.13366317749023,228.9525912325199
LIDC-IDRI-0851,2,3,4.666666666666667,1.0,6.0,4.333333333333333,4.333333333333333,1.3333333333333333,1.3333333333333333,5.0,2.6666666666666665,0.4714045207910317,6.591673478243902,99.2002690633138,167.65303832673834
LIDC-IDRI-0851,3,2,5.0,1.0,3.0,5.0,5.0,1.0,1.0,5.0,1.0,0.0,5.553466853144553,55.48772048950195,100.34329644913012
LIDC-IDRI-0850,0,4,5.0,1.0,6.0,3.25,2.0,2.0,2.75,2.75,4.5,0.8660254037844386,22.285499772889448,2355.2266909823084,1253.074191363773
LIDC-IDRI-0850,1,1,3.0,1.0,6.0,5.0,5.0,1.0,1.0,5.0,3.0,0.0,4.774731796040684,23.584203852478822,33.56116958739116
LIDC-IDRI-0850,2,4,2.0,1.0,6.0,3.5,3.0,1.25,1.0,4.0,2.5,0.5,9.130791998120076,77.7541720763179,100.62734162571024
LIDC-IDRI-0849,0,1,3.0,1.0,6.0,3.0,4.0,1.0,1.0,5.0,1.0,0.0,6.4347688381168755,85.8154296875,178.59296915475886
LIDC-IDRI-0849,1,4,4.0,1.0,6.0,3.5,4.5,1.0,1.0,4.75,2.5,0.5,6.549418208968202,82.51953125,155.9434841451195
LIDC-IDRI-0849,2,2,3.5,1.0,6.0,3.5,3.5,1.0,1.0,3.5,2.5,0.5,5.483311617825558,35.82763671875,79.9367492043149
LIDC-IDRI-0849,3,2,4.5,1.0,3.0,4.5,5.0,1.0,1.0,5.0,1.0,0.0,4.6549634359826335,37.90283203125,85.01670582737952
LIDC-IDRI-0849,4,4,4.5,1.0,4.25,3.5,4.75,1.75,1.0,4.75,1.5,0.8660254037844386,6.851830582838637,136.016845703125,250.4409583046995
LIDC-IDRI-0849,5,1,4.0,1.0,3.0,4.0,5.0,3.0,1.0,5.0,1.0,0.0,10.643366478704001,342.28515625,427.9263055177729
LIDC-IDRI-0849,6,1,4.0,1.0,3.0,5.0,5.0,3.0,1.0,5.0,1.0,0.0,11.858541225631422,578.7353515625,620.1715257801261
LIDC-IDRI-0848,0,3,3.6666666666666665,1.0,6.0,3.6666666666666665,2.6666666666666665,2.0,1.3333333333333333,4.0,3.0,0.816496580927726,6.76840198196956,101.17668652951882,104.9515783507181
LIDC-IDRI-0847,0,1,3.0,1.0,6.0,4.0,5.0,1.0,1.0,5.0,3.0,0.0,4.127115138207329,50.152955905359704,58.52994224096517
LIDC-IDRI-0846,0,3,2.6666666666666665,1.0,6.0,3.6666666666666665,2.3333333333333335,1.3333333333333333,1.0,1.3333333333333333,2.3333333333333335,0.9428090415820634,6.424853795875312,79.77244059244792,85.59640210874973
LIDC-IDRI-0846,1,3,3.6666666666666665,1.0,6.0,4.333333333333333,3.3333333333333335,1.0,1.0,3.6666666666666665,2.6666666666666665,0.4714045207910317,5.596813460890864,41.571553548177086,46.165754461494636
LIDC-IDRI-0845,0,4,4.25,1.0,6.0,4.0,4.75,2.75,2.5,5.0,3.0,0.7071067811865476,9.157659806963329,214.15520324707032,193.20272319654666
LIDC-IDRI-0845,1,1,4.0,1.0,3.0,5.0,5.0,1.0,1.0,5.0,1.0,0.0,5.618159903662853,40.16019287109391,55.83412357617754
LIDC-IDRI-0844,0,2,4.0,1.0,4.5,4.5,4.5,1.0,1.0,5.0,1.5,0.5,5.3776019892867355,40.452534820560686,86.7775156107073
LIDC-IDRI-0844,1,3,4.333333333333333,1.0,6.0,3.3333333333333335,3.6666666666666665,3.6666666666666665,3.0,4.0,4.666666666666667,0.4714045207910317,14.549435677504647,779.1559862818,909.2879006347084
LIDC-IDRI-0844,2,3,3.0,1.0,6.0,3.6666666666666665,3.0,1.3333333333333333,1.6666666666666667,4.0,2.6666666666666665,0.4714045207910317,6.687947608357486,81.76576187132014,159.88485050077293
LIDC-IDRI-0843,0,1,3.0,1.0,6.0,4.0,4.0,2.0,1.0,5.0,3.0,0.0,6.508127852878588,47.72272109985274,67.07884862374493
LIDC-IDRI-0843,1,3,4.666666666666667,1.0,3.0,4.333333333333333,5.0,1.6666666666666667,1.0,5.0,1.0,0.0,7.968758949994519,135.11283874511727,128.55925738164237
LIDC-IDRI-0843,2,4,4.0,1.0,5.25,3.0,4.5,1.5,1.25,5.0,2.75,0.4330127018922193,10.431525333167048,211.04611873626595,189.54264768336495
LIDC-IDRI-0843,3,4,4.5,1.0,3.5,3.75,5.0,1.0,1.5,5.0,1.0,0.0,11.002590613600615,366.5511131286624,284.6294726742314
LIDC-IDRI-0843,4,3,4.333333333333333,1.0,6.0,3.6666666666666665,3.3333333333333335,1.3333333333333333,1.6666666666666667,5.0,3.0,0.0,7.3431754582676305,89.08241271972638,103.07868750494872
LIDC-IDRI-0843,5,4,4.75,1.0,3.0,3.75,4.25,3.0,2.0,5.0,1.0,0.0,12.638760695652445,286.33632659912126,267.43108637552206
LIDC-IDRI-0843,6,1,5.0,1.0,6.0,5.0,5.0,1.0,1.0,5.0,2.0,0.0,4.8175323729127655,44.67658996582004,53.23199320230746
LIDC-IDRI-0843,7,2,4.0,1.0,6.0,3.0,4.0,1.5,2.0,5.0,2.5,0.5,7.027306051608502,58.079566955565994,74.40447321746477
LIDC-IDRI-0842,0,2,1.0,1.0,6.0,4.0,1.5,1.0,1.0,1.0,2.5,0.5,4.127657447594101,30.681112042148015,36.18315547826356
LIDC-IDRI-0842,1,2,3.5,1.0,3.0,3.0,5.0,2.0,1.0,5.0,1.0,0.0,5.731379083781955,34.924244558787905,45.25793458795347
LIDC-IDRI-0841,0,2,2.5,1.0,6.0,3.0,4.0,1.0,1.0,3.5,1.5,0.5,5.86934726799606,69.58449457444658,74.3786074674111
LIDC-IDRI-0840,0,1,1.0,1.0,6.0,4.0,3.0,1.0,1.0,1.0,2.0,0.0,5.35484046506056,62.29248046875,78.8775417099535
LIDC-IDRI-0838,0,4,5.0,1.0,6.0,4.0,5.0,1.75,1.25,5.0,3.75,1.299038105676658,15.65896840730609,1259.4602145087629,1115.455560098405
LIDC-IDRI-0838,1,4,3.25,1.0,6.0,4.0,4.5,1.0,1.0,4.75,2.25,0.82915619758885,6.484098349891905,54.31482524876628,118.45848027638246
LIDC-IDRI-0838,2,3,3.6666666666666665,1.0,6.0,3.6666666666666665,4.666666666666667,1.0,1.0,5.0,2.3333333333333335,0.9428090415820634,6.980207861459635,65.91092868037474,146.24104502317275
LIDC-IDRI-0838,3,1,2.0,1.0,6.0,5.0,5.0,1.0,1.0,4.0,2.0,0.0,3.9305915958008324,18.024475341844663,50.005151922674884
LIDC-IDRI-0838,4,4,4.75,1.0,6.0,3.5,4.5,1.25,1.0,5.0,2.5,0.8660254037844386,8.340991779590576,94.57469716337725,180.60328747860618
LIDC-IDRI-0837,0,2,3.0,1.0,6.0,3.5,1.5,1.5,2.0,1.0,2.5,0.5,26.91055839630529,1509.847640991211,1613.9700154948205
LIDC-IDRI-0837,1,4,3.5,1.0,6.0,4.0,4.0,1.5,1.75,5.0,2.5,0.5,5.710632846586393,66.09964370727539,143.21499352650915
LIDC-IDRI-0837,2,3,3.6666666666666665,1.0,6.0,4.0,2.6666666666666665,1.6666666666666667,2.0,2.3333333333333335,3.3333333333333335,1.247219128924647,15.945891689159629,1128.6551157633464,1332.7681097399613
LIDC-IDRI-0836,0,4,4.5,1.0,6.0,3.75,4.5,1.25,1.5,4.5,3.0,0.7071067811865476,6.9121394605491755,86.2001037597656,103.76047566720801
LIDC-IDRI-0836,1,2,4.0,1.0,6.0,4.0,4.5,1.5,1.5,5.0,2.5,0.5,5.149535606952067,46.96929931640618,63.3510774660979
LIDC-IDRI-0835,0,4,3.75,1.0,6.0,3.75,4.75,1.0,1.0,5.0,3.0,0.7071067811865476,6.834115645908186,75.87989044189453,155.6151610399305
LIDC-IDRI-0835,1,4,4.25,1.0,4.25,3.75,3.5,1.5,1.0,4.25,2.25,1.299038105676658,9.442543314082254,222.9539337158203,344.9622945753006
LIDC-IDRI-0834,0,1,5.0,1.0,4.0,5.0,4.0,1.0,1.0,5.0,5.0,0.0,49.94461807109529,31112.19711303711,9026.567042108454
LIDC-IDRI-0834,1,1,3.0,1.0,6.0,2.0,5.0,1.0,1.0,5.0,1.0,0.0,7.162405240429014,42.001914978027344,59.96428647277465
LIDC-IDRI-0834,2,3,3.3333333333333335,1.0,6.0,3.0,4.333333333333333,1.0,1.0,4.666666666666667,2.6666666666666665,0.4714045207910317,6.848911980369711,66.36943817138672,70.44084073093786
LIDC-IDRI-0833,0,1,4.0,1.0,6.0,3.0,5.0,1.0,1.0,5.0,3.0,0.0,8.55388480823187,87.13531494140625,96.09045113978175
LIDC-IDRI-0832,0,1,3.0,1.0,6.0,5.0,4.0,1.0,1.0,5.0,2.0,0.0,4.316380324924103,22.9464397119591,33.636115674206785
LIDC-IDRI-0832,1,4,4.0,1.0,6.0,4.0,4.0,1.5,1.5,4.5,2.75,0.4330127018922193,5.7671828475305205,71.66481357794055,83.3439491479979
LIDC-IDRI-0832,2,1,1.0,1.0,6.0,5.0,2.0,1.0,1.0,1.0,3.0,0.0,5.389124049737941,75.004034282465,80.13977673318678
LIDC-IDRI-0831,0,1,3.0,1.0,6.0,3.0,4.0,1.0,1.0,5.0,2.0,0.0,7.03125,52.37388610839844,101.02508121859763
LIDC-IDRI-0830,0,2,2.5,1.0,6.0,4.5,5.0,1.0,1.0,5.0,2.0,0.0,5.054657689851239,54.73502826690674,112.32037683063348
LIDC-IDRI-0830,1,1,3.0,1.0,6.0,5.0,5.0,1.0,1.0,5.0,1.0,0.0,4.564287645427825,29.480266571044922,69.35510296594526
LIDC-IDRI-0829,0,3,5.0,1.0,6.0,3.0,2.0,2.0,3.3333333333333335,4.333333333333333,4.333333333333333,0.9428090415820634,34.235608591494376,6631.319710571818,3452.4832652247974
LIDC-IDRI-0828,0,4,3.75,1.0,6.0,3.25,3.25,1.75,1.5,3.25,3.5,0.5,8.1676505479757,81.0546875,98.84446823601465
LIDC-IDRI-0827,0,1,3.0,1.0,6.0,5.0,5.0,1.0,1.0,5.0,2.0,0.0,5.764860518423623,31.935428640827013,78.4964626704338
LIDC-IDRI-0827,1,4,3.75,1.0,6.0,4.75,5.0,1.0,1.0,5.0,2.0,0.7071067811865476,6.226732861556635,80.6823939033518,148.0853109237618
LIDC-IDRI-0827,2,3,3.0,1.0,6.0,4.333333333333333,4.0,2.0,1.0,4.666666666666667,2.6666666666666665,0.9428090415820634,6.746610091284954,63.39485495759315,131.62825953151722
LIDC-IDRI-0827,3,4,4.25,1.0,6.0,3.75,3.75,3.25,1.25,4.5,3.0,0.7071067811865476,10.123555488900484,176.0343139711017,332.455850822828
LIDC-IDRI-0826,0,3,3.3333333333333335,1.0,6.0,2.6666666666666665,3.0,3.0,3.0,4.333333333333333,3.3333333333333335,0.9428090415820634,13.133034057454068,159.74447792964688,316.2024301080337
LIDC-IDRI-0826,1,3,3.6666666666666665,1.0,6.0,2.6666666666666665,3.3333333333333335,2.6666666666666665,2.6666666666666665,3.0,4.0,0.816496580927726,11.165367578112592,125.14465027475428,238.0444156407569
LIDC-IDRI-0825,0,3,4.666666666666667,1.0,3.6666666666666665,4.0,4.333333333333333,3.0,1.0,5.0,1.0,0.0,10.314225761506497,277.0406087239583,258.45518815079646
LIDC-IDRI-0824,0,1,1.0,1.0,6.0,5.0,1.0,1.0,1.0,1.0,2.0,0.0,7.51645851147308,85.16114304205985,93.52909057441259
LIDC-IDRI-0824,1,1,4.0,1.0,6.0,4.0,5.0,1.0,1.0,5.0,2.0,0.0,5.5068752779732595,71.65998621825565,78.63663529639604
LIDC-IDRI-0823,0,1,3.0,1.0,6.0,3.0,4.0,1.0,1.0,4.0,1.0,0.0,6.675460102354369,118.8812255859375,138.99336035933837
LIDC-IDRI-0822,0,3,3.6666666666666665,1.0,6.0,4.333333333333333,4.666666666666667,1.3333333333333333,1.6666666666666667,5.0,2.6666666666666665,0.4714045207910317,6.350180103070467,71.73107973734538,136.54776183695515
LIDC-IDRI-0822,1,1,4.0,1.0,6.0,3.0,4.0,1.0,1.0,5.0,2.0,0.0,5.790565038330437,43.86543083190918,96.05751182717856
LIDC-IDRI-0822,2,1,3.0,1.0,6.0,5.0,4.0,1.0,1.0,5.0,3.0,0.0,4.933980725742852,39.501853942871094,80.61343165524949
LIDC-IDRI-0822,3,3,4.666666666666667,1.0,6.0,4.666666666666667,4.666666666666667,1.6666666666666667,1.3333333333333333,5.0,2.3333333333333335,0.4714045207910317,4.517077584981649,34.37273724873861,78.01021089341043
LIDC-IDRI-0822,4,1,4.0,1.0,6.0,2.0,5.0,1.0,1.0,5.0,2.0,0.0,8.189095611010384,88.41984748840332,184.59955217173598
LIDC-IDRI-0822,5,4,4.75,1.0,3.75,4.25,5.0,1.0,2.0,5.0,1.25,0.4330127018922193,6.344721381590444,91.29062175750732,163.32129288365917
LIDC-IDRI-0822,6,4,5.0,1.0,3.75,4.25,4.75,1.0,1.0,5.0,1.5,0.8660254037844386,8.185113394628205,218.69558382034302,309.4477311757098
LIDC-IDRI-0822,7,1,5.0,1.0,6.0,5.0,4.0,2.0,1.0,5.0,3.0,0.0,5.161471226044485,59.48244285583496,117.38800995526904
LIDC-IDRI-0821,0,1,5.0,1.0,6.0,3.0,2.0,1.0,1.0,1.0,3.0,0.0,6.423157946665526,53.937405395507824,81.57548116334287
LIDC-IDRI-0821,1,4,4.75,1.0,6.0,4.0,4.25,2.0,1.5,4.5,3.25,0.4330127018922193,8.865950010132597,244.4967721939093,231.40993539254396
LIDC-IDRI-0820,0,1,1.0,1.0,6.0,4.0,2.0,1.0,1.0,5.0,3.0,0.0,7.572888010032896,75.70266723632812,87.68855794565059
LIDC-IDRI-0820,1,1,4.0,1.0,6.0,3.0,4.0,1.0,1.0,4.0,3.0,0.0,6.482492196534062,48.2025146484375,58.50141564567921
LIDC-IDRI-0820,2,2,2.0,1.0,6.0,2.5,3.5,1.0,1.0,5.0,2.0,0.0,5.894628352659019,31.826019287109375,43.42967553901699
LIDC-IDRI-0820,3,3,2.0,1.0,6.0,4.0,2.0,2.3333333333333335,1.3333333333333333,2.6666666666666665,3.6666666666666665,0.9428090415820634,8.603627955597451,182.098388671875,171.6025291529395
LIDC-IDRI-0820,4,1,3.0,1.0,6.0,4.0,1.0,1.0,2.0,4.0,3.0,0.0,6.924978141887886,94.86007690429688,101.61691637526505
LIDC-IDRI-0819,0,2,4.5,1.0,4.5,3.5,5.0,1.0,1.0,5.0,2.0,1.0,7.767453099858762,164.306640625,259.3440004264062
LIDC-IDRI-0819,1,3,4.333333333333333,1.0,4.0,4.666666666666667,5.0,1.0,1.0,5.0,1.3333333333333333,0.4714045207910317,5.374021245841459,39.143880208333336,85.24096515816272
LIDC-IDRI-0819,2,4,5.0,1.0,6.0,3.5,4.0,3.25,1.75,4.75,4.5,0.8660254037844386,22.45457191795485,2966.888427734375,2147.985597243989
LIDC-IDRI-0818,0,2,4.0,1.0,6.0,4.0,4.0,2.0,2.0,5.0,2.0,0.0,6.55788009000568,61.798095703125,75.27571905927721
LIDC-IDRI-0817,0,1,4.0,1.0,4.0,4.0,5.0,1.0,1.0,4.0,2.0,0.0,8.259894708511915,240.98682403564493,204.85291729538864
LIDC-IDRI-0816,0,3,3.3333333333333335,1.0,6.0,4.666666666666667,3.6666666666666665,2.0,1.3333333333333333,4.666666666666667,2.6666666666666665,0.4714045207910317,4.888293666692697,47.173731718764124,55.61876663561309
LIDC-IDRI-0816,1,3,4.666666666666667,1.0,6.0,2.6666666666666665,2.6666666666666665,1.6666666666666667,3.0,4.666666666666667,3.3333333333333335,0.4714045207910317,13.541053716119412,204.1738075953132,215.06601530023008
LIDC-IDRI-0815,0,5,3.8,1.0,6.0,3.0,3.2,2.0,1.4,2.6,3.4,0.8,13.378904636708748,669.3179321289062,936.5517502937873
LIDC-IDRI-0814,0,3,4.333333333333333,1.0,6.0,4.333333333333333,3.6666666666666665,1.3333333333333333,1.3333333333333333,4.666666666666667,2.3333333333333335,0.4714045207910317,6.804598002149334,66.03082275390625,86.75558974394198
LIDC-IDRI-0814,1,4,4.25,1.0,6.0,4.25,3.75,1.25,1.0,4.0,2.75,0.4330127018922193,6.479939057583653,63.667686462402344,88.75333886864928
LIDC-IDRI-0813,0,1,4.0,1.0,6.0,5.0,5.0,1.0,1.0,5.0,3.0,0.0,3.6443449342783127,29.882812499999247,41.507342704168714
LIDC-IDRI-0813,1,3,3.3333333333333335,1.0,6.0,3.0,3.6666666666666665,1.3333333333333333,1.3333333333333333,5.0,2.6666666666666665,1.247219128924647,8.586677373313735,124.10156249999973,142.04681459173005
LIDC-IDRI-0813,2,2,3.0,1.0,6.0,4.5,3.0,2.5,1.0,2.0,3.0,0.0,5.8728530349360195,49.04296875000091,66.32192097887216
LIDC-IDRI-0812,0,2,4.0,1.0,3.0,4.5,5.0,1.5,1.0,5.0,1.0,0.0,5.128835466799822,76.75767065794207,80.58079493554128
LIDC-IDRI-0811,0,4,5.0,1.0,6.0,3.0,3.0,2.75,2.5,3.5,4.0,0.7071067811865476,38.38961897957009,7581.179005334196,5250.988416580649
LIDC-IDRI-0810,0,1,2.0,1.0,6.0,4.0,2.0,1.0,1.0,1.0,2.0,0.0,5.3058942570699505,29.718926605219167,72.10394633324367
LIDC-IDRI-0810,1,4,3.75,1.0,6.0,4.25,3.5,2.75,1.75,4.5,2.75,0.82915619758885,6.294905814099153,81.35153826150713,176.16625161814244
LIDC-IDRI-0810,2,4,4.5,1.0,6.0,3.75,4.5,1.5,1.5,4.75,3.25,0.82915619758885,9.69250448007417,257.5997934266752,406.0779631082001
LIDC-IDRI-0809,0,4,4.0,1.0,6.0,3.75,4.5,1.0,1.0,4.75,2.75,0.4330127018922193,8.645587859957677,209.65244293212845,196.7957246603675
LIDC-IDRI-0807,0,1,3.0,1.0,6.0,5.0,3.0,1.0,1.0,5.0,2.0,0.0,5.3471526082229035,35.31958007812503,50.285385006469824
LIDC-IDRI-0807,1,1,1.0,1.0,6.0,2.0,4.0,1.0,1.0,5.0,2.0,0.0,5.79980131664008,53.71519470214842,68.79890334412251
LIDC-IDRI-0807,2,1,4.0,1.0,6.0,4.0,3.0,4.0,1.0,5.0,2.0,0.0,12.234694280635908,144.22161865234446,183.07202631733875
LIDC-IDRI-0807,3,4,5.0,1.0,3.75,4.5,5.0,1.0,1.0,5.0,1.75,1.299038105676658,14.90535170138202,702.1974014282222,451.1245756187956
LIDC-IDRI-0807,4,1,2.0,1.0,6.0,2.0,3.0,1.0,1.0,5.0,2.0,0.0,7.589766348357257,45.32679443359488,69.29994722013605
LIDC-IDRI-0807,5,2,3.0,1.0,6.0,2.0,4.5,1.0,1.0,5.0,2.0,0.0,7.90179457113035,88.07820281982414,119.12921581517728
LIDC-IDRI-0806,0,1,1.0,1.0,6.0,2.0,2.0,1.0,1.0,4.0,1.0,0.0,5.93955109309787,35.416072918733335,85.61031020814622
LIDC-IDRI-0806,1,1,4.0,1.0,6.0,3.0,5.0,1.0,2.0,5.0,3.0,0.0,6.640619999999998,58.56743576054214,133.69562687784787
LIDC-IDRI-0806,2,1,3.0,1.0,6.0,4.0,5.0,1.0,1.0,4.0,3.0,0.0,8.023891675317149,54.157652362118824,125.29872420211308
LIDC-IDRI-0806,3,4,2.5,1.0,6.0,3.25,3.5,1.5,1.25,3.5,2.25,0.82915619758885,5.799047460123084,30.21390656585936,67.62240622477765
LIDC-IDRI-0806,4,3,3.3333333333333335,1.0,6.0,3.0,2.6666666666666665,2.3333333333333335,3.3333333333333335,3.0,2.0,0.816496580927726,9.852406540743274,160.2221301433019,266.52587172024545
LIDC-IDRI-0806,5,1,4.0,1.0,6.0,3.0,5.0,2.0,1.0,5.0,3.0,0.0,8.909326639646771,152.68875017089158,251.46004726665203
LIDC-IDRI-0806,6,1,4.0,1.0,6.0,4.0,5.0,1.0,1.0,4.0,4.0,0.0,8.658309175207352,116.85926005861802,220.28573339709686
LIDC-IDRI-0806,7,2,3.0,1.0,6.0,2.0,2.5,2.0,1.5,4.0,2.5,1.5,14.019390186645857,153.7222931549627,327.3534121384779
LIDC-IDRI-0806,8,1,4.0,1.0,6.0,4.0,5.0,1.0,1.0,5.0,3.0,0.0,7.4244388663723155,64.63088793338102,154.17796106199432
LIDC-IDRI-0806,9,2,3.0,1.0,6.0,2.5,2.5,1.0,1.0,3.0,2.0,1.0,11.372220200315674,167.08944908164995,322.37975994636963
LIDC-IDRI-0806,10,1,3.0,1.0,6.0,4.0,2.0,4.0,3.0,2.0,3.0,0.0,8.934040491947849,57.740601373338905,136.43675760683357
LIDC-IDRI-0806,11,1,3.0,1.0,6.0,4.0,2.0,4.0,3.0,2.0,3.0,0.0,6.299845282700216,40.514884973235894,91.48686459769618
LIDC-IDRI-0806,12,1,4.0,1.0,6.0,3.0,2.0,3.0,4.0,5.0,2.0,0.0,7.424438866372313,78.68707251592241,153.6388770049614
LIDC-IDRI-0805,0,3,1.6666666666666667,1.0,6.0,2.6666666666666665,1.3333333333333333,1.6666666666666667,1.3333333333333333,1.0,3.3333333333333335,0.4714045207910317,10.877554296733612,310.99842250770354,251.43607031268266
LIDC-IDRI-0805,1,3,1.3333333333333333,1.0,6.0,3.3333333333333335,1.3333333333333333,1.6666666666666667,1.3333333333333333,1.0,3.3333333333333335,0.4714045207910317,10.41366478127795,137.53618476226015,144.30077316658299
LIDC-IDRI-0803,0,4,3.75,1.0,6.0,4.0,4.25,1.0,1.0,4.5,2.75,0.4330127018922193,5.342674205919588,42.91696468109876,53.83130742934722
LIDC-IDRI-0802,0,1,3.0,1.0,6.0,2.0,5.0,1.0,1.0,5.0,2.0,0.0,6.007502633426389,33.3709716796875,44.52336863316752
LIDC-IDRI-0801,0,1,5.0,1.0,6.0,3.0,3.0,1.0,1.0,3.0,3.0,0.0,9.705644707311839,143.4990974426271,182.89131499221762
LIDC-IDRI-0801,1,4,4.75,1.0,3.0,3.75,5.0,1.25,1.0,5.0,1.0,0.0,8.65707618511099,187.33292312622092,177.24344382747026
LIDC-IDRI-0801,2,2,5.0,1.0,3.0,5.0,5.0,1.0,1.0,5.0,1.0,0.0,3.4931781247511644,13.320192718505915,22.651627922106194
LIDC-IDRI-0801,3,1,5.0,1.0,6.0,4.0,4.0,1.0,1.0,5.0,3.0,0.0,10.403605173705486,149.54514236450254,179.88722838571167
LIDC-IDRI-0800,0,3,3.0,1.0,5.0,4.666666666666667,4.666666666666667,1.3333333333333333,1.3333333333333333,5.0,2.0,0.816496580927726,4.7643716232637745,65.60177482300787,72.05544027730691
LIDC-IDRI-0800,1,4,4.5,1.0,5.5,3.25,3.5,2.25,1.5,4.5,2.5,1.6583123951777,11.247050942616921,785.7932909045485,548.3475038845563
LIDC-IDRI-0800,2,2,3.5,1.0,4.5,4.0,3.0,2.5,2.0,5.0,1.0,0.0,6.815508229615514,75.2949130556226,92.43153520139353
LIDC-IDRI-0799,0,4,3.75,1.0,6.0,2.25,2.25,2.75,2.75,4.25,4.0,0.7071067811865476,8.432173096724068,170.8570058441819,195.38751639796627
LIDC-IDRI-0798,0,3,3.0,1.0,6.0,4.0,3.6666666666666665,1.6666666666666667,1.6666666666666667,4.333333333333333,2.3333333333333335,0.4714045207910317,8.882419637617067,186.79000949976034,160.3034834374615
LIDC-IDRI-0798,1,1,1.0,1.0,6.0,5.0,1.0,1.0,1.0,1.0,3.0,0.0,12.974532477126106,687.7613204999361,460.0407079937929
LIDC-IDRI-0798,2,4,5.0,1.0,6.0,4.25,4.5,4.25,2.25,4.75,4.5,0.5,20.56830604469092,2966.776368748622,1215.4843018261142
LIDC-IDRI-0797,0,3,3.0,1.0,6.0,2.3333333333333335,4.333333333333333,1.6666666666666667,1.0,5.0,2.0,0.0,7.6577504419158275,75.3936767578125,84.59428374217384
LIDC-IDRI-0796,0,4,5.0,1.0,6.0,3.0,3.0,2.5,2.75,4.25,5.0,0.0,33.07131803026549,3022.6993560791016,1513.8882995792412
LIDC-IDRI-0795,0,4,4.0,1.0,6.0,3.75,4.5,4.0,4.0,5.0,2.25,0.82915619758885,8.428626532879042,214.068603515625,210.84265880924335
LIDC-IDRI-0795,1,2,1.5,1.0,6.0,3.5,2.0,4.0,5.0,2.5,1.5,0.5,5.59959904328634,48.6968994140625,68.15241477910195
LIDC-IDRI-0794,0,3,4.333333333333333,1.0,6.0,3.0,4.333333333333333,1.0,1.0,5.0,2.6666666666666665,0.9428090415820634,9.878778191310515,237.5517897605896,375.6585730023069
LIDC-IDRI-0794,1,4,4.0,1.0,6.0,4.5,4.5,1.0,1.0,5.0,3.0,1.0,6.6751412078586325,109.21569728851318,193.47850896875676
LIDC-IDRI-0793,0,1,1.0,1.0,6.0,5.0,2.0,1.0,1.0,1.0,2.0,0.0,8.23954897044299,130.03578186035156,212.53786374854792
LIDC-IDRI-0793,1,2,4.5,1.0,6.0,4.0,4.5,2.0,2.0,5.0,4.5,0.5,11.938958816236102,666.1069869995117,689.3816963951921
LIDC-IDRI-0792,0,2,2.0,1.0,6.0,4.0,4.5,1.5,1.0,4.5,2.5,1.5,5.741157611473863,35.318613052368164,82.9303682071424
LIDC-IDRI-0792,1,1,3.0,1.0,6.0,5.0,5.0,1.0,1.0,5.0,3.0,0.0,6.207205172791448,53.29899787902832,111.82966496532408
LIDC-IDRI-0792,2,2,3.0,1.0,6.0,3.0,2.0,2.0,1.5,3.5,2.0,1.0,9.206303376998598,89.36679363250732,170.5291779626416
LIDC-IDRI-0792,3,2,3.0,1.0,6.0,4.5,4.5,1.0,1.0,5.0,2.0,1.0,5.891383511265522,48.16174507141113,99.24353509567177
LIDC-IDRI-0791,0,4,5.0,1.0,3.0,4.5,5.0,1.25,1.0,5.0,1.0,0.0,17.505724327036564,2121.4061069488525,1503.1487011261352
LIDC-IDRI-0790,0,2,4.0,1.0,6.0,2.0,3.5,2.5,2.5,5.0,4.0,0.0,17.68412914968404,779.8053106383304,629.5584860667207
LIDC-IDRI-0790,1,2,5.0,1.0,6.0,2.0,2.0,3.5,4.5,4.0,5.0,0.0,43.20057897153163,10782.008044117047,5573.080730052601
LIDC-IDRI-0789,0,4,3.75,1.0,6.0,3.0,3.0,1.75,1.25,3.75,2.75,0.82915619758885,8.300976833272054,71.22685754584836,137.67261000411455
LIDC-IDRI-0788,0,4,3.75,1.0,5.75,4.0,3.0,1.25,1.5,4.5,2.25,0.82915619758885,5.915684205661088,64.31559562683066,82.09337244388993
LIDC-IDRI-0788,1,1,4.0,1.0,6.0,4.0,5.0,1.0,1.0,5.0,2.0,0.0,6.100382008082056,73.33854675293014,90.0111523916107
LIDC-IDRI-0788,2,2,3.0,1.0,6.0,3.0,4.0,1.0,1.0,3.5,2.5,0.5,7.3665194655525585,75.21532058715749,108.65167165417014
LIDC-IDRI-0788,3,4,3.75,1.0,6.0,3.5,1.75,2.25,1.5,4.0,3.75,0.82915619758885,13.33533660754363,600.7119941711429,495.4476137100567
LIDC-IDRI-0787,0,2,3.0,1.0,6.0,4.5,4.5,1.0,1.0,5.0,2.0,0.0,5.0447081198815145,45.64125817356398,60.45412604392609
LIDC-IDRI-0787,1,1,1.0,1.0,6.0,5.0,5.0,2.0,1.0,5.0,3.0,0.0,4.454663319823379,27.561146240259404,35.38765815418252
LIDC-IDRI-0787,2,2,4.5,1.0,5.5,4.5,4.5,1.5,1.0,5.0,2.0,1.0,5.513793609986852,73.64338275406044,92.38706180028092
LIDC-IDRI-0786,0,2,1.5,1.0,6.0,2.0,3.0,2.5,1.0,3.5,2.0,1.0,3.4544547577666758,23.569488566954533,27.446319082856913
LIDC-IDRI-0785,0,4,3.75,1.0,4.75,3.25,3.0,1.75,1.0,4.75,1.5,0.5,7.623500685463828,77.9428482055664,86.98862328458802
LIDC-IDRI-0785,1,4,3.75,1.0,6.0,3.75,3.75,1.0,1.5,5.0,2.75,0.4330127018922193,6.795446127310719,94.47383880615234,98.47912886012413
LIDC-IDRI-0785,2,3,3.0,1.0,6.0,4.666666666666667,3.6666666666666665,1.0,1.0,4.333333333333333,2.6666666666666665,0.4714045207910317,5.4287214950633595,54.279327392578125,60.61829959329771
LIDC-IDRI-0785,3,1,4.0,1.0,6.0,2.0,1.0,2.0,4.0,1.0,5.0,0.0,23.372958007398744,1293.7431335449219,914.4326131381886
LIDC-IDRI-0785,4,4,5.0,1.0,6.0,3.5,2.5,3.25,2.75,3.0,4.75,0.4330127018922193,30.4099862996653,6996.93489074707,2616.9048051562904
LIDC-IDRI-0785,5,2,3.0,1.0,6.0,4.0,3.0,1.0,1.0,4.5,2.5,0.5,5.3849809206213735,34.60693359375,44.18241029040806
LIDC-IDRI-0785,6,4,3.75,1.0,6.0,3.75,3.25,1.0,1.25,4.5,3.0,0.0,13.160741490803932,389.86873626708984,318.29963903298653
LIDC-IDRI-0785,7,2,3.0,1.0,4.5,3.5,3.5,1.0,1.0,4.5,2.5,0.5,7.867503321532585,58.399200439453125,72.87593949828158
LIDC-IDRI-0785,8,4,3.5,1.0,6.0,4.25,3.75,1.0,1.25,5.0,2.75,0.4330127018922193,6.317482978855445,93.54686737060547,98.79678283501812
LIDC-IDRI-0783,0,2,3.5,1.0,6.0,3.0,3.5,2.0,1.0,5.0,3.5,0.5,6.144796950035758,55.309295654296875,62.62669717150092
LIDC-IDRI-0782,0,2,4.0,1.0,6.0,3.0,4.0,2.0,1.5,5.0,2.5,0.5,5.9829713784822784,87.16338326662026,101.59225257215576
LIDC-IDRI-0781,0,1,5.0,1.0,6.0,3.0,4.0,1.0,1.0,5.0,3.0,0.0,7.055627844308425,67.80635961924418,155.43304461070528
LIDC-IDRI-0780,0,1,5.0,1.0,3.0,3.0,5.0,1.0,1.0,5.0,1.0,0.0,10.067217935116187,88.9892578125,162.90730614564032
LIDC-IDRI-0780,1,1,3.0,1.0,6.0,3.0,1.0,3.0,2.0,1.0,3.0,0.0,27.049758836725328,3014.6656036376953,2955.8725111616327
LIDC-IDRI-0780,2,1,5.0,1.0,6.0,3.0,1.0,1.0,3.0,5.0,2.0,0.0,7.605459721681853,55.309295654296875,121.78633082417683
LIDC-IDRI-0779,0,3,2.3333333333333335,1.0,6.0,4.333333333333333,2.6666666666666665,1.0,1.0,2.0,3.0,0.0,6.156353918748831,85.06484985351523,96.81305763719378
LIDC-IDRI-0778,0,1,5.0,1.0,6.0,4.0,4.0,1.0,1.0,4.0,3.0,0.0,5.070306481121235,38.3148193359375,80.58301584846653
LIDC-IDRI-0777,0,1,3.0,1.0,6.0,5.0,5.0,1.0,1.0,5.0,2.0,0.0,4.788622787725611,38.49746704101526,51.57968422030956
LIDC-IDRI-0777,1,4,3.0,1.0,5.0,3.75,3.75,1.25,1.0,4.5,2.0,0.7071067811865476,6.553750194190816,92.96939849853521,106.48338856192288
LIDC-IDRI-0777,2,3,1.3333333333333333,1.0,6.0,4.0,2.3333333333333335,1.0,1.0,1.0,2.6666666666666665,0.4714045207910317,8.559748605900834,97.23587036132865,117.49608454093963
LIDC-IDRI-0777,3,3,2.3333333333333335,1.0,6.0,4.0,2.0,1.3333333333333333,1.0,2.3333333333333335,2.3333333333333335,0.4714045207910317,9.703074042895391,124.48837280273419,138.30354258237335
LIDC-IDRI-0777,4,2,1.0,1.0,6.0,4.0,1.0,1.0,1.0,1.0,2.5,0.5,9.239451844693344,176.81053161621102,191.02913337501693
LIDC-IDRI-0777,5,3,2.0,1.0,6.0,4.0,2.0,1.0,1.0,2.3333333333333335,2.6666666666666665,0.4714045207910317,9.121894635332078,124.62066650390604,135.09771991795515
LIDC-IDRI-0777,6,4,1.0,1.0,6.0,3.5,2.25,1.0,1.0,1.0,2.75,0.4330127018922193,7.189630750684348,75.90351104736335,92.94098584550667
LIDC-IDRI-0777,7,1,1.0,1.0,6.0,3.0,1.0,1.0,4.0,1.0,3.0,0.0,11.052202680100978,173.04016113281256,198.70923690293523
LIDC-IDRI-0776,0,3,2.6666666666666665,1.0,6.0,4.0,4.666666666666667,1.0,1.3333333333333333,5.0,3.3333333333333335,0.9428090415820634,12.92999757325766,432.5269063313802,331.14488496173675
LIDC-IDRI-0776,1,2,4.0,1.0,6.0,4.0,4.0,1.0,1.0,5.0,2.5,0.5,7.430419803669663,58.53996276855469,75.7609619010626
LIDC-IDRI-0776,2,4,4.75,1.0,6.0,4.25,4.75,2.5,2.25,5.0,4.25,0.82915619758885,18.198399554202805,1173.390007019043,679.6593782526315
LIDC-IDRI-0776,3,1,3.0,1.0,6.0,4.0,5.0,1.0,1.0,5.0,2.0,0.0,6.640625,53.35845947265625,72.27164966408714
LIDC-IDRI-0775,0,3,4.0,1.0,6.0,4.666666666666667,5.0,1.0,1.0,4.666666666666667,3.6666666666666665,0.4714045207910317,5.989357739880483,65.40298461914062,76.69525665355633
LIDC-IDRI-0775,1,3,5.0,1.0,6.0,4.0,4.333333333333333,3.0,3.0,5.0,4.333333333333333,0.9428090415820634,29.773078191019096,6738.967895507816,2324.0356454878906
LIDC-IDRI-0775,2,4,4.0,1.0,6.0,4.25,4.75,1.25,1.0,4.75,3.5,0.8660254037844386,10.374423481670664,233.7169647216797,210.81984648897162
LIDC-IDRI-0775,3,4,4.5,1.0,6.0,4.0,4.25,1.5,1.75,5.0,4.25,1.299038105676658,11.736260044578508,384.22107696533203,307.649163385362
LIDC-IDRI-0775,4,3,3.3333333333333335,1.0,6.0,4.333333333333333,3.3333333333333335,1.0,1.3333333333333333,4.333333333333333,2.6666666666666665,0.4714045207910317,9.559985894610504,160.38894653320312,155.9806679312978
LIDC-IDRI-0775,5,1,4.0,1.0,6.0,4.0,5.0,1.0,4.0,3.0,2.0,0.0,8.286407592029853,152.435302734375,147.41220700334145
LIDC-IDRI-0775,6,4,3.75,1.0,6.0,4.25,2.75,1.5,1.75,3.25,3.0,0.7071067811865476,10.394386631167121,285.55870056152344,244.67464571990354
LIDC-IDRI-0775,7,2,3.5,1.0,6.0,4.5,3.0,1.0,1.5,3.5,2.5,0.5,5.564691659507827,34.503936767578125,48.38777217280291
LIDC-IDRI-0775,8,2,3.0,1.0,6.0,5.0,3.5,1.0,3.0,3.5,2.5,0.5,4.635970791386148,45.833587646484375,55.351060731761585
LIDC-IDRI-0775,9,4,3.75,1.0,6.0,4.0,4.5,1.25,1.0,4.75,3.0,0.7071067811865476,9.367236990715359,134.58251953125,140.76219414381802
LIDC-IDRI-0775,10,2,3.0,1.0,6.0,5.0,3.5,1.0,1.5,4.0,2.5,0.5,5.640651610934469,44.460296630859375,57.89431010408221
LIDC-IDRI-0773,0,2,3.5,1.0,6.0,4.5,5.0,1.5,1.0,5.0,2.0,1.0,5.644091107498501,94.08959999995568,94.70540171822543
LIDC-IDRI-0773,1,2,3.5,1.0,6.0,2.5,4.0,2.5,1.0,5.0,2.5,0.5,8.318323498215921,201.3983999999764,170.97337327453232
LIDC-IDRI-0773,2,1,3.0,1.0,6.0,4.0,5.0,1.0,1.0,5.0,2.0,0.0,6.151682696628639,97.20000000006985,97.56904520514857
LIDC-IDRI-0773,3,1,3.0,1.0,6.0,4.0,5.0,1.0,1.0,5.0,1.0,0.0,5.804825578774975,94.86719999980414,101.11246161853285
LIDC-IDRI-0773,4,4,4.0,1.0,6.0,4.25,4.0,1.25,1.25,4.25,2.25,0.4330127018922193,9.180071031601576,425.15280000009807,286.91769189877044
LIDC-IDRI-0773,5,3,5.0,1.0,6.0,2.3333333333333335,3.0,3.6666666666666665,2.6666666666666665,4.666666666666667,3.6666666666666665,0.9428090415820634,29.241643321439415,5996.073600000709,2784.7295007225384
LIDC-IDRI-0772,0,3,5.0,1.0,6.0,4.333333333333333,4.333333333333333,4.0,3.3333333333333335,5.0,4.666666666666667,0.4714045207910317,41.06728798919397,16245.524088541666,4172.060503710459
LIDC-IDRI-0772,1,4,5.0,1.0,6.0,3.5,4.0,3.0,4.25,3.75,4.75,0.4330127018922193,28.446711851192624,2727.3178100585938,1323.7014631816564
LIDC-IDRI-0771,0,4,4.0,1.0,6.0,3.5,4.25,1.5,1.25,4.75,2.75,0.82915619758885,8.027597365663748,158.8316535949707,269.76161020676943
LIDC-IDRI-0770,0,2,5.0,1.0,3.0,3.5,4.5,1.5,2.5,5.0,1.0,0.0,12.475234772064514,409.1796875,342.8417819123354
LIDC-IDRI-0770,1,2,4.0,1.0,6.0,3.0,4.5,1.0,1.0,5.0,2.0,0.0,7.151574936943304,65.72265625,76.65021397704254
LIDC-IDRI-0770,2,4,3.5,1.0,6.0,3.5,4.0,1.75,1.75,5.0,3.0,0.7071067811865476,8.376718681308072,88.427734375,108.99726718152787
LIDC-IDRI-0770,3,4,4.5,1.0,6.0,3.5,5.0,1.5,1.5,5.0,3.0,0.0,9.292524675530327,151.904296875,151.30351991340706
LIDC-IDRI-0770,4,4,4.25,1.0,6.0,3.0,3.5,1.75,2.25,4.75,3.5,0.5,12.827629430377304,302.63671875,300.1460993722311
LIDC-IDRI-0770,5,2,3.0,1.0,6.0,2.0,4.0,1.0,1.0,5.0,2.5,0.5,10.173973090081324,132.32421875,169.28462365299538
LIDC-IDRI-0770,6,1,5.0,1.0,6.0,4.0,4.0,2.0,1.0,5.0,2.0,0.0,5.340002340823457,43.359375,53.4630506230185
LIDC-IDRI-0770,7,4,4.25,1.0,6.0,3.5,4.0,1.75,2.0,5.0,3.0,0.0,10.25048665120815,226.806640625,222.8747185095046
LIDC-IDRI-0770,8,1,3.0,1.0,6.0,3.0,5.0,1.0,2.0,5.0,3.0,0.0,5.762215285808055,35.15625,49.90990784166161
LIDC-IDRI-0770,9,4,3.75,1.0,6.0,3.25,4.75,1.25,1.25,5.0,2.75,0.4330127018922193,7.98970319242058,90.0390625,104.02176453627823
LIDC-IDRI-0770,10,2,4.5,1.0,6.0,3.0,3.0,2.0,3.0,5.0,3.0,0.0,11.77332471303389,328.80859375,290.5516370564678
LIDC-IDRI-0770,11,1,5.0,1.0,6.0,3.0,4.0,1.0,3.0,5.0,4.0,0.0,24.34292761768806,1862.5,1373.3076573773028
LIDC-IDRI-0769,0,1,1.0,1.0,6.0,3.0,3.0,2.0,1.0,1.0,3.0,0.0,5.532416753620787,34.631483720368124,53.147986264525606
LIDC-IDRI-0768,0,4,4.0,1.0,5.5,3.75,4.25,2.5,1.25,5.0,3.5,0.5,12.862024724253061,483.3641052246098,388.93538938584913
LIDC-IDRI-0768,1,1,4.0,1.0,6.0,2.0,4.0,2.0,1.0,4.0,3.0,0.0,11.735014754531095,234.4935607910171,246.01698919946645
LIDC-IDRI-0767,0,1,2.0,1.0,6.0,3.0,5.0,5.0,5.0,5.0,2.0,0.0,4.076373546310801,13.708877563476562,20.174680637032655
LIDC-IDRI-0766,0,4,5.0,1.0,4.5,4.0,4.5,2.5,1.25,5.0,3.0,2.0,20.63659842156765,745.9607720375061,482.08491741728943
LIDC-IDRI-0765,0,1,4.0,1.0,6.0,2.0,2.0,3.0,1.0,3.0,2.0,0.0,18.832233273269864,2439.7414837666292,1376.1564992772715
LIDC-IDRI-0765,1,1,2.0,1.0,6.0,3.0,3.0,1.0,1.0,4.0,2.0,0.0,5.770820042668846,74.24367224099115,78.33339497566062
LIDC-IDRI-0765,2,2,4.0,1.0,6.0,2.0,1.0,3.5,2.5,3.0,3.0,0.0,13.77961258126918,369.71632159454657,339.7941834899543
LIDC-IDRI-0763,0,2,3.0,2.5,6.0,4.5,4.0,2.5,1.0,5.0,3.0,0.0,7.062812649038618,60.54297637939453,102.00687299550911
LIDC-IDRI-0763,1,4,3.25,1.0,6.0,5.0,5.0,1.0,1.0,5.0,2.5,1.118033988749895,5.668939619009638,55.26415205001831,66.02280284746416
LIDC-IDRI-0763,2,1,3.0,1.0,6.0,3.0,5.0,1.0,1.0,5.0,3.0,0.0,5.223189789617944,31.018932342529297,50.39979813271266
LIDC-IDRI-0762,0,1,3.0,1.0,6.0,3.0,2.0,1.0,1.0,4.0,3.0,0.0,7.413366833800955,66.14456176757812,79.4925925689527
LIDC-IDRI-0762,1,1,2.0,1.0,6.0,4.0,1.0,1.0,1.0,1.0,3.0,0.0,6.947943996697872,125.3265380859375,136.34755759090035
LIDC-IDRI-0762,2,1,3.0,1.0,6.0,4.0,1.0,1.0,1.0,1.0,4.0,0.0,6.591398425457605,79.837646484375,95.79386855230902
LIDC-IDRI-0762,3,2,2.5,1.0,6.0,3.0,3.5,1.0,1.0,3.5,2.5,0.5,5.986489488959698,73.68736267089844,86.9587973202391
LIDC-IDRI-0762,4,3,4.333333333333333,1.0,6.0,3.6666666666666665,3.6666666666666665,1.3333333333333333,1.0,4.666666666666667,3.0,0.816496580927726,7.221585427027784,118.90548706054688,122.2165482682736
LIDC-IDRI-0762,5,1,4.0,1.0,6.0,4.0,1.0,1.0,1.0,1.0,3.0,0.0,7.10647262184271,54.540252685546875,68.60088605804214
LIDC-IDRI-0762,6,1,3.0,1.0,6.0,3.0,1.0,1.0,1.0,3.0,2.0,0.0,6.362061778867367,58.253631591796875,70.52276275626512
LIDC-IDRI-0762,7,1,2.0,1.0,6.0,4.0,4.0,1.0,1.0,3.0,3.0,0.0,6.001647722969501,81.23016357421875,95.62287047959919
LIDC-IDRI-0762,8,1,4.0,1.0,6.0,3.0,4.0,1.0,1.0,4.0,4.0,0.0,5.781038847495318,57.557373046875,67.47096788310343
LIDC-IDRI-0761,0,3,3.3333333333333335,1.0,6.0,3.6666666666666665,3.6666666666666665,2.6666666666666665,1.0,4.333333333333333,3.0,0.0,6.793811655151404,67.94179280598958,80.59548405409919
LIDC-IDRI-0761,1,2,4.0,1.0,6.0,3.5,4.5,1.0,1.0,5.0,2.5,0.5,6.142227476874085,62.229061126708984,72.61114890949982
LIDC-IDRI-0761,2,4,4.25,1.0,5.25,4.25,4.5,2.25,1.0,4.75,3.25,1.479019945774904,9.688368686677807,259.6848964691162,211.97711303622623
LIDC-IDRI-0761,3,1,4.0,1.0,6.0,4.0,5.0,1.0,1.0,5.0,2.0,0.0,7.87109375,81.93340301513672,109.43581888825845
LIDC-IDRI-0759,0,2,2.5,1.0,6.0,3.5,2.5,1.0,1.5,4.0,1.5,0.5,5.127259547557474,55.89968395176584,66.34312480568494
LIDC-IDRI-0759,1,4,4.5,1.0,6.0,3.25,4.75,2.0,2.75,4.75,3.75,0.4330127018922193,10.239683571310161,338.7945688990682,268.619252471724
LIDC-IDRI-0759,2,1,2.0,1.0,6.0,3.0,3.0,1.0,1.0,2.0,3.0,0.0,4.70647456166162,36.56988669739803,48.547739940954706
LIDC-IDRI-0759,3,1,5.0,1.0,5.0,3.0,5.0,1.0,1.0,5.0,1.0,0.0,2.585936000000004,11.493392962033795,16.426176679273315
LIDC-IDRI-0759,4,4,3.75,1.0,6.0,4.5,3.0,2.25,2.25,2.25,2.75,0.4330127018922193,6.833745592818888,130.2149179902881,120.50584429147764
LIDC-IDRI-0758,0,1,5.0,1.0,6.0,4.0,5.0,1.0,1.0,4.0,3.0,0.0,5.118827265900364,21.320343017578125,51.534270986944286
LIDC-IDRI-0757,0,2,2.0,1.0,6.0,2.5,4.0,1.0,1.0,5.0,2.0,0.0,6.708457501413239,43.270999597061746,100.22445053983412
LIDC-IDRI-0757,1,1,5.0,1.0,3.0,5.0,5.0,1.0,1.0,5.0,1.0,0.0,4.039331451394876,21.635499798612727,55.918067378754216
LIDC-IDRI-0757,2,1,4.0,1.0,6.0,3.0,4.0,2.0,1.0,5.0,3.0,0.0,8.859692121751864,109.9689817669607,222.905403641127
LIDC-IDRI-0756,0,3,5.0,1.0,6.0,2.0,3.3333333333333335,1.6666666666666667,2.3333333333333335,4.0,4.0,0.0,27.72226379736709,1090.7479340875095,1432.9091196224238
LIDC-IDRI-0754,0,1,1.0,1.0,6.0,4.0,1.0,1.0,1.0,3.0,2.0,0.0,5.798117286024835,58.0902099609375,66.99624340324965
LIDC-IDRI-0754,1,2,3.5,1.0,6.0,4.0,3.0,1.5,1.0,2.5,2.0,0.0,8.377541201310633,98.72245788574219,105.99068230659029
LIDC-IDRI-0754,2,1,4.0,1.0,6.0,4.0,1.0,1.0,1.0,1.0,2.0,0.0,5.491581803371866,48.2025146484375,56.516377972154835
LIDC-IDRI-0753,0,3,4.0,1.0,5.0,4.666666666666667,3.3333333333333335,2.3333333333333335,1.6666666666666667,4.0,3.0,1.632993161855452,9.896710845217486,472.94998168945267,330.5617327536191
LIDC-IDRI-0752,0,4,4.0,1.0,6.0,3.75,4.5,1.25,1.25,5.0,2.75,0.4330127018922193,8.182238773662485,132.1706771850586,126.93814531430515
LIDC-IDRI-0752,1,3,2.0,1.0,6.0,3.0,1.6666666666666667,2.0,1.3333333333333333,1.0,3.6666666666666665,0.4714045207910317,16.561013129270346,656.9137573242188,534.8293716756997
LIDC-IDRI-0751,0,4,5.0,1.0,6.0,5.0,3.25,2.0,3.75,4.75,4.0,1.224744871391589,31.79513880006487,8692.17917060852,2907.3406938941653
LIDC-IDRI-0751,1,2,3.0,1.0,6.0,4.0,4.0,1.5,1.5,4.5,3.0,0.0,5.43534405283717,59.64412307739258,67.02578887942778
LIDC-IDRI-0751,2,4,4.75,1.0,6.0,3.75,3.5,1.75,2.5,4.5,3.5,1.118033988749895,17.27721602184871,1799.9517674446106,1055.1150864396923
LIDC-IDRI-0751,3,4,3.5,1.0,6.0,3.0,3.75,1.0,1.0,4.75,2.5,0.5,11.053516948033757,274.585045337677,233.76029966435445
LIDC-IDRI-0751,4,4,3.25,1.0,6.0,4.5,3.0,1.0,1.0,3.0,2.25,0.4330127018922193,7.495089510111698,139.5926284790039,133.30605065784235
LIDC-IDRI-0751,5,3,2.3333333333333335,1.0,6.0,3.6666666666666665,3.0,1.0,1.0,3.0,2.3333333333333335,0.4714045207910317,5.578077836375787,79.52549743652344,85.41444373104213
LIDC-IDRI-0751,6,4,5.0,1.75,6.0,4.0,3.0,2.25,3.5,4.75,4.0,1.224744871391589,36.58831838239375,8912.9893283844,3240.199761733557
LIDC-IDRI-0750,0,1,5.0,1.0,6.0,4.0,4.0,1.0,1.0,5.0,1.0,0.0,8.311878848972718,288.5724629999895,223.2953123418627
LIDC-IDRI-0750,1,1,5.0,1.0,3.0,3.0,3.0,1.0,1.0,5.0,3.0,0.0,6.87737224526927,159.43230000010226,145.98998979021167
LIDC-IDRI-0750,2,1,5.0,2.0,6.0,2.0,3.0,3.0,3.0,5.0,3.0,0.0,34.386861226346326,9063.726254998968,3978.6310575976604
LIDC-IDRI-0750,3,1,5.0,1.0,3.0,3.0,5.0,1.0,1.0,5.0,2.0,0.0,6.721047909366479,124.3571940001566,129.4346191490194
LIDC-IDRI-0749,0,4,5.0,1.0,3.0,4.75,5.0,1.25,1.25,5.0,1.0,0.0,11.376930018611946,710.4583168029785,429.830275168967
LIDC-IDRI-0749,1,4,4.0,1.0,6.0,4.75,4.75,1.0,1.0,4.25,3.5,1.118033988749895,8.110241233042398,165.82304763793945,152.69559362875665
LIDC-IDRI-0749,2,4,4.5,1.0,6.0,4.75,3.75,1.75,1.25,5.0,4.25,0.82915619758885,19.139770662086068,1936.1843147277832,917.1234774826969
LIDC-IDRI-0749,3,1,5.0,1.0,6.0,4.0,4.0,1.0,1.0,3.0,4.0,0.0,8.5540498121344,175.01895904541016,151.07898670520703
LIDC-IDRI-0749,4,4,5.0,1.0,6.0,4.25,4.5,1.5,1.75,5.0,4.25,0.82915619758885,20.204599118575025,2161.1875019073486,1061.2582613949526
LIDC-IDRI-0749,5,4,4.0,1.0,6.0,4.0,4.75,1.25,1.0,4.75,3.25,0.82915619758885,8.078818628042589,219.2186622619629,186.09549269472024
LIDC-IDRI-0748,0,2,3.0,1.0,6.0,5.0,3.0,1.0,1.0,5.0,2.5,0.5,7.463747639749162,165.12451171875,171.80164955472986
LIDC-IDRI-0748,1,1,5.0,1.0,6.0,5.0,5.0,1.0,1.0,5.0,3.0,0.0,4.446952959611783,42.022705078125,61.8636984486226
LIDC-IDRI-0748,2,4,3.25,1.0,6.0,4.5,4.75,1.0,1.0,4.75,2.25,0.4330127018922193,6.066321924857331,87.01171875,105.58239688620215
LIDC-IDRI-0748,3,2,2.0,1.0,6.0,4.0,3.5,1.5,1.0,4.5,2.0,0.0,5.798117286024835,58.5845947265625,77.54047484451817
LIDC-IDRI-0748,4,1,4.0,1.0,6.0,3.0,5.0,1.0,1.0,5.0,2.0,0.0,7.572888010032896,133.978271484375,150.9343035976011
LIDC-IDRI-0748,5,4,3.75,1.0,6.0,5.0,4.75,1.0,1.0,4.75,1.75,0.4330127018922193,5.410505432083697,68.34869384765625,87.5911737034616
LIDC-IDRI-0748,6,3,3.0,1.0,6.0,4.666666666666667,4.333333333333333,1.0,1.0,4.666666666666667,2.0,0.0,4.723974958109161,44.659423828125,63.369378406971656
LIDC-IDRI-0748,7,1,4.0,1.0,6.0,3.0,5.0,1.0,1.0,5.0,2.0,0.0,7.605459721681853,98.876953125,115.78081286951002
LIDC-IDRI-0747,0,1,1.0,1.0,6.0,3.0,1.0,1.0,1.0,3.0,1.0,0.0,6.794669324497621,108.44722100810031,125.25139558253136
LIDC-IDRI-0744,0,4,4.0,1.0,6.0,3.0,4.0,2.0,1.5,4.75,3.0,0.0,11.127530507838497,158.5277614593506,191.18404436115043
LIDC-IDRI-0744,1,1,5.0,1.0,6.0,3.0,5.0,1.0,1.0,4.0,3.0,0.0,7.198101948526219,71.06416893005371,104.58376480514491
LIDC-IDRI-0743,0,2,4.0,1.0,6.0,3.0,3.0,2.5,3.0,2.0,4.0,1.0,16.381538001136388,574.1015625,501.99985328798385
LIDC-IDRI-0743,1,3,2.3333333333333335,1.0,6.0,3.3333333333333335,4.0,2.0,1.3333333333333333,4.666666666666667,2.6666666666666665,0.4714045207910317,6.076104677833707,87.42187499999987,101.88255616065801
LIDC-IDRI-0743,2,2,3.5,1.0,6.0,3.5,3.0,2.0,1.5,2.5,3.5,0.5,9.587183070222324,198.63281250000017,201.754395365635
LIDC-IDRI-0742,0,1,5.0,1.0,6.0,3.0,5.0,1.0,1.0,4.0,3.0,0.0,6.398944243135567,29.39228057861328,39.98744085359676
LIDC-IDRI-0742,1,2,3.0,1.0,6.0,2.5,2.5,1.5,1.5,2.0,3.0,0.0,4.703831015995404,21.689476013183594,31.085547906117384
LIDC-IDRI-0742,2,1,5.0,1.0,6.0,4.0,4.0,1.0,1.0,5.0,3.0,0.0,4.63538246856533,23.919235229492188,34.30917831852951
LIDC-IDRI-0742,3,1,5.0,1.0,6.0,5.0,4.0,1.0,1.0,4.0,3.0,0.0,6.3671875,45.406005859375,60.14603956895688
LIDC-IDRI-0742,4,2,3.0,1.0,6.0,3.5,2.5,2.0,2.0,3.5,3.0,0.0,13.925457104725135,286.5240592956543,265.6451462175738
LIDC-IDRI-0742,5,3,4.0,1.0,6.0,4.0,4.666666666666667,1.3333333333333333,1.3333333333333333,5.0,2.6666666666666665,0.4714045207910317,5.614884556931583,54.325042724609375,65.18470153461864
LIDC-IDRI-0742,6,1,5.0,1.0,6.0,5.0,5.0,1.0,1.0,5.0,3.0,0.0,4.63538246856533,21.28406524658203,31.250879526803658
LIDC-IDRI-0742,7,1,5.0,1.0,6.0,4.0,5.0,1.0,1.0,5.0,3.0,0.0,4.591444202348674,16.824546813964844,26.616998428040517
LIDC-IDRI-0742,8,1,5.0,1.0,6.0,4.0,5.0,1.0,1.0,5.0,3.0,0.0,7.118732037743471,60.608909606933594,73.34346588828
LIDC-IDRI-0742,9,3,4.0,1.0,6.0,3.3333333333333335,4.333333333333333,1.6666666666666667,1.6666666666666667,5.0,3.3333333333333335,0.4714045207910317,9.367299988844112,140.94780985514322,142.71271557036658
LIDC-IDRI-0742,10,1,5.0,1.0,6.0,4.0,5.0,1.0,1.0,5.0,3.0,0.0,4.9729324108311905,27.77063751220703,36.21144272592786
LIDC-IDRI-0742,11,3,4.666666666666667,1.0,6.0,3.6666666666666665,4.333333333333333,1.3333333333333333,1.0,5.0,2.6666666666666665,0.4714045207910317,6.112116779825475,59.79808807373047,72.76925544167392
LIDC-IDRI-0742,12,1,5.0,1.0,6.0,4.0,5.0,1.0,1.0,5.0,3.0,0.0,5.477261791124797,30.203102111816406,45.17179148063988
LIDC-IDRI-0742,13,2,4.0,1.0,3.0,3.5,4.5,1.0,1.5,5.0,1.5,0.5,16.115381397428415,277.19961166381836,315.31723463792497
LIDC-IDRI-0741,0,1,5.0,1.0,3.0,5.0,4.0,1.0,1.0,5.0,1.0,0.0,5.689888924049184,104.02406311035156,200.48850936796032
LIDC-IDRI-0741,1,4,4.5,1.0,6.0,3.0,2.75,1.5,2.0,4.5,3.5,0.5,18.211846331479613,1129.4041137695312,1010.8636825459498
LIDC-IDRI-0741,2,4,2.5,1.0,6.0,2.5,2.5,2.75,1.75,3.25,2.75,0.4330127018922193,11.142195048758857,226.88921928405762,333.26714341819013
LIDC-IDRI-0741,3,1,5.0,1.0,6.0,4.0,2.0,1.0,1.0,5.0,2.0,0.0,8.77248980056548,265.3675079345703,383.5670631219769
LIDC-IDRI-0741,4,3,3.6666666666666665,1.0,6.0,3.0,3.3333333333333335,1.6666666666666667,1.3333333333333333,3.6666666666666665,2.3333333333333335,0.4714045207910317,7.499003031020358,154.44388961791992,243.72886281870979
LIDC-IDRI-0741,5,1,3.0,1.0,6.0,2.0,2.0,3.0,2.0,4.0,3.0,0.0,15.43696933096792,874.6513061523438,1066.2476331380958
LIDC-IDRI-0741,6,1,3.0,1.0,6.0,2.0,3.0,1.0,1.0,3.0,1.0,0.0,5.303673806057877,66.87261199951172,117.05487419525653
LIDC-IDRI-0740,0,4,4.25,1.0,6.0,3.5,3.25,2.5,3.5,4.25,4.25,0.82915619758885,10.754651910526263,293.93165588378935,286.56220995023335
LIDC-IDRI-0740,1,1,4.0,1.0,6.0,4.0,5.0,1.0,1.0,5.0,2.0,0.0,4.8724107957858624,47.929916381835866,64.68967572939331
LIDC-IDRI-0740,2,1,2.0,1.0,6.0,4.0,2.0,3.0,1.0,2.0,2.0,0.0,5.373401492864239,29.51507568359375,43.16068863613704
LIDC-IDRI-0739,0,3,3.6666666666666665,1.0,6.0,3.6666666666666665,4.666666666666667,1.0,1.0,5.0,2.6666666666666665,0.4714045207910317,6.02463980804863,55.821736653645836,106.15548026488193
LIDC-IDRI-0736,0,3,3.0,1.0,6.0,4.333333333333333,3.6666666666666665,1.0,1.6666666666666667,4.666666666666667,3.3333333333333335,0.4714045207910317,5.349837452387605,42.93588002522787,56.36847788117358
LIDC-IDRI-0735,0,2,4.0,1.0,6.0,3.0,4.0,1.0,1.0,5.0,2.5,0.5,5.151634217190734,25.31781005859375,39.17791500160263
LIDC-IDRI-0735,1,4,4.25,1.0,6.0,4.25,4.25,1.0,1.0,5.0,2.5,0.5,5.542978969465596,45.87286376953125,62.62399342962512
LIDC-IDRI-0735,2,1,5.0,1.0,6.0,4.0,5.0,1.0,1.0,5.0,3.0,0.0,4.660992760735099,39.9403076171875,53.11599552352345
LIDC-IDRI-0734,0,4,4.75,1.0,6.0,4.25,4.75,1.75,2.5,5.0,3.5,1.118033988749895,10.611727873042161,441.4655351948136,565.228878010442
LIDC-IDRI-0733,0,3,4.0,1.0,6.0,5.0,4.666666666666667,1.3333333333333333,1.6666666666666667,4.666666666666667,3.0,0.816496580927726,9.061594534644152,104.22454833984254,122.97267901618561
LIDC-IDRI-0733,1,2,4.5,1.0,3.0,4.5,5.0,1.0,1.0,5.0,1.0,0.0,8.51892761301683,118.35571289062506,131.46729603720019
LIDC-IDRI-0733,2,1,5.0,1.0,6.0,3.0,4.0,1.0,1.0,4.0,3.0,0.0,6.288941186718159,37.375488281250156,52.78691121335348
LIDC-IDRI-0733,3,1,3.0,1.0,6.0,3.0,4.0,3.0,1.0,5.0,3.0,0.0,7.572888010032896,65.06103515625043,83.42070587776047
LIDC-IDRI-0733,4,1,3.0,1.0,6.0,3.0,3.0,2.0,3.0,5.0,2.0,0.0,8.55388480823187,51.045227050780426,79.57794846584092
LIDC-IDRI-0733,5,4,4.25,1.0,6.0,4.25,4.75,1.5,1.5,5.0,3.25,1.0897247358851685,10.526848862545268,178.70155334472622,198.09343958640136
LIDC-IDRI-0733,6,1,3.0,1.0,6.0,3.0,4.0,1.0,3.0,5.0,2.0,0.0,7.340840514077731,25.26306152343811,47.069615468664324
LIDC-IDRI-0733,7,1,5.0,1.0,6.0,3.0,5.0,1.0,1.0,5.0,3.0,0.0,6.288941186718159,38.413696289062386,59.83566238577866
LIDC-IDRI-0732,0,1,4.0,1.0,6.0,5.0,5.0,1.0,1.0,5.0,2.0,0.0,7.152172009475513,92.07641601562558,107.81002277600169
LIDC-IDRI-0732,1,4,4.75,1.0,6.0,4.25,4.25,2.25,1.25,5.0,4.0,0.7071067811865476,14.348440686006676,1017.4047088623046,624.5005575782782
LIDC-IDRI-0730,0,4,3.25,1.0,6.0,4.5,2.25,1.25,1.25,2.0,3.5,0.5,6.41841496532931,68.4228515625,82.93718140843828
LIDC-IDRI-0729,0,4,2.25,1.0,6.0,4.25,4.5,1.25,1.0,5.0,2.5,0.5,5.766598466077188,49.16267395019531,56.50738711165975
LIDC-IDRI-0728,0,3,2.6666666666666665,1.0,6.0,2.6666666666666665,3.6666666666666665,2.0,1.0,4.666666666666667,3.0,0.816496580927726,8.308511642344875,79.25605773925781,148.7842928480609
LIDC-IDRI-0727,0,4,3.0,1.0,5.25,3.5,4.5,1.5,1.0,5.0,2.25,1.0897247358851685,6.063060858505175,46.271324157714844,96.06695059404967
LIDC-IDRI-0727,1,1,4.0,1.0,3.0,5.0,5.0,1.0,1.0,5.0,1.0,0.0,4.446952959611783,30.435562133789062,67.72473830786952
LIDC-IDRI-0726,0,1,1.0,1.0,6.0,3.0,4.0,1.0,1.0,5.0,1.0,0.0,5.385336230308797,34.356033325195504,48.51460962595245
LIDC-IDRI-0726,1,4,3.25,1.0,3.0,4.25,4.75,1.25,1.0,5.0,1.0,0.0,7.986557814062074,134.80838985443108,132.3034509953431
LIDC-IDRI-0725,0,2,3.0,1.0,6.0,3.0,3.0,1.0,1.0,4.5,3.5,0.5,8.87202858218923,101.96685791015625,106.80349931301173
LIDC-IDRI-0724,0,1,3.0,1.0,6.0,4.0,3.0,1.0,1.0,5.0,2.0,0.0,7.41237883543469,209.12816399952862,184.49250361531602
LIDC-IDRI-0724,1,1,4.0,1.0,6.0,4.0,5.0,1.0,1.0,5.0,1.0,0.0,5.241343339259494,111.77539799991064,115.55679575119345
LIDC-IDRI-0724,2,1,3.0,1.0,6.0,5.0,4.0,1.0,1.0,5.0,1.0,0.0,3.7061894177173316,45.32827199998428,55.65170086699893
LIDC-IDRI-0724,3,4,3.25,1.0,5.25,3.25,3.75,2.5,1.5,4.75,2.25,0.82915619758885,8.059500966408297,277.63566600008926,220.20524547183288
LIDC-IDRI-0723,0,4,4.25,1.0,6.0,4.0,4.5,1.25,1.25,5.0,3.0,0.7071067811865476,7.517222228053221,135.72406768798828,127.21810864488188
LIDC-IDRI-0722,0,3,4.666666666666667,1.0,3.0,3.3333333333333335,4.666666666666667,3.3333333333333335,1.3333333333333333,5.0,1.0,0.0,11.82378572956027,354.2056223373408,486.6520925835014
LIDC-IDRI-0722,1,3,4.333333333333333,1.0,6.0,3.6666666666666665,4.0,2.6666666666666665,2.0,5.0,3.3333333333333335,1.247219128924647,8.460806004188688,161.0870361328125,263.42474339597817
LIDC-IDRI-0722,2,3,4.0,1.0,6.0,3.0,4.0,2.3333333333333335,1.6666666666666667,4.666666666666667,3.0,0.816496580927726,10.779508508088016,295.18890380859375,464.9148445774238
LIDC-IDRI-0721,0,1,3.0,1.0,6.0,4.0,5.0,1.0,1.0,4.0,3.0,0.0,6.508129988879519,90.65872421269887,90.20867430952745
LIDC-IDRI-0721,1,2,2.0,1.0,6.0,5.0,5.0,1.0,1.0,3.5,2.5,0.5,5.833731245333032,84.4939309664187,84.52253604918596
LIDC-IDRI-0721,2,1,3.0,1.0,6.0,5.0,5.0,1.0,1.0,5.0,1.0,0.0,5.386166702586353,60.19739287712582,64.52947898783319
LIDC-IDRI-0721,3,1,2.0,1.0,6.0,5.0,5.0,1.0,1.0,5.0,2.0,0.0,5.545398024752835,73.25224916407024,74.44538974064656
LIDC-IDRI-0720,0,3,5.0,1.0,5.666666666666667,3.6666666666666665,3.3333333333333335,2.0,2.6666666666666665,4.333333333333333,4.0,0.816496580927726,16.210419609628772,528.8143463134766,630.4723921601308
LIDC-IDRI-0720,1,2,3.0,1.0,6.0,2.5,4.5,1.0,1.0,4.5,2.0,0.0,6.369928081559839,56.55979919433594,114.1603794048352
LIDC-IDRI-0720,2,4,4.25,1.0,6.0,4.0,3.5,2.0,2.0,4.5,3.25,0.4330127018922193,7.1206902248088655,73.46841049194336,141.1038022782825
LIDC-IDRI-0719,0,4,5.0,1.0,6.0,4.25,4.25,3.0,1.5,4.75,3.75,1.299038105676658,20.733284112369123,1085.2991180419922,723.5451821556153
LIDC-IDRI-0717,0,4,5.0,1.0,3.0,3.75,5.0,1.25,1.0,5.0,1.0,0.0,10.866378601824655,180.17205963134805,183.2757480796492
LIDC-IDRI-0717,1,1,2.0,1.0,6.0,4.0,3.0,1.0,2.0,2.0,3.0,0.0,3.924434237190279,12.306417846679595,21.845540596297326
LIDC-IDRI-0717,2,1,2.0,1.0,6.0,3.0,3.0,1.0,1.0,5.0,2.0,0.0,4.637190964265166,13.933712768554745,27.00005307440405
LIDC-IDRI-0715,0,3,5.0,1.0,6.0,3.3333333333333335,3.0,2.3333333333333335,4.333333333333333,4.666666666666667,4.666666666666667,0.4714045207910317,35.04193256886157,3437.6220703125,3928.4993447514576
LIDC-IDRI-0714,0,2,5.0,1.0,6.0,1.5,3.5,2.5,1.5,5.0,3.0,0.0,20.007781957837683,1036.9873046875,778.7023683486645
LIDC-IDRI-0713,0,4,4.5,1.0,3.0,4.0,5.0,1.0,1.25,5.0,1.0,0.0,6.430490274772311,70.10638618469238,77.12456881584934
LIDC-IDRI-0713,1,2,4.0,1.0,3.0,4.5,4.5,1.0,1.0,5.0,1.0,0.0,7.468117659227813,137.20104217529297,125.32094325678464
LIDC-IDRI-0713,2,2,4.5,1.0,3.0,4.5,5.0,1.0,1.0,5.0,1.0,0.0,6.01171875,103.06809997558594,109.74672865445629
LIDC-IDRI-0713,3,1,4.0,1.0,6.0,3.0,2.0,3.0,4.0,3.0,3.0,0.0,14.831313149261103,314.55848693847656,283.0697223858723
LIDC-IDRI-0713,4,2,4.5,1.0,3.0,4.5,4.5,1.0,1.5,5.0,1.0,0.0,6.336907967446791,136.53176879882812,137.2092669968849
LIDC-IDRI-0713,5,3,4.333333333333333,1.0,3.0,2.6666666666666665,4.666666666666667,1.0,1.0,5.0,1.0,0.0,8.554823503279154,165.08743286132812,156.17181824853793
LIDC-IDRI-0713,6,3,5.0,1.0,6.0,3.0,4.0,2.3333333333333335,2.3333333333333335,5.0,5.0,0.0,33.61890413545343,7183.311149597168,2637.626512166183
LIDC-IDRI-0712,0,4,4.5,1.0,6.0,4.25,4.75,2.5,1.25,4.75,3.25,0.4330127018922193,8.972502760992864,296.1117553710938,248.31362970397547
LIDC-IDRI-0712,1,3,3.6666666666666665,1.0,6.0,4.333333333333333,4.666666666666667,1.6666666666666667,1.3333333333333333,4.666666666666667,3.3333333333333335,0.4714045207910317,6.827741422417691,92.10388183593749,100.86380950640235
LIDC-IDRI-0709,0,1,4.0,1.0,3.0,3.0,5.0,1.0,1.0,5.0,1.0,0.0,4.452954075667094,50.73840000023483,63.67346151010625
LIDC-IDRI-0709,1,4,5.0,1.0,6.0,3.75,2.75,3.5,3.75,4.25,4.5,0.5,26.11558386712174,5636.555099999809,2542.121836896552
LIDC-IDRI-0709,2,2,3.5,1.0,6.0,3.5,4.5,1.5,1.0,5.0,2.5,0.5,10.419582200605904,437.4000000001397,358.1419047860084
LIDC-IDRI-0709,3,2,4.0,1.0,3.0,5.0,5.0,1.0,1.0,5.0,1.0,0.0,5.243124355227335,103.00770000006014,110.29453348243335
LIDC-IDRI-0709,4,4,4.5,1.0,3.0,5.0,5.0,1.0,1.0,5.0,1.0,0.0,5.091650628432023,82.55925000003117,96.03032551903999
LIDC-IDRI-0709,5,1,3.0,1.0,3.0,3.0,5.0,1.0,1.0,5.0,1.0,0.0,7.1025910765015725,125.97120000020368,131.54030534284576
LIDC-IDRI-0708,0,4,5.0,1.0,6.0,4.0,2.25,3.75,4.75,5.0,5.0,0.0,32.43414474791086,5040.041561751423,2046.6346035801546
LIDC-IDRI-0708,1,4,5.0,1.0,3.0,4.5,5.0,1.0,1.5,5.0,1.0,0.0,6.100076447781765,94.33186843263684,90.20276078912514
LIDC-IDRI-0707,0,1,4.0,1.0,6.0,4.0,3.0,1.0,1.0,4.0,2.0,0.0,4.838649811672681,59.43181199982064,62.58551508661034
LIDC-IDRI-0707,1,2,3.0,1.0,6.0,5.0,5.0,1.0,1.0,5.0,2.0,1.0,5.633117131343478,78.67961475005723,80.56244833729747
LIDC-IDRI-0707,2,4,3.75,1.0,6.0,4.5,4.75,1.25,1.0,5.0,2.5,0.8660254037844386,7.292589667783723,216.45336074999068,181.15025505069863
LIDC-IDRI-0707,3,2,3.0,1.0,6.0,4.0,4.5,1.0,1.0,5.0,2.5,0.5,6.743466541772125,135.40998074992967,128.97348397768107
LIDC-IDRI-0707,4,2,3.0,1.0,6.0,4.5,3.0,2.0,2.0,5.0,2.0,0.0,8.142941604175281,161.4113985000149,140.0535055752353
LIDC-IDRI-0707,5,1,5.0,1.0,6.0,3.0,4.0,2.0,2.0,5.0,3.0,0.0,14.218235087379885,707.1034905002452,434.2810180651986
LIDC-IDRI-0706,0,4,4.25,1.0,6.0,4.5,5.0,1.0,1.0,5.0,3.5,1.118033988749895,14.830387110004143,1097.4564266204834,592.038820299723
LIDC-IDRI-0705,0,4,4.75,1.0,6.0,4.25,4.5,1.75,1.5,5.0,3.5,1.118033988749895,13.884014006973773,761.7968353317201,777.612579692405
LIDC-IDRI-0705,1,4,4.0,1.0,6.0,4.25,3.5,1.75,1.5,4.5,2.75,0.4330127018922193,10.2502808763684,173.071855179287,273.85149003509423
LIDC-IDRI-0705,2,3,4.0,1.0,6.0,3.3333333333333335,4.333333333333333,1.6666666666666667,1.3333333333333333,5.0,3.0,0.0,8.486894241994511,75.45699946697216,144.76941897781313
LIDC-IDRI-0704,0,4,4.75,1.0,3.0,4.25,5.0,1.5,1.0,5.0,1.0,0.0,6.675433157146606,83.00256729125977,145.05435882769123
LIDC-IDRI-0704,1,2,2.5,1.0,6.0,3.0,3.0,2.5,1.0,3.5,3.5,0.5,9.498472865765923,155.11322021484375,263.4876983579499
LIDC-IDRI-0703,0,3,4.666666666666667,1.0,6.0,3.0,3.0,1.3333333333333333,1.0,4.666666666666667,2.6666666666666665,1.247219128924647,9.624761818151569,213.11210123697916,334.8571572695102
LIDC-IDRI-0703,1,1,5.0,1.0,6.0,3.0,1.0,1.0,4.0,4.0,5.0,0.0,49.76443417739804,6336.677696228027,6152.916305820292
LIDC-IDRI-0703,2,2,2.0,1.0,6.0,4.0,3.0,1.0,1.0,3.0,2.5,0.5,5.895197116296597,53.08442783355713,106.8819593069725
LIDC-IDRI-0702,0,2,1.5,1.0,6.0,4.0,1.5,2.0,2.5,2.5,2.5,0.5,12.51878471350654,215.52085876464844,331.0743162318205
LIDC-IDRI-0702,1,1,5.0,1.0,6.0,4.0,2.0,2.0,2.0,1.0,5.0,0.0,24.918813487503773,1751.6670227050781,1722.5314202022623
LIDC-IDRI-0702,2,2,1.0,1.0,6.0,4.0,2.0,1.0,1.0,1.0,2.0,0.0,5.35484046506056,50.6744384765625,106.92620074641619
LIDC-IDRI-0702,3,1,4.0,1.0,6.0,4.0,4.0,1.0,1.0,4.0,3.0,0.0,7.766269465209793,85.2813720703125,161.14627236200408
LIDC-IDRI-0702,4,3,5.0,1.0,6.0,3.0,2.6666666666666665,4.0,3.3333333333333335,3.3333333333333335,4.666666666666667,0.4714045207910317,35.304642639857896,6635.467529296875,5391.129648958326
LIDC-IDRI-0702,5,2,3.0,1.0,6.0,4.0,1.0,2.0,2.5,2.0,3.0,1.0,12.279550216340377,90.99769592285156,205.0893137092148
LIDC-IDRI-0702,6,1,2.0,1.0,6.0,5.0,2.0,5.0,2.0,2.0,2.0,0.0,8.229867124724736,42.64068603515625,90.59519644876104
LIDC-IDRI-0702,7,1,4.0,1.0,6.0,5.0,1.0,5.0,2.0,2.0,2.0,0.0,10.452704587958324,135.8013153076172,244.6684216489411
LIDC-IDRI-0701,0,1,3.0,1.0,6.0,2.0,2.0,5.0,4.0,3.0,1.0,0.0,4.098495034742876,14.13264793858616,24.631152491618817
LIDC-IDRI-0701,1,2,4.5,1.0,6.0,4.5,5.0,4.0,4.5,5.0,2.5,0.5,5.797228933160781,44.21499855056027,57.66755915456006
LIDC-IDRI-0701,2,1,2.0,1.0,6.0,4.0,2.0,5.0,5.0,3.0,3.0,0.0,14.61246457153415,172.41830485021637,239.7752732636394
LIDC-IDRI-0701,3,3,5.0,1.0,6.0,2.3333333333333335,2.0,2.3333333333333335,2.3333333333333335,4.333333333333333,4.333333333333333,0.9428090415820634,30.424106976457338,1859.4526409236696,2045.8021104066763
LIDC-IDRI-0701,4,4,3.75,1.0,6.0,3.0,3.25,3.75,3.5,4.25,3.0,0.7071067811865476,10.993181133675726,164.3425060282152,200.23673618002198
LIDC-IDRI-0701,5,4,3.25,1.0,6.0,3.5,4.0,3.75,3.25,4.5,3.0,0.7071067811865476,7.579748747643718,59.35712134198184,81.02948020998164
LIDC-IDRI-0700,0,3,4.666666666666667,1.0,6.0,4.333333333333333,4.666666666666667,1.6666666666666667,1.0,5.0,2.3333333333333335,1.247219128924647,8.598639612239467,156.2976837158203,253.4486893726178
LIDC-IDRI-0699,0,4,3.25,1.0,6.0,3.25,3.5,2.5,1.5,4.5,3.25,0.4330127018922193,8.341980198601032,109.45987701416016,120.2818441786389
LIDC-IDRI-0698,0,3,4.666666666666667,1.0,6.0,2.6666666666666665,3.0,3.3333333333333335,3.3333333333333335,5.0,4.333333333333333,0.9428090415820634,15.940659841839233,776.6990661621094,1015.3083333450835
LIDC-IDRI-0698,1,4,5.0,1.0,6.0,3.5,2.5,2.75,4.25,4.75,4.75,0.4330127018922193,26.182772685964906,2371.5019226074223,2655.1060938749333
LIDC-IDRI-0697,0,4,5.0,1.0,6.0,3.5,3.25,4.0,2.5,5.0,5.0,0.0,39.62516134864617,11749.839058824145,4373.639168032674
LIDC-IDRI-0696,0,4,3.0,1.0,6.0,3.0,4.25,1.0,1.0,5.0,2.5,0.5,6.039128966500835,34.393310546875,78.71724552686973
LIDC-IDRI-0695,0,4,3.75,1.0,6.0,4.0,4.0,1.0,1.0,5.0,3.25,0.4330127018922193,8.963004255132555,202.1484375,209.28785503069088
LIDC-IDRI-0695,1,2,3.5,1.0,6.0,4.0,4.0,1.0,1.0,5.0,2.5,0.5,6.33993932188363,64.6484375,89.54205657450973
LIDC-IDRI-0694,0,4,3.25,1.0,6.0,4.25,4.25,1.5,1.25,4.75,3.0,0.7071067811865476,8.289664543443056,232.3931039794661,187.30031417815377
LIDC-IDRI-0693,0,1,1.0,1.0,6.0,4.0,4.0,1.0,1.0,5.0,1.0,0.0,5.248061677152805,76.42947004409507,83.78486296950202
LIDC-IDRI-0692,0,3,3.6666666666666665,1.0,6.0,4.666666666666667,4.666666666666667,1.3333333333333333,1.0,4.666666666666667,3.0,0.0,5.915137541513456,80.54351806640646,92.86486431179735
LIDC-IDRI-0688,0,1,3.0,1.0,6.0,4.0,5.0,1.0,1.0,5.0,2.0,0.0,5.46875,33.36524963378906,82.65075074688795
LIDC-IDRI-0688,1,1,4.0,1.0,4.0,4.0,4.0,2.0,2.0,5.0,2.0,0.0,15.04651803834113,403.8410186767578,522.8041643961965
LIDC-IDRI-0688,2,4,4.25,1.0,5.5,4.0,3.5,1.75,2.0,4.75,3.25,0.82915619758885,18.691131824597306,1476.9964218139648,1491.6549034348054
LIDC-IDRI-0687,0,1,3.0,1.0,6.0,4.0,4.0,2.0,2.0,5.0,3.0,0.0,4.716705890038619,62.41607666015625,65.87223929194545
LIDC-IDRI-0687,1,2,4.5,1.0,6.0,3.5,4.5,1.5,1.5,5.0,2.5,0.5,6.148221910072274,131.011962890625,122.30463570656151
LIDC-IDRI-0687,2,1,4.0,1.0,6.0,4.0,4.0,2.0,2.0,5.0,3.0,0.0,4.446952959611783,42.64068603515625,51.448136478721274
LIDC-IDRI-0687,3,1,4.0,1.0,6.0,4.0,4.0,2.0,2.0,5.0,3.0,0.0,4.716705890038619,69.2138671875,71.31786502120433
LIDC-IDRI-0687,4,1,4.0,1.0,6.0,4.0,2.0,2.0,2.0,2.0,3.0,0.0,4.099888051063102,38.93280029296875,44.728527835816465
LIDC-IDRI-0687,5,1,5.0,1.0,6.0,5.0,4.0,2.0,2.0,5.0,3.0,0.0,4.099888051063102,60.5621337890625,65.78745192653966
LIDC-IDRI-0687,6,1,4.0,1.0,6.0,2.0,2.0,1.0,2.0,3.0,3.0,0.0,6.048509953389347,103.20281982421875,96.2595971057398
LIDC-IDRI-0687,7,1,4.0,1.0,6.0,5.0,4.0,1.0,1.0,5.0,3.0,0.0,4.716705890038619,48.2025146484375,54.82968073185541
LIDC-IDRI-0686,0,2,3.0,1.0,6.0,4.5,1.0,3.0,2.5,1.0,3.0,0.0,12.04377321169978,261.8694305419922,268.5453224207897
LIDC-IDRI-0686,1,1,4.0,1.0,6.0,4.0,1.0,1.0,1.0,3.0,4.0,0.0,5.118827265900364,31.51702880859375,41.12868692337122
LIDC-IDRI-0686,2,1,5.0,1.0,6.0,3.0,4.0,1.0,2.0,3.0,3.0,0.0,9.167628382316225,159.74807739257812,148.72289022846513
LIDC-IDRI-0686,3,3,3.0,1.0,6.0,4.333333333333333,1.0,2.3333333333333335,1.6666666666666667,1.0,3.6666666666666665,0.4714045207910317,8.611265051527296,115.15045166015625,130.3758616004096
LIDC-IDRI-0686,4,4,3.25,1.0,6.0,4.0,2.0,1.75,1.25,1.5,3.25,0.82915619758885,9.11883332476307,201.3072967529297,180.7980232595262
LIDC-IDRI-0686,5,4,3.75,1.0,6.0,3.0,3.5,1.75,1.5,4.0,2.75,0.82915619758885,9.824435050322707,141.13140106201172,143.1855193120662
LIDC-IDRI-0686,6,1,2.0,1.0,6.0,4.0,1.0,1.0,1.0,1.0,4.0,0.0,5.070306481121235,33.98895263671875,42.942663328624
LIDC-IDRI-0686,7,3,3.3333333333333335,1.0,6.0,4.333333333333333,1.3333333333333333,2.0,1.3333333333333333,1.3333333333333333,3.3333333333333335,0.4714045207910317,9.154904480719049,174.06463623046875,167.56786886272394
LIDC-IDRI-0686,8,3,3.0,1.0,6.0,3.0,1.3333333333333333,1.3333333333333333,1.0,1.0,3.3333333333333335,0.4714045207910317,10.448943418535181,182.81936645507812,176.5102460560034
LIDC-IDRI-0686,9,2,4.0,1.0,6.0,3.5,1.0,1.5,2.0,1.0,3.5,0.5,13.995920843541553,545.8316802978516,432.6962533681444
LIDC-IDRI-0686,10,1,1.0,1.0,6.0,4.0,1.0,1.0,1.0,2.0,4.0,0.0,6.670429439417675,77.24761962890625,85.75116309618286
LIDC-IDRI-0686,11,4,4.0,1.0,6.0,3.75,2.0,1.5,1.0,1.5,3.25,0.82915619758885,14.903035255115954,682.4054718017578,460.40214691062806
LIDC-IDRI-0686,12,2,2.5,1.0,6.0,3.5,1.0,1.0,1.5,1.0,3.5,0.5,7.918366107130707,87.13531494140625,106.6295070104857
LIDC-IDRI-0686,13,1,1.0,1.0,6.0,4.0,1.0,1.0,1.0,3.0,4.0,0.0,6.482492196534062,56.545257568359375,62.75160734309864
LIDC-IDRI-0686,14,4,3.25,1.0,6.0,4.0,2.0,1.5,1.5,1.5,3.25,0.82915619758885,9.566814137249237,189.87464904785156,175.1661137999942
LIDC-IDRI-0686,15,4,3.25,1.0,6.0,4.25,2.25,1.75,1.75,1.5,3.25,0.82915619758885,10.681199814326659,288.51985931396484,251.40171715304288
LIDC-IDRI-0686,16,4,3.0,1.0,6.0,4.0,1.75,2.0,1.0,1.75,3.75,0.4330127018922193,9.985269786976438,206.2511444091797,184.41915912576368
LIDC-IDRI-0686,17,1,3.0,1.0,6.0,4.0,1.0,1.0,1.0,1.0,4.0,0.0,14.009666375511053,211.96746826171875,208.2183645781986
LIDC-IDRI-0686,18,1,1.0,1.0,6.0,5.0,1.0,1.0,1.0,1.0,3.0,0.0,5.118827265900364,30.8990478515625,41.337906442446126
LIDC-IDRI-0686,19,1,4.0,1.0,6.0,4.0,1.0,1.0,1.0,3.0,3.0,0.0,5.118827265900364,29.972076416015625,39.20731176612401
LIDC-IDRI-0686,20,2,1.0,1.0,6.0,4.0,1.0,1.0,2.0,1.0,3.0,0.0,10.811985886301912,314.55230712890625,261.6148172020785
LIDC-IDRI-0684,0,3,3.3333333333333335,1.0,6.0,4.0,3.3333333333333335,1.3333333333333333,1.0,4.666666666666667,3.0,0.816496580927726,6.829828919321291,69.88820909431524,133.18679709063755
LIDC-IDRI-0682,0,3,3.6666666666666665,1.0,6.0,2.6666666666666665,3.0,2.3333333333333335,2.0,4.0,3.3333333333333335,0.9428090415820634,11.587434087310266,406.9313557942708,335.4621514673757
LIDC-IDRI-0682,1,2,3.0,1.0,6.0,3.0,2.5,1.0,2.0,1.0,3.0,0.0,10.138064003323462,244.57855224609375,212.06971138164732
LIDC-IDRI-0682,2,2,3.5,1.0,6.0,2.5,3.0,1.0,2.0,1.0,3.5,0.5,18.18886609130972,969.5965576171875,660.6669311417411
LIDC-IDRI-0681,0,4,3.5,2.5,6.0,4.25,3.0,1.5,1.5,1.5,3.0,1.5811388300841898,21.815009903115403,2370.861626247406,1727.433691333269
LIDC-IDRI-0680,0,1,2.0,1.0,6.0,4.0,1.0,1.0,1.0,1.0,3.0,0.0,17.05016184671198,943.0597463746744,806.1577914212658
LIDC-IDRI-0680,1,1,4.0,1.0,6.0,3.0,4.0,2.0,1.0,4.0,4.0,0.0,7.489237920111304,105.85364500118885,114.49284093060982
LIDC-IDRI-0678,0,4,4.75,1.0,6.0,2.75,4.0,2.75,3.0,4.0,4.75,0.4330127018922193,12.614265349883302,412.75759731824655,420.1657686078935
LIDC-IDRI-0677,0,1,5.0,1.0,3.0,5.0,5.0,1.0,1.0,5.0,1.0,0.0,4.550068680800324,49.21875,67.93073547792812
LIDC-IDRI-0677,1,1,5.0,1.0,6.0,5.0,4.0,1.0,1.0,5.0,3.0,0.0,5.376453291901642,58.59375000000003,75.69677885925563
LIDC-IDRI-0676,0,4,3.5,1.0,6.0,4.25,4.0,1.0,1.25,3.75,3.0,0.0,8.05816431116019,110.626220703125,179.2598748971842
LIDC-IDRI-0675,0,1,2.0,1.0,6.0,3.0,5.0,5.0,5.0,5.0,3.0,0.0,9.059559099330162,99.15174492183723,104.67504648527117
LIDC-IDRI-0674,0,1,4.0,1.0,6.0,3.0,5.0,1.0,1.0,4.0,3.0,0.0,5.55869119951473,45.318603515625,57.38806266602986
LIDC-IDRI-0674,1,1,3.0,1.0,6.0,4.0,4.0,1.0,2.0,5.0,4.0,0.0,5.006252194521991,41.19873046875031,58.896769986581454
LIDC-IDRI-0674,2,1,3.0,1.0,6.0,3.0,2.0,1.0,1.0,3.0,3.0,0.0,6.85822260393728,45.833587646484375,66.03066189167828
LIDC-IDRI-0674,3,4,4.25,1.0,6.0,3.5,4.5,2.25,1.5,5.0,3.25,0.4330127018922193,8.561236365281655,97.93281555175781,116.48669951386265
LIDC-IDRI-0674,4,3,4.333333333333333,1.0,3.0,3.6666666666666665,5.0,1.0,1.0,5.0,1.0,0.0,6.875246833381326,93.89877319335938,99.60606056978736
LIDC-IDRI-0673,0,4,4.75,1.0,6.0,3.0,4.75,1.25,1.25,5.0,3.0,0.7071067811865476,9.30979623797839,181.97352478522134,295.6501720166915
LIDC-IDRI-0673,1,4,4.75,1.0,6.0,3.75,4.5,1.25,1.75,5.0,2.75,0.4330127018922193,9.429413158494759,153.64056827778313,228.27204783844863
LIDC-IDRI-0673,2,1,5.0,1.0,6.0,4.0,5.0,1.0,1.0,5.0,3.0,0.0,4.557522407849471,35.959811924749374,84.31938066949769
LIDC-IDRI-0673,3,1,5.0,1.0,6.0,3.0,4.0,1.0,1.0,5.0,2.0,0.0,6.477456383956675,30.767059300251276,74.59687746746772
LIDC-IDRI-0673,4,2,5.0,1.0,6.0,4.0,4.5,1.5,1.5,5.0,2.5,0.5,5.372539147082215,44.07348790060496,95.59765577764824
LIDC-IDRI-0672,0,4,3.5,1.0,6.0,4.0,4.5,1.25,1.25,5.0,2.25,0.82915619758885,6.948114551161504,89.85626883550026,167.92318655785405
LIDC-IDRI-0671,0,1,3.0,1.0,6.0,2.0,4.0,2.0,2.0,4.0,3.0,0.0,9.787576571929351,169.10446138004772,173.35697797029783
LIDC-IDRI-0671,1,1,2.0,1.0,6.0,3.0,3.0,2.0,2.0,4.0,3.0,0.0,6.9713182907498865,105.43473326117237,108.61401864113648
LIDC-IDRI-0671,2,4,4.25,1.0,6.0,3.5,3.5,2.5,2.0,4.75,3.75,0.4330127018922193,14.06887599371533,408.1580047989155,310.87635994781175
LIDC-IDRI-0671,3,4,5.0,1.0,6.0,3.75,3.5,3.0,3.0,5.0,4.25,0.82915619758885,19.719690125169535,1915.6410400546406,919.349177914898
LIDC-IDRI-0671,4,1,1.0,1.0,6.0,4.0,4.0,1.0,1.0,4.0,3.0,0.0,4.5856879590329696,40.888816223141475,48.3102440137912
LIDC-IDRI-0671,5,3,2.6666666666666665,1.0,6.0,3.0,4.333333333333333,1.3333333333333333,1.6666666666666667,4.666666666666667,3.0,0.0,6.001314415016349,75.44960136411343,80.07128683514141
LIDC-IDRI-0671,6,4,3.75,1.0,6.0,4.5,4.25,1.25,1.0,4.75,3.25,0.4330127018922193,7.188209607336297,151.9457617149692,136.24586129422224
LIDC-IDRI-0670,0,1,1.0,1.0,6.0,2.0,1.0,1.0,1.0,1.0,4.0,0.0,11.423961527099793,291.6609191894533,300.8875705208702
LIDC-IDRI-0669,0,2,3.0,1.0,6.0,4.0,4.0,1.0,1.0,4.0,2.5,0.5,6.19304523253028,58.167457580566406,112.55567190971558
LIDC-IDRI-0666,0,1,5.0,1.0,6.0,3.0,1.0,1.0,1.0,1.0,2.0,0.0,5.625,67.96875,100.02748133932121
LIDC-IDRI-0666,1,1,5.0,1.0,6.0,3.0,3.0,1.0,1.0,1.0,2.0,0.0,10.019512213675874,278.90625,283.31599940412565
LIDC-IDRI-0666,2,2,3.5,1.0,6.0,4.0,4.0,1.0,1.0,5.0,2.5,0.5,5.0499302659942,39.6484375,62.00402774564826
LIDC-IDRI-0666,3,1,4.0,1.0,6.0,3.0,1.0,1.0,1.0,1.0,2.0,0.0,11.180339887498949,331.64042070312485,332.5500568742159
LIDC-IDRI-0666,4,1,5.0,1.0,6.0,3.0,5.0,1.0,1.0,5.0,3.0,0.0,7.126096406869612,81.64062500000004,109.52507861631848
LIDC-IDRI-0664,0,1,5.0,1.0,6.0,3.0,4.0,2.0,1.0,5.0,4.0,0.0,6.347894167849425,66.98650885621646,143.55916314437292
LIDC-IDRI-0663,0,2,3.5,1.0,6.0,3.0,4.0,2.0,2.5,3.5,4.0,1.0,6.15696641121275,54.65372137298573,117.81409295818091
LIDC-IDRI-0663,1,3,4.0,1.0,6.0,3.0,3.3333333333333335,2.0,1.3333333333333333,3.3333333333333335,2.6666666666666665,0.4714045207910317,9.1710103324746,102.51359139561828,180.52768613431297
LIDC-IDRI-0663,2,3,4.666666666666667,1.0,6.0,4.333333333333333,3.0,2.3333333333333335,1.6666666666666667,3.0,4.0,0.0,9.219791063261376,167.85572858737092,266.1338678889105
LIDC-IDRI-0662,0,1,1.0,1.0,6.0,2.0,4.0,1.0,1.0,5.0,3.0,0.0,7.605459721681853,48.511505126953125,64.02608282761658
LIDC-IDRI-0662,1,2,3.5,1.0,6.0,2.5,4.5,1.5,1.0,4.5,1.5,0.5,8.309986243985156,116.79840087890625,132.82557471189648
LIDC-IDRI-0662,2,1,4.0,1.0,6.0,3.0,5.0,1.0,1.0,5.0,2.0,0.0,8.016858457728313,74.46670532226562,90.60287002181873
LIDC-IDRI-0662,3,2,2.5,1.0,6.0,4.5,4.0,1.0,1.0,4.5,3.0,0.0,5.393801122586391,42.022705078125,52.63346934022625
LIDC-IDRI-0662,4,1,4.0,1.0,6.0,4.0,5.0,1.0,2.0,5.0,2.0,0.0,6.007502633426389,102.89382934570312,104.68993177139237
LIDC-IDRI-0662,5,2,1.5,1.0,6.0,2.5,4.0,1.5,1.0,5.0,2.5,0.5,5.4584722759626,60.71662902832031,67.12668098577075
LIDC-IDRI-0661,0,1,3.0,1.0,6.0,3.0,4.0,1.0,2.0,5.0,2.0,0.0,6.758443666606079,65.6991627869138,70.46279167857477
LIDC-IDRI-0661,1,4,2.5,1.0,6.0,3.0,4.5,1.5,1.0,5.0,2.75,0.4330127018922193,9.196891451617585,91.21624833362148,103.40781182769442
LIDC-IDRI-0661,2,1,1.0,1.0,6.0,3.0,4.0,1.0,1.0,5.0,3.0,0.0,6.804576923434993,63.352764115916216,72.43273516433366
LIDC-IDRI-0661,3,3,2.0,1.0,6.0,3.6666666666666665,4.0,1.3333333333333333,1.6666666666666667,5.0,2.3333333333333335,0.4714045207910317,6.053418886105097,47.57975082779012,58.07317029493348
LIDC-IDRI-0661,4,2,5.0,1.0,6.0,3.5,3.5,2.0,3.5,5.0,5.0,0.0,46.01761220168004,14331.80308222276,5996.550727755959
LIDC-IDRI-0660,0,1,3.0,1.0,6.0,3.0,1.0,1.0,1.0,2.0,3.0,0.0,8.215576254967408,79.36832480176236,92.01271071572407
LIDC-IDRI-0660,1,2,2.0,1.0,6.0,4.0,2.0,1.5,1.5,1.0,3.0,0.0,8.893200636027249,154.822595229507,157.68503328433582
LIDC-IDRI-0660,2,2,1.5,1.0,6.0,2.5,1.5,1.5,1.5,1.0,3.0,0.0,11.518065767459515,224.73195529452823,212.54307315614665
LIDC-IDRI-0660,3,3,3.0,1.0,6.0,3.3333333333333335,2.0,2.0,1.3333333333333333,1.3333333333333333,3.3333333333333335,0.4714045207910317,16.468925826056577,690.4681845304367,525.2097008660127
LIDC-IDRI-0660,4,4,4.25,1.0,6.0,3.75,2.0,3.25,2.0,4.25,4.0,0.7071067811865476,10.444586554718619,263.70941343346203,234.32540999860473
LIDC-IDRI-0660,5,1,3.0,1.0,6.0,3.0,1.0,1.0,2.0,3.0,3.0,0.0,8.506851146099116,86.97898608399555,105.44607599043654
LIDC-IDRI-0660,6,1,3.0,1.0,6.0,4.0,1.0,1.0,3.0,3.0,3.0,0.0,7.199963590606829,73.27979577576116,86.28274361426995
LIDC-IDRI-0659,0,1,2.0,1.0,6.0,4.0,2.0,1.0,1.0,1.0,2.0,0.0,17.682027988031557,2737.2889709472665,1255.0806292772986
LIDC-IDRI-0659,1,1,2.0,1.0,6.0,3.0,2.0,3.0,1.0,1.0,3.0,0.0,13.429832932604048,514.7547912597655,437.53035971414585
LIDC-IDRI-0659,2,1,4.0,1.0,6.0,5.0,2.0,1.0,1.0,1.0,3.0,0.0,27.34776756199672,1621.656188964844,1125.8134417062467
LIDC-IDRI-0659,3,4,4.0,1.0,6.0,3.75,4.5,2.25,2.0,4.75,3.0,0.7071067811865476,7.968734321977259,159.94308471679636,159.72254038951934
LIDC-IDRI-0659,4,1,2.0,1.0,6.0,3.0,2.0,3.0,2.0,3.0,3.0,0.0,4.454666673925362,21.1669921875,28.80449537179615
LIDC-IDRI-0658,0,4,4.5,1.0,5.0,3.5,3.5,2.0,2.5,5.0,3.0,2.0,9.193352093533393,146.77014880840488,156.0235676717193
LIDC-IDRI-0657,0,2,3.5,1.0,6.0,2.5,3.5,2.5,1.5,5.0,4.0,1.0,7.678849485903022,110.92758178710938,205.13889899829243
LIDC-IDRI-0656,0,4,3.0,1.0,6.0,2.5,4.0,2.25,1.25,4.75,2.5,0.5,8.04168444439042,85.2041244506836,94.80817091572078
LIDC-IDRI-0656,1,3,4.0,1.0,6.0,2.6666666666666665,3.6666666666666665,2.3333333333333335,2.0,5.0,3.3333333333333335,0.4714045207910317,8.85863617561135,137.39776611328125,139.48568021154105
LIDC-IDRI-0655,0,2,3.5,1.0,6.0,2.5,4.0,1.0,2.5,4.5,2.5,0.5,5.688935803494017,58.350889587401454,73.20977340875639
LIDC-IDRI-0655,1,4,4.0,1.0,6.0,5.0,4.5,1.25,1.25,5.0,2.75,0.82915619758885,6.903617995100624,118.3205932617183,117.5346050779065
LIDC-IDRI-0655,2,2,4.0,1.0,6.0,4.5,4.0,1.0,1.0,4.5,2.5,0.5,6.567751935024431,86.53297119140564,99.07933992091938
LIDC-IDRI-0655,3,2,4.0,1.0,6.0,3.5,3.5,1.0,1.0,4.5,2.5,0.5,6.52477648122009,74.17111816406194,95.6009017213672
LIDC-IDRI-0655,4,4,4.25,1.0,6.0,3.25,4.25,1.0,1.25,4.75,3.25,0.4330127018922193,8.427644648328013,121.88934249877924,140.70546879452516
LIDC-IDRI-0655,5,4,4.75,1.0,6.0,3.0,2.75,4.0,3.25,4.25,4.25,0.4330127018922193,22.24780951982539,1210.173903656005,1008.0515353250098
LIDC-IDRI-0655,6,4,3.75,1.0,6.0,2.75,4.25,1.5,1.75,4.75,2.5,0.5,9.378933738134744,123.94965133666948,150.4263566655958
LIDC-IDRI-0655,7,4,3.75,1.0,5.25,3.25,4.5,1.0,1.25,4.75,2.0,0.7071067811865476,7.530760648551826,118.83567047119041,132.50145711308252
LIDC-IDRI-0654,0,2,4.5,1.0,6.0,3.0,4.5,1.0,1.5,5.0,3.0,0.0,5.377254301261804,58.42963002934084,71.31308123070535
LIDC-IDRI-0652,0,2,4.5,1.0,6.0,5.0,5.0,1.0,1.0,5.0,2.0,1.0,5.574185778633675,59.81449687492568,78.71275328069234
LIDC-IDRI-0652,1,1,5.0,1.0,6.0,2.0,5.0,1.0,1.0,5.0,3.0,0.0,6.732620100160974,64.4875044436194,80.18564684107909
LIDC-IDRI-0651,0,4,4.5,1.0,6.0,3.5,4.0,1.5,1.5,4.75,3.25,0.4330127018922193,13.624832458532039,562.8052075186495,617.4286950952285
LIDC-IDRI-0651,1,2,3.0,1.0,6.0,3.5,3.5,1.0,1.5,3.0,3.0,0.0,6.15928397095063,26.601570905685122,67.41466371997252
LIDC-IDRI-0651,2,4,4.5,1.0,4.75,3.75,4.75,1.25,1.0,5.0,3.25,0.4330127018922193,15.038768125837871,940.2062415245055,967.9316969085309
LIDC-IDRI-0651,3,2,4.5,1.0,4.5,4.5,5.0,1.0,1.0,5.0,2.0,1.0,5.764859229048325,50.23213228584288,120.75491628181007
LIDC-IDRI-0650,0,2,4.5,1.0,6.0,4.5,4.5,1.5,1.0,4.5,4.0,0.0,8.38408042854229,183.5706982728152,173.82588824447853
LIDC-IDRI-0649,0,4,3.5,1.0,3.0,4.5,5.0,1.0,1.25,5.0,1.0,0.0,5.9931803582108385,69.44561004638672,73.31163528976951
LIDC-IDRI-0649,1,4,3.0,1.0,3.75,3.25,4.75,1.25,1.5,5.0,1.0,0.0,5.35484046506056,59.94415283203125,66.30028307645794
LIDC-IDRI-0649,2,3,2.0,1.0,3.0,3.0,5.0,1.3333333333333333,1.3333333333333333,5.0,1.0,0.0,5.096599658205918,43.361663818359375,51.124302023440386
LIDC-IDRI-0649,3,4,3.0,1.0,3.0,3.75,5.0,1.0,1.0,5.0,1.0,0.0,5.5118077221664885,51.75590515136719,61.69360814371373
LIDC-IDRI-0649,4,1,3.0,1.0,3.0,5.0,5.0,1.0,1.0,5.0,1.0,0.0,5.118827265900364,35.8428955078125,46.72443209546687
LIDC-IDRI-0649,5,4,2.75,1.0,4.5,3.25,4.75,1.0,1.25,5.0,1.0,0.0,5.021784771027384,30.51280975341797,39.541516385922264
LIDC-IDRI-0649,6,4,3.75,1.0,3.0,4.25,5.0,1.25,1.25,5.0,1.0,0.0,6.080064713810362,59.09442901611328,68.85982951731694
LIDC-IDRI-0649,7,4,3.5,1.0,3.75,2.75,4.25,1.5,1.25,4.75,1.0,0.0,5.3749651575204656,30.821800231933594,40.98786164727749
LIDC-IDRI-0649,8,2,2.0,1.0,6.0,2.5,2.0,1.5,1.0,3.5,3.0,0.0,11.174235317217654,272.2206115722656,237.93918600168482
LIDC-IDRI-0649,9,3,2.3333333333333335,1.0,3.0,2.0,4.666666666666667,1.3333333333333333,1.0,5.0,1.0,0.0,6.971248962956082,60.665130615234375,71.77167657838787
LIDC-IDRI-0649,10,4,3.25,1.0,3.0,2.5,5.0,1.5,1.5,5.0,1.0,0.0,5.45280442237644,37.85133361816406,50.0927939445172
LIDC-IDRI-0648,0,1,5.0,1.0,3.0,3.0,5.0,4.0,3.0,5.0,1.0,0.0,8.279039541368254,153.69818782806396,271.73969038444454
LIDC-IDRI-0648,1,2,5.0,1.0,3.0,4.5,5.0,1.0,1.0,5.0,1.0,0.0,5.244404663634349,69.6395936012268,136.0931568491693
LIDC-IDRI-0648,2,4,5.0,1.0,3.0,4.75,5.0,1.25,1.0,5.0,1.0,0.0,11.361591853803867,484.76053190231323,512.2953847441262
LIDC-IDRI-0647,0,2,2.5,1.0,6.0,4.0,4.0,1.5,1.0,5.0,3.5,0.5,6.449482980030037,36.43798828125,86.33564641463698
LIDC-IDRI-0645,0,4,4.5,1.0,6.0,4.75,4.0,1.25,1.0,4.75,4.0,0.7071067811865476,10.13742630410021,206.85231225606913,191.81565104059746
LIDC-IDRI-0645,1,1,1.0,1.0,6.0,5.0,2.0,1.0,1.0,1.0,3.0,0.0,9.264493238218705,131.53561347192417,156.98530051534817
LIDC-IDRI-0644,0,4,3.75,1.0,6.0,4.0,4.0,1.0,1.0,4.75,2.5,0.5,6.121031134478338,73.35609245300293,77.0620881423277
LIDC-IDRI-0643,0,1,1.0,1.0,6.0,4.0,1.0,3.0,1.0,1.0,1.0,0.0,6.113279999999998,43.445173616673856,52.340861575296614
LIDC-IDRI-0643,1,1,2.0,1.0,6.0,2.0,2.0,2.0,3.0,2.0,3.0,0.0,7.386704328945621,134.53989249028382,142.67708430349734
LIDC-IDRI-0643,2,4,3.5,1.0,6.0,3.5,4.0,1.75,1.25,4.25,2.5,0.5,8.00614055401952,113.51803428864514,126.65674744284054
LIDC-IDRI-0642,0,4,4.0,1.0,6.0,4.5,4.75,1.25,1.5,5.0,3.25,0.82915619758885,10.901211555773187,524.2696874998219,343.50054426606914
LIDC-IDRI-0642,1,3,4.333333333333333,1.0,6.0,4.666666666666667,3.3333333333333335,1.3333333333333333,2.0,4.666666666666667,3.0,0.0,7.550372806802695,158.4375000000291,143.238820384707
LIDC-IDRI-0642,2,2,4.5,1.0,6.0,5.0,3.5,1.5,1.5,4.5,2.5,0.5,6.166441437328338,105.83624999994936,105.19102739732409
LIDC-IDRI-0642,3,3,4.666666666666667,1.0,3.0,4.0,5.0,2.0,1.0,5.0,1.0,0.0,6.116256413151791,136.67875000005006,124.10805956372133
LIDC-IDRI-0642,4,1,5.0,1.0,6.0,5.0,3.0,2.0,3.0,5.0,3.0,0.0,5.553602434456381,108.3712499999092,103.04800609735094
LIDC-IDRI-0641,0,1,5.0,1.0,3.0,4.0,5.0,1.0,1.0,5.0,2.0,0.0,4.90860185569555,55.250887924819835,76.72949979106652
LIDC-IDRI-0641,1,3,3.6666666666666665,1.0,6.0,3.0,3.6666666666666665,1.6666666666666667,1.6666666666666667,5.0,2.3333333333333335,0.4714045207910317,5.232059888407165,51.78905284181625,71.19477353329644
LIDC-IDRI-0641,2,2,4.5,1.0,6.0,4.0,4.5,1.5,1.0,5.0,2.5,0.5,5.226533581193905,57.95111928955885,82.20134338829402
LIDC-IDRI-0641,3,4,5.0,1.0,3.75,3.75,4.5,2.25,2.0,5.0,2.0,1.7320508075688772,14.997064150866684,1039.7967855324387,706.4185683812711
LIDC-IDRI-0641,4,4,4.5,1.0,3.0,4.5,5.0,1.25,1.5,5.0,1.0,0.0,9.151307229137538,280.51258816858297,258.8147032035494
LIDC-IDRI-0641,5,3,4.333333333333333,1.0,6.0,3.6666666666666665,4.333333333333333,1.0,1.6666666666666667,5.0,2.6666666666666665,0.4714045207910317,5.509065868144588,50.81973901855721,69.75150655834604
LIDC-IDRI-0641,6,3,4.666666666666667,1.0,6.0,3.0,4.666666666666667,1.3333333333333333,1.3333333333333333,5.0,2.3333333333333335,0.4714045207910317,9.03063183650584,170.32228608394507,206.78913287108412
LIDC-IDRI-0641,7,1,5.0,1.0,6.0,4.0,5.0,1.0,1.0,5.0,2.0,0.0,4.557522407849471,41.54202099608665,61.00435667680303
LIDC-IDRI-0640,0,4,5.0,1.0,3.5,5.0,4.75,1.25,1.0,5.0,1.0,0.0,8.617029170958517,300.59912109375,233.04257928114106
LIDC-IDRI-0640,1,3,3.3333333333333335,1.0,6.0,3.6666666666666665,3.0,1.0,1.6666666666666667,2.3333333333333335,3.3333333333333335,0.4714045207910317,5.947343833508827,97.24242401123047,98.39172628903087
LIDC-IDRI-0639,0,3,4.333333333333333,1.0,6.0,3.6666666666666665,2.3333333333333335,2.3333333333333335,3.0,3.3333333333333335,4.0,0.0,9.82723515361266,140.17868041992188,254.2490816925396
LIDC-IDRI-0639,1,2,2.5,1.0,6.0,4.5,2.0,1.0,1.5,1.0,3.5,0.5,10.103915448679327,182.38162994384766,287.06356299690776
LIDC-IDRI-0638,0,2,3.0,1.0,6.0,3.5,3.5,1.5,1.0,5.0,3.5,0.5,8.190248820237626,127.20767035648169,157.02518325738706
LIDC-IDRI-0638,1,1,5.0,1.0,6.0,4.0,5.0,1.0,1.0,5.0,2.0,0.0,5.208441277111027,81.38358161132783,112.33193851003068
LIDC-IDRI-0127,0,2,5.0,1.0,4.0,5.0,5.0,3.0,3.0,5.0,2.5,0.5,39.40610553081571,25205.22576713562,5153.821648600753
