variant,bottleneck,concept_mode,seed,epoch,task_loss,concept_loss,train_acc,seconds
cem_linear_norm,cem_linear,continuous,41,1,0.691512,0.306341,0.563484,3.3
cem_linear_norm,cem_linear,continuous,41,2,0.656816,0.159742,0.597062,2.9
cem_linear_norm,cem_linear,continuous,41,3,0.673699,0.154981,0.581322,2.9
cem_linear_norm,cem_linear,continuous,41,4,0.684660,0.158686,0.557188,2.9
cem_linear_norm,cem_linear,continuous,41,5,0.671268,0.151346,0.575026,2.9
cem_linear_norm,cem_linear,continuous,41,6,0.671094,0.153015,0.583421,2.9
cem_linear_norm,cem_linear,continuous,41,7,0.665455,0.149720,0.585519,2.9
cem_linear_norm,cem_linear,continuous,41,8,0.641733,0.150706,0.610703,2.9
cem_linear_norm,cem_linear,continuous,41,9,0.663670,0.150354,0.585519,2.9
cem_linear_norm,cem_linear,continuous,41,10,0.680404,0.155577,0.567681,2.9
cem_linear_norm,cem_linear,continuous,41,11,0.649142,0.149051,0.628541,2.9
cem_linear_norm,cem_linear,continuous,41,12,0.645249,0.150296,0.580273,2.9
cem_linear_norm,cem_linear,continuous,41,13,0.664658,0.148605,0.589717,2.9
cem_linear_norm,cem_linear,continuous,41,14,0.643174,0.149977,0.598111,2.9
cem_linear_norm,cem_linear,continuous,41,15,0.642406,0.147648,0.626443,2.9
cem_linear_norm,cem_linear,continuous,41,16,0.645071,0.150760,0.583421,3.0
cem_linear_norm,cem_linear,continuous,41,17,0.651470,0.148155,0.594963,2.9
cem_linear_norm,cem_linear,continuous,41,18,0.645530,0.147523,0.598111,2.9
cem_linear_norm,cem_linear,continuous,41,19,0.650373,0.147402,0.615950,2.9
cem_linear_norm,cem_linear,continuous,41,20,0.651862,0.148228,0.583421,2.9
cem_linear_norm,cem_linear,continuous,41,21,0.645470,0.148343,0.616999,2.9
cem_linear_norm,cem_linear,continuous,41,22,0.615867,0.147752,0.619098,2.9
cem_linear_norm,cem_linear,continuous,41,23,0.633903,0.148818,0.621196,2.9
cem_linear_norm,cem_linear,continuous,41,24,0.662295,0.151379,0.551941,2.9
cem_linear_norm,cem_linear,continuous,41,25,0.631637,0.148157,0.609654,2.9
cem_linear_norm,cem_linear,continuous,41,26,0.633176,0.146860,0.613851,2.9
cem_linear_norm,cem_linear,continuous,41,27,0.625159,0.147005,0.612802,2.9
cem_linear_norm,cem_linear,continuous,41,28,0.658515,0.147666,0.607555,2.9
cem_linear_norm,cem_linear,continuous,41,29,0.628979,0.146873,0.635887,2.9
cem_linear_norm,cem_linear,continuous,41,30,0.619606,0.146263,0.645331,2.9
cem_linear_norm,cem_linear,continuous,41,31,0.620879,0.145549,0.609654,2.9
cem_linear_norm,cem_linear,continuous,41,32,0.611137,0.145950,0.637985,2.9
cem_linear_norm,cem_linear,continuous,41,33,0.617348,0.146234,0.627492,2.9
cem_linear_norm,cem_linear,continuous,41,34,0.642806,0.145249,0.633788,2.9
cem_linear_norm,cem_linear,continuous,41,35,0.617120,0.144374,0.643232,2.9
cem_linear_norm,cem_linear,continuous,41,36,0.631657,0.145010,0.620147,2.9
cem_linear_norm,cem_linear,continuous,41,37,0.609415,0.145212,0.647429,2.9
cem_linear_norm,cem_linear,continuous,41,38,0.565389,0.143592,0.688353,2.9
cem_linear_norm,cem_linear,continuous,41,39,0.605802,0.143847,0.647429,2.9
cem_linear_norm,cem_linear,continuous,41,40,0.643162,0.145091,0.627492,2.9
cem_linear_norm,cem_linear,continuous,41,41,0.628872,0.143351,0.639035,2.9
cem_linear_norm,cem_linear,continuous,41,42,0.614138,0.142145,0.637985,2.9
cem_linear_norm,cem_linear,continuous,41,43,0.600427,0.142738,0.657922,2.9
cem_linear_norm,cem_linear,continuous,41,44,0.630837,0.143789,0.656873,2.9
cem_linear_norm,cem_linear,continuous,41,45,0.621495,0.142004,0.624344,2.9
cem_linear_norm,cem_linear,continuous,41,46,0.625744,0.143029,0.651626,2.9
cem_linear_norm,cem_linear,continuous,41,47,0.628534,0.140682,0.646380,2.9
cem_linear_norm,cem_linear,continuous,41,48,0.593577,0.141636,0.673662,2.9
cem_linear_norm,cem_linear,continuous,41,49,0.579845,0.139688,0.683106,2.9
cem_linear_norm,cem_linear,continuous,41,50,0.589369,0.141415,0.669465,2.9
cem_linear_norm,cem_linear,continuous,41,51,0.598295,0.139935,0.681007,2.9
cem_linear_norm,cem_linear,continuous,41,52,0.613275,0.138217,0.663169,2.9
cem_linear_norm,cem_linear,continuous,41,53,0.611017,0.137713,0.670514,2.9
cem_linear_norm,cem_linear,continuous,41,54,0.559118,0.135966,0.716684,2.9
cem_linear_norm,cem_linear,continuous,41,55,0.570952,0.138004,0.706191,2.9
cem_linear_norm,cem_linear,continuous,41,56,0.573798,0.134912,0.704092,2.9
cem_linear_norm,cem_linear,continuous,41,57,0.556186,0.134270,0.717733,2.9
cem_linear_norm,cem_linear,continuous,41,58,0.539311,0.133967,0.728227,2.9
cem_linear_norm,cem_linear,continuous,41,59,0.575132,0.136735,0.696747,2.9
cem_linear_norm,cem_linear,continuous,41,60,0.540626,0.134131,0.736621,2.9
cem_linear_norm,cem_linear,continuous,41,61,0.558447,0.134335,0.726128,2.9
cem_linear_norm,cem_linear,continuous,41,62,0.579134,0.133969,0.698846,2.9
cem_linear_norm,cem_linear,continuous,41,63,0.524892,0.132620,0.747114,2.9
cem_linear_norm,cem_linear,continuous,41,64,0.542274,0.135320,0.747114,2.9
cem_linear_norm,cem_linear,continuous,41,65,0.533691,0.131928,0.747114,2.9
cem_linear_norm,cem_linear,continuous,41,66,0.528735,0.130501,0.746065,2.9
cem_linear_norm,cem_linear,continuous,41,67,0.507650,0.131209,0.767051,2.9
cem_linear_norm,cem_linear,continuous,41,68,0.529024,0.130161,0.732424,2.9
cem_linear_norm,cem_linear,continuous,41,69,0.487389,0.129277,0.779643,2.9
cem_linear_norm,cem_linear,continuous,41,70,0.501401,0.130309,0.760756,2.9
cem_linear_norm,cem_linear,continuous,41,71,0.515533,0.128449,0.759706,2.9
cem_linear_norm,cem_linear,continuous,41,72,0.523680,0.128762,0.757608,2.9
cem_linear_norm,cem_linear,continuous,41,73,0.508289,0.127027,0.760756,2.9
cem_linear_norm,cem_linear,continuous,41,74,0.500122,0.127005,0.761805,2.9
cem_linear_norm,cem_linear,continuous,41,75,0.488656,0.127441,0.779643,2.9
cem_linear_norm,cem_linear,continuous,41,76,0.495282,0.126508,0.750262,2.9
cem_linear_norm,cem_linear,continuous,41,77,0.476885,0.127135,0.773347,2.9
cem_linear_norm,cem_linear,continuous,41,78,0.488824,0.126479,0.777545,2.9
cem_linear_norm,cem_linear,continuous,41,79,0.482230,0.124501,0.766002,2.9
cem_linear_norm,cem_linear,continuous,41,80,0.503498,0.126295,0.770199,2.9
cem_linear_norm,cem_linear,continuous,41,81,0.514975,0.126397,0.758657,2.9
cem_linear_norm,cem_linear,continuous,41,82,0.498055,0.124771,0.763903,2.9
cem_linear_norm,cem_linear,continuous,41,83,0.500527,0.124926,0.768101,2.9
cem_linear_norm,cem_linear,continuous,41,84,0.507449,0.124391,0.766002,2.9
cem_linear_norm,cem_linear,continuous,41,85,0.450575,0.121876,0.809024,2.9
cem_linear_norm,cem_linear,continuous,41,86,0.470055,0.123816,0.793284,2.9
cem_linear_norm,cem_linear,continuous,41,87,0.459896,0.123152,0.791186,2.9
cem_linear_norm,cem_linear,continuous,41,88,0.485488,0.122224,0.791186,2.9
cem_linear_norm,cem_linear,continuous,41,89,0.448767,0.121064,0.805876,2.9
cem_linear_norm,cem_linear,continuous,41,90,0.489644,0.125193,0.782791,2.9
cem_linear_norm,cem_linear,continuous,41,91,0.468412,0.121114,0.790136,2.9
cem_linear_norm,cem_linear,continuous,41,92,0.468787,0.120053,0.798531,2.9
cem_linear_norm,cem_linear,continuous,41,93,0.495772,0.121426,0.788038,2.9
cem_linear_norm,cem_linear,continuous,41,94,0.461795,0.120782,0.800630,2.9
cem_linear_norm,cem_linear,continuous,41,95,0.459714,0.123019,0.797482,2.9
cem_linear_norm,cem_linear,continuous,41,96,0.460842,0.122203,0.801679,2.9
cem_linear_norm,cem_linear,continuous,41,97,0.450328,0.121166,0.816369,2.9
cem_linear_norm,cem_linear,continuous,41,98,0.469173,0.121010,0.781742,2.9
cem_linear_norm,cem_linear,continuous,41,99,0.450454,0.120178,0.807975,2.9
cem_linear_norm,cem_linear,continuous,41,100,0.422862,0.118719,0.821616,2.9
cem_linear_norm,cem_linear,continuous,41,101,0.466367,0.123385,0.791186,2.9
cem_linear_norm,cem_linear,continuous,41,102,0.448066,0.122454,0.803778,2.9
cem_linear_norm,cem_linear,continuous,41,103,0.471217,0.120734,0.802728,2.9
cem_linear_norm,cem_linear,continuous,41,104,0.432759,0.120358,0.821616,3.0
cem_linear_norm,cem_linear,continuous,41,105,0.463450,0.119981,0.797482,2.9
cem_linear_norm,cem_linear,continuous,41,106,0.458302,0.120037,0.784890,2.9
cem_linear_norm,cem_linear,continuous,41,107,0.436126,0.118367,0.809024,2.9
cem_linear_norm,cem_linear,continuous,41,108,0.440983,0.119850,0.813221,2.9
cem_linear_norm,cem_linear,continuous,41,109,0.458877,0.119640,0.803778,2.9
cem_linear_norm,cem_linear,continuous,41,110,0.444248,0.119432,0.813221,2.9
cem_linear_norm,cem_linear,continuous,41,111,0.418042,0.119348,0.825813,2.9
cem_linear_norm,cem_linear,continuous,41,112,0.424420,0.120938,0.821616,2.9
cem_linear_norm,cem_linear,continuous,41,113,0.449909,0.118828,0.811123,2.9
cem_linear_norm,cem_linear,continuous,41,114,0.409809,0.117265,0.828961,2.9
cem_linear_norm,cem_linear,continuous,41,115,0.415859,0.119284,0.837356,2.9
cem_linear_norm,cem_linear,continuous,41,116,0.431921,0.119128,0.814271,2.9
cem_linear_norm,cem_linear,continuous,41,117,0.416220,0.120068,0.819517,2.9
cem_linear_norm,cem_linear,continuous,41,118,0.423784,0.118978,0.818468,2.9
cem_linear_norm,cem_linear,continuous,41,119,0.417942,0.119918,0.818468,2.9
cem_linear_norm,cem_linear,continuous,41,120,0.439081,0.119408,0.823715,2.9
cem_linear_norm,cem_linear,continuous,41,121,0.410492,0.120265,0.832109,2.9
cem_linear_norm,cem_linear,continuous,41,122,0.447179,0.119554,0.811123,2.9
cem_linear_norm,cem_linear,continuous,41,123,0.418063,0.120306,0.816369,2.9
cem_linear_norm,cem_linear,continuous,41,124,0.420221,0.120178,0.815320,2.9
cem_linear_norm,cem_linear,continuous,41,125,0.407683,0.118828,0.830010,2.9
cem_linear_norm,cem_linear,continuous,41,126,0.426214,0.122553,0.820567,2.9
cem_linear_norm,cem_linear,continuous,41,127,0.416919,0.117857,0.818468,2.9
cem_linear_norm,cem_linear,continuous,41,128,0.423316,0.117667,0.811123,2.9
cem_linear_norm,cem_linear,continuous,41,129,0.407762,0.120110,0.817419,2.9
cem_linear_norm,cem_linear,continuous,41,130,0.419240,0.118367,0.818468,2.9
cem_linear_norm,cem_linear,continuous,41,131,0.435746,0.119857,0.815320,2.9
cem_linear_norm,cem_linear,continuous,41,132,0.401328,0.117801,0.822665,2.9
cem_linear_norm,cem_linear,continuous,41,133,0.422640,0.119729,0.822665,2.9
cem_linear_norm,cem_linear,continuous,41,134,0.402891,0.116414,0.831060,2.9
cem_linear_norm,cem_linear,continuous,41,135,0.409027,0.119141,0.815320,2.9
cem_linear_norm,cem_linear,continuous,41,136,0.431177,0.119521,0.815320,2.9
cem_linear_norm,cem_linear,continuous,41,137,0.417322,0.118130,0.831060,2.9
cem_linear_norm,cem_linear,continuous,41,138,0.402443,0.118123,0.833158,2.9
cem_linear_norm,cem_linear,continuous,41,139,0.389259,0.118859,0.835257,2.9
cem_linear_norm,cem_linear,continuous,41,140,0.411145,0.116875,0.830010,2.9
cem_linear_norm,cem_linear,continuous,41,141,0.394041,0.116349,0.836306,2.9
cem_linear_norm,cem_linear,continuous,41,142,0.447743,0.119798,0.805876,2.9
cem_linear_norm,cem_linear,continuous,41,143,0.397143,0.117389,0.842602,2.9
cem_linear_norm,cem_linear,continuous,41,144,0.399670,0.116744,0.846800,2.9
cem_linear_norm,cem_linear,continuous,41,145,0.408493,0.119295,0.827912,2.9
cem_linear_norm,cem_linear,continuous,41,146,0.431122,0.119432,0.824764,2.9
cem_linear_norm,cem_linear,continuous,41,147,0.416539,0.117550,0.832109,2.9
cem_linear_norm,cem_linear,continuous,41,148,0.406582,0.115939,0.834208,2.9
cem_linear_norm,cem_linear,continuous,41,149,0.386084,0.116525,0.839454,2.9
cem_linear_norm,cem_linear,continuous,41,150,0.406798,0.116695,0.827912,2.9
cem_linear_norm,cem_linear,continuous,41,151,0.394558,0.116691,0.841553,2.9
cem_linear_norm,cem_linear,continuous,41,152,0.391840,0.117905,0.843652,2.9
cem_linear_norm,cem_linear,continuous,41,153,0.388650,0.116273,0.836306,2.9
cem_linear_norm,cem_linear,continuous,41,154,0.408443,0.116964,0.826863,2.9
cem_linear_norm,cem_linear,continuous,41,155,0.377113,0.115226,0.848898,2.9
cem_linear_norm,cem_linear,continuous,41,156,0.390763,0.117029,0.824764,2.9
cem_linear_norm,cem_linear,continuous,41,157,0.392902,0.116500,0.835257,2.9
cem_linear_norm,cem_linear,continuous,41,158,0.393566,0.117837,0.832109,2.9
cem_linear_norm,cem_linear,continuous,41,159,0.394285,0.116605,0.841553,2.9
cem_linear_norm,cem_linear,continuous,41,160,0.371963,0.115859,0.848898,2.9
cem_linear_norm,cem_linear,continuous,41,161,0.377653,0.117673,0.850997,2.9
cem_linear_norm,cem_linear,continuous,41,162,0.394616,0.115949,0.825813,2.9
cem_linear_norm,cem_linear,continuous,41,163,0.403474,0.114537,0.824764,2.9
cem_linear_norm,cem_linear,continuous,41,164,0.363778,0.114982,0.847849,2.9
cem_linear_norm,cem_linear,continuous,41,165,0.360220,0.116788,0.841553,2.9
cem_linear_norm,cem_linear,continuous,41,166,0.380057,0.117101,0.833158,2.9
cem_linear_norm,cem_linear,continuous,41,167,0.380079,0.115711,0.841553,2.9
cem_linear_norm,cem_linear,continuous,41,168,0.374106,0.115918,0.843652,2.9
cem_linear_norm,cem_linear,continuous,41,169,0.376643,0.116482,0.834208,2.9
cem_linear_norm,cem_linear,continuous,41,170,0.376503,0.116979,0.843652,2.9
cem_linear_norm,cem_linear,continuous,41,171,0.360532,0.116139,0.852046,2.9
cem_linear_norm,cem_linear,continuous,41,172,0.388671,0.115028,0.836306,2.9
cem_linear_norm,cem_linear,continuous,41,173,0.392383,0.115428,0.833158,2.9
cem_linear_norm,cem_linear,continuous,41,174,0.378719,0.117241,0.842602,2.9
cem_linear_norm,cem_linear,continuous,41,175,0.384259,0.114945,0.841553,2.9
cem_linear_norm,cem_linear,continuous,41,176,0.374941,0.116332,0.848898,2.9
cem_linear_norm,cem_linear,continuous,41,177,0.415863,0.115449,0.811123,2.9
cem_linear_norm,cem_linear,continuous,41,178,0.359095,0.114071,0.852046,2.9
cem_linear_norm,cem_linear,continuous,41,179,0.398233,0.115906,0.836306,2.9
cem_linear_norm,cem_linear,continuous,41,180,0.397944,0.115881,0.835257,2.9
cem_linear_norm,cem_linear,continuous,41,181,0.371853,0.115201,0.847849,2.9
cem_linear_norm,cem_linear,continuous,41,182,0.384308,0.115483,0.838405,2.9
cem_linear_norm,cem_linear,continuous,41,183,0.376582,0.114515,0.844701,2.9
cem_linear_norm,cem_linear,continuous,41,184,0.361223,0.114362,0.849948,2.9
cem_linear_norm,cem_linear,continuous,41,185,0.377814,0.115788,0.836306,2.9
cem_linear_norm,cem_linear,continuous,41,186,0.384679,0.115236,0.845750,2.9
cem_linear_norm,cem_linear,continuous,41,187,0.365184,0.115170,0.853095,2.9
cem_linear_norm,cem_linear,continuous,41,188,0.388327,0.115590,0.843652,2.9
cem_linear_norm,cem_linear,continuous,41,189,0.368569,0.115629,0.855194,2.9
cem_linear_norm,cem_linear,continuous,41,190,0.387542,0.114665,0.832109,2.9
cem_linear_norm,cem_linear,continuous,41,191,0.364100,0.114840,0.854145,2.9
cem_linear_norm,cem_linear,continuous,41,192,0.372133,0.115247,0.843652,2.9
cem_linear_norm,cem_linear,continuous,41,193,0.381808,0.114969,0.843652,2.9
cem_linear_norm,cem_linear,continuous,41,194,0.379126,0.115589,0.849948,2.9
cem_linear_norm,cem_linear,continuous,41,195,0.337452,0.113463,0.866737,2.9
cem_linear_norm,cem_linear,continuous,41,196,0.404157,0.114591,0.823715,2.9
cem_linear_norm,cem_linear,continuous,41,197,0.372882,0.115274,0.852046,2.9
cem_linear_norm,cem_linear,continuous,41,198,0.377871,0.114096,0.845750,2.9
cem_linear_norm,cem_linear,continuous,41,199,0.374196,0.113644,0.850997,2.9
cem_linear_norm,cem_linear,continuous,41,200,0.369714,0.114844,0.847849,2.9
cem_linear_norm,cem_linear,continuous,41,201,0.382457,0.113588,0.843652,2.9
cem_linear_norm,cem_linear,continuous,41,202,0.378213,0.114689,0.845750,2.9
cem_linear_norm,cem_linear,continuous,41,203,0.362160,0.113854,0.855194,2.9
cem_linear_norm,cem_linear,continuous,41,204,0.352141,0.112349,0.863589,2.9
cem_linear_norm,cem_linear,continuous,41,205,0.377353,0.115235,0.832109,2.9
cem_linear_norm,cem_linear,continuous,41,206,0.373741,0.113817,0.849948,2.9
cem_linear_norm,cem_linear,continuous,41,207,0.365140,0.113436,0.852046,2.9
cem_linear_norm,cem_linear,continuous,41,208,0.368284,0.113913,0.850997,2.9
cem_linear_norm,cem_linear,continuous,41,209,0.357333,0.114020,0.849948,2.9
cem_linear_norm,cem_linear,continuous,41,210,0.355434,0.113689,0.840504,2.9
cem_linear_norm,cem_linear,continuous,41,211,0.366560,0.114921,0.841553,2.9
cem_linear_norm,cem_linear,continuous,41,212,0.357556,0.113979,0.852046,2.9
cem_linear_norm,cem_linear,continuous,41,213,0.368740,0.114626,0.850997,2.9
cem_linear_norm,cem_linear,continuous,41,214,0.356271,0.113322,0.852046,2.9
cem_linear_norm,cem_linear,continuous,41,215,0.353760,0.112849,0.843652,2.9
cem_linear_norm,cem_linear,continuous,41,216,0.366595,0.114158,0.844701,2.9
cem_linear_norm,cem_linear,continuous,41,217,0.372671,0.115530,0.840504,2.9
cem_linear_norm,cem_linear,continuous,41,218,0.368565,0.115080,0.852046,2.9
cem_linear_norm,cem_linear,continuous,41,219,0.368905,0.113556,0.850997,2.9
cem_linear_norm,cem_linear,continuous,41,220,0.364095,0.112457,0.845750,2.9
cem_linear_norm,cem_linear,continuous,41,221,0.354674,0.112671,0.859391,2.9
cem_linear_norm,cem_linear,continuous,41,222,0.356936,0.113053,0.859391,2.9
cem_linear_norm,cem_linear,continuous,41,223,0.368687,0.114724,0.840504,2.9
cem_linear_norm,cem_linear,continuous,41,224,0.350514,0.113639,0.853095,2.9
cem_linear_norm,cem_linear,continuous,41,225,0.374841,0.112713,0.843652,2.9
cem_linear_norm,cem_linear,continuous,41,226,0.359244,0.113703,0.861490,2.9
cem_linear_norm,cem_linear,continuous,41,227,0.336335,0.112038,0.864638,2.9
cem_linear_norm,cem_linear,continuous,41,228,0.365925,0.113604,0.852046,2.9
cem_linear_norm,cem_linear,continuous,41,229,0.363593,0.114116,0.845750,2.9
cem_linear_norm,cem_linear,continuous,41,230,0.349270,0.113306,0.850997,2.9
cem_linear_norm,cem_linear,continuous,41,231,0.350304,0.112186,0.842602,2.9
cem_linear_norm,cem_linear,continuous,41,232,0.349113,0.112228,0.856243,2.9
cem_linear_norm,cem_linear,continuous,41,233,0.378939,0.114765,0.842602,2.9
cem_linear_norm,cem_linear,continuous,41,234,0.349706,0.113229,0.853095,2.9
cem_linear_norm,cem_linear,continuous,41,235,0.357329,0.113096,0.852046,2.9
cem_linear_norm,cem_linear,continuous,41,236,0.354871,0.114013,0.847849,2.9
cem_linear_norm,cem_linear,continuous,41,237,0.370385,0.112628,0.848898,2.9
cem_linear_norm,cem_linear,continuous,41,238,0.352850,0.112721,0.849948,2.9
cem_linear_norm,cem_linear,continuous,41,239,0.330602,0.113056,0.866737,2.9
cem_linear_norm,cem_linear,continuous,41,240,0.357586,0.113894,0.855194,2.9
cem_linear_norm,cem_linear,continuous,41,241,0.350934,0.112048,0.857293,2.9
cem_linear_norm,cem_linear,continuous,41,242,0.363608,0.112109,0.846800,2.9
cem_linear_norm,cem_linear,continuous,41,243,0.367877,0.112004,0.844701,2.9
cem_linear_norm,cem_linear,continuous,41,244,0.342961,0.112605,0.858342,2.9
cem_linear_norm,cem_linear,continuous,41,245,0.342530,0.114687,0.858342,2.9
cem_linear_norm,cem_linear,continuous,41,246,0.348816,0.113816,0.845750,2.9
cem_linear_norm,cem_linear,continuous,41,247,0.357869,0.112595,0.852046,2.9
cem_linear_norm,cem_linear,continuous,41,248,0.365492,0.113620,0.847849,2.9
cem_linear_norm,cem_linear,continuous,41,249,0.334212,0.114582,0.857293,2.9
cem_linear_norm,cem_linear,continuous,41,250,0.343982,0.111470,0.850997,2.9
cem_linear_norm,cem_linear,continuous,42,1,0.685650,0.348309,0.578723,2.9
cem_linear_norm,cem_linear,continuous,42,2,0.673807,0.163985,0.590426,2.9
cem_linear_norm,cem_linear,continuous,42,3,0.659616,0.155842,0.572340,2.9
cem_linear_norm,cem_linear,continuous,42,4,0.671308,0.154107,0.555319,2.9
cem_linear_norm,cem_linear,continuous,42,5,0.659065,0.152333,0.577660,2.9
cem_linear_norm,cem_linear,continuous,42,6,0.653578,0.153228,0.602128,2.9
cem_linear_norm,cem_linear,continuous,42,7,0.680399,0.153995,0.544681,2.9
cem_linear_norm,cem_linear,continuous,42,8,0.660736,0.155438,0.606383,2.9
cem_linear_norm,cem_linear,continuous,42,9,0.652445,0.152744,0.571277,2.9
cem_linear_norm,cem_linear,continuous,42,10,0.668319,0.151634,0.554255,2.9
cem_linear_norm,cem_linear,continuous,42,11,0.642724,0.150734,0.589362,2.9
cem_linear_norm,cem_linear,continuous,42,12,0.652208,0.153191,0.574468,2.9
cem_linear_norm,cem_linear,continuous,42,13,0.659608,0.151638,0.571277,2.9
cem_linear_norm,cem_linear,continuous,42,14,0.670091,0.150737,0.548936,2.9
cem_linear_norm,cem_linear,continuous,42,15,0.648361,0.150277,0.578723,2.9
cem_linear_norm,cem_linear,continuous,42,16,0.667246,0.151009,0.568085,2.9
cem_linear_norm,cem_linear,continuous,42,17,0.644498,0.151263,0.594681,2.9
cem_linear_norm,cem_linear,continuous,42,18,0.622863,0.152153,0.618085,2.9
cem_linear_norm,cem_linear,continuous,42,19,0.663108,0.153113,0.555319,2.9
cem_linear_norm,cem_linear,continuous,42,20,0.629115,0.150874,0.602128,2.9
cem_linear_norm,cem_linear,continuous,42,21,0.640791,0.150257,0.612766,2.9
cem_linear_norm,cem_linear,continuous,42,22,0.652845,0.151218,0.605319,2.9
cem_linear_norm,cem_linear,continuous,42,23,0.658999,0.151729,0.585106,2.9
cem_linear_norm,cem_linear,continuous,42,24,0.627964,0.150575,0.620213,2.9
cem_linear_norm,cem_linear,continuous,42,25,0.657663,0.152619,0.582979,2.9
cem_linear_norm,cem_linear,continuous,42,26,0.669273,0.149427,0.573404,2.9
cem_linear_norm,cem_linear,continuous,42,27,0.648897,0.150316,0.591489,2.9
cem_linear_norm,cem_linear,continuous,42,28,0.641041,0.148235,0.584043,2.9
cem_linear_norm,cem_linear,continuous,42,29,0.668057,0.150766,0.573404,2.9
cem_linear_norm,cem_linear,continuous,42,30,0.643632,0.149826,0.582979,2.9
cem_linear_norm,cem_linear,continuous,42,31,0.647947,0.149872,0.613830,2.9
cem_linear_norm,cem_linear,continuous,42,32,0.635638,0.149792,0.614894,2.9
cem_linear_norm,cem_linear,continuous,42,33,0.635534,0.149856,0.581915,2.9
cem_linear_norm,cem_linear,continuous,42,34,0.614013,0.148902,0.635106,2.9
cem_linear_norm,cem_linear,continuous,42,35,0.658825,0.150802,0.592553,2.9
cem_linear_norm,cem_linear,continuous,42,36,0.644576,0.150542,0.602128,2.9
cem_linear_norm,cem_linear,continuous,42,37,0.610442,0.148090,0.623404,2.9
cem_linear_norm,cem_linear,continuous,42,38,0.635848,0.149937,0.607447,2.9
cem_linear_norm,cem_linear,continuous,42,39,0.664236,0.148555,0.585106,2.9
cem_linear_norm,cem_linear,continuous,42,40,0.649842,0.149425,0.594681,2.9
cem_linear_norm,cem_linear,continuous,42,41,0.623774,0.148346,0.619149,2.9
cem_linear_norm,cem_linear,continuous,42,42,0.625671,0.148452,0.625532,2.9
cem_linear_norm,cem_linear,continuous,42,43,0.661000,0.148433,0.589362,2.9
cem_linear_norm,cem_linear,continuous,42,44,0.612775,0.147533,0.638298,2.9
cem_linear_norm,cem_linear,continuous,42,45,0.644671,0.149014,0.592553,2.9
cem_linear_norm,cem_linear,continuous,42,46,0.621807,0.148503,0.618085,2.9
cem_linear_norm,cem_linear,continuous,42,47,0.631223,0.148315,0.591489,2.8
cem_linear_norm,cem_linear,continuous,42,48,0.605995,0.147642,0.638298,2.9
cem_linear_norm,cem_linear,continuous,42,49,0.627590,0.146831,0.623404,2.9
cem_linear_norm,cem_linear,continuous,42,50,0.613169,0.148338,0.606383,2.9
cem_linear_norm,cem_linear,continuous,42,51,0.617021,0.147783,0.635106,2.9
cem_linear_norm,cem_linear,continuous,42,52,0.600940,0.147104,0.659574,2.9
cem_linear_norm,cem_linear,continuous,42,53,0.661846,0.146564,0.585106,2.9
cem_linear_norm,cem_linear,continuous,42,54,0.612507,0.147232,0.631915,2.9
cem_linear_norm,cem_linear,continuous,42,55,0.657048,0.146841,0.590426,2.9
cem_linear_norm,cem_linear,continuous,42,56,0.625513,0.145827,0.618085,2.9
cem_linear_norm,cem_linear,continuous,42,57,0.620366,0.147113,0.637234,2.9
cem_linear_norm,cem_linear,continuous,42,58,0.598160,0.145595,0.654255,2.9
cem_linear_norm,cem_linear,continuous,42,59,0.610723,0.146405,0.626596,2.9
cem_linear_norm,cem_linear,continuous,42,60,0.589181,0.144752,0.679787,2.8
cem_linear_norm,cem_linear,continuous,42,61,0.636665,0.145562,0.613830,2.9
cem_linear_norm,cem_linear,continuous,42,62,0.630088,0.144505,0.635106,2.9
cem_linear_norm,cem_linear,continuous,42,63,0.623124,0.143741,0.634043,2.9
cem_linear_norm,cem_linear,continuous,42,64,0.606179,0.142795,0.656383,2.9
cem_linear_norm,cem_linear,continuous,42,65,0.609916,0.143218,0.664894,2.9
cem_linear_norm,cem_linear,continuous,42,66,0.615465,0.144833,0.643617,2.9
cem_linear_norm,cem_linear,continuous,42,67,0.587405,0.141989,0.680851,2.9
cem_linear_norm,cem_linear,continuous,42,68,0.603828,0.144157,0.656383,2.9
cem_linear_norm,cem_linear,continuous,42,69,0.602534,0.141918,0.679787,2.9
cem_linear_norm,cem_linear,continuous,42,70,0.557551,0.141635,0.693617,2.8
cem_linear_norm,cem_linear,continuous,42,71,0.571374,0.139731,0.690426,2.9
cem_linear_norm,cem_linear,continuous,42,72,0.588572,0.142075,0.670213,2.9
cem_linear_norm,cem_linear,continuous,42,73,0.583259,0.137363,0.690426,2.9
cem_linear_norm,cem_linear,continuous,42,74,0.575393,0.137487,0.695745,2.9
cem_linear_norm,cem_linear,continuous,42,75,0.572026,0.138441,0.691489,2.9
cem_linear_norm,cem_linear,continuous,42,76,0.549274,0.135614,0.713830,2.9
cem_linear_norm,cem_linear,continuous,42,77,0.554955,0.136450,0.729787,2.9
cem_linear_norm,cem_linear,continuous,42,78,0.559748,0.134550,0.707447,2.9
cem_linear_norm,cem_linear,continuous,42,79,0.562591,0.132572,0.705319,2.9
cem_linear_norm,cem_linear,continuous,42,80,0.527506,0.134340,0.728723,2.9
cem_linear_norm,cem_linear,continuous,42,81,0.536109,0.131634,0.737234,2.9
cem_linear_norm,cem_linear,continuous,42,82,0.539218,0.134750,0.730851,2.9
cem_linear_norm,cem_linear,continuous,42,83,0.557573,0.133946,0.717021,2.9
cem_linear_norm,cem_linear,continuous,42,84,0.528691,0.133042,0.745745,2.9
cem_linear_norm,cem_linear,continuous,42,85,0.544523,0.131422,0.734043,2.8
cem_linear_norm,cem_linear,continuous,42,86,0.546106,0.132767,0.726596,2.9
cem_linear_norm,cem_linear,continuous,42,87,0.521141,0.131487,0.752128,2.9
cem_linear_norm,cem_linear,continuous,42,88,0.529187,0.130073,0.742553,2.9
cem_linear_norm,cem_linear,continuous,42,89,0.520692,0.127832,0.750000,2.9
cem_linear_norm,cem_linear,continuous,42,90,0.508655,0.127246,0.765957,2.9
cem_linear_norm,cem_linear,continuous,42,91,0.525919,0.128613,0.755319,2.9
cem_linear_norm,cem_linear,continuous,42,92,0.500810,0.127818,0.763830,2.9
cem_linear_norm,cem_linear,continuous,42,93,0.514048,0.126949,0.754255,2.9
cem_linear_norm,cem_linear,continuous,42,94,0.493634,0.124304,0.768085,2.9
cem_linear_norm,cem_linear,continuous,42,95,0.485566,0.124589,0.778723,2.9
cem_linear_norm,cem_linear,continuous,42,96,0.503696,0.128227,0.757447,2.9
cem_linear_norm,cem_linear,continuous,42,97,0.499654,0.127855,0.763830,2.9
cem_linear_norm,cem_linear,continuous,42,98,0.488013,0.124717,0.775532,2.9
cem_linear_norm,cem_linear,continuous,42,99,0.497951,0.126037,0.776596,2.9
cem_linear_norm,cem_linear,continuous,42,100,0.484377,0.125725,0.790426,2.9
cem_linear_norm,cem_linear,continuous,42,101,0.500119,0.122861,0.759574,2.9
cem_linear_norm,cem_linear,continuous,42,102,0.470073,0.123992,0.788298,2.9
cem_linear_norm,cem_linear,continuous,42,103,0.462771,0.123740,0.782979,2.9
cem_linear_norm,cem_linear,continuous,42,104,0.463242,0.120735,0.778723,2.9
cem_linear_norm,cem_linear,continuous,42,105,0.490435,0.123199,0.785106,2.9
cem_linear_norm,cem_linear,continuous,42,106,0.482585,0.123841,0.777660,2.9
cem_linear_norm,cem_linear,continuous,42,107,0.473306,0.124061,0.790426,2.9
cem_linear_norm,cem_linear,continuous,42,108,0.467380,0.124153,0.788298,2.9
cem_linear_norm,cem_linear,continuous,42,109,0.474818,0.122831,0.791489,2.9
cem_linear_norm,cem_linear,continuous,42,110,0.485077,0.124039,0.785106,2.9
cem_linear_norm,cem_linear,continuous,42,111,0.462419,0.122749,0.792553,2.9
cem_linear_norm,cem_linear,continuous,42,112,0.470407,0.122725,0.792553,2.9
cem_linear_norm,cem_linear,continuous,42,113,0.454979,0.120673,0.806383,2.9
cem_linear_norm,cem_linear,continuous,42,114,0.426919,0.121183,0.814894,2.9
cem_linear_norm,cem_linear,continuous,42,115,0.464626,0.123247,0.805319,2.9
cem_linear_norm,cem_linear,continuous,42,116,0.458130,0.121598,0.802128,2.9
cem_linear_norm,cem_linear,continuous,42,117,0.444679,0.120913,0.806383,2.9
cem_linear_norm,cem_linear,continuous,42,118,0.478736,0.122119,0.779787,2.9
cem_linear_norm,cem_linear,continuous,42,119,0.449131,0.120296,0.809574,2.9
cem_linear_norm,cem_linear,continuous,42,120,0.440384,0.121481,0.818085,2.9
cem_linear_norm,cem_linear,continuous,42,121,0.433756,0.121728,0.812766,2.9
cem_linear_norm,cem_linear,continuous,42,122,0.460960,0.123009,0.792553,2.9
cem_linear_norm,cem_linear,continuous,42,123,0.462253,0.119905,0.793617,2.9
cem_linear_norm,cem_linear,continuous,42,124,0.428681,0.121904,0.810638,2.9
cem_linear_norm,cem_linear,continuous,42,125,0.436625,0.122896,0.810638,2.9
cem_linear_norm,cem_linear,continuous,42,126,0.441663,0.122326,0.805319,2.9
cem_linear_norm,cem_linear,continuous,42,127,0.423249,0.121475,0.823404,2.9
cem_linear_norm,cem_linear,continuous,42,128,0.432333,0.120496,0.823404,2.9
cem_linear_norm,cem_linear,continuous,42,129,0.432955,0.120556,0.806383,2.9
cem_linear_norm,cem_linear,continuous,42,130,0.419038,0.119178,0.824468,2.9
cem_linear_norm,cem_linear,continuous,42,131,0.422694,0.120529,0.817021,2.9
cem_linear_norm,cem_linear,continuous,42,132,0.451317,0.122028,0.793617,2.9
cem_linear_norm,cem_linear,continuous,42,133,0.431271,0.119956,0.825532,2.9
cem_linear_norm,cem_linear,continuous,42,134,0.424025,0.120018,0.809574,2.9
cem_linear_norm,cem_linear,continuous,42,135,0.423844,0.118849,0.815957,2.9
cem_linear_norm,cem_linear,continuous,42,136,0.423370,0.119326,0.818085,2.9
cem_linear_norm,cem_linear,continuous,42,137,0.437372,0.118462,0.815957,2.9
cem_linear_norm,cem_linear,continuous,42,138,0.408051,0.119455,0.807447,2.9
cem_linear_norm,cem_linear,continuous,42,139,0.420311,0.119610,0.826596,2.9
cem_linear_norm,cem_linear,continuous,42,140,0.415397,0.119106,0.825532,2.9
cem_linear_norm,cem_linear,continuous,42,141,0.418863,0.119121,0.815957,2.9
cem_linear_norm,cem_linear,continuous,42,142,0.396703,0.119273,0.838298,2.9
cem_linear_norm,cem_linear,continuous,42,143,0.424160,0.117834,0.821277,2.9
cem_linear_norm,cem_linear,continuous,42,144,0.438965,0.119075,0.810638,2.9
cem_linear_norm,cem_linear,continuous,42,145,0.425249,0.119747,0.812766,2.9
cem_linear_norm,cem_linear,continuous,42,146,0.416321,0.120799,0.829787,2.9
cem_linear_norm,cem_linear,continuous,42,147,0.424297,0.120615,0.815957,2.9
cem_linear_norm,cem_linear,continuous,42,148,0.408471,0.117317,0.825532,2.9
cem_linear_norm,cem_linear,continuous,42,149,0.387306,0.119605,0.836170,2.9
cem_linear_norm,cem_linear,continuous,42,150,0.413438,0.118783,0.820213,2.9
cem_linear_norm,cem_linear,continuous,42,151,0.421074,0.119099,0.826596,2.9
cem_linear_norm,cem_linear,continuous,42,152,0.414085,0.118656,0.820213,2.9
cem_linear_norm,cem_linear,continuous,42,153,0.411981,0.120969,0.821277,2.9
cem_linear_norm,cem_linear,continuous,42,154,0.416132,0.118977,0.824468,2.9
cem_linear_norm,cem_linear,continuous,42,155,0.404256,0.118232,0.829787,2.9
cem_linear_norm,cem_linear,continuous,42,156,0.412282,0.116821,0.826596,2.9
cem_linear_norm,cem_linear,continuous,42,157,0.398102,0.118188,0.826596,2.9
cem_linear_norm,cem_linear,continuous,42,158,0.399140,0.117161,0.831915,2.9
cem_linear_norm,cem_linear,continuous,42,159,0.397851,0.117019,0.826596,2.9
cem_linear_norm,cem_linear,continuous,42,160,0.381331,0.117654,0.836170,2.9
cem_linear_norm,cem_linear,continuous,42,161,0.401653,0.116781,0.832979,2.9
cem_linear_norm,cem_linear,continuous,42,162,0.378982,0.117109,0.856383,2.9
cem_linear_norm,cem_linear,continuous,42,163,0.387972,0.117161,0.835106,2.9
cem_linear_norm,cem_linear,continuous,42,164,0.376749,0.116796,0.842553,2.9
cem_linear_norm,cem_linear,continuous,42,165,0.383719,0.117298,0.837234,2.9
cem_linear_norm,cem_linear,continuous,42,166,0.409997,0.117023,0.826596,2.9
cem_linear_norm,cem_linear,continuous,42,167,0.388624,0.117578,0.827660,2.9
cem_linear_norm,cem_linear,continuous,42,168,0.410563,0.117892,0.835106,2.9
cem_linear_norm,cem_linear,continuous,42,169,0.393409,0.117589,0.839362,2.9
cem_linear_norm,cem_linear,continuous,42,170,0.386477,0.115764,0.829787,2.9
cem_linear_norm,cem_linear,continuous,42,171,0.392215,0.117357,0.835106,2.9
cem_linear_norm,cem_linear,continuous,42,172,0.415105,0.116281,0.821277,2.9
cem_linear_norm,cem_linear,continuous,42,173,0.368342,0.116972,0.843617,2.9
cem_linear_norm,cem_linear,continuous,42,174,0.377626,0.119004,0.841489,2.9
cem_linear_norm,cem_linear,continuous,42,175,0.403495,0.116005,0.822340,2.9
cem_linear_norm,cem_linear,continuous,42,176,0.386057,0.117561,0.835106,2.9
cem_linear_norm,cem_linear,continuous,42,177,0.385138,0.117174,0.842553,2.9
cem_linear_norm,cem_linear,continuous,42,178,0.392175,0.117562,0.828723,2.9
cem_linear_norm,cem_linear,continuous,42,179,0.381968,0.116983,0.852128,2.9
cem_linear_norm,cem_linear,continuous,42,180,0.396741,0.117160,0.823404,2.9
cem_linear_norm,cem_linear,continuous,42,181,0.401133,0.115400,0.841489,2.9
cem_linear_norm,cem_linear,continuous,42,182,0.381338,0.115061,0.842553,2.9
cem_linear_norm,cem_linear,continuous,42,183,0.389321,0.116415,0.834043,2.9
cem_linear_norm,cem_linear,continuous,42,184,0.397442,0.116446,0.835106,2.9
cem_linear_norm,cem_linear,continuous,42,185,0.377215,0.116691,0.852128,2.9
cem_linear_norm,cem_linear,continuous,42,186,0.380313,0.116914,0.835106,2.9
cem_linear_norm,cem_linear,continuous,42,187,0.397078,0.116428,0.832979,2.9
cem_linear_norm,cem_linear,continuous,42,188,0.396584,0.116100,0.837234,2.9
cem_linear_norm,cem_linear,continuous,42,189,0.372106,0.116606,0.836170,2.9
cem_linear_norm,cem_linear,continuous,42,190,0.382538,0.115740,0.842553,2.9
cem_linear_norm,cem_linear,continuous,42,191,0.381269,0.116252,0.831915,2.9
cem_linear_norm,cem_linear,continuous,42,192,0.387657,0.115235,0.846809,2.9
cem_linear_norm,cem_linear,continuous,42,193,0.382443,0.114805,0.838298,2.9
cem_linear_norm,cem_linear,continuous,42,194,0.366312,0.115185,0.842553,2.9
cem_linear_norm,cem_linear,continuous,42,195,0.403549,0.116379,0.826596,2.9
cem_linear_norm,cem_linear,continuous,42,196,0.386903,0.115592,0.852128,2.9
cem_linear_norm,cem_linear,continuous,42,197,0.371722,0.116737,0.842553,2.9
cem_linear_norm,cem_linear,continuous,42,198,0.352425,0.115494,0.856383,2.9
cem_linear_norm,cem_linear,continuous,42,199,0.386748,0.116570,0.832979,2.9
cem_linear_norm,cem_linear,continuous,42,200,0.374355,0.114706,0.843617,2.9
cem_linear_norm,cem_linear,continuous,42,201,0.387762,0.115076,0.832979,2.9
cem_linear_norm,cem_linear,continuous,42,202,0.377583,0.115141,0.831915,2.9
cem_linear_norm,cem_linear,continuous,42,203,0.391209,0.114241,0.832979,2.9
cem_linear_norm,cem_linear,continuous,42,204,0.374252,0.114669,0.835106,2.9
cem_linear_norm,cem_linear,continuous,42,205,0.387036,0.115073,0.826596,2.9
cem_linear_norm,cem_linear,continuous,42,206,0.375093,0.115122,0.840426,2.9
cem_linear_norm,cem_linear,continuous,42,207,0.386428,0.113817,0.839362,2.9
cem_linear_norm,cem_linear,continuous,42,208,0.352953,0.116930,0.843617,2.9
cem_linear_norm,cem_linear,continuous,42,209,0.352829,0.114291,0.848936,2.9
cem_linear_norm,cem_linear,continuous,42,210,0.361653,0.115833,0.852128,2.9
cem_linear_norm,cem_linear,continuous,42,211,0.376608,0.115185,0.841489,2.9
cem_linear_norm,cem_linear,continuous,42,212,0.373354,0.114178,0.837234,2.9
cem_linear_norm,cem_linear,continuous,42,213,0.374628,0.115343,0.853191,2.9
cem_linear_norm,cem_linear,continuous,42,214,0.371594,0.114816,0.845745,2.9
cem_linear_norm,cem_linear,continuous,42,215,0.373138,0.114049,0.847872,2.9
cem_linear_norm,cem_linear,continuous,42,216,0.348025,0.113266,0.850000,2.9
cem_linear_norm,cem_linear,continuous,42,217,0.356660,0.113251,0.847872,2.9
cem_linear_norm,cem_linear,continuous,42,218,0.391481,0.114917,0.830851,2.9
cem_linear_norm,cem_linear,continuous,42,219,0.340905,0.113744,0.865957,2.9
cem_linear_norm,cem_linear,continuous,42,220,0.353059,0.114495,0.854255,2.9
cem_linear_norm,cem_linear,continuous,42,221,0.365507,0.114491,0.839362,2.9
cem_linear_norm,cem_linear,continuous,42,222,0.380901,0.115505,0.843617,2.9
cem_linear_norm,cem_linear,continuous,42,223,0.353773,0.113226,0.838298,2.9
cem_linear_norm,cem_linear,continuous,42,224,0.361146,0.114059,0.861702,2.9
cem_linear_norm,cem_linear,continuous,42,225,0.360058,0.113967,0.845745,2.9
cem_linear_norm,cem_linear,continuous,42,226,0.382726,0.113210,0.842553,2.9
cem_linear_norm,cem_linear,continuous,42,227,0.389704,0.115077,0.832979,2.9
cem_linear_norm,cem_linear,continuous,42,228,0.372662,0.113610,0.831915,2.9
cem_linear_norm,cem_linear,continuous,42,229,0.373679,0.115618,0.844681,2.9
cem_linear_norm,cem_linear,continuous,42,230,0.367809,0.114178,0.843617,2.9
cem_linear_norm,cem_linear,continuous,42,231,0.356849,0.113926,0.848936,2.9
cem_linear_norm,cem_linear,continuous,42,232,0.322957,0.112298,0.873404,2.9
cem_linear_norm,cem_linear,continuous,42,233,0.366545,0.114210,0.843617,2.9
cem_linear_norm,cem_linear,continuous,42,234,0.348756,0.114549,0.844681,2.9
cem_linear_norm,cem_linear,continuous,42,235,0.362253,0.115092,0.839362,2.9
cem_linear_norm,cem_linear,continuous,42,236,0.353166,0.112644,0.847872,2.9
cem_linear_norm,cem_linear,continuous,42,237,0.331438,0.114691,0.863830,2.9
cem_linear_norm,cem_linear,continuous,42,238,0.381126,0.113276,0.843617,2.9
cem_linear_norm,cem_linear,continuous,42,239,0.359972,0.113034,0.851064,2.9
cem_linear_norm,cem_linear,continuous,42,240,0.373725,0.114781,0.856383,2.9
cem_linear_norm,cem_linear,continuous,42,241,0.348853,0.112527,0.856383,2.9
cem_linear_norm,cem_linear,continuous,42,242,0.362801,0.112796,0.851064,2.9
cem_linear_norm,cem_linear,continuous,42,243,0.337682,0.112426,0.852128,2.9
cem_linear_norm,cem_linear,continuous,42,244,0.349655,0.111650,0.853191,2.9
cem_linear_norm,cem_linear,continuous,42,245,0.344440,0.112558,0.851064,2.9
cem_linear_norm,cem_linear,continuous,42,246,0.349864,0.113783,0.847872,2.9
cem_linear_norm,cem_linear,continuous,42,247,0.384562,0.115431,0.840426,2.9
cem_linear_norm,cem_linear,continuous,42,248,0.352041,0.113703,0.859574,2.9
cem_linear_norm,cem_linear,continuous,42,249,0.348993,0.114480,0.843617,2.9
cem_linear_norm,cem_linear,continuous,42,250,0.363655,0.114036,0.836170,2.9
cem_linear_norm,cem_linear,continuous,43,1,0.720429,0.331865,0.565401,2.9
cem_linear_norm,cem_linear,continuous,43,2,0.669552,0.163551,0.567511,2.9
cem_linear_norm,cem_linear,continuous,43,3,0.663799,0.164139,0.570675,2.9
cem_linear_norm,cem_linear,continuous,43,4,0.706903,0.168150,0.547468,2.9
cem_linear_norm,cem_linear,continuous,43,5,0.665673,0.157499,0.573840,2.9
cem_linear_norm,cem_linear,continuous,43,6,0.646492,0.155968,0.607595,2.9
cem_linear_norm,cem_linear,continuous,43,7,0.666768,0.155287,0.563291,2.9
cem_linear_norm,cem_linear,continuous,43,8,0.669497,0.155877,0.592827,2.9
cem_linear_norm,cem_linear,continuous,43,9,0.648822,0.154378,0.620253,2.9
cem_linear_norm,cem_linear,continuous,43,10,0.655592,0.153549,0.602321,2.9
cem_linear_norm,cem_linear,continuous,43,11,0.640678,0.154134,0.603376,2.9
cem_linear_norm,cem_linear,continuous,43,12,0.664410,0.157390,0.581224,2.9
cem_linear_norm,cem_linear,continuous,43,13,0.653194,0.154503,0.583333,2.9
cem_linear_norm,cem_linear,continuous,43,14,0.641479,0.151797,0.601266,2.9
cem_linear_norm,cem_linear,continuous,43,15,0.653753,0.153351,0.589662,2.9
cem_linear_norm,cem_linear,continuous,43,16,0.656599,0.153281,0.568565,2.9
cem_linear_norm,cem_linear,continuous,43,17,0.669143,0.153280,0.588608,2.9
cem_linear_norm,cem_linear,continuous,43,18,0.635781,0.152080,0.621308,2.9
cem_linear_norm,cem_linear,continuous,43,19,0.630613,0.153966,0.591772,2.9
cem_linear_norm,cem_linear,continuous,43,20,0.666709,0.153701,0.553797,2.9
cem_linear_norm,cem_linear,continuous,43,21,0.645952,0.152136,0.617089,2.9
cem_linear_norm,cem_linear,continuous,43,22,0.645153,0.153117,0.607595,2.9
cem_linear_norm,cem_linear,continuous,43,23,0.668334,0.152760,0.581224,2.9
cem_linear_norm,cem_linear,continuous,43,24,0.584554,0.149063,0.677215,2.9
cem_linear_norm,cem_linear,continuous,43,25,0.619230,0.153145,0.608650,2.9
cem_linear_norm,cem_linear,continuous,43,26,0.652097,0.153697,0.597046,2.9
cem_linear_norm,cem_linear,continuous,43,27,0.634174,0.151683,0.624473,2.9
cem_linear_norm,cem_linear,continuous,43,28,0.617731,0.152169,0.647679,2.9
cem_linear_norm,cem_linear,continuous,43,29,0.626049,0.151826,0.605485,2.9
cem_linear_norm,cem_linear,continuous,43,30,0.636054,0.152064,0.590717,2.9
cem_linear_norm,cem_linear,continuous,43,31,0.631110,0.150973,0.601266,2.9
cem_linear_norm,cem_linear,continuous,43,32,0.637709,0.150186,0.616034,2.9
cem_linear_norm,cem_linear,continuous,43,33,0.626434,0.148784,0.618143,2.9
cem_linear_norm,cem_linear,continuous,43,34,0.650876,0.149798,0.599156,2.9
cem_linear_norm,cem_linear,continuous,43,35,0.645277,0.150462,0.609705,2.9
cem_linear_norm,cem_linear,continuous,43,36,0.618193,0.149175,0.647679,2.9
cem_linear_norm,cem_linear,continuous,43,37,0.589073,0.149236,0.667722,2.9
cem_linear_norm,cem_linear,continuous,43,38,0.613365,0.149452,0.630802,2.9
cem_linear_norm,cem_linear,continuous,43,39,0.626091,0.151053,0.616034,2.9
cem_linear_norm,cem_linear,continuous,43,40,0.635399,0.148196,0.611814,2.9
cem_linear_norm,cem_linear,continuous,43,41,0.630829,0.149178,0.614979,2.9
cem_linear_norm,cem_linear,continuous,43,42,0.610987,0.147653,0.666667,2.9
cem_linear_norm,cem_linear,continuous,43,43,0.621819,0.149269,0.674051,2.9
cem_linear_norm,cem_linear,continuous,43,44,0.605388,0.146726,0.649789,2.9
cem_linear_norm,cem_linear,continuous,43,45,0.602436,0.146991,0.658228,2.9
cem_linear_norm,cem_linear,continuous,43,46,0.618676,0.148988,0.657173,2.9
cem_linear_norm,cem_linear,continuous,43,47,0.635823,0.147872,0.616034,2.9
cem_linear_norm,cem_linear,continuous,43,48,0.616414,0.145706,0.662447,2.9
cem_linear_norm,cem_linear,continuous,43,49,0.620739,0.148162,0.641350,2.9
cem_linear_norm,cem_linear,continuous,43,50,0.604027,0.144878,0.675105,2.9
cem_linear_norm,cem_linear,continuous,43,51,0.615957,0.145580,0.645570,2.9
cem_linear_norm,cem_linear,continuous,43,52,0.622503,0.146231,0.645570,2.9
cem_linear_norm,cem_linear,continuous,43,53,0.605700,0.143448,0.661392,2.9
cem_linear_norm,cem_linear,continuous,43,54,0.625247,0.144876,0.638186,2.9
cem_linear_norm,cem_linear,continuous,43,55,0.616778,0.143028,0.648734,2.9
cem_linear_norm,cem_linear,continuous,43,56,0.597215,0.143770,0.689873,2.9
cem_linear_norm,cem_linear,continuous,43,57,0.598788,0.142725,0.683544,2.9
cem_linear_norm,cem_linear,continuous,43,58,0.590189,0.142107,0.668776,2.9
cem_linear_norm,cem_linear,continuous,43,59,0.561707,0.141424,0.705696,2.9
cem_linear_norm,cem_linear,continuous,43,60,0.579160,0.140207,0.684599,2.9
cem_linear_norm,cem_linear,continuous,43,61,0.556440,0.139417,0.707806,2.9
cem_linear_norm,cem_linear,continuous,43,62,0.574946,0.138359,0.701477,2.9
cem_linear_norm,cem_linear,continuous,43,63,0.575877,0.139431,0.702532,2.9
cem_linear_norm,cem_linear,continuous,43,64,0.555217,0.138446,0.704641,2.9
cem_linear_norm,cem_linear,continuous,43,65,0.550889,0.138749,0.704641,2.9
cem_linear_norm,cem_linear,continuous,43,66,0.551033,0.134287,0.719409,2.9
cem_linear_norm,cem_linear,continuous,43,67,0.548962,0.135986,0.706751,2.9
cem_linear_norm,cem_linear,continuous,43,68,0.535043,0.137966,0.714135,2.9
cem_linear_norm,cem_linear,continuous,43,69,0.505521,0.136402,0.751055,2.9
cem_linear_norm,cem_linear,continuous,43,70,0.526276,0.136790,0.741561,2.9
cem_linear_norm,cem_linear,continuous,43,71,0.559334,0.136165,0.707806,2.9
cem_linear_norm,cem_linear,continuous,43,72,0.525794,0.137963,0.745781,2.9
cem_linear_norm,cem_linear,continuous,43,73,0.496109,0.130827,0.768987,2.9
cem_linear_norm,cem_linear,continuous,43,74,0.493051,0.130841,0.767932,2.9
cem_linear_norm,cem_linear,continuous,43,75,0.520744,0.133442,0.742616,2.9
cem_linear_norm,cem_linear,continuous,43,76,0.491145,0.132571,0.781646,2.9
cem_linear_norm,cem_linear,continuous,43,77,0.540213,0.133232,0.722574,2.9
cem_linear_norm,cem_linear,continuous,43,78,0.510530,0.132316,0.747890,2.9
cem_linear_norm,cem_linear,continuous,43,79,0.505172,0.130425,0.768987,2.9
cem_linear_norm,cem_linear,continuous,43,80,0.503854,0.130762,0.767932,2.9
cem_linear_norm,cem_linear,continuous,43,81,0.498047,0.129397,0.757384,2.9
cem_linear_norm,cem_linear,continuous,43,82,0.491872,0.131000,0.776371,2.9
cem_linear_norm,cem_linear,continuous,43,83,0.472195,0.127832,0.782700,2.9
cem_linear_norm,cem_linear,continuous,43,84,0.467616,0.127864,0.790084,2.9
cem_linear_norm,cem_linear,continuous,43,85,0.469821,0.127921,0.780591,2.9
cem_linear_norm,cem_linear,continuous,43,86,0.460319,0.127235,0.794304,2.9
cem_linear_norm,cem_linear,continuous,43,87,0.475627,0.130130,0.786920,2.9
cem_linear_norm,cem_linear,continuous,43,88,0.501198,0.127422,0.770042,2.9
cem_linear_norm,cem_linear,continuous,43,89,0.460599,0.125446,0.792194,2.9
cem_linear_norm,cem_linear,continuous,43,90,0.457013,0.124714,0.800633,2.9
cem_linear_norm,cem_linear,continuous,43,91,0.490613,0.126856,0.780591,2.9
cem_linear_norm,cem_linear,continuous,43,92,0.445764,0.126771,0.795359,2.9
cem_linear_norm,cem_linear,continuous,43,93,0.453072,0.128248,0.804852,2.9
cem_linear_norm,cem_linear,continuous,43,94,0.448003,0.121629,0.793249,2.9
cem_linear_norm,cem_linear,continuous,43,95,0.442810,0.123869,0.798523,2.9
cem_linear_norm,cem_linear,continuous,43,96,0.451408,0.123611,0.803797,2.9
cem_linear_norm,cem_linear,continuous,43,97,0.440503,0.123457,0.819620,2.9
cem_linear_norm,cem_linear,continuous,43,98,0.433534,0.124539,0.819620,2.9
cem_linear_norm,cem_linear,continuous,43,99,0.434687,0.124887,0.804852,2.9
cem_linear_norm,cem_linear,continuous,43,100,0.448793,0.126172,0.805907,2.9
cem_linear_norm,cem_linear,continuous,43,101,0.458970,0.123722,0.792194,2.9
cem_linear_norm,cem_linear,continuous,43,102,0.431895,0.123160,0.812236,2.9
cem_linear_norm,cem_linear,continuous,43,103,0.452345,0.122997,0.789030,2.9
cem_linear_norm,cem_linear,continuous,43,104,0.446949,0.121665,0.806962,2.9
cem_linear_norm,cem_linear,continuous,43,105,0.453522,0.124664,0.801688,2.9
cem_linear_norm,cem_linear,continuous,43,106,0.431840,0.121265,0.805907,2.9
cem_linear_norm,cem_linear,continuous,43,107,0.403053,0.121490,0.829114,2.9
cem_linear_norm,cem_linear,continuous,43,108,0.405413,0.123217,0.832278,2.9
cem_linear_norm,cem_linear,continuous,43,109,0.425742,0.123011,0.811181,2.9
cem_linear_norm,cem_linear,continuous,43,110,0.437623,0.123770,0.813291,2.9
cem_linear_norm,cem_linear,continuous,43,111,0.430108,0.121559,0.802743,2.9
cem_linear_norm,cem_linear,continuous,43,112,0.417851,0.121583,0.822785,2.9
cem_linear_norm,cem_linear,continuous,43,113,0.430801,0.124671,0.815401,2.9
cem_linear_norm,cem_linear,continuous,43,114,0.447960,0.123807,0.786920,2.9
cem_linear_norm,cem_linear,continuous,43,115,0.409553,0.120171,0.825949,2.9
cem_linear_norm,cem_linear,continuous,43,116,0.421723,0.121893,0.827004,2.9
cem_linear_norm,cem_linear,continuous,43,117,0.380338,0.122929,0.831224,2.9
cem_linear_norm,cem_linear,continuous,43,118,0.430568,0.120983,0.825949,2.9
cem_linear_norm,cem_linear,continuous,43,119,0.406952,0.120493,0.817511,2.9
cem_linear_norm,cem_linear,continuous,43,120,0.423648,0.123000,0.824895,2.9
cem_linear_norm,cem_linear,continuous,43,121,0.411202,0.120687,0.823840,2.9
cem_linear_norm,cem_linear,continuous,43,122,0.413547,0.119456,0.834388,2.9
cem_linear_norm,cem_linear,continuous,43,123,0.409748,0.120665,0.835443,2.9
cem_linear_norm,cem_linear,continuous,43,124,0.443144,0.121314,0.810127,2.9
cem_linear_norm,cem_linear,continuous,43,125,0.424550,0.119957,0.802743,2.9
cem_linear_norm,cem_linear,continuous,43,126,0.431466,0.122638,0.812236,2.9
cem_linear_norm,cem_linear,continuous,43,127,0.396656,0.120019,0.821730,2.9
cem_linear_norm,cem_linear,continuous,43,128,0.431805,0.122897,0.811181,2.9
cem_linear_norm,cem_linear,continuous,43,129,0.405705,0.120873,0.822785,2.9
cem_linear_norm,cem_linear,continuous,43,130,0.410018,0.120805,0.823840,2.9
cem_linear_norm,cem_linear,continuous,43,131,0.423757,0.119937,0.814346,2.9
cem_linear_norm,cem_linear,continuous,43,132,0.403746,0.120634,0.824895,2.9
cem_linear_norm,cem_linear,continuous,43,133,0.384703,0.119321,0.843882,2.9
cem_linear_norm,cem_linear,continuous,43,134,0.415632,0.119788,0.811181,2.9
cem_linear_norm,cem_linear,continuous,43,135,0.404357,0.121876,0.837553,2.9
cem_linear_norm,cem_linear,continuous,43,136,0.400985,0.119750,0.832278,2.9
cem_linear_norm,cem_linear,continuous,43,137,0.411579,0.120204,0.823840,2.9
cem_linear_norm,cem_linear,continuous,43,138,0.373609,0.118613,0.844937,2.9
cem_linear_norm,cem_linear,continuous,43,139,0.383811,0.121973,0.829114,2.9
cem_linear_norm,cem_linear,continuous,43,140,0.411208,0.122009,0.810127,2.9
cem_linear_norm,cem_linear,continuous,43,141,0.410459,0.118865,0.830169,2.9
cem_linear_norm,cem_linear,continuous,43,142,0.409541,0.119209,0.829114,2.9
cem_linear_norm,cem_linear,continuous,43,143,0.404103,0.120250,0.822785,2.9
cem_linear_norm,cem_linear,continuous,43,144,0.387276,0.118491,0.838608,2.9
cem_linear_norm,cem_linear,continuous,43,145,0.404759,0.120221,0.827004,2.9
cem_linear_norm,cem_linear,continuous,43,146,0.402120,0.118080,0.833333,2.9
cem_linear_norm,cem_linear,continuous,43,147,0.410702,0.120226,0.827004,2.9
cem_linear_norm,cem_linear,continuous,43,148,0.380221,0.118100,0.834388,2.9
cem_linear_norm,cem_linear,continuous,43,149,0.379995,0.118000,0.833333,2.9
cem_linear_norm,cem_linear,continuous,43,150,0.395301,0.117503,0.823840,2.9
cem_linear_norm,cem_linear,continuous,43,151,0.394755,0.116888,0.837553,2.9
cem_linear_norm,cem_linear,continuous,43,152,0.404691,0.117801,0.838608,2.9
cem_linear_norm,cem_linear,continuous,43,153,0.395244,0.117971,0.829114,2.9
cem_linear_norm,cem_linear,continuous,43,154,0.384298,0.118578,0.829114,2.9
cem_linear_norm,cem_linear,continuous,43,155,0.372436,0.118912,0.838608,2.9
cem_linear_norm,cem_linear,continuous,43,156,0.390276,0.117516,0.830169,2.9
cem_linear_norm,cem_linear,continuous,43,157,0.380879,0.117076,0.837553,2.9
cem_linear_norm,cem_linear,continuous,43,158,0.375960,0.118492,0.844937,2.9
cem_linear_norm,cem_linear,continuous,43,159,0.358562,0.120098,0.856540,2.9
cem_linear_norm,cem_linear,continuous,43,160,0.385773,0.117811,0.834388,2.9
cem_linear_norm,cem_linear,continuous,43,161,0.388216,0.119997,0.839662,2.9
cem_linear_norm,cem_linear,continuous,43,162,0.365043,0.117917,0.840717,2.9
cem_linear_norm,cem_linear,continuous,43,163,0.379552,0.117987,0.850211,2.9
cem_linear_norm,cem_linear,continuous,43,164,0.395126,0.117725,0.835443,2.9
cem_linear_norm,cem_linear,continuous,43,165,0.360198,0.117137,0.850211,2.9
cem_linear_norm,cem_linear,continuous,43,166,0.378549,0.116498,0.852321,2.9
cem_linear_norm,cem_linear,continuous,43,167,0.380433,0.117580,0.841772,2.9
cem_linear_norm,cem_linear,continuous,43,168,0.382843,0.118726,0.837553,2.9
cem_linear_norm,cem_linear,continuous,43,169,0.369445,0.115035,0.839662,2.9
cem_linear_norm,cem_linear,continuous,43,170,0.365294,0.117960,0.845992,2.9
cem_linear_norm,cem_linear,continuous,43,171,0.362980,0.117542,0.862869,2.9
cem_linear_norm,cem_linear,continuous,43,172,0.378515,0.116492,0.835443,2.9
cem_linear_norm,cem_linear,continuous,43,173,0.381027,0.117086,0.831224,2.9
cem_linear_norm,cem_linear,continuous,43,174,0.373913,0.115657,0.843882,2.9
cem_linear_norm,cem_linear,continuous,43,175,0.372497,0.115535,0.839662,2.9
cem_linear_norm,cem_linear,continuous,43,176,0.388405,0.116419,0.828059,2.9
cem_linear_norm,cem_linear,continuous,43,177,0.377080,0.117106,0.840717,2.9
cem_linear_norm,cem_linear,continuous,43,178,0.390474,0.117625,0.834388,2.9
cem_linear_norm,cem_linear,continuous,43,179,0.376497,0.116839,0.835443,2.9
cem_linear_norm,cem_linear,continuous,43,180,0.365739,0.116103,0.848101,2.9
cem_linear_norm,cem_linear,continuous,43,181,0.376479,0.117089,0.840717,2.9
cem_linear_norm,cem_linear,continuous,43,182,0.357432,0.115589,0.848101,2.9
cem_linear_norm,cem_linear,continuous,43,183,0.388279,0.117188,0.835443,2.9
cem_linear_norm,cem_linear,continuous,43,184,0.368232,0.117301,0.832278,2.9
cem_linear_norm,cem_linear,continuous,43,185,0.369317,0.115727,0.842827,2.9
cem_linear_norm,cem_linear,continuous,43,186,0.389800,0.114326,0.827004,2.9
cem_linear_norm,cem_linear,continuous,43,187,0.357823,0.116950,0.836498,2.9
cem_linear_norm,cem_linear,continuous,43,188,0.366730,0.116019,0.849156,2.9
cem_linear_norm,cem_linear,continuous,43,189,0.346207,0.114683,0.850211,2.9
cem_linear_norm,cem_linear,continuous,43,190,0.347926,0.116481,0.859705,2.9
cem_linear_norm,cem_linear,continuous,43,191,0.360223,0.115919,0.847046,2.9
cem_linear_norm,cem_linear,continuous,43,192,0.379061,0.113950,0.843882,2.9
cem_linear_norm,cem_linear,continuous,43,193,0.367178,0.116146,0.849156,2.9
cem_linear_norm,cem_linear,continuous,43,194,0.360455,0.116600,0.834388,2.9
cem_linear_norm,cem_linear,continuous,43,195,0.358022,0.116672,0.856540,2.9
cem_linear_norm,cem_linear,continuous,43,196,0.370985,0.113968,0.843882,2.9
cem_linear_norm,cem_linear,continuous,43,197,0.363507,0.116570,0.845992,2.9
cem_linear_norm,cem_linear,continuous,43,198,0.360923,0.115257,0.844937,2.9
cem_linear_norm,cem_linear,continuous,43,199,0.352097,0.115512,0.855485,2.9
cem_linear_norm,cem_linear,continuous,43,200,0.364534,0.116509,0.856540,2.9
cem_linear_norm,cem_linear,continuous,43,201,0.352007,0.115683,0.855485,2.9
cem_linear_norm,cem_linear,continuous,43,202,0.357662,0.114518,0.849156,2.9
cem_linear_norm,cem_linear,continuous,43,203,0.355313,0.113939,0.853376,2.9
cem_linear_norm,cem_linear,continuous,43,204,0.350186,0.114989,0.847046,2.9
cem_linear_norm,cem_linear,continuous,43,205,0.349632,0.114995,0.862869,2.9
cem_linear_norm,cem_linear,continuous,43,206,0.352130,0.113891,0.853376,2.9
cem_linear_norm,cem_linear,continuous,43,207,0.363589,0.115044,0.840717,2.9
cem_linear_norm,cem_linear,continuous,43,208,0.354946,0.114637,0.852321,2.9
cem_linear_norm,cem_linear,continuous,43,209,0.339876,0.114905,0.862869,2.9
cem_linear_norm,cem_linear,continuous,43,210,0.364487,0.113588,0.856540,2.9
cem_linear_norm,cem_linear,continuous,43,211,0.345830,0.116002,0.853376,2.9
cem_linear_norm,cem_linear,continuous,43,212,0.344425,0.115622,0.864979,2.9
cem_linear_norm,cem_linear,continuous,43,213,0.349616,0.115130,0.847046,2.9
cem_linear_norm,cem_linear,continuous,43,214,0.340009,0.115099,0.844937,2.9
cem_linear_norm,cem_linear,continuous,43,215,0.390958,0.114705,0.828059,2.9
cem_linear_norm,cem_linear,continuous,43,216,0.369189,0.114535,0.844937,2.9
cem_linear_norm,cem_linear,continuous,43,217,0.359441,0.112797,0.849156,2.9
cem_linear_norm,cem_linear,continuous,43,218,0.360173,0.114443,0.839662,2.9
cem_linear_norm,cem_linear,continuous,43,219,0.336434,0.113107,0.855485,2.9
cem_linear_norm,cem_linear,continuous,43,220,0.362010,0.115487,0.857595,2.9
cem_linear_norm,cem_linear,continuous,43,221,0.372432,0.115727,0.833333,2.9
cem_linear_norm,cem_linear,continuous,43,222,0.360029,0.112756,0.851266,2.9
cem_linear_norm,cem_linear,continuous,43,223,0.325636,0.112667,0.857595,2.9
cem_linear_norm,cem_linear,continuous,43,224,0.352748,0.115185,0.853376,2.9
cem_linear_norm,cem_linear,continuous,43,225,0.371607,0.114368,0.838608,2.9
cem_linear_norm,cem_linear,continuous,43,226,0.355078,0.113827,0.843882,2.9
cem_linear_norm,cem_linear,continuous,43,227,0.340134,0.113698,0.856540,2.9
cem_linear_norm,cem_linear,continuous,43,228,0.345483,0.111865,0.860759,2.9
cem_linear_norm,cem_linear,continuous,43,229,0.355185,0.113109,0.848101,2.9
cem_linear_norm,cem_linear,continuous,43,230,0.347614,0.113554,0.858650,2.9
cem_linear_norm,cem_linear,continuous,43,231,0.360899,0.111646,0.845992,2.9
cem_linear_norm,cem_linear,continuous,43,232,0.372829,0.113489,0.841772,2.9
cem_linear_norm,cem_linear,continuous,43,233,0.368234,0.114204,0.847046,2.9
cem_linear_norm,cem_linear,continuous,43,234,0.330522,0.112261,0.857595,2.9
cem_linear_norm,cem_linear,continuous,43,235,0.355791,0.112601,0.842827,2.9
cem_linear_norm,cem_linear,continuous,43,236,0.349444,0.112700,0.857595,2.9
cem_linear_norm,cem_linear,continuous,43,237,0.352702,0.111123,0.851266,2.9
cem_linear_norm,cem_linear,continuous,43,238,0.374566,0.116261,0.849156,2.9
cem_linear_norm,cem_linear,continuous,43,239,0.337725,0.113555,0.856540,2.9
cem_linear_norm,cem_linear,continuous,43,240,0.349863,0.112275,0.850211,2.9
cem_linear_norm,cem_linear,continuous,43,241,0.341317,0.113343,0.857595,2.9
cem_linear_norm,cem_linear,continuous,43,242,0.332402,0.111719,0.857595,2.9
cem_linear_norm,cem_linear,continuous,43,243,0.341076,0.114196,0.851266,2.9
cem_linear_norm,cem_linear,continuous,43,244,0.342301,0.112129,0.862869,2.9
cem_linear_norm,cem_linear,continuous,43,245,0.366632,0.112891,0.837553,2.9
cem_linear_norm,cem_linear,continuous,43,246,0.314069,0.111696,0.869198,2.9
cem_linear_norm,cem_linear,continuous,43,247,0.354363,0.112872,0.848101,2.9
cem_linear_norm,cem_linear,continuous,43,248,0.334469,0.112766,0.864979,2.9
cem_linear_norm,cem_linear,continuous,43,249,0.354303,0.111590,0.840717,2.9
cem_linear_norm,cem_linear,continuous,43,250,0.347230,0.111920,0.853376,2.9
cem_linear_norm,cem_linear,continuous,44,1,0.674376,0.284726,0.572320,3.0
cem_linear_norm,cem_linear,continuous,44,2,0.686835,0.158487,0.558793,3.0
cem_linear_norm,cem_linear,continuous,44,3,0.655274,0.154617,0.582726,3.0
cem_linear_norm,cem_linear,continuous,44,4,0.647719,0.153897,0.604579,3.0
cem_linear_norm,cem_linear,continuous,44,5,0.646734,0.154867,0.588970,2.9
cem_linear_norm,cem_linear,continuous,44,6,0.670557,0.152499,0.584807,3.0
cem_linear_norm,cem_linear,continuous,44,7,0.633114,0.153323,0.623309,3.0
cem_linear_norm,cem_linear,continuous,44,8,0.647376,0.153925,0.594173,3.0
cem_linear_norm,cem_linear,continuous,44,9,0.653692,0.157140,0.579605,2.9
cem_linear_norm,cem_linear,continuous,44,10,0.647627,0.151967,0.596254,2.9
cem_linear_norm,cem_linear,continuous,44,11,0.669103,0.152477,0.535900,2.9
cem_linear_norm,cem_linear,continuous,44,12,0.632076,0.148477,0.599376,2.9
cem_linear_norm,cem_linear,continuous,44,13,0.663499,0.150617,0.591051,2.9
cem_linear_norm,cem_linear,continuous,44,14,0.658240,0.150371,0.567118,2.9
cem_linear_norm,cem_linear,continuous,44,15,0.640780,0.155575,0.601457,2.9
cem_linear_norm,cem_linear,continuous,44,16,0.646154,0.150127,0.605619,2.9
cem_linear_norm,cem_linear,continuous,44,17,0.642683,0.148606,0.590010,3.0
cem_linear_norm,cem_linear,continuous,44,18,0.669236,0.151214,0.574402,3.0
cem_linear_norm,cem_linear,continuous,44,19,0.642894,0.155480,0.597294,2.9
cem_linear_norm,cem_linear,continuous,44,20,0.634656,0.148552,0.608741,3.0
cem_linear_norm,cem_linear,continuous,44,21,0.632180,0.151070,0.629553,2.9
cem_linear_norm,cem_linear,continuous,44,22,0.612581,0.151035,0.643080,3.0
cem_linear_norm,cem_linear,continuous,44,23,0.638302,0.150022,0.587929,2.9
cem_linear_norm,cem_linear,continuous,44,24,0.632094,0.151912,0.624350,2.9
cem_linear_norm,cem_linear,continuous,44,25,0.636142,0.147743,0.599376,2.9
cem_linear_norm,cem_linear,continuous,44,26,0.618180,0.149492,0.619147,3.0
cem_linear_norm,cem_linear,continuous,44,27,0.609991,0.149765,0.630593,3.0
cem_linear_norm,cem_linear,continuous,44,28,0.668947,0.150502,0.570239,2.9
cem_linear_norm,cem_linear,continuous,44,29,0.652711,0.149961,0.580645,3.0
cem_linear_norm,cem_linear,continuous,44,30,0.646400,0.146259,0.623309,2.9
cem_linear_norm,cem_linear,continuous,44,31,0.606146,0.147693,0.663892,2.9
cem_linear_norm,cem_linear,continuous,44,32,0.643078,0.146605,0.612903,2.9
cem_linear_norm,cem_linear,continuous,44,33,0.595159,0.147437,0.659729,3.0
cem_linear_norm,cem_linear,continuous,44,34,0.629257,0.147280,0.597294,3.0
cem_linear_norm,cem_linear,continuous,44,35,0.642772,0.146976,0.606660,3.0
cem_linear_norm,cem_linear,continuous,44,36,0.652261,0.147820,0.590010,3.0
cem_linear_norm,cem_linear,continuous,44,37,0.615869,0.146868,0.620187,2.9
cem_linear_norm,cem_linear,continuous,44,38,0.633178,0.149367,0.620187,2.9
cem_linear_norm,cem_linear,continuous,44,39,0.584035,0.148952,0.664932,3.0
cem_linear_norm,cem_linear,continuous,44,40,0.636040,0.147593,0.637877,3.0
cem_linear_norm,cem_linear,continuous,44,41,0.586158,0.145602,0.661811,3.0
cem_linear_norm,cem_linear,continuous,44,42,0.613728,0.144499,0.633715,2.9
cem_linear_norm,cem_linear,continuous,44,43,0.612153,0.144920,0.636837,2.9
cem_linear_norm,cem_linear,continuous,44,44,0.557917,0.144787,0.680541,2.9
cem_linear_norm,cem_linear,continuous,44,45,0.614389,0.145896,0.637877,2.9
cem_linear_norm,cem_linear,continuous,44,46,0.631714,0.143988,0.621228,3.0
cem_linear_norm,cem_linear,continuous,44,47,0.613070,0.144081,0.640999,3.0
cem_linear_norm,cem_linear,continuous,44,48,0.603541,0.142449,0.647242,2.9
cem_linear_norm,cem_linear,continuous,44,49,0.585578,0.144024,0.672216,2.9
cem_linear_norm,cem_linear,continuous,44,50,0.587691,0.143202,0.668054,2.9
cem_linear_norm,cem_linear,continuous,44,51,0.618149,0.143298,0.656608,3.0
cem_linear_norm,cem_linear,continuous,44,52,0.609911,0.142420,0.656608,2.9
cem_linear_norm,cem_linear,continuous,44,53,0.619470,0.141580,0.647242,2.9
cem_linear_norm,cem_linear,continuous,44,54,0.608461,0.140058,0.651405,3.0
cem_linear_norm,cem_linear,continuous,44,55,0.618022,0.141619,0.653486,2.9
cem_linear_norm,cem_linear,continuous,44,56,0.612738,0.142012,0.624350,2.9
cem_linear_norm,cem_linear,continuous,44,57,0.587566,0.140409,0.670135,3.0
cem_linear_norm,cem_linear,continuous,44,58,0.589151,0.138872,0.677419,3.0
cem_linear_norm,cem_linear,continuous,44,59,0.591453,0.138766,0.661811,2.9
cem_linear_norm,cem_linear,continuous,44,60,0.561293,0.139754,0.710718,2.9
cem_linear_norm,cem_linear,continuous,44,61,0.584941,0.139607,0.679501,3.0
cem_linear_norm,cem_linear,continuous,44,62,0.575945,0.139389,0.678460,2.9
cem_linear_norm,cem_linear,continuous,44,63,0.573236,0.138418,0.690947,2.9
cem_linear_norm,cem_linear,continuous,44,64,0.563745,0.137148,0.702393,2.9
cem_linear_norm,cem_linear,continuous,44,65,0.555587,0.136758,0.711759,2.9
cem_linear_norm,cem_linear,continuous,44,66,0.552005,0.136482,0.715921,2.9
cem_linear_norm,cem_linear,continuous,44,67,0.567763,0.134342,0.693028,3.0
cem_linear_norm,cem_linear,continuous,44,68,0.535597,0.133294,0.715921,2.9
cem_linear_norm,cem_linear,continuous,44,69,0.539607,0.132422,0.727367,2.9
cem_linear_norm,cem_linear,continuous,44,70,0.536985,0.133072,0.737773,2.9
cem_linear_norm,cem_linear,continuous,44,71,0.551832,0.135791,0.719043,2.9
cem_linear_norm,cem_linear,continuous,44,72,0.544220,0.134065,0.731530,2.9
cem_linear_norm,cem_linear,continuous,44,73,0.508247,0.133288,0.752341,3.0
cem_linear_norm,cem_linear,continuous,44,74,0.507191,0.129195,0.739854,2.9
cem_linear_norm,cem_linear,continuous,44,75,0.529413,0.128481,0.735692,3.0
cem_linear_norm,cem_linear,continuous,44,76,0.535928,0.129619,0.723205,2.9
cem_linear_norm,cem_linear,continuous,44,77,0.489132,0.127652,0.766909,2.9
cem_linear_norm,cem_linear,continuous,44,78,0.544919,0.130728,0.735692,2.9
cem_linear_norm,cem_linear,continuous,44,79,0.556564,0.129357,0.728408,2.9
cem_linear_norm,cem_linear,continuous,44,80,0.493149,0.128688,0.759625,3.0
cem_linear_norm,cem_linear,continuous,44,81,0.506551,0.126597,0.766909,2.9
cem_linear_norm,cem_linear,continuous,44,82,0.520294,0.126793,0.749220,2.9
cem_linear_norm,cem_linear,continuous,44,83,0.491457,0.128040,0.773153,2.9
cem_linear_norm,cem_linear,continuous,44,84,0.482348,0.124388,0.767950,3.0
cem_linear_norm,cem_linear,continuous,44,85,0.463152,0.124580,0.785640,3.0
cem_linear_norm,cem_linear,continuous,44,86,0.498982,0.126532,0.770031,2.9
cem_linear_norm,cem_linear,continuous,44,87,0.440503,0.123744,0.793965,3.0
cem_linear_norm,cem_linear,continuous,44,88,0.505009,0.126703,0.756504,3.0
cem_linear_norm,cem_linear,continuous,44,89,0.487757,0.124144,0.770031,2.9
cem_linear_norm,cem_linear,continuous,44,90,0.469682,0.123606,0.795005,3.0
cem_linear_norm,cem_linear,continuous,44,91,0.452868,0.124018,0.801249,3.0
cem_linear_norm,cem_linear,continuous,44,92,0.475247,0.123215,0.790843,2.9
cem_linear_norm,cem_linear,continuous,44,93,0.469619,0.124275,0.790843,3.0
cem_linear_norm,cem_linear,continuous,44,94,0.475531,0.124689,0.778356,3.0
cem_linear_norm,cem_linear,continuous,44,95,0.464041,0.121797,0.783559,2.9
cem_linear_norm,cem_linear,continuous,44,96,0.473495,0.123918,0.780437,3.0
cem_linear_norm,cem_linear,continuous,44,97,0.449399,0.121944,0.802289,2.9
cem_linear_norm,cem_linear,continuous,44,98,0.449269,0.123577,0.796046,2.9
cem_linear_norm,cem_linear,continuous,44,99,0.451680,0.122195,0.791883,3.0
cem_linear_norm,cem_linear,continuous,44,100,0.440766,0.122375,0.812695,2.9
cem_linear_norm,cem_linear,continuous,44,101,0.452784,0.121639,0.790843,2.9
cem_linear_norm,cem_linear,continuous,44,102,0.472813,0.122097,0.767950,2.9
cem_linear_norm,cem_linear,continuous,44,103,0.463936,0.121711,0.791883,2.9
cem_linear_norm,cem_linear,continuous,44,104,0.441781,0.122811,0.803330,2.9
cem_linear_norm,cem_linear,continuous,44,105,0.429598,0.119010,0.802289,3.0
cem_linear_norm,cem_linear,continuous,44,106,0.442138,0.121344,0.801249,2.9
cem_linear_norm,cem_linear,continuous,44,107,0.448323,0.120362,0.795005,2.9
cem_linear_norm,cem_linear,continuous,44,108,0.428941,0.122181,0.812695,2.9
cem_linear_norm,cem_linear,continuous,44,109,0.439253,0.121159,0.808533,2.9
cem_linear_norm,cem_linear,continuous,44,110,0.450382,0.121742,0.795005,3.0
cem_linear_norm,cem_linear,continuous,44,111,0.454024,0.120434,0.805411,2.9
cem_linear_norm,cem_linear,continuous,44,112,0.443831,0.120039,0.802289,3.0
cem_linear_norm,cem_linear,continuous,44,113,0.433380,0.119973,0.807492,2.9
cem_linear_norm,cem_linear,continuous,44,114,0.424077,0.119573,0.821020,2.9
cem_linear_norm,cem_linear,continuous,44,115,0.441257,0.121172,0.816857,2.9
cem_linear_norm,cem_linear,continuous,44,116,0.405027,0.119692,0.822060,2.9
cem_linear_norm,cem_linear,continuous,44,117,0.450602,0.120150,0.797086,3.0
cem_linear_norm,cem_linear,continuous,44,118,0.428117,0.117852,0.801249,2.9
cem_linear_norm,cem_linear,continuous,44,119,0.426428,0.120072,0.822060,2.9
cem_linear_norm,cem_linear,continuous,44,120,0.432799,0.118199,0.806452,3.0
cem_linear_norm,cem_linear,continuous,44,121,0.440792,0.121869,0.806452,2.9
cem_linear_norm,cem_linear,continuous,44,122,0.423690,0.120848,0.802289,2.9
cem_linear_norm,cem_linear,continuous,44,123,0.417631,0.117516,0.826223,2.9
cem_linear_norm,cem_linear,continuous,44,124,0.436946,0.120085,0.821020,2.9
cem_linear_norm,cem_linear,continuous,44,125,0.430137,0.120428,0.819979,2.9
cem_linear_norm,cem_linear,continuous,44,126,0.420504,0.119656,0.822060,2.9
cem_linear_norm,cem_linear,continuous,44,127,0.415935,0.119733,0.818939,3.0
cem_linear_norm,cem_linear,continuous,44,128,0.413700,0.120416,0.800208,3.0
cem_linear_norm,cem_linear,continuous,44,129,0.395245,0.118025,0.827263,2.9
cem_linear_norm,cem_linear,continuous,44,130,0.433284,0.120007,0.805411,3.0
cem_linear_norm,cem_linear,continuous,44,131,0.408529,0.120070,0.832466,3.0
cem_linear_norm,cem_linear,continuous,44,132,0.386182,0.117558,0.837669,2.9
cem_linear_norm,cem_linear,continuous,44,133,0.412942,0.117632,0.823101,2.9
cem_linear_norm,cem_linear,continuous,44,134,0.405204,0.120359,0.829344,3.0
cem_linear_norm,cem_linear,continuous,44,135,0.420327,0.120074,0.812695,2.9
cem_linear_norm,cem_linear,continuous,44,136,0.448015,0.120098,0.806452,3.0
cem_linear_norm,cem_linear,continuous,44,137,0.431406,0.121344,0.811655,2.9
cem_linear_norm,cem_linear,continuous,44,138,0.408256,0.117444,0.824142,2.9
cem_linear_norm,cem_linear,continuous,44,139,0.409928,0.117599,0.817898,3.0
cem_linear_norm,cem_linear,continuous,44,140,0.404652,0.119925,0.823101,2.9
cem_linear_norm,cem_linear,continuous,44,141,0.399988,0.117781,0.830385,3.0
cem_linear_norm,cem_linear,continuous,44,142,0.402591,0.116230,0.830385,2.9
cem_linear_norm,cem_linear,continuous,44,143,0.420211,0.118182,0.823101,2.9
cem_linear_norm,cem_linear,continuous,44,144,0.429268,0.117502,0.809573,2.9
cem_linear_norm,cem_linear,continuous,44,145,0.392288,0.114179,0.837669,3.0
cem_linear_norm,cem_linear,continuous,44,146,0.395098,0.115872,0.826223,2.9
cem_linear_norm,cem_linear,continuous,44,147,0.401154,0.116500,0.835588,2.9
cem_linear_norm,cem_linear,continuous,44,148,0.396209,0.117965,0.831426,2.9
cem_linear_norm,cem_linear,continuous,44,149,0.402959,0.116239,0.831426,3.0
cem_linear_norm,cem_linear,continuous,44,150,0.383581,0.116995,0.836629,3.0
cem_linear_norm,cem_linear,continuous,44,151,0.391156,0.116225,0.831426,2.9
cem_linear_norm,cem_linear,continuous,44,152,0.376825,0.116860,0.835588,3.0
cem_linear_norm,cem_linear,continuous,44,153,0.396222,0.117371,0.832466,3.0
cem_linear_norm,cem_linear,continuous,44,154,0.380880,0.115484,0.837669,2.9
cem_linear_norm,cem_linear,continuous,44,155,0.394208,0.117530,0.816857,2.9
cem_linear_norm,cem_linear,continuous,44,156,0.371554,0.117407,0.839750,3.0
cem_linear_norm,cem_linear,continuous,44,157,0.368171,0.117524,0.844953,3.0
cem_linear_norm,cem_linear,continuous,44,158,0.391456,0.115729,0.833507,2.9
cem_linear_norm,cem_linear,continuous,44,159,0.414539,0.117942,0.831426,2.9
cem_linear_norm,cem_linear,continuous,44,160,0.371153,0.115982,0.844953,2.9
cem_linear_norm,cem_linear,continuous,44,161,0.379047,0.117238,0.833507,2.9
cem_linear_norm,cem_linear,continuous,44,162,0.384255,0.115834,0.840791,3.0
cem_linear_norm,cem_linear,continuous,44,163,0.385432,0.117343,0.833507,2.9
cem_linear_norm,cem_linear,continuous,44,164,0.389440,0.114698,0.828304,3.0
cem_linear_norm,cem_linear,continuous,44,165,0.396925,0.116497,0.836629,2.9
cem_linear_norm,cem_linear,continuous,44,166,0.367439,0.116008,0.843913,2.9
cem_linear_norm,cem_linear,continuous,44,167,0.402864,0.115107,0.834547,2.9
cem_linear_norm,cem_linear,continuous,44,168,0.369473,0.115154,0.844953,2.9
cem_linear_norm,cem_linear,continuous,44,169,0.358915,0.115686,0.852237,2.9
cem_linear_norm,cem_linear,continuous,44,170,0.385636,0.115833,0.842872,3.0
cem_linear_norm,cem_linear,continuous,44,171,0.392586,0.115314,0.833507,3.0
cem_linear_norm,cem_linear,continuous,44,172,0.383623,0.115094,0.841831,2.9
cem_linear_norm,cem_linear,continuous,44,173,0.384054,0.117015,0.828304,3.0
cem_linear_norm,cem_linear,continuous,44,174,0.374791,0.115017,0.848075,2.9
cem_linear_norm,cem_linear,continuous,44,175,0.389685,0.115276,0.828304,3.0
cem_linear_norm,cem_linear,continuous,44,176,0.385706,0.114580,0.837669,2.9
cem_linear_norm,cem_linear,continuous,44,177,0.367362,0.114806,0.842872,2.9
cem_linear_norm,cem_linear,continuous,44,178,0.381076,0.116142,0.849116,3.0
cem_linear_norm,cem_linear,continuous,44,179,0.397709,0.118514,0.832466,2.9
cem_linear_norm,cem_linear,continuous,44,180,0.382029,0.114881,0.845994,3.0
cem_linear_norm,cem_linear,continuous,44,181,0.356021,0.114019,0.852237,2.9
cem_linear_norm,cem_linear,continuous,44,182,0.385692,0.116986,0.825182,3.0
cem_linear_norm,cem_linear,continuous,44,183,0.388003,0.115699,0.837669,2.9
cem_linear_norm,cem_linear,continuous,44,184,0.352503,0.113562,0.847034,2.9
cem_linear_norm,cem_linear,continuous,44,185,0.369706,0.115022,0.834547,3.0
cem_linear_norm,cem_linear,continuous,44,186,0.373920,0.114950,0.839750,3.0
cem_linear_norm,cem_linear,continuous,44,187,0.370748,0.114065,0.842872,2.9
cem_linear_norm,cem_linear,continuous,44,188,0.364446,0.114766,0.841831,2.9
cem_linear_norm,cem_linear,continuous,44,189,0.376755,0.113491,0.834547,2.9
cem_linear_norm,cem_linear,continuous,44,190,0.391367,0.114861,0.824142,2.9
cem_linear_norm,cem_linear,continuous,44,191,0.366818,0.115406,0.841831,3.0
cem_linear_norm,cem_linear,continuous,44,192,0.359757,0.115662,0.844953,3.0
cem_linear_norm,cem_linear,continuous,44,193,0.371972,0.114729,0.839750,3.0
cem_linear_norm,cem_linear,continuous,44,194,0.354384,0.113667,0.853278,2.9
cem_linear_norm,cem_linear,continuous,44,195,0.341650,0.114975,0.861602,3.0
cem_linear_norm,cem_linear,continuous,44,196,0.334158,0.112920,0.857440,3.0
cem_linear_norm,cem_linear,continuous,44,197,0.366025,0.115065,0.850156,3.0
cem_linear_norm,cem_linear,continuous,44,198,0.347880,0.114623,0.850156,3.0
cem_linear_norm,cem_linear,continuous,44,199,0.340632,0.113837,0.857440,3.0
cem_linear_norm,cem_linear,continuous,44,200,0.359083,0.115484,0.847034,2.9
cem_linear_norm,cem_linear,continuous,44,201,0.363339,0.113258,0.849116,2.9
cem_linear_norm,cem_linear,continuous,44,202,0.351233,0.114304,0.845994,3.0
cem_linear_norm,cem_linear,continuous,44,203,0.379955,0.114771,0.829344,2.9
cem_linear_norm,cem_linear,continuous,44,204,0.358082,0.112915,0.853278,2.9
cem_linear_norm,cem_linear,continuous,44,205,0.370406,0.115025,0.826223,3.0
cem_linear_norm,cem_linear,continuous,44,206,0.370625,0.113247,0.839750,2.9
cem_linear_norm,cem_linear,continuous,44,207,0.368098,0.112913,0.848075,3.0
cem_linear_norm,cem_linear,continuous,44,208,0.360058,0.113697,0.842872,2.9
cem_linear_norm,cem_linear,continuous,44,209,0.345548,0.112530,0.851197,3.0
cem_linear_norm,cem_linear,continuous,44,210,0.355835,0.116025,0.848075,2.9
cem_linear_norm,cem_linear,continuous,44,211,0.348255,0.113394,0.853278,2.9
cem_linear_norm,cem_linear,continuous,44,212,0.374723,0.114332,0.835588,3.0
cem_linear_norm,cem_linear,continuous,44,213,0.330789,0.113265,0.865765,2.9
cem_linear_norm,cem_linear,continuous,44,214,0.338151,0.115783,0.859521,3.0
cem_linear_norm,cem_linear,continuous,44,215,0.377806,0.112601,0.828304,3.0
cem_linear_norm,cem_linear,continuous,44,216,0.350150,0.114121,0.849116,2.9
cem_linear_norm,cem_linear,continuous,44,217,0.340935,0.113297,0.856400,3.0
cem_linear_norm,cem_linear,continuous,44,218,0.343760,0.113653,0.853278,3.0
cem_linear_norm,cem_linear,continuous,44,219,0.358898,0.113280,0.850156,2.9
cem_linear_norm,cem_linear,continuous,44,220,0.362720,0.113250,0.845994,2.9
cem_linear_norm,cem_linear,continuous,44,221,0.337904,0.112137,0.873049,2.9
cem_linear_norm,cem_linear,continuous,44,222,0.350765,0.112793,0.847034,3.0
cem_linear_norm,cem_linear,continuous,44,223,0.354388,0.111738,0.850156,3.0
cem_linear_norm,cem_linear,continuous,44,224,0.349191,0.112255,0.848075,3.0
cem_linear_norm,cem_linear,continuous,44,225,0.352661,0.113362,0.845994,3.0
cem_linear_norm,cem_linear,continuous,44,226,0.333095,0.113176,0.863684,2.9
cem_linear_norm,cem_linear,continuous,44,227,0.340252,0.112849,0.854318,2.9
cem_linear_norm,cem_linear,continuous,44,228,0.358369,0.114688,0.860562,2.9
cem_linear_norm,cem_linear,continuous,44,229,0.366521,0.113291,0.850156,3.0
cem_linear_norm,cem_linear,continuous,44,230,0.342242,0.112836,0.843913,2.9
cem_linear_norm,cem_linear,continuous,44,231,0.344280,0.112604,0.840791,2.9
cem_linear_norm,cem_linear,continuous,44,232,0.351257,0.113151,0.834547,3.0
cem_linear_norm,cem_linear,continuous,44,233,0.357206,0.114478,0.833507,2.9
cem_linear_norm,cem_linear,continuous,44,234,0.361839,0.113424,0.855359,3.0
cem_linear_norm,cem_linear,continuous,44,235,0.387808,0.115177,0.835588,2.9
cem_linear_norm,cem_linear,continuous,44,236,0.383438,0.115868,0.836629,2.9
cem_linear_norm,cem_linear,continuous,44,237,0.341407,0.112650,0.852237,3.0
cem_linear_norm,cem_linear,continuous,44,238,0.383795,0.121395,0.847034,2.9
cem_linear_norm,cem_linear,continuous,44,239,0.361756,0.113067,0.839750,2.9
cem_linear_norm,cem_linear,continuous,44,240,0.354165,0.116037,0.840791,3.0
cem_linear_norm,cem_linear,continuous,44,241,0.368276,0.114015,0.841831,2.9
cem_linear_norm,cem_linear,continuous,44,242,0.369287,0.112848,0.844953,2.9
cem_linear_norm,cem_linear,continuous,44,243,0.337626,0.112084,0.864724,2.9
cem_linear_norm,cem_linear,continuous,44,244,0.335690,0.111369,0.845994,3.0
cem_linear_norm,cem_linear,continuous,44,245,0.356469,0.112595,0.852237,2.9
cem_linear_norm,cem_linear,continuous,44,246,0.314432,0.110754,0.874089,3.0
cem_linear_norm,cem_linear,continuous,44,247,0.334386,0.112464,0.873049,2.9
cem_linear_norm,cem_linear,continuous,44,248,0.349413,0.112986,0.860562,3.0
cem_linear_norm,cem_linear,continuous,44,249,0.341799,0.111526,0.847034,2.9
cem_linear_norm,cem_linear,continuous,44,250,0.368079,0.116293,0.852237,2.9
cem_linear_norm,cem_linear,continuous,45,1,0.696589,0.314628,0.547771,2.9
cem_linear_norm,cem_linear,continuous,45,2,0.685883,0.160544,0.581741,2.9
cem_linear_norm,cem_linear,continuous,45,3,0.686731,0.160509,0.549894,2.9
cem_linear_norm,cem_linear,continuous,45,4,0.675675,0.157098,0.590234,2.9
cem_linear_norm,cem_linear,continuous,45,5,0.646894,0.155292,0.600849,2.9
cem_linear_norm,cem_linear,continuous,45,6,0.668624,0.158441,0.574310,2.9
cem_linear_norm,cem_linear,continuous,45,7,0.680725,0.154314,0.564756,2.9
cem_linear_norm,cem_linear,continuous,45,8,0.643357,0.154410,0.618896,2.9
cem_linear_norm,cem_linear,continuous,45,9,0.652728,0.154397,0.595541,2.9
cem_linear_norm,cem_linear,continuous,45,10,0.640107,0.153528,0.616773,2.9
cem_linear_norm,cem_linear,continuous,45,11,0.637254,0.155348,0.626327,2.9
cem_linear_norm,cem_linear,continuous,45,12,0.622621,0.154882,0.635881,2.9
cem_linear_norm,cem_linear,continuous,45,13,0.639533,0.154324,0.613588,2.9
cem_linear_norm,cem_linear,continuous,45,14,0.646788,0.152419,0.591295,2.9
cem_linear_norm,cem_linear,continuous,45,15,0.670168,0.154377,0.557325,2.9
cem_linear_norm,cem_linear,continuous,45,16,0.646022,0.152815,0.612527,2.9
cem_linear_norm,cem_linear,continuous,45,17,0.625707,0.152809,0.599788,2.9
cem_linear_norm,cem_linear,continuous,45,18,0.641599,0.151258,0.598726,2.9
cem_linear_norm,cem_linear,continuous,45,19,0.621771,0.155078,0.627389,2.9
cem_linear_norm,cem_linear,continuous,45,20,0.639259,0.151533,0.624204,2.9
cem_linear_norm,cem_linear,continuous,45,21,0.611626,0.152881,0.631635,2.9
cem_linear_norm,cem_linear,continuous,45,22,0.641853,0.152817,0.595541,2.9
cem_linear_norm,cem_linear,continuous,45,23,0.629356,0.150512,0.634820,2.9
cem_linear_norm,cem_linear,continuous,45,24,0.638170,0.151021,0.625265,2.9
cem_linear_norm,cem_linear,continuous,45,25,0.651072,0.153420,0.581741,2.9
cem_linear_norm,cem_linear,continuous,45,26,0.644373,0.151235,0.601911,2.9
cem_linear_norm,cem_linear,continuous,45,27,0.609747,0.150090,0.642251,2.9
cem_linear_norm,cem_linear,continuous,45,28,0.636389,0.150532,0.607219,2.9
cem_linear_norm,cem_linear,continuous,45,29,0.608562,0.151077,0.646497,2.9
cem_linear_norm,cem_linear,continuous,45,30,0.606298,0.150902,0.654989,2.9
cem_linear_norm,cem_linear,continuous,45,31,0.600481,0.149165,0.646497,2.9
cem_linear_norm,cem_linear,continuous,45,32,0.657995,0.149174,0.582803,2.9
cem_linear_norm,cem_linear,continuous,45,33,0.607965,0.148960,0.650743,2.9
cem_linear_norm,cem_linear,continuous,45,34,0.644077,0.150479,0.607219,2.9
cem_linear_norm,cem_linear,continuous,45,35,0.643506,0.150756,0.619958,2.9
cem_linear_norm,cem_linear,continuous,45,36,0.629464,0.149718,0.642251,2.9
cem_linear_norm,cem_linear,continuous,45,37,0.626253,0.148456,0.626327,2.9
cem_linear_norm,cem_linear,continuous,45,38,0.615419,0.149127,0.644374,2.9
cem_linear_norm,cem_linear,continuous,45,39,0.617710,0.147684,0.632696,2.9
cem_linear_norm,cem_linear,continuous,45,40,0.609521,0.151024,0.657113,2.9
cem_linear_norm,cem_linear,continuous,45,41,0.638083,0.152327,0.618896,2.9
cem_linear_norm,cem_linear,continuous,45,42,0.609521,0.151095,0.627389,2.9
cem_linear_norm,cem_linear,continuous,45,43,0.617546,0.148128,0.639066,2.9
cem_linear_norm,cem_linear,continuous,45,44,0.614620,0.147394,0.645435,2.9
cem_linear_norm,cem_linear,continuous,45,45,0.608900,0.146759,0.661359,2.9
cem_linear_norm,cem_linear,continuous,45,46,0.623485,0.147317,0.629512,2.9
cem_linear_norm,cem_linear,continuous,45,47,0.619097,0.148194,0.638004,2.9
cem_linear_norm,cem_linear,continuous,45,48,0.610577,0.145706,0.656051,2.9
cem_linear_norm,cem_linear,continuous,45,49,0.610600,0.147232,0.664544,2.9
cem_linear_norm,cem_linear,continuous,45,50,0.637357,0.145876,0.628450,2.9
cem_linear_norm,cem_linear,continuous,45,51,0.583442,0.147687,0.679406,2.9
cem_linear_norm,cem_linear,continuous,45,52,0.603499,0.145827,0.668790,2.9
cem_linear_norm,cem_linear,continuous,45,53,0.584304,0.143358,0.682590,2.9
cem_linear_norm,cem_linear,continuous,45,54,0.587645,0.145474,0.676221,2.9
cem_linear_norm,cem_linear,continuous,45,55,0.611099,0.144891,0.650743,2.9
cem_linear_norm,cem_linear,continuous,45,56,0.586136,0.143117,0.690021,2.9
cem_linear_norm,cem_linear,continuous,45,57,0.608100,0.144526,0.648620,2.9
cem_linear_norm,cem_linear,continuous,45,58,0.570826,0.140763,0.699575,2.9
cem_linear_norm,cem_linear,continuous,45,59,0.559900,0.142302,0.705945,2.9
cem_linear_norm,cem_linear,continuous,45,60,0.571976,0.141256,0.699575,2.9
cem_linear_norm,cem_linear,continuous,45,61,0.582438,0.141724,0.700637,2.9
cem_linear_norm,cem_linear,continuous,45,62,0.577862,0.141329,0.696391,2.9
cem_linear_norm,cem_linear,continuous,45,63,0.546012,0.140048,0.725053,2.9
cem_linear_norm,cem_linear,continuous,45,64,0.557759,0.139791,0.700637,2.9
cem_linear_norm,cem_linear,continuous,45,65,0.533871,0.139207,0.734607,2.9
cem_linear_norm,cem_linear,continuous,45,66,0.530574,0.136067,0.736730,2.9
cem_linear_norm,cem_linear,continuous,45,67,0.529167,0.138420,0.730361,2.9
cem_linear_norm,cem_linear,continuous,45,68,0.517726,0.137443,0.745223,2.9
cem_linear_norm,cem_linear,continuous,45,69,0.539849,0.137134,0.729299,2.9
cem_linear_norm,cem_linear,continuous,45,70,0.544293,0.137893,0.734607,2.9
cem_linear_norm,cem_linear,continuous,45,71,0.583566,0.142094,0.691083,2.9
cem_linear_norm,cem_linear,continuous,45,72,0.546089,0.134979,0.716561,2.9
cem_linear_norm,cem_linear,continuous,45,73,0.518805,0.137887,0.731423,2.9
cem_linear_norm,cem_linear,continuous,45,74,0.526220,0.134021,0.737792,2.9
cem_linear_norm,cem_linear,continuous,45,75,0.540645,0.133605,0.725053,2.9
cem_linear_norm,cem_linear,continuous,45,76,0.521376,0.134771,0.732484,2.9
cem_linear_norm,cem_linear,continuous,45,77,0.529017,0.133411,0.732484,2.9
cem_linear_norm,cem_linear,continuous,45,78,0.551851,0.134562,0.731423,2.9
cem_linear_norm,cem_linear,continuous,45,79,0.518657,0.134525,0.744161,2.9
cem_linear_norm,cem_linear,continuous,45,80,0.514971,0.132200,0.755839,2.9
cem_linear_norm,cem_linear,continuous,45,81,0.485617,0.133198,0.766454,2.9
cem_linear_norm,cem_linear,continuous,45,82,0.515354,0.132911,0.751592,2.9
cem_linear_norm,cem_linear,continuous,45,83,0.488891,0.130692,0.776008,2.9
cem_linear_norm,cem_linear,continuous,45,84,0.502811,0.133345,0.757962,2.9
cem_linear_norm,cem_linear,continuous,45,85,0.495117,0.131437,0.755839,2.9
cem_linear_norm,cem_linear,continuous,45,86,0.497303,0.127052,0.764331,2.9
cem_linear_norm,cem_linear,continuous,45,87,0.489839,0.128609,0.771762,2.9
cem_linear_norm,cem_linear,continuous,45,88,0.493560,0.129359,0.773885,2.9
cem_linear_norm,cem_linear,continuous,45,89,0.460493,0.128750,0.781316,2.9
cem_linear_norm,cem_linear,continuous,45,90,0.500080,0.128408,0.767516,2.9
cem_linear_norm,cem_linear,continuous,45,91,0.462822,0.127073,0.785563,2.9
cem_linear_norm,cem_linear,continuous,45,92,0.486944,0.130032,0.767516,2.9
cem_linear_norm,cem_linear,continuous,45,93,0.484448,0.126576,0.780255,2.9
cem_linear_norm,cem_linear,continuous,45,94,0.478199,0.128330,0.769639,2.9
cem_linear_norm,cem_linear,continuous,45,95,0.469080,0.127599,0.794055,2.9
cem_linear_norm,cem_linear,continuous,45,96,0.465540,0.126300,0.792994,2.9
cem_linear_norm,cem_linear,continuous,45,97,0.455757,0.125706,0.781316,2.9
cem_linear_norm,cem_linear,continuous,45,98,0.462404,0.126533,0.779193,2.9
cem_linear_norm,cem_linear,continuous,45,99,0.437879,0.125013,0.786624,2.9
cem_linear_norm,cem_linear,continuous,45,100,0.465702,0.126424,0.788747,2.9
cem_linear_norm,cem_linear,continuous,45,101,0.457683,0.126608,0.780255,2.9
cem_linear_norm,cem_linear,continuous,45,102,0.453605,0.122783,0.789809,2.9
cem_linear_norm,cem_linear,continuous,45,103,0.425517,0.124262,0.817410,2.9
cem_linear_norm,cem_linear,continuous,45,104,0.466187,0.126378,0.783439,2.9
cem_linear_norm,cem_linear,continuous,45,105,0.463748,0.124205,0.782378,2.9
cem_linear_norm,cem_linear,continuous,45,106,0.444870,0.122872,0.782378,2.9
cem_linear_norm,cem_linear,continuous,45,107,0.452051,0.123869,0.805732,2.9
cem_linear_norm,cem_linear,continuous,45,108,0.421335,0.123628,0.815287,2.9
cem_linear_norm,cem_linear,continuous,45,109,0.430454,0.123451,0.804671,2.9
cem_linear_norm,cem_linear,continuous,45,110,0.453272,0.123602,0.796178,2.9
cem_linear_norm,cem_linear,continuous,45,111,0.433887,0.123686,0.807856,2.9
cem_linear_norm,cem_linear,continuous,45,112,0.455135,0.124013,0.808917,2.9
cem_linear_norm,cem_linear,continuous,45,113,0.425644,0.121243,0.811040,2.9
cem_linear_norm,cem_linear,continuous,45,114,0.427232,0.122824,0.821656,2.9
cem_linear_norm,cem_linear,continuous,45,115,0.468400,0.125587,0.789809,2.9
cem_linear_norm,cem_linear,continuous,45,116,0.447121,0.123737,0.805732,2.9
cem_linear_norm,cem_linear,continuous,45,117,0.441286,0.122698,0.800425,2.9
cem_linear_norm,cem_linear,continuous,45,118,0.423476,0.124644,0.796178,2.9
cem_linear_norm,cem_linear,continuous,45,119,0.436395,0.121301,0.807856,2.9
cem_linear_norm,cem_linear,continuous,45,120,0.433169,0.122337,0.798301,2.9
cem_linear_norm,cem_linear,continuous,45,121,0.449072,0.122530,0.813163,2.9
cem_linear_norm,cem_linear,continuous,45,122,0.415577,0.123659,0.818471,2.9
cem_linear_norm,cem_linear,continuous,45,123,0.437545,0.123477,0.799363,2.9
cem_linear_norm,cem_linear,continuous,45,124,0.403880,0.119515,0.828025,2.9
cem_linear_norm,cem_linear,continuous,45,125,0.416127,0.121166,0.817410,2.9
cem_linear_norm,cem_linear,continuous,45,126,0.419466,0.121511,0.817410,2.9
cem_linear_norm,cem_linear,continuous,45,127,0.419871,0.123141,0.815287,2.9
cem_linear_norm,cem_linear,continuous,45,128,0.409018,0.121510,0.826964,2.9
cem_linear_norm,cem_linear,continuous,45,129,0.394206,0.120585,0.821656,2.9
cem_linear_norm,cem_linear,continuous,45,130,0.417951,0.122358,0.818471,2.9
cem_linear_norm,cem_linear,continuous,45,131,0.403253,0.121169,0.815287,2.9
cem_linear_norm,cem_linear,continuous,45,132,0.413426,0.120966,0.826964,2.9
cem_linear_norm,cem_linear,continuous,45,133,0.393346,0.122020,0.839703,2.9
cem_linear_norm,cem_linear,continuous,45,134,0.393973,0.121568,0.821656,2.9
cem_linear_norm,cem_linear,continuous,45,135,0.441527,0.121256,0.806794,2.9
cem_linear_norm,cem_linear,continuous,45,136,0.421136,0.121119,0.818471,2.9
cem_linear_norm,cem_linear,continuous,45,137,0.397158,0.121343,0.833333,2.9
cem_linear_norm,cem_linear,continuous,45,138,0.385922,0.120356,0.852442,2.9
cem_linear_norm,cem_linear,continuous,45,139,0.391190,0.120666,0.840764,2.9
cem_linear_norm,cem_linear,continuous,45,140,0.412345,0.122577,0.822718,2.9
cem_linear_norm,cem_linear,continuous,45,141,0.392239,0.119014,0.814225,2.9
cem_linear_norm,cem_linear,continuous,45,142,0.417068,0.119179,0.815287,2.9
cem_linear_norm,cem_linear,continuous,45,143,0.415060,0.121044,0.815287,2.9
cem_linear_norm,cem_linear,continuous,45,144,0.403389,0.121762,0.829087,2.9
cem_linear_norm,cem_linear,continuous,45,145,0.385019,0.121341,0.822718,2.9
cem_linear_norm,cem_linear,continuous,45,146,0.399610,0.119488,0.839703,2.9
cem_linear_norm,cem_linear,continuous,45,147,0.397398,0.121696,0.822718,2.9
cem_linear_norm,cem_linear,continuous,45,148,0.399942,0.120533,0.835456,2.9
cem_linear_norm,cem_linear,continuous,45,149,0.434818,0.121207,0.805732,2.9
cem_linear_norm,cem_linear,continuous,45,150,0.386406,0.118860,0.840764,2.9
cem_linear_norm,cem_linear,continuous,45,151,0.390156,0.118468,0.839703,2.9
cem_linear_norm,cem_linear,continuous,45,152,0.418559,0.119891,0.806794,2.9
cem_linear_norm,cem_linear,continuous,45,153,0.398073,0.118408,0.836518,2.9
cem_linear_norm,cem_linear,continuous,45,154,0.394863,0.117940,0.822718,2.9
cem_linear_norm,cem_linear,continuous,45,155,0.379167,0.118549,0.836518,2.9
cem_linear_norm,cem_linear,continuous,45,156,0.431973,0.119582,0.795117,2.9
cem_linear_norm,cem_linear,continuous,45,157,0.403394,0.120691,0.819533,2.9
cem_linear_norm,cem_linear,continuous,45,158,0.386159,0.119538,0.841826,2.9
cem_linear_norm,cem_linear,continuous,45,159,0.381093,0.118388,0.837580,2.9
cem_linear_norm,cem_linear,continuous,45,160,0.392793,0.120013,0.822718,2.9
cem_linear_norm,cem_linear,continuous,45,161,0.368700,0.118915,0.842887,2.9
cem_linear_norm,cem_linear,continuous,45,162,0.403398,0.119273,0.815287,2.9
cem_linear_norm,cem_linear,continuous,45,163,0.401447,0.119613,0.821656,2.9
cem_linear_norm,cem_linear,continuous,45,164,0.381475,0.118627,0.829087,2.9
cem_linear_norm,cem_linear,continuous,45,165,0.422088,0.118108,0.808917,2.9
cem_linear_norm,cem_linear,continuous,45,166,0.389967,0.119535,0.816348,2.9
cem_linear_norm,cem_linear,continuous,45,167,0.386773,0.119081,0.842887,2.9
cem_linear_norm,cem_linear,continuous,45,168,0.385205,0.119903,0.832272,2.9
cem_linear_norm,cem_linear,continuous,45,169,0.390490,0.119511,0.822718,2.9
cem_linear_norm,cem_linear,continuous,45,170,0.383949,0.115880,0.831210,2.9
cem_linear_norm,cem_linear,continuous,45,171,0.387910,0.118372,0.825902,2.9
cem_linear_norm,cem_linear,continuous,45,172,0.367022,0.118544,0.847134,2.9
cem_linear_norm,cem_linear,continuous,45,173,0.365393,0.116975,0.848195,2.9
cem_linear_norm,cem_linear,continuous,45,174,0.380416,0.117953,0.825902,2.9
cem_linear_norm,cem_linear,continuous,45,175,0.370483,0.115910,0.834395,2.9
cem_linear_norm,cem_linear,continuous,45,176,0.375681,0.117612,0.838641,2.9
cem_linear_norm,cem_linear,continuous,45,177,0.391461,0.117178,0.822718,2.9
cem_linear_norm,cem_linear,continuous,45,178,0.384858,0.118955,0.833333,2.9
cem_linear_norm,cem_linear,continuous,45,179,0.389735,0.118171,0.843949,2.9
cem_linear_norm,cem_linear,continuous,45,180,0.377595,0.120612,0.828025,2.9
cem_linear_norm,cem_linear,continuous,45,181,0.406482,0.118955,0.826964,2.9
cem_linear_norm,cem_linear,continuous,45,182,0.384973,0.116991,0.836518,2.9
cem_linear_norm,cem_linear,continuous,45,183,0.382523,0.116464,0.847134,2.9
cem_linear_norm,cem_linear,continuous,45,184,0.360292,0.117201,0.835456,2.9
cem_linear_norm,cem_linear,continuous,45,185,0.369676,0.116552,0.845011,2.9
cem_linear_norm,cem_linear,continuous,45,186,0.359999,0.116401,0.847134,2.9
cem_linear_norm,cem_linear,continuous,45,187,0.386022,0.116284,0.823779,2.9
cem_linear_norm,cem_linear,continuous,45,188,0.373632,0.115107,0.839703,2.9
cem_linear_norm,cem_linear,continuous,45,189,0.389593,0.117348,0.831210,2.9
cem_linear_norm,cem_linear,continuous,45,190,0.384919,0.117779,0.821656,2.9
cem_linear_norm,cem_linear,continuous,45,191,0.366453,0.114964,0.842887,2.9
cem_linear_norm,cem_linear,continuous,45,192,0.363541,0.116521,0.840764,2.9
cem_linear_norm,cem_linear,continuous,45,193,0.358129,0.116158,0.840764,2.9
cem_linear_norm,cem_linear,continuous,45,194,0.361368,0.116461,0.849257,2.9
cem_linear_norm,cem_linear,continuous,45,195,0.374343,0.116035,0.831210,2.9
cem_linear_norm,cem_linear,continuous,45,196,0.395757,0.116846,0.837580,2.9
cem_linear_norm,cem_linear,continuous,45,197,0.359038,0.114914,0.848195,2.9
cem_linear_norm,cem_linear,continuous,45,198,0.392274,0.115543,0.819533,2.9
cem_linear_norm,cem_linear,continuous,45,199,0.377105,0.114981,0.837580,2.9
cem_linear_norm,cem_linear,continuous,45,200,0.380802,0.114771,0.833333,2.9
cem_linear_norm,cem_linear,continuous,45,201,0.361270,0.115485,0.855626,2.9
cem_linear_norm,cem_linear,continuous,45,202,0.384258,0.115645,0.839703,2.9
cem_linear_norm,cem_linear,continuous,45,203,0.371196,0.115941,0.845011,2.9
cem_linear_norm,cem_linear,continuous,45,204,0.390490,0.115839,0.824841,2.9
cem_linear_norm,cem_linear,continuous,45,205,0.343623,0.114953,0.850318,2.9
cem_linear_norm,cem_linear,continuous,45,206,0.363713,0.116081,0.843949,2.9
cem_linear_norm,cem_linear,continuous,45,207,0.369559,0.115107,0.843949,2.9
cem_linear_norm,cem_linear,continuous,45,208,0.349630,0.116836,0.857749,2.9
cem_linear_norm,cem_linear,continuous,45,209,0.362050,0.115241,0.829087,2.9
cem_linear_norm,cem_linear,continuous,45,210,0.367144,0.116057,0.836518,2.9
cem_linear_norm,cem_linear,continuous,45,211,0.373927,0.115956,0.829087,2.9
cem_linear_norm,cem_linear,continuous,45,212,0.377092,0.115507,0.838641,2.9
cem_linear_norm,cem_linear,continuous,45,213,0.369962,0.114742,0.836518,2.9
cem_linear_norm,cem_linear,continuous,45,214,0.351924,0.114407,0.857749,2.9
cem_linear_norm,cem_linear,continuous,45,215,0.354386,0.115679,0.847134,2.9
cem_linear_norm,cem_linear,continuous,45,216,0.341311,0.115707,0.840764,2.9
cem_linear_norm,cem_linear,continuous,45,217,0.353950,0.114200,0.842887,2.9
cem_linear_norm,cem_linear,continuous,45,218,0.365284,0.113784,0.835456,2.9
cem_linear_norm,cem_linear,continuous,45,219,0.369372,0.115100,0.832272,2.9
cem_linear_norm,cem_linear,continuous,45,220,0.376094,0.115879,0.829087,2.9
cem_linear_norm,cem_linear,continuous,45,221,0.369736,0.115809,0.845011,2.9
cem_linear_norm,cem_linear,continuous,45,222,0.359422,0.114524,0.847134,2.9
cem_linear_norm,cem_linear,continuous,45,223,0.360684,0.114291,0.841826,2.9
cem_linear_norm,cem_linear,continuous,45,224,0.373521,0.114346,0.836518,2.9
cem_linear_norm,cem_linear,continuous,45,225,0.362641,0.112557,0.850318,2.9
cem_linear_norm,cem_linear,continuous,45,226,0.334465,0.112940,0.866242,2.9
cem_linear_norm,cem_linear,continuous,45,227,0.356781,0.115793,0.835456,2.9
cem_linear_norm,cem_linear,continuous,45,228,0.363122,0.114131,0.839703,2.9
cem_linear_norm,cem_linear,continuous,45,229,0.352997,0.112820,0.859873,2.9
cem_linear_norm,cem_linear,continuous,45,230,0.367045,0.113727,0.838641,2.9
cem_linear_norm,cem_linear,continuous,45,231,0.361679,0.113117,0.843949,2.9
cem_linear_norm,cem_linear,continuous,45,232,0.350297,0.113529,0.848195,2.9
cem_linear_norm,cem_linear,continuous,45,233,0.358971,0.113139,0.846072,2.9
cem_linear_norm,cem_linear,continuous,45,234,0.357937,0.114223,0.853503,2.9
cem_linear_norm,cem_linear,continuous,45,235,0.367605,0.113040,0.837580,2.9
cem_linear_norm,cem_linear,continuous,45,236,0.332775,0.113410,0.858811,2.9
cem_linear_norm,cem_linear,continuous,45,237,0.354150,0.113741,0.846072,2.9
cem_linear_norm,cem_linear,continuous,45,238,0.372264,0.114347,0.835456,2.9
cem_linear_norm,cem_linear,continuous,45,239,0.345247,0.113124,0.853503,2.9
cem_linear_norm,cem_linear,continuous,45,240,0.343806,0.112795,0.848195,2.9
cem_linear_norm,cem_linear,continuous,45,241,0.344609,0.112995,0.863057,2.9
cem_linear_norm,cem_linear,continuous,45,242,0.356048,0.113260,0.846072,2.9
cem_linear_norm,cem_linear,continuous,45,243,0.366404,0.111915,0.846072,2.9
cem_linear_norm,cem_linear,continuous,45,244,0.335886,0.112750,0.864119,2.9
cem_linear_norm,cem_linear,continuous,45,245,0.344567,0.112747,0.850318,2.9
cem_linear_norm,cem_linear,continuous,45,246,0.353153,0.113074,0.853503,2.9
cem_linear_norm,cem_linear,continuous,45,247,0.362503,0.114408,0.840764,2.9
cem_linear_norm,cem_linear,continuous,45,248,0.338754,0.112439,0.861996,2.9
cem_linear_norm,cem_linear,continuous,45,249,0.353304,0.114892,0.848195,2.9
cem_linear_norm,cem_linear,continuous,45,250,0.352762,0.111982,0.849257,2.9
cem_linear_norm,cem_linear,continuous,46,1,0.693699,0.380332,0.545359,2.9
cem_linear_norm,cem_linear,continuous,46,2,0.690682,0.169353,0.568565,2.9
cem_linear_norm,cem_linear,continuous,46,3,0.668457,0.162331,0.589662,2.9
cem_linear_norm,cem_linear,continuous,46,4,0.658444,0.161865,0.601266,2.9
cem_linear_norm,cem_linear,continuous,46,5,0.665657,0.159535,0.579114,2.9
cem_linear_norm,cem_linear,continuous,46,6,0.661032,0.160142,0.605485,2.9
cem_linear_norm,cem_linear,continuous,46,7,0.649190,0.156164,0.592827,2.9
cem_linear_norm,cem_linear,continuous,46,8,0.664514,0.158690,0.593882,2.9
cem_linear_norm,cem_linear,continuous,46,9,0.654295,0.159566,0.594937,2.9
cem_linear_norm,cem_linear,continuous,46,10,0.646956,0.156637,0.582278,2.9
cem_linear_norm,cem_linear,continuous,46,11,0.683757,0.157801,0.554852,2.9
cem_linear_norm,cem_linear,continuous,46,12,0.626859,0.154629,0.643460,2.9
cem_linear_norm,cem_linear,continuous,46,13,0.643801,0.153950,0.594937,2.9
cem_linear_norm,cem_linear,continuous,46,14,0.648939,0.155346,0.621308,2.9
cem_linear_norm,cem_linear,continuous,46,15,0.641938,0.153541,0.604430,2.9
cem_linear_norm,cem_linear,continuous,46,16,0.653459,0.155254,0.587553,2.9
cem_linear_norm,cem_linear,continuous,46,17,0.639440,0.153106,0.618143,2.9
cem_linear_norm,cem_linear,continuous,46,18,0.658443,0.155461,0.586498,2.9
cem_linear_norm,cem_linear,continuous,46,19,0.653769,0.155310,0.579114,2.9
cem_linear_norm,cem_linear,continuous,46,20,0.652772,0.153426,0.587553,2.9
cem_linear_norm,cem_linear,continuous,46,21,0.634785,0.152829,0.616034,2.9
cem_linear_norm,cem_linear,continuous,46,22,0.637813,0.155066,0.627637,2.9
cem_linear_norm,cem_linear,continuous,46,23,0.607347,0.152268,0.627637,2.9
cem_linear_norm,cem_linear,continuous,46,24,0.624467,0.154870,0.618143,2.9
cem_linear_norm,cem_linear,continuous,46,25,0.662123,0.155178,0.580169,2.9
cem_linear_norm,cem_linear,continuous,46,26,0.644888,0.152553,0.601266,2.9
cem_linear_norm,cem_linear,continuous,46,27,0.595854,0.152524,0.644515,2.9
cem_linear_norm,cem_linear,continuous,46,28,0.625052,0.153040,0.648734,2.9
cem_linear_norm,cem_linear,continuous,46,29,0.636623,0.152718,0.622363,2.9
cem_linear_norm,cem_linear,continuous,46,30,0.649821,0.154554,0.607595,2.9
cem_linear_norm,cem_linear,continuous,46,31,0.640917,0.154953,0.622363,2.9
cem_linear_norm,cem_linear,continuous,46,32,0.610626,0.153495,0.633966,2.9
cem_linear_norm,cem_linear,continuous,46,33,0.642306,0.153612,0.611814,2.9
cem_linear_norm,cem_linear,continuous,46,34,0.618804,0.152204,0.633966,2.9
cem_linear_norm,cem_linear,continuous,46,35,0.602563,0.152236,0.639241,2.9
cem_linear_norm,cem_linear,continuous,46,36,0.614116,0.153098,0.645570,2.9
cem_linear_norm,cem_linear,continuous,46,37,0.633390,0.153362,0.617089,2.9
cem_linear_norm,cem_linear,continuous,46,38,0.621012,0.153232,0.629747,2.9
cem_linear_norm,cem_linear,continuous,46,39,0.650985,0.151933,0.584388,2.9
cem_linear_norm,cem_linear,continuous,46,40,0.645778,0.151662,0.603376,2.9
cem_linear_norm,cem_linear,continuous,46,41,0.601870,0.151846,0.645570,2.9
cem_linear_norm,cem_linear,continuous,46,42,0.632310,0.152648,0.614979,2.9
cem_linear_norm,cem_linear,continuous,46,43,0.619928,0.151489,0.624473,2.9
cem_linear_norm,cem_linear,continuous,46,44,0.647095,0.151926,0.593882,2.9
cem_linear_norm,cem_linear,continuous,46,45,0.608126,0.150762,0.652954,2.9
cem_linear_norm,cem_linear,continuous,46,46,0.616809,0.149324,0.633966,2.9
cem_linear_norm,cem_linear,continuous,46,47,0.622775,0.150697,0.635021,2.9
cem_linear_norm,cem_linear,continuous,46,48,0.623438,0.150438,0.637131,2.9
cem_linear_norm,cem_linear,continuous,46,49,0.619052,0.150100,0.648734,2.9
cem_linear_norm,cem_linear,continuous,46,50,0.635446,0.150859,0.630802,2.9
cem_linear_norm,cem_linear,continuous,46,51,0.616129,0.149131,0.646624,2.9
cem_linear_norm,cem_linear,continuous,46,52,0.566641,0.147731,0.702532,2.9
cem_linear_norm,cem_linear,continuous,46,53,0.627592,0.148993,0.640295,2.9
cem_linear_norm,cem_linear,continuous,46,54,0.605453,0.148790,0.645570,2.9
cem_linear_norm,cem_linear,continuous,46,55,0.609064,0.149940,0.656118,2.9
cem_linear_norm,cem_linear,continuous,46,56,0.638352,0.149528,0.639241,2.9
cem_linear_norm,cem_linear,continuous,46,57,0.608086,0.147503,0.643460,2.9
cem_linear_norm,cem_linear,continuous,46,58,0.605844,0.147345,0.671941,2.9
cem_linear_norm,cem_linear,continuous,46,59,0.602568,0.146818,0.658228,2.9
cem_linear_norm,cem_linear,continuous,46,60,0.638274,0.148420,0.611814,2.9
cem_linear_norm,cem_linear,continuous,46,61,0.611600,0.146246,0.668776,2.9
cem_linear_norm,cem_linear,continuous,46,62,0.586044,0.145550,0.683544,2.9
cem_linear_norm,cem_linear,continuous,46,63,0.603728,0.144707,0.658228,2.9
cem_linear_norm,cem_linear,continuous,46,64,0.573326,0.143683,0.690928,2.9
cem_linear_norm,cem_linear,continuous,46,65,0.612782,0.144504,0.658228,2.9
cem_linear_norm,cem_linear,continuous,46,66,0.599923,0.145219,0.654008,3.0
cem_linear_norm,cem_linear,continuous,46,67,0.584628,0.142972,0.704641,2.9
cem_linear_norm,cem_linear,continuous,46,68,0.572143,0.140232,0.704641,2.9
cem_linear_norm,cem_linear,continuous,46,69,0.570215,0.141188,0.707806,2.9
cem_linear_norm,cem_linear,continuous,46,70,0.530362,0.138548,0.743671,2.9
cem_linear_norm,cem_linear,continuous,46,71,0.578757,0.142782,0.705696,2.9
cem_linear_norm,cem_linear,continuous,46,72,0.586857,0.139066,0.680380,2.9
cem_linear_norm,cem_linear,continuous,46,73,0.547425,0.141260,0.736287,2.9
cem_linear_norm,cem_linear,continuous,46,74,0.530480,0.138752,0.742616,2.9
cem_linear_norm,cem_linear,continuous,46,75,0.581245,0.139312,0.696203,2.9
cem_linear_norm,cem_linear,continuous,46,76,0.550364,0.139038,0.719409,2.9
cem_linear_norm,cem_linear,continuous,46,77,0.565852,0.140054,0.689873,2.9
cem_linear_norm,cem_linear,continuous,46,78,0.561042,0.140240,0.689873,2.9
cem_linear_norm,cem_linear,continuous,46,79,0.505641,0.138125,0.736287,2.9
cem_linear_norm,cem_linear,continuous,46,80,0.523290,0.134685,0.736287,2.9
cem_linear_norm,cem_linear,continuous,46,81,0.524125,0.135086,0.742616,2.9
cem_linear_norm,cem_linear,continuous,46,82,0.518115,0.139193,0.736287,2.9
cem_linear_norm,cem_linear,continuous,46,83,0.523163,0.136442,0.743671,2.9
cem_linear_norm,cem_linear,continuous,46,84,0.518996,0.134978,0.740506,2.9
cem_linear_norm,cem_linear,continuous,46,85,0.501370,0.135965,0.761603,2.9
cem_linear_norm,cem_linear,continuous,46,86,0.533335,0.133814,0.723629,2.9
cem_linear_norm,cem_linear,continuous,46,87,0.518683,0.133780,0.754219,2.9
cem_linear_norm,cem_linear,continuous,46,88,0.502603,0.135396,0.756329,2.9
cem_linear_norm,cem_linear,continuous,46,89,0.518987,0.130800,0.753165,2.9
cem_linear_norm,cem_linear,continuous,46,90,0.505208,0.134494,0.753165,2.9
cem_linear_norm,cem_linear,continuous,46,91,0.491502,0.130598,0.764768,2.9
cem_linear_norm,cem_linear,continuous,46,92,0.506778,0.131544,0.751055,2.9
cem_linear_norm,cem_linear,continuous,46,93,0.516636,0.130523,0.744726,2.9
cem_linear_norm,cem_linear,continuous,46,94,0.506785,0.132031,0.744726,2.9
cem_linear_norm,cem_linear,continuous,46,95,0.515762,0.132958,0.751055,2.9
cem_linear_norm,cem_linear,continuous,46,96,0.498111,0.134248,0.754219,2.9
cem_linear_norm,cem_linear,continuous,46,97,0.509565,0.132546,0.753165,2.9
cem_linear_norm,cem_linear,continuous,46,98,0.498904,0.129126,0.759494,2.9
cem_linear_norm,cem_linear,continuous,46,99,0.498324,0.128543,0.763713,2.9
cem_linear_norm,cem_linear,continuous,46,100,0.486041,0.130084,0.775316,2.9
cem_linear_norm,cem_linear,continuous,46,101,0.485429,0.129295,0.772152,2.9
cem_linear_norm,cem_linear,continuous,46,102,0.475457,0.128605,0.776371,2.9
cem_linear_norm,cem_linear,continuous,46,103,0.494349,0.128445,0.757384,2.9
cem_linear_norm,cem_linear,continuous,46,104,0.509140,0.132320,0.760549,2.9
cem_linear_norm,cem_linear,continuous,46,105,0.476002,0.127662,0.776371,2.9
cem_linear_norm,cem_linear,continuous,46,106,0.449933,0.127251,0.793249,2.9
cem_linear_norm,cem_linear,continuous,46,107,0.462170,0.126386,0.790084,2.9
cem_linear_norm,cem_linear,continuous,46,108,0.501445,0.128424,0.767932,2.9
cem_linear_norm,cem_linear,continuous,46,109,0.479701,0.127413,0.773207,2.9
cem_linear_norm,cem_linear,continuous,46,110,0.497231,0.129144,0.775316,2.9
cem_linear_norm,cem_linear,continuous,46,111,0.469023,0.128948,0.776371,2.9
cem_linear_norm,cem_linear,continuous,46,112,0.448967,0.126396,0.781646,2.9
cem_linear_norm,cem_linear,continuous,46,113,0.453337,0.127076,0.778481,2.9
cem_linear_norm,cem_linear,continuous,46,114,0.471171,0.129997,0.775316,2.9
cem_linear_norm,cem_linear,continuous,46,115,0.460664,0.127692,0.795359,2.9
cem_linear_norm,cem_linear,continuous,46,116,0.475207,0.126366,0.774262,2.9
cem_linear_norm,cem_linear,continuous,46,117,0.451020,0.125669,0.794304,2.9
cem_linear_norm,cem_linear,continuous,46,118,0.481966,0.127437,0.773207,2.9
cem_linear_norm,cem_linear,continuous,46,119,0.474216,0.128353,0.777426,2.9
cem_linear_norm,cem_linear,continuous,46,120,0.442813,0.125279,0.803797,2.9
cem_linear_norm,cem_linear,continuous,46,121,0.439079,0.125480,0.809072,2.9
cem_linear_norm,cem_linear,continuous,46,122,0.459950,0.125496,0.784810,2.9
cem_linear_norm,cem_linear,continuous,46,123,0.473789,0.126960,0.792194,2.9
cem_linear_norm,cem_linear,continuous,46,124,0.460811,0.125543,0.810127,2.9
cem_linear_norm,cem_linear,continuous,46,125,0.439180,0.126525,0.794304,2.9
cem_linear_norm,cem_linear,continuous,46,126,0.474076,0.125926,0.772152,2.9
cem_linear_norm,cem_linear,continuous,46,127,0.452734,0.127664,0.790084,2.9
cem_linear_norm,cem_linear,continuous,46,128,0.463062,0.128043,0.787975,2.9
cem_linear_norm,cem_linear,continuous,46,129,0.447568,0.125224,0.800633,2.9
cem_linear_norm,cem_linear,continuous,46,130,0.483938,0.126770,0.770042,2.9
cem_linear_norm,cem_linear,continuous,46,131,0.442714,0.123929,0.800633,2.9
cem_linear_norm,cem_linear,continuous,46,132,0.452018,0.124082,0.791139,2.9
cem_linear_norm,cem_linear,continuous,46,133,0.454281,0.125972,0.793249,2.9
cem_linear_norm,cem_linear,continuous,46,134,0.437759,0.126980,0.797468,2.9
cem_linear_norm,cem_linear,continuous,46,135,0.436499,0.125226,0.810127,2.9
cem_linear_norm,cem_linear,continuous,46,136,0.451842,0.123854,0.785865,2.9
cem_linear_norm,cem_linear,continuous,46,137,0.431360,0.127388,0.800633,2.9
cem_linear_norm,cem_linear,continuous,46,138,0.443334,0.124828,0.813291,2.9
cem_linear_norm,cem_linear,continuous,46,139,0.449859,0.124296,0.803797,2.9
cem_linear_norm,cem_linear,continuous,46,140,0.445874,0.125501,0.808017,2.9
cem_linear_norm,cem_linear,continuous,46,141,0.458717,0.123468,0.789030,2.9
cem_linear_norm,cem_linear,continuous,46,142,0.441401,0.124326,0.808017,2.9
cem_linear_norm,cem_linear,continuous,46,143,0.438466,0.125171,0.794304,2.9
cem_linear_norm,cem_linear,continuous,46,144,0.416226,0.123670,0.814346,2.9
cem_linear_norm,cem_linear,continuous,46,145,0.419376,0.121831,0.815401,2.9
cem_linear_norm,cem_linear,continuous,46,146,0.460967,0.124086,0.796414,2.9
cem_linear_norm,cem_linear,continuous,46,147,0.417983,0.124917,0.810127,2.9
cem_linear_norm,cem_linear,continuous,46,148,0.436601,0.124566,0.810127,2.9
cem_linear_norm,cem_linear,continuous,46,149,0.451823,0.121651,0.796414,2.9
cem_linear_norm,cem_linear,continuous,46,150,0.438876,0.124963,0.808017,2.9
cem_linear_norm,cem_linear,continuous,46,151,0.421921,0.122172,0.814346,2.9
cem_linear_norm,cem_linear,continuous,46,152,0.448128,0.123821,0.799578,2.9
cem_linear_norm,cem_linear,continuous,46,153,0.448421,0.121497,0.800633,2.9
cem_linear_norm,cem_linear,continuous,46,154,0.440165,0.126314,0.811181,2.9
cem_linear_norm,cem_linear,continuous,46,155,0.438230,0.122701,0.809072,2.9
cem_linear_norm,cem_linear,continuous,46,156,0.417804,0.122403,0.817511,2.9
cem_linear_norm,cem_linear,continuous,46,157,0.423969,0.121517,0.816456,2.9
cem_linear_norm,cem_linear,continuous,46,158,0.449232,0.123391,0.794304,2.9
cem_linear_norm,cem_linear,continuous,46,159,0.432937,0.122195,0.806962,2.9
cem_linear_norm,cem_linear,continuous,46,160,0.409673,0.122940,0.819620,2.9
cem_linear_norm,cem_linear,continuous,46,161,0.396891,0.121306,0.824895,2.9
cem_linear_norm,cem_linear,continuous,46,162,0.408979,0.122267,0.823840,2.9
cem_linear_norm,cem_linear,continuous,46,163,0.408956,0.122451,0.814346,2.9
cem_linear_norm,cem_linear,continuous,46,164,0.404002,0.123215,0.817511,2.9
cem_linear_norm,cem_linear,continuous,46,165,0.420829,0.123443,0.820675,2.9
cem_linear_norm,cem_linear,continuous,46,166,0.417716,0.121561,0.813291,2.9
cem_linear_norm,cem_linear,continuous,46,167,0.421298,0.122585,0.819620,2.9
cem_linear_norm,cem_linear,continuous,46,168,0.424899,0.122803,0.804852,2.9
cem_linear_norm,cem_linear,continuous,46,169,0.428611,0.121165,0.812236,2.9
cem_linear_norm,cem_linear,continuous,46,170,0.414143,0.123014,0.827004,2.9
cem_linear_norm,cem_linear,continuous,46,171,0.412177,0.122243,0.815401,2.9
cem_linear_norm,cem_linear,continuous,46,172,0.400736,0.120077,0.827004,2.9
cem_linear_norm,cem_linear,continuous,46,173,0.406797,0.121998,0.815401,2.9
cem_linear_norm,cem_linear,continuous,46,174,0.403479,0.121637,0.825949,2.9
cem_linear_norm,cem_linear,continuous,46,175,0.433192,0.121432,0.805907,2.9
cem_linear_norm,cem_linear,continuous,46,176,0.412807,0.121984,0.815401,2.9
cem_linear_norm,cem_linear,continuous,46,177,0.391539,0.122284,0.825949,2.9
cem_linear_norm,cem_linear,continuous,46,178,0.406964,0.120970,0.821730,2.9
cem_linear_norm,cem_linear,continuous,46,179,0.394841,0.123179,0.831224,2.9
cem_linear_norm,cem_linear,continuous,46,180,0.394928,0.120815,0.837553,2.9
cem_linear_norm,cem_linear,continuous,46,181,0.404860,0.122052,0.824895,2.9
cem_linear_norm,cem_linear,continuous,46,182,0.400736,0.121421,0.833333,2.9
cem_linear_norm,cem_linear,continuous,46,183,0.384788,0.120752,0.837553,2.9
cem_linear_norm,cem_linear,continuous,46,184,0.402842,0.122054,0.822785,2.9
cem_linear_norm,cem_linear,continuous,46,185,0.390897,0.119774,0.831224,2.9
cem_linear_norm,cem_linear,continuous,46,186,0.403515,0.120886,0.837553,2.9
cem_linear_norm,cem_linear,continuous,46,187,0.406706,0.120462,0.816456,2.9
cem_linear_norm,cem_linear,continuous,46,188,0.388341,0.121363,0.830169,2.9
cem_linear_norm,cem_linear,continuous,46,189,0.400755,0.120489,0.829114,2.9
cem_linear_norm,cem_linear,continuous,46,190,0.397312,0.121509,0.831224,2.9
cem_linear_norm,cem_linear,continuous,46,191,0.401240,0.121957,0.832278,2.9
cem_linear_norm,cem_linear,continuous,46,192,0.425632,0.120151,0.804852,2.9
cem_linear_norm,cem_linear,continuous,46,193,0.398623,0.120244,0.821730,2.9
cem_linear_norm,cem_linear,continuous,46,194,0.411872,0.121108,0.820675,2.9
cem_linear_norm,cem_linear,continuous,46,195,0.394238,0.119221,0.827004,2.9
cem_linear_norm,cem_linear,continuous,46,196,0.424509,0.120279,0.798523,2.9
cem_linear_norm,cem_linear,continuous,46,197,0.392093,0.119094,0.827004,2.9
cem_linear_norm,cem_linear,continuous,46,198,0.383150,0.120341,0.837553,2.9
cem_linear_norm,cem_linear,continuous,46,199,0.426288,0.121141,0.814346,2.9
cem_linear_norm,cem_linear,continuous,46,200,0.375747,0.119274,0.829114,3.0
cem_linear_norm,cem_linear,continuous,46,201,0.385629,0.120727,0.836498,2.9
cem_linear_norm,cem_linear,continuous,46,202,0.371326,0.119856,0.840717,2.9
cem_linear_norm,cem_linear,continuous,46,203,0.381978,0.120910,0.832278,2.9
cem_linear_norm,cem_linear,continuous,46,204,0.409407,0.119817,0.827004,2.9
cem_linear_norm,cem_linear,continuous,46,205,0.377492,0.118157,0.831224,2.9
cem_linear_norm,cem_linear,continuous,46,206,0.381891,0.119532,0.825949,2.9
cem_linear_norm,cem_linear,continuous,46,207,0.372476,0.119605,0.857595,2.9
cem_linear_norm,cem_linear,continuous,46,208,0.397890,0.117999,0.823840,2.9
cem_linear_norm,cem_linear,continuous,46,209,0.377431,0.119125,0.829114,2.9
cem_linear_norm,cem_linear,continuous,46,210,0.392330,0.118099,0.840717,2.9
cem_linear_norm,cem_linear,continuous,46,211,0.403249,0.120208,0.809072,2.9
cem_linear_norm,cem_linear,continuous,46,212,0.407272,0.119551,0.822785,2.9
cem_linear_norm,cem_linear,continuous,46,213,0.396115,0.119706,0.821730,2.9
cem_linear_norm,cem_linear,continuous,46,214,0.381315,0.118154,0.816456,2.9
cem_linear_norm,cem_linear,continuous,46,215,0.373776,0.121058,0.837553,2.9
cem_linear_norm,cem_linear,continuous,46,216,0.384633,0.119627,0.832278,2.9
cem_linear_norm,cem_linear,continuous,46,217,0.394519,0.116961,0.832278,2.9
cem_linear_norm,cem_linear,continuous,46,218,0.383704,0.118989,0.842827,2.9
cem_linear_norm,cem_linear,continuous,46,219,0.383993,0.119008,0.837553,2.9
cem_linear_norm,cem_linear,continuous,46,220,0.396746,0.117497,0.836498,2.9
cem_linear_norm,cem_linear,continuous,46,221,0.391182,0.119729,0.825949,2.9
cem_linear_norm,cem_linear,continuous,46,222,0.391495,0.117429,0.834388,2.9
cem_linear_norm,cem_linear,continuous,46,223,0.383612,0.118667,0.824895,2.9
cem_linear_norm,cem_linear,continuous,46,224,0.398562,0.117745,0.816456,2.9
cem_linear_norm,cem_linear,continuous,46,225,0.381143,0.118671,0.835443,2.9
cem_linear_norm,cem_linear,continuous,46,226,0.366039,0.118910,0.841772,2.9
cem_linear_norm,cem_linear,continuous,46,227,0.367686,0.118640,0.850211,2.9
cem_linear_norm,cem_linear,continuous,46,228,0.348224,0.119175,0.853376,2.9
cem_linear_norm,cem_linear,continuous,46,229,0.367879,0.117337,0.843882,2.9
cem_linear_norm,cem_linear,continuous,46,230,0.351544,0.118752,0.852321,2.9
cem_linear_norm,cem_linear,continuous,46,231,0.378201,0.119113,0.843882,2.9
cem_linear_norm,cem_linear,continuous,46,232,0.367558,0.118208,0.840717,2.9
cem_linear_norm,cem_linear,continuous,46,233,0.383565,0.119307,0.825949,2.9
cem_linear_norm,cem_linear,continuous,46,234,0.354374,0.117783,0.850211,2.9
cem_linear_norm,cem_linear,continuous,46,235,0.398882,0.119286,0.812236,2.9
cem_linear_norm,cem_linear,continuous,46,236,0.392567,0.118459,0.822785,2.9
cem_linear_norm,cem_linear,continuous,46,237,0.372997,0.116171,0.838608,2.9
cem_linear_norm,cem_linear,continuous,46,238,0.394475,0.118832,0.833333,2.9
cem_linear_norm,cem_linear,continuous,46,239,0.382194,0.119218,0.831224,2.9
cem_linear_norm,cem_linear,continuous,46,240,0.386636,0.117017,0.836498,2.9
cem_linear_norm,cem_linear,continuous,46,241,0.368187,0.117380,0.836498,2.9
cem_linear_norm,cem_linear,continuous,46,242,0.356760,0.116528,0.845992,2.9
cem_linear_norm,cem_linear,continuous,46,243,0.359993,0.116688,0.853376,2.9
cem_linear_norm,cem_linear,continuous,46,244,0.359525,0.116860,0.839662,2.9
cem_linear_norm,cem_linear,continuous,46,245,0.390225,0.117754,0.837553,2.9
cem_linear_norm,cem_linear,continuous,46,246,0.367644,0.116446,0.843882,2.9
cem_linear_norm,cem_linear,continuous,46,247,0.362593,0.116871,0.842827,2.9
cem_linear_norm,cem_linear,continuous,46,248,0.392666,0.116594,0.829114,2.9
cem_linear_norm,cem_linear,continuous,46,249,0.358008,0.116473,0.847046,2.9
cem_linear_norm,cem_linear,continuous,46,250,0.366639,0.115488,0.837553,2.9
cem_linear_norm,cem_linear,continuous,47,1,0.708796,0.305674,0.538462,2.9
cem_linear_norm,cem_linear,continuous,47,2,0.676060,0.158518,0.560590,2.9
cem_linear_norm,cem_linear,continuous,47,3,0.669786,0.158825,0.581665,2.9
cem_linear_norm,cem_linear,continuous,47,4,0.667134,0.153534,0.599579,2.9
cem_linear_norm,cem_linear,continuous,47,5,0.654740,0.155753,0.608008,2.9
cem_linear_norm,cem_linear,continuous,47,6,0.647023,0.152564,0.593256,2.9
cem_linear_norm,cem_linear,continuous,47,7,0.649557,0.153098,0.604847,2.9
cem_linear_norm,cem_linear,continuous,47,8,0.635918,0.153006,0.587987,2.9
cem_linear_norm,cem_linear,continuous,47,9,0.650599,0.152490,0.599579,2.9
cem_linear_norm,cem_linear,continuous,47,10,0.648421,0.151586,0.586934,2.9
cem_linear_norm,cem_linear,continuous,47,11,0.657589,0.153045,0.575342,2.9
cem_linear_norm,cem_linear,continuous,47,12,0.653908,0.151337,0.602740,2.9
cem_linear_norm,cem_linear,continuous,47,13,0.656761,0.158164,0.579557,2.9
cem_linear_norm,cem_linear,continuous,47,14,0.644905,0.150408,0.587987,2.9
cem_linear_norm,cem_linear,continuous,47,15,0.640247,0.152019,0.584826,2.9
cem_linear_norm,cem_linear,continuous,47,16,0.652008,0.152625,0.575342,2.9
cem_linear_norm,cem_linear,continuous,47,17,0.650410,0.153436,0.598525,2.9
cem_linear_norm,cem_linear,continuous,47,18,0.636657,0.150332,0.609062,2.9
cem_linear_norm,cem_linear,continuous,47,19,0.606968,0.150430,0.628030,2.9
cem_linear_norm,cem_linear,continuous,47,20,0.630306,0.152564,0.585880,2.9
cem_linear_norm,cem_linear,continuous,47,21,0.661422,0.149611,0.571128,2.9
cem_linear_norm,cem_linear,continuous,47,22,0.635039,0.148965,0.619600,2.9
cem_linear_norm,cem_linear,continuous,47,23,0.624401,0.149987,0.626976,2.9
cem_linear_norm,cem_linear,continuous,47,24,0.635586,0.149632,0.605901,2.9
cem_linear_norm,cem_linear,continuous,47,25,0.667509,0.149894,0.598525,2.9
cem_linear_norm,cem_linear,continuous,47,26,0.629495,0.149876,0.611170,2.9
cem_linear_norm,cem_linear,continuous,47,27,0.650910,0.149602,0.613277,2.9
cem_linear_norm,cem_linear,continuous,47,28,0.637931,0.149982,0.600632,2.9
cem_linear_norm,cem_linear,continuous,47,29,0.633325,0.149338,0.610116,2.9
cem_linear_norm,cem_linear,continuous,47,30,0.655256,0.149756,0.594310,2.9
cem_linear_norm,cem_linear,continuous,47,31,0.645931,0.148296,0.600632,2.9
cem_linear_norm,cem_linear,continuous,47,32,0.642378,0.147265,0.619600,2.9
cem_linear_norm,cem_linear,continuous,47,33,0.631561,0.148938,0.629083,2.9
cem_linear_norm,cem_linear,continuous,47,34,0.600330,0.147654,0.656481,2.9
cem_linear_norm,cem_linear,continuous,47,35,0.627225,0.148690,0.589041,2.9
cem_linear_norm,cem_linear,continuous,47,36,0.614404,0.146913,0.622761,2.9
cem_linear_norm,cem_linear,continuous,47,37,0.621352,0.147517,0.634352,2.9
cem_linear_norm,cem_linear,continuous,47,38,0.631506,0.147342,0.630137,2.9
cem_linear_norm,cem_linear,continuous,47,39,0.635813,0.146995,0.612223,2.9
cem_linear_norm,cem_linear,continuous,47,40,0.635102,0.148460,0.608008,2.9
cem_linear_norm,cem_linear,continuous,47,41,0.615993,0.146452,0.632244,2.9
cem_linear_norm,cem_linear,continuous,47,42,0.622793,0.146315,0.643836,2.9
cem_linear_norm,cem_linear,continuous,47,43,0.583174,0.146245,0.691254,2.9
cem_linear_norm,cem_linear,continuous,47,44,0.636299,0.145751,0.639621,2.9
cem_linear_norm,cem_linear,continuous,47,45,0.597904,0.144235,0.670179,2.9
cem_linear_norm,cem_linear,continuous,47,46,0.634114,0.144444,0.615385,2.9
cem_linear_norm,cem_linear,continuous,47,47,0.619122,0.144202,0.634352,2.9
cem_linear_norm,cem_linear,continuous,47,48,0.587701,0.143517,0.671233,2.9
cem_linear_norm,cem_linear,continuous,47,49,0.582533,0.142093,0.690200,3.0
cem_linear_norm,cem_linear,continuous,47,50,0.586655,0.144910,0.667018,2.9
cem_linear_norm,cem_linear,continuous,47,51,0.590203,0.142678,0.683878,2.9
cem_linear_norm,cem_linear,continuous,47,52,0.607445,0.139042,0.671233,2.9
cem_linear_norm,cem_linear,continuous,47,53,0.573403,0.140770,0.699684,2.9
cem_linear_norm,cem_linear,continuous,47,54,0.569684,0.140551,0.703899,2.9
cem_linear_norm,cem_linear,continuous,47,55,0.577626,0.140052,0.689146,2.9
cem_linear_norm,cem_linear,continuous,47,56,0.577219,0.139041,0.690200,2.9
cem_linear_norm,cem_linear,continuous,47,57,0.581323,0.138744,0.703899,2.9
cem_linear_norm,cem_linear,continuous,47,58,0.565832,0.137326,0.718651,2.9
cem_linear_norm,cem_linear,continuous,47,59,0.561188,0.138486,0.727081,2.9
cem_linear_norm,cem_linear,continuous,47,60,0.559620,0.138621,0.711275,2.9
cem_linear_norm,cem_linear,continuous,47,61,0.555787,0.136049,0.714436,2.9
cem_linear_norm,cem_linear,continuous,47,62,0.515729,0.137689,0.750263,2.9
cem_linear_norm,cem_linear,continuous,47,63,0.553011,0.135076,0.721812,2.9
cem_linear_norm,cem_linear,continuous,47,64,0.537937,0.132795,0.731296,2.9
cem_linear_norm,cem_linear,continuous,47,65,0.541228,0.133772,0.743941,2.9
cem_linear_norm,cem_linear,continuous,47,66,0.534790,0.136283,0.741834,2.9
cem_linear_norm,cem_linear,continuous,47,67,0.542504,0.135057,0.730242,2.9
cem_linear_norm,cem_linear,continuous,47,68,0.537707,0.133807,0.723920,2.9
cem_linear_norm,cem_linear,continuous,47,69,0.506993,0.129935,0.757640,2.9
cem_linear_norm,cem_linear,continuous,47,70,0.515693,0.129966,0.760801,2.9
cem_linear_norm,cem_linear,continuous,47,71,0.494371,0.132016,0.766070,2.9
cem_linear_norm,cem_linear,continuous,47,72,0.540058,0.134167,0.727081,2.9
cem_linear_norm,cem_linear,continuous,47,73,0.537164,0.128819,0.760801,2.9
cem_linear_norm,cem_linear,continuous,47,74,0.502547,0.131094,0.763962,2.9
cem_linear_norm,cem_linear,continuous,47,75,0.479027,0.129388,0.788198,2.9
cem_linear_norm,cem_linear,continuous,47,76,0.492290,0.130538,0.775553,2.9
cem_linear_norm,cem_linear,continuous,47,77,0.489509,0.128288,0.779768,2.9
cem_linear_norm,cem_linear,continuous,47,78,0.509571,0.127752,0.741834,2.9
cem_linear_norm,cem_linear,continuous,47,79,0.502063,0.128866,0.760801,2.9
cem_linear_norm,cem_linear,continuous,47,80,0.498654,0.128383,0.773446,2.9
cem_linear_norm,cem_linear,continuous,47,81,0.478722,0.127258,0.781876,2.9
cem_linear_norm,cem_linear,continuous,47,82,0.479495,0.128465,0.775553,2.9
cem_linear_norm,cem_linear,continuous,47,83,0.517306,0.128309,0.752371,2.9
cem_linear_norm,cem_linear,continuous,47,84,0.475596,0.127275,0.793467,2.9
cem_linear_norm,cem_linear,continuous,47,85,0.510989,0.129034,0.749210,2.9
cem_linear_norm,cem_linear,continuous,47,86,0.463371,0.126680,0.786091,2.9
cem_linear_norm,cem_linear,continuous,47,87,0.459671,0.126397,0.778714,2.9
cem_linear_norm,cem_linear,continuous,47,88,0.493827,0.125454,0.779768,2.9
cem_linear_norm,cem_linear,continuous,47,89,0.469908,0.127165,0.788198,2.9
cem_linear_norm,cem_linear,continuous,47,90,0.448297,0.123457,0.788198,2.9
cem_linear_norm,cem_linear,continuous,47,91,0.444025,0.126933,0.808219,2.9
cem_linear_norm,cem_linear,continuous,47,92,0.457413,0.125085,0.799789,2.9
cem_linear_norm,cem_linear,continuous,47,93,0.457930,0.126006,0.794521,2.9
cem_linear_norm,cem_linear,continuous,47,94,0.457936,0.122880,0.800843,2.9
cem_linear_norm,cem_linear,continuous,47,95,0.462237,0.124442,0.792413,2.9
cem_linear_norm,cem_linear,continuous,47,96,0.457108,0.123488,0.793467,2.9
cem_linear_norm,cem_linear,continuous,47,97,0.475300,0.125155,0.787144,2.9
cem_linear_norm,cem_linear,continuous,47,98,0.464021,0.124213,0.787144,2.9
cem_linear_norm,cem_linear,continuous,47,99,0.460142,0.123070,0.809273,2.9
cem_linear_norm,cem_linear,continuous,47,100,0.468796,0.125525,0.785037,2.9
cem_linear_norm,cem_linear,continuous,47,101,0.456915,0.126434,0.799789,2.9
cem_linear_norm,cem_linear,continuous,47,102,0.434013,0.123200,0.802950,2.9
cem_linear_norm,cem_linear,continuous,47,103,0.468362,0.123785,0.795574,2.9
cem_linear_norm,cem_linear,continuous,47,104,0.439477,0.124181,0.813488,2.9
cem_linear_norm,cem_linear,continuous,47,105,0.478234,0.123979,0.794521,2.9
cem_linear_norm,cem_linear,continuous,47,106,0.460238,0.123342,0.809273,2.9
cem_linear_norm,cem_linear,continuous,47,107,0.439234,0.124298,0.821918,2.9
cem_linear_norm,cem_linear,continuous,47,108,0.430224,0.122133,0.815595,2.9
cem_linear_norm,cem_linear,continuous,47,109,0.437343,0.122766,0.815595,2.9
cem_linear_norm,cem_linear,continuous,47,110,0.460479,0.122990,0.804004,2.9
cem_linear_norm,cem_linear,continuous,47,111,0.434369,0.120291,0.813488,2.9
cem_linear_norm,cem_linear,continuous,47,112,0.428202,0.121766,0.810327,2.9
cem_linear_norm,cem_linear,continuous,47,113,0.425756,0.120807,0.822972,2.9
cem_linear_norm,cem_linear,continuous,47,114,0.417373,0.121762,0.818757,2.9
cem_linear_norm,cem_linear,continuous,47,115,0.445273,0.120094,0.811380,2.9
cem_linear_norm,cem_linear,continuous,47,116,0.449122,0.121811,0.810327,2.9
cem_linear_norm,cem_linear,continuous,47,117,0.426266,0.120190,0.825079,2.9
cem_linear_norm,cem_linear,continuous,47,118,0.437555,0.120668,0.809273,2.9
cem_linear_norm,cem_linear,continuous,47,119,0.416548,0.119766,0.817703,2.9
cem_linear_norm,cem_linear,continuous,47,120,0.441070,0.121455,0.824025,2.9
cem_linear_norm,cem_linear,continuous,47,121,0.434020,0.121101,0.820864,2.9
cem_linear_norm,cem_linear,continuous,47,122,0.408957,0.118974,0.829294,2.9
cem_linear_norm,cem_linear,continuous,47,123,0.394287,0.120231,0.839831,2.9
cem_linear_norm,cem_linear,continuous,47,124,0.414696,0.120859,0.811380,2.9
cem_linear_norm,cem_linear,continuous,47,125,0.422617,0.120839,0.810327,2.9
cem_linear_norm,cem_linear,continuous,47,126,0.425256,0.120569,0.809273,2.9
cem_linear_norm,cem_linear,continuous,47,127,0.391439,0.121095,0.844046,2.9
cem_linear_norm,cem_linear,continuous,47,128,0.417992,0.121556,0.825079,2.9
cem_linear_norm,cem_linear,continuous,47,129,0.425322,0.120673,0.831401,2.9
cem_linear_norm,cem_linear,continuous,47,130,0.404396,0.119205,0.839831,2.9
cem_linear_norm,cem_linear,continuous,47,131,0.406583,0.120781,0.830348,2.9
cem_linear_norm,cem_linear,continuous,47,132,0.407652,0.120437,0.831401,2.9
cem_linear_norm,cem_linear,continuous,47,133,0.436772,0.120385,0.807165,2.9
cem_linear_norm,cem_linear,continuous,47,134,0.422997,0.119589,0.814542,2.9
cem_linear_norm,cem_linear,continuous,47,135,0.396817,0.119816,0.837724,2.9
cem_linear_norm,cem_linear,continuous,47,136,0.393957,0.119911,0.828240,2.9
cem_linear_norm,cem_linear,continuous,47,137,0.409892,0.120858,0.827187,2.9
cem_linear_norm,cem_linear,continuous,47,138,0.443144,0.119692,0.808219,2.9
cem_linear_norm,cem_linear,continuous,47,139,0.416050,0.118607,0.822972,2.9
cem_linear_norm,cem_linear,continuous,47,140,0.407588,0.119224,0.829294,2.9
cem_linear_norm,cem_linear,continuous,47,141,0.396323,0.119918,0.824025,2.9
cem_linear_norm,cem_linear,continuous,47,142,0.411787,0.118578,0.836670,2.9
cem_linear_norm,cem_linear,continuous,47,143,0.369246,0.119309,0.846154,2.9
cem_linear_norm,cem_linear,continuous,47,144,0.405123,0.117159,0.835616,2.9
cem_linear_norm,cem_linear,continuous,47,145,0.403668,0.116947,0.828240,2.9
cem_linear_norm,cem_linear,continuous,47,146,0.410854,0.117715,0.819810,2.9
cem_linear_norm,cem_linear,continuous,47,147,0.400761,0.118907,0.836670,2.9
cem_linear_norm,cem_linear,continuous,47,148,0.374621,0.118467,0.846154,2.9
cem_linear_norm,cem_linear,continuous,47,149,0.397908,0.119506,0.826133,2.9
cem_linear_norm,cem_linear,continuous,47,150,0.413617,0.120440,0.824025,2.9
cem_linear_norm,cem_linear,continuous,47,151,0.391526,0.119329,0.834563,2.9
cem_linear_norm,cem_linear,continuous,47,152,0.407902,0.118558,0.833509,2.9
cem_linear_norm,cem_linear,continuous,47,153,0.395073,0.118865,0.833509,2.9
cem_linear_norm,cem_linear,continuous,47,154,0.395526,0.119921,0.838778,2.9
cem_linear_norm,cem_linear,continuous,47,155,0.415898,0.121635,0.831401,2.9
cem_linear_norm,cem_linear,continuous,47,156,0.406011,0.118553,0.834563,2.9
cem_linear_norm,cem_linear,continuous,47,157,0.390082,0.117958,0.839831,2.9
cem_linear_norm,cem_linear,continuous,47,158,0.376038,0.118444,0.838778,2.9
cem_linear_norm,cem_linear,continuous,47,159,0.396125,0.117863,0.824025,2.9
cem_linear_norm,cem_linear,continuous,47,160,0.364940,0.118030,0.849315,3.0
cem_linear_norm,cem_linear,continuous,47,161,0.402333,0.119029,0.826133,2.9
cem_linear_norm,cem_linear,continuous,47,162,0.370368,0.115718,0.849315,2.9
cem_linear_norm,cem_linear,continuous,47,163,0.397353,0.116426,0.831401,2.9
cem_linear_norm,cem_linear,continuous,47,164,0.381479,0.117005,0.849315,2.9
cem_linear_norm,cem_linear,continuous,47,165,0.387368,0.117005,0.840885,3.0
cem_linear_norm,cem_linear,continuous,47,166,0.389676,0.120084,0.840885,2.9
cem_linear_norm,cem_linear,continuous,47,167,0.392537,0.118911,0.844046,2.9
cem_linear_norm,cem_linear,continuous,47,168,0.402779,0.118664,0.829294,2.9
cem_linear_norm,cem_linear,continuous,47,169,0.401339,0.116616,0.828240,2.9
cem_linear_norm,cem_linear,continuous,47,170,0.380904,0.117989,0.841939,2.9
cem_linear_norm,cem_linear,continuous,47,171,0.380815,0.117617,0.847208,2.9
cem_linear_norm,cem_linear,continuous,47,172,0.393985,0.116883,0.831401,2.9
cem_linear_norm,cem_linear,continuous,47,173,0.396835,0.118682,0.830348,2.9
cem_linear_norm,cem_linear,continuous,47,174,0.374847,0.117452,0.851423,2.9
cem_linear_norm,cem_linear,continuous,47,175,0.390234,0.117975,0.831401,2.9
cem_linear_norm,cem_linear,continuous,47,176,0.394609,0.118789,0.828240,2.9
cem_linear_norm,cem_linear,continuous,47,177,0.389020,0.117804,0.839831,2.9
cem_linear_norm,cem_linear,continuous,47,178,0.374402,0.119642,0.840885,2.9
cem_linear_norm,cem_linear,continuous,47,179,0.371397,0.115846,0.838778,2.9
cem_linear_norm,cem_linear,continuous,47,180,0.381845,0.116945,0.840885,2.9
cem_linear_norm,cem_linear,continuous,47,181,0.389532,0.116393,0.840885,2.9
cem_linear_norm,cem_linear,continuous,47,182,0.401604,0.118740,0.834563,2.9
cem_linear_norm,cem_linear,continuous,47,183,0.371657,0.117086,0.844046,2.9
cem_linear_norm,cem_linear,continuous,47,184,0.353052,0.114347,0.860906,2.9
cem_linear_norm,cem_linear,continuous,47,185,0.374268,0.116636,0.849315,2.9
cem_linear_norm,cem_linear,continuous,47,186,0.379856,0.117761,0.832455,2.9
cem_linear_norm,cem_linear,continuous,47,187,0.379834,0.118244,0.832455,2.9
cem_linear_norm,cem_linear,continuous,47,188,0.366893,0.116850,0.847208,3.0
cem_linear_norm,cem_linear,continuous,47,189,0.388448,0.118108,0.839831,2.9
cem_linear_norm,cem_linear,continuous,47,190,0.339805,0.115642,0.857745,2.9
cem_linear_norm,cem_linear,continuous,47,191,0.371544,0.117187,0.853530,2.9
cem_linear_norm,cem_linear,continuous,47,192,0.364283,0.116533,0.846154,2.9
cem_linear_norm,cem_linear,continuous,47,193,0.366311,0.115751,0.844046,2.9
cem_linear_norm,cem_linear,continuous,47,194,0.357390,0.116865,0.849315,2.9
cem_linear_norm,cem_linear,continuous,47,195,0.367655,0.116056,0.839831,2.9
cem_linear_norm,cem_linear,continuous,47,196,0.379189,0.115090,0.828240,2.9
cem_linear_norm,cem_linear,continuous,47,197,0.374734,0.115508,0.851423,2.9
cem_linear_norm,cem_linear,continuous,47,198,0.363795,0.115945,0.853530,2.9
cem_linear_norm,cem_linear,continuous,47,199,0.360745,0.115621,0.852476,2.9
cem_linear_norm,cem_linear,continuous,47,200,0.379838,0.116520,0.848261,2.9
cem_linear_norm,cem_linear,continuous,47,201,0.375693,0.114603,0.838778,2.9
cem_linear_norm,cem_linear,continuous,47,202,0.364726,0.113720,0.857745,2.9
cem_linear_norm,cem_linear,continuous,47,203,0.376034,0.116411,0.838778,2.9
cem_linear_norm,cem_linear,continuous,47,204,0.372402,0.113592,0.840885,2.9
cem_linear_norm,cem_linear,continuous,47,205,0.358244,0.115549,0.844046,2.9
cem_linear_norm,cem_linear,continuous,47,206,0.358292,0.115903,0.844046,2.9
cem_linear_norm,cem_linear,continuous,47,207,0.397746,0.115505,0.842993,2.9
cem_linear_norm,cem_linear,continuous,47,208,0.359583,0.115037,0.851423,2.9
cem_linear_norm,cem_linear,continuous,47,209,0.362101,0.114185,0.860906,2.9
cem_linear_norm,cem_linear,continuous,47,210,0.341810,0.112688,0.860906,2.9
cem_linear_norm,cem_linear,continuous,47,211,0.361202,0.114277,0.851423,2.9
cem_linear_norm,cem_linear,continuous,47,212,0.373074,0.116287,0.854584,2.9
cem_linear_norm,cem_linear,continuous,47,213,0.373187,0.114487,0.842993,2.9
cem_linear_norm,cem_linear,continuous,47,214,0.355723,0.113358,0.848261,2.9
cem_linear_norm,cem_linear,continuous,47,215,0.329061,0.113305,0.863014,2.9
cem_linear_norm,cem_linear,continuous,47,216,0.345056,0.115768,0.852476,2.9
cem_linear_norm,cem_linear,continuous,47,217,0.374136,0.116761,0.845100,2.9
cem_linear_norm,cem_linear,continuous,47,218,0.359720,0.115935,0.846154,2.9
cem_linear_norm,cem_linear,continuous,47,219,0.367907,0.114541,0.847208,2.9
cem_linear_norm,cem_linear,continuous,47,220,0.366568,0.113574,0.841939,2.9
cem_linear_norm,cem_linear,continuous,47,221,0.366216,0.114574,0.851423,2.9
cem_linear_norm,cem_linear,continuous,47,222,0.356999,0.114991,0.858799,2.9
cem_linear_norm,cem_linear,continuous,47,223,0.373104,0.113557,0.835616,2.9
cem_linear_norm,cem_linear,continuous,47,224,0.361403,0.113596,0.851423,2.9
cem_linear_norm,cem_linear,continuous,47,225,0.350092,0.113638,0.846154,2.9
cem_linear_norm,cem_linear,continuous,47,226,0.358071,0.114865,0.857745,2.9
cem_linear_norm,cem_linear,continuous,47,227,0.352912,0.112552,0.854584,2.9
cem_linear_norm,cem_linear,continuous,47,228,0.367759,0.116560,0.842993,2.9
cem_linear_norm,cem_linear,continuous,47,229,0.368446,0.116624,0.834563,2.9
cem_linear_norm,cem_linear,continuous,47,230,0.351746,0.114268,0.851423,2.9
cem_linear_norm,cem_linear,continuous,47,231,0.373881,0.115397,0.837724,2.9
cem_linear_norm,cem_linear,continuous,47,232,0.339894,0.113636,0.864067,2.9
cem_linear_norm,cem_linear,continuous,47,233,0.345800,0.113113,0.856691,2.9
cem_linear_norm,cem_linear,continuous,47,234,0.370855,0.114692,0.851423,2.9
cem_linear_norm,cem_linear,continuous,47,235,0.354750,0.113702,0.856691,2.9
cem_linear_norm,cem_linear,continuous,47,236,0.345150,0.113654,0.851423,2.9
cem_linear_norm,cem_linear,continuous,47,237,0.354726,0.113341,0.848261,2.9
cem_linear_norm,cem_linear,continuous,47,238,0.338974,0.114132,0.858799,2.9
cem_linear_norm,cem_linear,continuous,47,239,0.340322,0.113497,0.857745,2.9
cem_linear_norm,cem_linear,continuous,47,240,0.351512,0.115608,0.850369,2.9
cem_linear_norm,cem_linear,continuous,47,241,0.356610,0.116001,0.857745,2.9
cem_linear_norm,cem_linear,continuous,47,242,0.378001,0.113865,0.837724,2.9
cem_linear_norm,cem_linear,continuous,47,243,0.357797,0.113836,0.850369,2.9
cem_linear_norm,cem_linear,continuous,47,244,0.379065,0.113926,0.827187,2.9
cem_linear_norm,cem_linear,continuous,47,245,0.356467,0.114022,0.854584,2.9
cem_linear_norm,cem_linear,continuous,47,246,0.354247,0.112733,0.853530,2.9
cem_linear_norm,cem_linear,continuous,47,247,0.364085,0.112455,0.847208,2.9
cem_linear_norm,cem_linear,continuous,47,248,0.362608,0.113976,0.842993,2.9
cem_linear_norm,cem_linear,continuous,47,249,0.343449,0.110988,0.864067,2.9
cem_linear_norm,cem_linear,continuous,47,250,0.350275,0.113908,0.853530,2.9
cem_linear_norm,cem_linear,continuous,48,1,0.680650,0.337551,0.570968,2.9
cem_linear_norm,cem_linear,continuous,48,2,0.671277,0.160489,0.577419,2.8
cem_linear_norm,cem_linear,continuous,48,3,0.660768,0.158346,0.602151,2.8
cem_linear_norm,cem_linear,continuous,48,4,0.688884,0.157345,0.552688,2.8
cem_linear_norm,cem_linear,continuous,48,5,0.653806,0.153510,0.597849,2.9
cem_linear_norm,cem_linear,continuous,48,6,0.667327,0.157150,0.560215,2.9
cem_linear_norm,cem_linear,continuous,48,7,0.684714,0.155101,0.544086,2.9
cem_linear_norm,cem_linear,continuous,48,8,0.667699,0.152047,0.544086,2.9
cem_linear_norm,cem_linear,continuous,48,9,0.666688,0.154328,0.581720,2.8
cem_linear_norm,cem_linear,continuous,48,10,0.649006,0.152301,0.570968,2.9
cem_linear_norm,cem_linear,continuous,48,11,0.628053,0.152033,0.605376,2.9
cem_linear_norm,cem_linear,continuous,48,12,0.650038,0.154567,0.579570,2.9
cem_linear_norm,cem_linear,continuous,48,13,0.645705,0.154003,0.600000,2.9
cem_linear_norm,cem_linear,continuous,48,14,0.660627,0.152160,0.574194,2.8
cem_linear_norm,cem_linear,continuous,48,15,0.651249,0.151374,0.595699,2.9
cem_linear_norm,cem_linear,continuous,48,16,0.645566,0.151288,0.609677,2.9
cem_linear_norm,cem_linear,continuous,48,17,0.673070,0.152126,0.567742,2.9
cem_linear_norm,cem_linear,continuous,48,18,0.639468,0.150298,0.605376,2.9
cem_linear_norm,cem_linear,continuous,48,19,0.657844,0.151726,0.591398,2.9
cem_linear_norm,cem_linear,continuous,48,20,0.650842,0.151681,0.597849,2.9
cem_linear_norm,cem_linear,continuous,48,21,0.660609,0.148772,0.586022,2.9
cem_linear_norm,cem_linear,continuous,48,22,0.656213,0.152665,0.573118,2.9
cem_linear_norm,cem_linear,continuous,48,23,0.649586,0.149385,0.615054,2.8
cem_linear_norm,cem_linear,continuous,48,24,0.647558,0.149558,0.619355,2.9
cem_linear_norm,cem_linear,continuous,48,25,0.634781,0.150918,0.620430,2.9
cem_linear_norm,cem_linear,continuous,48,26,0.642306,0.150608,0.618280,2.9
cem_linear_norm,cem_linear,continuous,48,27,0.648818,0.149886,0.583871,2.8
cem_linear_norm,cem_linear,continuous,48,28,0.632029,0.149106,0.622581,2.9
cem_linear_norm,cem_linear,continuous,48,29,0.647909,0.148155,0.597849,2.8
cem_linear_norm,cem_linear,continuous,48,30,0.654269,0.151836,0.605376,2.9
cem_linear_norm,cem_linear,continuous,48,31,0.642072,0.149062,0.607527,2.9
cem_linear_norm,cem_linear,continuous,48,32,0.617240,0.148573,0.629032,2.9
cem_linear_norm,cem_linear,continuous,48,33,0.646104,0.148013,0.592473,2.9
cem_linear_norm,cem_linear,continuous,48,34,0.663177,0.148805,0.574194,2.9
cem_linear_norm,cem_linear,continuous,48,35,0.627460,0.147799,0.632258,2.9
cem_linear_norm,cem_linear,continuous,48,36,0.615134,0.150043,0.624731,2.9
cem_linear_norm,cem_linear,continuous,48,37,0.642444,0.146876,0.617204,2.9
cem_linear_norm,cem_linear,continuous,48,38,0.617007,0.148304,0.647312,2.9
cem_linear_norm,cem_linear,continuous,48,39,0.623549,0.147640,0.639785,2.9
cem_linear_norm,cem_linear,continuous,48,40,0.623997,0.148134,0.622581,2.8
cem_linear_norm,cem_linear,continuous,48,41,0.593752,0.146693,0.674194,2.9
cem_linear_norm,cem_linear,continuous,48,42,0.620515,0.146221,0.648387,2.8
cem_linear_norm,cem_linear,continuous,48,43,0.629849,0.145511,0.643011,2.8
cem_linear_norm,cem_linear,continuous,48,44,0.610207,0.145946,0.643011,2.9
cem_linear_norm,cem_linear,continuous,48,45,0.615461,0.145402,0.666667,2.8
cem_linear_norm,cem_linear,continuous,48,46,0.631520,0.145993,0.639785,2.9
cem_linear_norm,cem_linear,continuous,48,47,0.632642,0.144733,0.653763,2.9
cem_linear_norm,cem_linear,continuous,48,48,0.621109,0.143308,0.663441,2.9
cem_linear_norm,cem_linear,continuous,48,49,0.575759,0.145115,0.679570,2.9
cem_linear_norm,cem_linear,continuous,48,50,0.597210,0.145202,0.675269,2.8
cem_linear_norm,cem_linear,continuous,48,51,0.634484,0.142165,0.635484,2.9
cem_linear_norm,cem_linear,continuous,48,52,0.608540,0.141207,0.683871,2.9
cem_linear_norm,cem_linear,continuous,48,53,0.606169,0.145168,0.645161,2.9
cem_linear_norm,cem_linear,continuous,48,54,0.597003,0.142502,0.670968,2.8
cem_linear_norm,cem_linear,continuous,48,55,0.579403,0.142376,0.702151,2.9
cem_linear_norm,cem_linear,continuous,48,56,0.565830,0.142225,0.693548,2.9
cem_linear_norm,cem_linear,continuous,48,57,0.567713,0.139155,0.713978,2.9
cem_linear_norm,cem_linear,continuous,48,58,0.579698,0.138628,0.691398,2.9
cem_linear_norm,cem_linear,continuous,48,59,0.582846,0.141720,0.697849,2.8
cem_linear_norm,cem_linear,continuous,48,60,0.593726,0.139537,0.681720,2.9
cem_linear_norm,cem_linear,continuous,48,61,0.555706,0.137309,0.729032,2.9
cem_linear_norm,cem_linear,continuous,48,62,0.596400,0.138024,0.681720,2.8
cem_linear_norm,cem_linear,continuous,48,63,0.582472,0.138272,0.691398,2.9
cem_linear_norm,cem_linear,continuous,48,64,0.557503,0.134153,0.733333,2.8
cem_linear_norm,cem_linear,continuous,48,65,0.543910,0.137098,0.713978,2.8
cem_linear_norm,cem_linear,continuous,48,66,0.569587,0.141600,0.711828,2.9
cem_linear_norm,cem_linear,continuous,48,67,0.541929,0.139175,0.743011,2.9
cem_linear_norm,cem_linear,continuous,48,68,0.545574,0.135888,0.730108,2.8
cem_linear_norm,cem_linear,continuous,48,69,0.523315,0.136305,0.721505,2.9
cem_linear_norm,cem_linear,continuous,48,70,0.556652,0.135362,0.713978,2.9
cem_linear_norm,cem_linear,continuous,48,71,0.559166,0.136392,0.719355,2.9
cem_linear_norm,cem_linear,continuous,48,72,0.581322,0.138528,0.695699,2.9
cem_linear_norm,cem_linear,continuous,48,73,0.528741,0.133090,0.745161,2.9
cem_linear_norm,cem_linear,continuous,48,74,0.537041,0.133988,0.744086,2.9
cem_linear_norm,cem_linear,continuous,48,75,0.529580,0.130214,0.739785,2.9
cem_linear_norm,cem_linear,continuous,48,76,0.545545,0.133502,0.726882,2.8
cem_linear_norm,cem_linear,continuous,48,77,0.512110,0.131735,0.755914,2.9
cem_linear_norm,cem_linear,continuous,48,78,0.527772,0.131034,0.727957,2.8
cem_linear_norm,cem_linear,continuous,48,79,0.490449,0.129651,0.766667,2.8
cem_linear_norm,cem_linear,continuous,48,80,0.550965,0.132036,0.722581,2.9
cem_linear_norm,cem_linear,continuous,48,81,0.514303,0.129989,0.750538,2.9
cem_linear_norm,cem_linear,continuous,48,82,0.500456,0.129585,0.763441,2.9
cem_linear_norm,cem_linear,continuous,48,83,0.503547,0.129935,0.778495,2.8
cem_linear_norm,cem_linear,continuous,48,84,0.521676,0.129355,0.741935,2.9
cem_linear_norm,cem_linear,continuous,48,85,0.524170,0.130506,0.764516,2.9
cem_linear_norm,cem_linear,continuous,48,86,0.496290,0.129256,0.768817,2.9
cem_linear_norm,cem_linear,continuous,48,87,0.496111,0.128903,0.759140,2.9
cem_linear_norm,cem_linear,continuous,48,88,0.478631,0.127968,0.774194,2.9
cem_linear_norm,cem_linear,continuous,48,89,0.468652,0.129113,0.783871,2.9
cem_linear_norm,cem_linear,continuous,48,90,0.491880,0.128032,0.766667,2.9
cem_linear_norm,cem_linear,continuous,48,91,0.485733,0.126898,0.768817,2.9
cem_linear_norm,cem_linear,continuous,48,92,0.460587,0.126145,0.805376,2.8
cem_linear_norm,cem_linear,continuous,48,93,0.496897,0.126519,0.763441,2.9
cem_linear_norm,cem_linear,continuous,48,94,0.476785,0.126117,0.792473,2.8
cem_linear_norm,cem_linear,continuous,48,95,0.463231,0.124016,0.788172,2.8
cem_linear_norm,cem_linear,continuous,48,96,0.471527,0.127401,0.791398,2.9
cem_linear_norm,cem_linear,continuous,48,97,0.466721,0.126673,0.790323,2.8
cem_linear_norm,cem_linear,continuous,48,98,0.479027,0.126318,0.770968,2.9
cem_linear_norm,cem_linear,continuous,48,99,0.508782,0.125691,0.761290,2.9
cem_linear_norm,cem_linear,continuous,48,100,0.452907,0.123580,0.794624,2.9
cem_linear_norm,cem_linear,continuous,48,101,0.456179,0.122179,0.793548,2.9
cem_linear_norm,cem_linear,continuous,48,102,0.474688,0.125530,0.788172,2.9
cem_linear_norm,cem_linear,continuous,48,103,0.469726,0.122320,0.788172,2.9
cem_linear_norm,cem_linear,continuous,48,104,0.498005,0.126836,0.773118,2.9
cem_linear_norm,cem_linear,continuous,48,105,0.453003,0.125533,0.792473,2.9
cem_linear_norm,cem_linear,continuous,48,106,0.466158,0.126436,0.792473,2.9
cem_linear_norm,cem_linear,continuous,48,107,0.455588,0.125658,0.791398,2.8
cem_linear_norm,cem_linear,continuous,48,108,0.473687,0.126221,0.774194,2.8
cem_linear_norm,cem_linear,continuous,48,109,0.475239,0.125376,0.786022,2.9
cem_linear_norm,cem_linear,continuous,48,110,0.447205,0.123565,0.813978,2.8
cem_linear_norm,cem_linear,continuous,48,111,0.468535,0.124634,0.796774,2.9
cem_linear_norm,cem_linear,continuous,48,112,0.453052,0.123673,0.786022,2.9
cem_linear_norm,cem_linear,continuous,48,113,0.431583,0.123577,0.810753,2.9
cem_linear_norm,cem_linear,continuous,48,114,0.440080,0.122764,0.797849,2.9
cem_linear_norm,cem_linear,continuous,48,115,0.457865,0.124748,0.786022,2.8
cem_linear_norm,cem_linear,continuous,48,116,0.464997,0.124692,0.796774,2.8
cem_linear_norm,cem_linear,continuous,48,117,0.430314,0.123852,0.822581,2.9
cem_linear_norm,cem_linear,continuous,48,118,0.443303,0.123208,0.811828,2.9
cem_linear_norm,cem_linear,continuous,48,119,0.418235,0.124322,0.824731,2.9
cem_linear_norm,cem_linear,continuous,48,120,0.457972,0.124821,0.796774,2.8
cem_linear_norm,cem_linear,continuous,48,121,0.437992,0.122631,0.801075,2.9
cem_linear_norm,cem_linear,continuous,48,122,0.407147,0.124150,0.813978,2.8
cem_linear_norm,cem_linear,continuous,48,123,0.465124,0.123402,0.807527,2.9
cem_linear_norm,cem_linear,continuous,48,124,0.408561,0.123285,0.831183,2.8
cem_linear_norm,cem_linear,continuous,48,125,0.440452,0.121339,0.806452,2.9
cem_linear_norm,cem_linear,continuous,48,126,0.439265,0.121124,0.811828,2.9
cem_linear_norm,cem_linear,continuous,48,127,0.410189,0.121553,0.821505,2.9
cem_linear_norm,cem_linear,continuous,48,128,0.424491,0.121648,0.811828,2.9
cem_linear_norm,cem_linear,continuous,48,129,0.441086,0.122385,0.815054,2.9
cem_linear_norm,cem_linear,continuous,48,130,0.426442,0.120696,0.813978,2.8
cem_linear_norm,cem_linear,continuous,48,131,0.428876,0.121045,0.805376,2.9
cem_linear_norm,cem_linear,continuous,48,132,0.441018,0.123723,0.807527,2.9
cem_linear_norm,cem_linear,continuous,48,133,0.436944,0.122702,0.805376,2.8
cem_linear_norm,cem_linear,continuous,48,134,0.431194,0.119418,0.827957,2.9
cem_linear_norm,cem_linear,continuous,48,135,0.403944,0.123453,0.822581,2.8
cem_linear_norm,cem_linear,continuous,48,136,0.428627,0.122224,0.813978,2.8
cem_linear_norm,cem_linear,continuous,48,137,0.419695,0.121748,0.821505,2.8
cem_linear_norm,cem_linear,continuous,48,138,0.420348,0.122657,0.822581,2.9
cem_linear_norm,cem_linear,continuous,48,139,0.431209,0.122299,0.819355,2.9
cem_linear_norm,cem_linear,continuous,48,140,0.414519,0.121206,0.808602,2.8
cem_linear_norm,cem_linear,continuous,48,141,0.406244,0.122078,0.827957,2.9
cem_linear_norm,cem_linear,continuous,48,142,0.413471,0.122946,0.827957,2.9
cem_linear_norm,cem_linear,continuous,48,143,0.434107,0.118885,0.796774,2.8
cem_linear_norm,cem_linear,continuous,48,144,0.404529,0.119870,0.823656,2.9
cem_linear_norm,cem_linear,continuous,48,145,0.415076,0.121827,0.824731,2.9
cem_linear_norm,cem_linear,continuous,48,146,0.419427,0.122109,0.825806,2.8
cem_linear_norm,cem_linear,continuous,48,147,0.420324,0.120368,0.822581,2.9
cem_linear_norm,cem_linear,continuous,48,148,0.423963,0.120641,0.824731,2.9
cem_linear_norm,cem_linear,continuous,48,149,0.416429,0.122694,0.830108,2.8
cem_linear_norm,cem_linear,continuous,48,150,0.417823,0.122330,0.818280,2.8
cem_linear_norm,cem_linear,continuous,48,151,0.408820,0.121941,0.819355,2.9
cem_linear_norm,cem_linear,continuous,48,152,0.410437,0.122450,0.825806,2.9
cem_linear_norm,cem_linear,continuous,48,153,0.401007,0.121405,0.822581,2.8
cem_linear_norm,cem_linear,continuous,48,154,0.409856,0.121642,0.830108,2.9
cem_linear_norm,cem_linear,continuous,48,155,0.401666,0.121120,0.830108,2.8
cem_linear_norm,cem_linear,continuous,48,156,0.389213,0.120579,0.845161,2.9
cem_linear_norm,cem_linear,continuous,48,157,0.395988,0.119178,0.844086,2.8
cem_linear_norm,cem_linear,continuous,48,158,0.408967,0.120071,0.827957,2.8
cem_linear_norm,cem_linear,continuous,48,159,0.394914,0.121914,0.836559,2.8
cem_linear_norm,cem_linear,continuous,48,160,0.396526,0.120275,0.844086,2.9
cem_linear_norm,cem_linear,continuous,48,161,0.417651,0.121618,0.826882,2.9
cem_linear_norm,cem_linear,continuous,48,162,0.435666,0.123082,0.804301,2.9
cem_linear_norm,cem_linear,continuous,48,163,0.395295,0.119769,0.837634,2.8
cem_linear_norm,cem_linear,continuous,48,164,0.385190,0.119414,0.844086,2.8
cem_linear_norm,cem_linear,continuous,48,165,0.410111,0.120918,0.820430,2.8
cem_linear_norm,cem_linear,continuous,48,166,0.419358,0.121083,0.826882,2.9
cem_linear_norm,cem_linear,continuous,48,167,0.408327,0.120243,0.823656,2.8
cem_linear_norm,cem_linear,continuous,48,168,0.389314,0.118928,0.831183,2.8
cem_linear_norm,cem_linear,continuous,48,169,0.386038,0.119969,0.851613,2.8
cem_linear_norm,cem_linear,continuous,48,170,0.386520,0.120715,0.836559,2.9
cem_linear_norm,cem_linear,continuous,48,171,0.429141,0.120478,0.817204,2.9
cem_linear_norm,cem_linear,continuous,48,172,0.406512,0.122210,0.825806,2.8
cem_linear_norm,cem_linear,continuous,48,173,0.406019,0.119533,0.835484,2.9
cem_linear_norm,cem_linear,continuous,48,174,0.387162,0.119170,0.826882,2.9
cem_linear_norm,cem_linear,continuous,48,175,0.375997,0.118668,0.843011,2.8
cem_linear_norm,cem_linear,continuous,48,176,0.389033,0.119710,0.847312,2.8
cem_linear_norm,cem_linear,continuous,48,177,0.363759,0.117840,0.859140,2.9
cem_linear_norm,cem_linear,continuous,48,178,0.388697,0.118940,0.836559,2.8
cem_linear_norm,cem_linear,continuous,48,179,0.380637,0.118951,0.829032,2.9
cem_linear_norm,cem_linear,continuous,48,180,0.376760,0.119909,0.852688,2.8
cem_linear_norm,cem_linear,continuous,48,181,0.415423,0.118217,0.831183,2.9
cem_linear_norm,cem_linear,continuous,48,182,0.397050,0.118133,0.823656,2.8
cem_linear_norm,cem_linear,continuous,48,183,0.394003,0.119186,0.835484,2.8
cem_linear_norm,cem_linear,continuous,48,184,0.362885,0.118562,0.854839,2.8
cem_linear_norm,cem_linear,continuous,48,185,0.401457,0.119415,0.820430,2.9
cem_linear_norm,cem_linear,continuous,48,186,0.369480,0.118731,0.843011,2.8
cem_linear_norm,cem_linear,continuous,48,187,0.389976,0.118484,0.835484,2.9
cem_linear_norm,cem_linear,continuous,48,188,0.387543,0.118256,0.843011,2.9
cem_linear_norm,cem_linear,continuous,48,189,0.398699,0.119057,0.838710,2.9
cem_linear_norm,cem_linear,continuous,48,190,0.376221,0.119691,0.847312,2.8
cem_linear_norm,cem_linear,continuous,48,191,0.377920,0.118075,0.850538,2.8
cem_linear_norm,cem_linear,continuous,48,192,0.376087,0.118287,0.860215,2.9
cem_linear_norm,cem_linear,continuous,48,193,0.371561,0.118380,0.849462,2.8
cem_linear_norm,cem_linear,continuous,48,194,0.379322,0.117865,0.844086,2.8
cem_linear_norm,cem_linear,continuous,48,195,0.407707,0.118988,0.827957,2.9
cem_linear_norm,cem_linear,continuous,48,196,0.379691,0.116708,0.840860,2.8
cem_linear_norm,cem_linear,continuous,48,197,0.366936,0.119258,0.849462,2.9
cem_linear_norm,cem_linear,continuous,48,198,0.377468,0.117583,0.860215,2.9
cem_linear_norm,cem_linear,continuous,48,199,0.394955,0.119529,0.833333,2.8
cem_linear_norm,cem_linear,continuous,48,200,0.374976,0.117412,0.840860,2.8
cem_linear_norm,cem_linear,continuous,48,201,0.369046,0.116364,0.856989,2.9
cem_linear_norm,cem_linear,continuous,48,202,0.372123,0.117825,0.841935,2.8
cem_linear_norm,cem_linear,continuous,48,203,0.371434,0.117986,0.844086,2.9
cem_linear_norm,cem_linear,continuous,48,204,0.360434,0.119459,0.841935,2.8
cem_linear_norm,cem_linear,continuous,48,205,0.374693,0.120275,0.852688,2.9
cem_linear_norm,cem_linear,continuous,48,206,0.391038,0.119469,0.830108,2.8
cem_linear_norm,cem_linear,continuous,48,207,0.385934,0.121285,0.847312,2.9
cem_linear_norm,cem_linear,continuous,48,208,0.397891,0.117748,0.836559,2.9
cem_linear_norm,cem_linear,continuous,48,209,0.372704,0.116958,0.837634,2.9
cem_linear_norm,cem_linear,continuous,48,210,0.375488,0.118451,0.844086,2.9
cem_linear_norm,cem_linear,continuous,48,211,0.378538,0.118344,0.847312,2.9
cem_linear_norm,cem_linear,continuous,48,212,0.372374,0.117218,0.839785,2.8
cem_linear_norm,cem_linear,continuous,48,213,0.391615,0.117393,0.851613,2.8
cem_linear_norm,cem_linear,continuous,48,214,0.367129,0.117572,0.854839,2.9
cem_linear_norm,cem_linear,continuous,48,215,0.400839,0.118654,0.823656,2.8
cem_linear_norm,cem_linear,continuous,48,216,0.378869,0.117602,0.840860,2.9
cem_linear_norm,cem_linear,continuous,48,217,0.389149,0.118274,0.832258,2.9
cem_linear_norm,cem_linear,continuous,48,218,0.379507,0.115557,0.847312,2.9
cem_linear_norm,cem_linear,continuous,48,219,0.387061,0.116531,0.834409,2.9
cem_linear_norm,cem_linear,continuous,48,220,0.393748,0.117429,0.826882,2.8
cem_linear_norm,cem_linear,continuous,48,221,0.362326,0.118019,0.844086,2.9
cem_linear_norm,cem_linear,continuous,48,222,0.375251,0.117225,0.847312,2.9
cem_linear_norm,cem_linear,continuous,48,223,0.368614,0.116112,0.838710,2.8
cem_linear_norm,cem_linear,continuous,48,224,0.368672,0.115866,0.847312,2.8
cem_linear_norm,cem_linear,continuous,48,225,0.355997,0.119146,0.851613,2.9
cem_linear_norm,cem_linear,continuous,48,226,0.364856,0.117042,0.854839,2.9
cem_linear_norm,cem_linear,continuous,48,227,0.365607,0.116118,0.845161,2.9
cem_linear_norm,cem_linear,continuous,48,228,0.357303,0.116346,0.859140,2.8
cem_linear_norm,cem_linear,continuous,48,229,0.385965,0.118387,0.833333,2.9
cem_linear_norm,cem_linear,continuous,48,230,0.370248,0.115985,0.844086,2.8
cem_linear_norm,cem_linear,continuous,48,231,0.368014,0.117021,0.837634,2.9
cem_linear_norm,cem_linear,continuous,48,232,0.368120,0.117657,0.849462,2.9
cem_linear_norm,cem_linear,continuous,48,233,0.366088,0.116705,0.844086,2.9
cem_linear_norm,cem_linear,continuous,48,234,0.363765,0.117964,0.851613,2.8
cem_linear_norm,cem_linear,continuous,48,235,0.348869,0.116775,0.859140,2.9
cem_linear_norm,cem_linear,continuous,48,236,0.352241,0.116963,0.846237,2.9
cem_linear_norm,cem_linear,continuous,48,237,0.357327,0.117466,0.854839,2.9
cem_linear_norm,cem_linear,continuous,48,238,0.364935,0.116832,0.836559,2.9
cem_linear_norm,cem_linear,continuous,48,239,0.343977,0.116628,0.848387,3.2
cem_linear_norm,cem_linear,continuous,48,240,0.352902,0.116203,0.844086,2.9
cem_linear_norm,cem_linear,continuous,48,241,0.365388,0.116080,0.846237,2.9
cem_linear_norm,cem_linear,continuous,48,242,0.355117,0.114147,0.851613,2.8
cem_linear_norm,cem_linear,continuous,48,243,0.329432,0.114706,0.858065,2.8
cem_linear_norm,cem_linear,continuous,48,244,0.393789,0.117775,0.834409,2.9
cem_linear_norm,cem_linear,continuous,48,245,0.336889,0.116341,0.867742,2.8
cem_linear_norm,cem_linear,continuous,48,246,0.371321,0.117484,0.855914,2.9
cem_linear_norm,cem_linear,continuous,48,247,0.367689,0.114667,0.836559,2.9
cem_linear_norm,cem_linear,continuous,48,248,0.345573,0.114367,0.848387,2.8
cem_linear_norm,cem_linear,continuous,48,249,0.345628,0.117257,0.854839,2.9
cem_linear_norm,cem_linear,continuous,48,250,0.349359,0.113755,0.850538,2.8
cem_linear_norm,cem_linear,continuous,49,1,0.703305,0.283555,0.546891,2.9
cem_linear_norm,cem_linear,continuous,49,2,0.683033,0.159154,0.599579,2.9
cem_linear_norm,cem_linear,continuous,49,3,0.664988,0.155373,0.591149,2.9
cem_linear_norm,cem_linear,continuous,49,4,0.643874,0.152928,0.606955,2.9
cem_linear_norm,cem_linear,continuous,49,5,0.674908,0.152620,0.548999,2.9
cem_linear_norm,cem_linear,continuous,49,6,0.656819,0.151405,0.560590,2.9
cem_linear_norm,cem_linear,continuous,49,7,0.661598,0.156922,0.582719,2.9
cem_linear_norm,cem_linear,continuous,49,8,0.635623,0.154267,0.590095,2.9
cem_linear_norm,cem_linear,continuous,49,9,0.675592,0.152879,0.565859,2.9
cem_linear_norm,cem_linear,continuous,49,10,0.661566,0.150813,0.586934,2.9
cem_linear_norm,cem_linear,continuous,49,11,0.632887,0.150960,0.606955,2.9
cem_linear_norm,cem_linear,continuous,49,12,0.663291,0.150615,0.566913,2.9
cem_linear_norm,cem_linear,continuous,49,13,0.645981,0.150146,0.563751,2.9
cem_linear_norm,cem_linear,continuous,49,14,0.622404,0.150562,0.613277,2.9
cem_linear_norm,cem_linear,continuous,49,15,0.641379,0.150455,0.582719,2.9
cem_linear_norm,cem_linear,continuous,49,16,0.634150,0.151296,0.592202,2.9
cem_linear_norm,cem_linear,continuous,49,17,0.632496,0.150160,0.604847,2.9
cem_linear_norm,cem_linear,continuous,49,18,0.632603,0.149697,0.580611,2.9
cem_linear_norm,cem_linear,continuous,49,19,0.651493,0.149720,0.593256,2.9
cem_linear_norm,cem_linear,continuous,49,20,0.646386,0.149510,0.594310,2.9
cem_linear_norm,cem_linear,continuous,49,21,0.650303,0.149911,0.595364,2.9
cem_linear_norm,cem_linear,continuous,49,22,0.636970,0.148242,0.605901,2.9
cem_linear_norm,cem_linear,continuous,49,23,0.620970,0.148664,0.633298,2.9
cem_linear_norm,cem_linear,continuous,49,24,0.622146,0.147813,0.623815,2.9
cem_linear_norm,cem_linear,continuous,49,25,0.635225,0.148267,0.623815,2.9
cem_linear_norm,cem_linear,continuous,49,26,0.620025,0.148962,0.609062,2.9
cem_linear_norm,cem_linear,continuous,49,27,0.647329,0.147627,0.599579,2.9
cem_linear_norm,cem_linear,continuous,49,28,0.610477,0.148425,0.606955,2.9
cem_linear_norm,cem_linear,continuous,49,29,0.633547,0.147183,0.602740,2.9
cem_linear_norm,cem_linear,continuous,49,30,0.616210,0.147013,0.623815,2.9
cem_linear_norm,cem_linear,continuous,49,31,0.637536,0.147971,0.615385,2.9
cem_linear_norm,cem_linear,continuous,49,32,0.620627,0.147809,0.633298,2.9
cem_linear_norm,cem_linear,continuous,49,33,0.632186,0.149881,0.608008,2.9
cem_linear_norm,cem_linear,continuous,49,34,0.626800,0.146232,0.611170,2.9
cem_linear_norm,cem_linear,continuous,49,35,0.638458,0.146608,0.602740,2.9
cem_linear_norm,cem_linear,continuous,49,36,0.647944,0.146990,0.587987,2.9
cem_linear_norm,cem_linear,continuous,49,37,0.606325,0.146497,0.638567,2.9
cem_linear_norm,cem_linear,continuous,49,38,0.622729,0.146380,0.620653,2.9
cem_linear_norm,cem_linear,continuous,49,39,0.622277,0.145651,0.625922,2.9
cem_linear_norm,cem_linear,continuous,49,40,0.621851,0.146569,0.604847,2.9
cem_linear_norm,cem_linear,continuous,49,41,0.615611,0.147696,0.634352,2.9
cem_linear_norm,cem_linear,continuous,49,42,0.607355,0.145651,0.654373,2.9
cem_linear_norm,cem_linear,continuous,49,43,0.628953,0.145914,0.631191,2.9
cem_linear_norm,cem_linear,continuous,49,44,0.612770,0.145479,0.634352,2.9
cem_linear_norm,cem_linear,continuous,49,45,0.633856,0.144903,0.634352,2.9
cem_linear_norm,cem_linear,continuous,49,46,0.633866,0.145361,0.609062,2.9
cem_linear_norm,cem_linear,continuous,49,47,0.650512,0.145860,0.591149,2.9
cem_linear_norm,cem_linear,continuous,49,48,0.615232,0.145883,0.624868,2.9
cem_linear_norm,cem_linear,continuous,49,49,0.618992,0.145585,0.636459,2.9
cem_linear_norm,cem_linear,continuous,49,50,0.631928,0.145399,0.616438,2.9
cem_linear_norm,cem_linear,continuous,49,51,0.607049,0.143818,0.651212,2.9
cem_linear_norm,cem_linear,continuous,49,52,0.622024,0.142934,0.651212,3.0
cem_linear_norm,cem_linear,continuous,49,53,0.631637,0.144273,0.626976,2.9
cem_linear_norm,cem_linear,continuous,49,54,0.606786,0.143853,0.653319,2.9
cem_linear_norm,cem_linear,continuous,49,55,0.609560,0.141613,0.660695,2.9
cem_linear_norm,cem_linear,continuous,49,56,0.573650,0.143930,0.681770,2.9
cem_linear_norm,cem_linear,continuous,49,57,0.597799,0.141828,0.681770,2.9
cem_linear_norm,cem_linear,continuous,49,58,0.585240,0.141983,0.667018,2.9
cem_linear_norm,cem_linear,continuous,49,59,0.610967,0.141612,0.641728,2.9
cem_linear_norm,cem_linear,continuous,49,60,0.558761,0.141682,0.699684,2.9
cem_linear_norm,cem_linear,continuous,49,61,0.575101,0.141550,0.685985,2.9
cem_linear_norm,cem_linear,continuous,49,62,0.571363,0.140459,0.689146,2.9
cem_linear_norm,cem_linear,continuous,49,63,0.576538,0.137845,0.713383,2.9
cem_linear_norm,cem_linear,continuous,49,64,0.574911,0.139391,0.691254,3.0
cem_linear_norm,cem_linear,continuous,49,65,0.552511,0.137115,0.715490,2.9
cem_linear_norm,cem_linear,continuous,49,66,0.556163,0.136341,0.697576,2.9
cem_linear_norm,cem_linear,continuous,49,67,0.565169,0.136039,0.692308,2.9
cem_linear_norm,cem_linear,continuous,49,68,0.548833,0.133501,0.720759,2.9
cem_linear_norm,cem_linear,continuous,49,69,0.528001,0.135277,0.724974,2.9
cem_linear_norm,cem_linear,continuous,49,70,0.562716,0.136661,0.715490,2.9
cem_linear_norm,cem_linear,continuous,49,71,0.523760,0.134568,0.738672,2.9
cem_linear_norm,cem_linear,continuous,49,72,0.511440,0.133232,0.741834,2.9
cem_linear_norm,cem_linear,continuous,49,73,0.577291,0.133887,0.713383,2.9
cem_linear_norm,cem_linear,continuous,49,74,0.516193,0.132320,0.739726,2.9
cem_linear_norm,cem_linear,continuous,49,75,0.516206,0.131077,0.741834,2.9
cem_linear_norm,cem_linear,continuous,49,76,0.518744,0.130436,0.737619,2.9
cem_linear_norm,cem_linear,continuous,49,77,0.484423,0.132298,0.774499,2.9
cem_linear_norm,cem_linear,continuous,49,78,0.497040,0.130259,0.766070,2.9
cem_linear_norm,cem_linear,continuous,49,79,0.496693,0.129820,0.763962,2.9
cem_linear_norm,cem_linear,continuous,49,80,0.480291,0.129602,0.767123,2.9
cem_linear_norm,cem_linear,continuous,49,81,0.498859,0.129290,0.766070,2.9
cem_linear_norm,cem_linear,continuous,49,82,0.505142,0.128108,0.762908,2.9
cem_linear_norm,cem_linear,continuous,49,83,0.488575,0.129134,0.761855,2.9
cem_linear_norm,cem_linear,continuous,49,84,0.519649,0.130422,0.735511,2.9
cem_linear_norm,cem_linear,continuous,49,85,0.479217,0.127643,0.773446,2.9
cem_linear_norm,cem_linear,continuous,49,86,0.500008,0.129246,0.753425,2.9
cem_linear_norm,cem_linear,continuous,49,87,0.486446,0.130313,0.777661,2.9
cem_linear_norm,cem_linear,continuous,49,88,0.506675,0.129087,0.756586,2.9
cem_linear_norm,cem_linear,continuous,49,89,0.469668,0.126805,0.783983,3.0
cem_linear_norm,cem_linear,continuous,49,90,0.474545,0.128186,0.778714,2.9
cem_linear_norm,cem_linear,continuous,49,91,0.483182,0.126173,0.751317,2.9
cem_linear_norm,cem_linear,continuous,49,92,0.468571,0.126141,0.783983,2.9
cem_linear_norm,cem_linear,continuous,49,93,0.463719,0.127162,0.785037,2.9
cem_linear_norm,cem_linear,continuous,49,94,0.481932,0.125121,0.769231,2.9
cem_linear_norm,cem_linear,continuous,49,95,0.461060,0.125461,0.791359,2.9
cem_linear_norm,cem_linear,continuous,49,96,0.439498,0.123432,0.793467,2.9
cem_linear_norm,cem_linear,continuous,49,97,0.462462,0.125356,0.771338,2.9
cem_linear_norm,cem_linear,continuous,49,98,0.452160,0.123405,0.790306,2.9
cem_linear_norm,cem_linear,continuous,49,99,0.444000,0.122511,0.795574,2.9
cem_linear_norm,cem_linear,continuous,49,100,0.448757,0.127277,0.778714,2.9
cem_linear_norm,cem_linear,continuous,49,101,0.428023,0.122544,0.801897,2.9
cem_linear_norm,cem_linear,continuous,49,102,0.441769,0.122391,0.798736,2.9
cem_linear_norm,cem_linear,continuous,49,103,0.422895,0.122307,0.801897,2.9
cem_linear_norm,cem_linear,continuous,49,104,0.436595,0.123073,0.806112,2.9
cem_linear_norm,cem_linear,continuous,49,105,0.446413,0.122081,0.795574,2.9
cem_linear_norm,cem_linear,continuous,49,106,0.457366,0.121265,0.795574,2.9
cem_linear_norm,cem_linear,continuous,49,107,0.477607,0.120939,0.772392,2.9
cem_linear_norm,cem_linear,continuous,49,108,0.417695,0.123088,0.798736,2.9
cem_linear_norm,cem_linear,continuous,49,109,0.437581,0.121780,0.815595,2.9
cem_linear_norm,cem_linear,continuous,49,110,0.422397,0.121209,0.805058,2.9
cem_linear_norm,cem_linear,continuous,49,111,0.430776,0.121092,0.806112,2.9
cem_linear_norm,cem_linear,continuous,49,112,0.432816,0.120805,0.797682,2.9
cem_linear_norm,cem_linear,continuous,49,113,0.431057,0.121590,0.808219,2.9
cem_linear_norm,cem_linear,continuous,49,114,0.426746,0.120546,0.819810,2.9
cem_linear_norm,cem_linear,continuous,49,115,0.431327,0.121717,0.808219,2.9
cem_linear_norm,cem_linear,continuous,49,116,0.410035,0.119523,0.827187,2.9
cem_linear_norm,cem_linear,continuous,49,117,0.399751,0.119642,0.818757,2.9
cem_linear_norm,cem_linear,continuous,49,118,0.393839,0.119826,0.838778,2.9
cem_linear_norm,cem_linear,continuous,49,119,0.419198,0.120171,0.793467,2.9
cem_linear_norm,cem_linear,continuous,49,120,0.418544,0.118602,0.814542,2.9
cem_linear_norm,cem_linear,continuous,49,121,0.456897,0.119959,0.797682,2.9
cem_linear_norm,cem_linear,continuous,49,122,0.415745,0.121487,0.812434,2.9
cem_linear_norm,cem_linear,continuous,49,123,0.404177,0.120252,0.828240,2.9
cem_linear_norm,cem_linear,continuous,49,124,0.407385,0.121028,0.833509,2.9
cem_linear_norm,cem_linear,continuous,49,125,0.407365,0.119083,0.824025,2.9
cem_linear_norm,cem_linear,continuous,49,126,0.389204,0.120673,0.820864,2.9
cem_linear_norm,cem_linear,continuous,49,127,0.395297,0.119008,0.806112,2.9
cem_linear_norm,cem_linear,continuous,49,128,0.412737,0.119290,0.807165,2.9
cem_linear_norm,cem_linear,continuous,49,129,0.396321,0.118078,0.827187,2.9
cem_linear_norm,cem_linear,continuous,49,130,0.393860,0.118783,0.826133,2.9
cem_linear_norm,cem_linear,continuous,49,131,0.404246,0.120590,0.832455,2.9
cem_linear_norm,cem_linear,continuous,49,132,0.396220,0.120893,0.835616,2.9
cem_linear_norm,cem_linear,continuous,49,133,0.384907,0.120493,0.831401,2.9
cem_linear_norm,cem_linear,continuous,49,134,0.397615,0.116962,0.819810,2.9
cem_linear_norm,cem_linear,continuous,49,135,0.401045,0.120576,0.828240,2.9
cem_linear_norm,cem_linear,continuous,49,136,0.384285,0.117521,0.835616,2.9
cem_linear_norm,cem_linear,continuous,49,137,0.399211,0.118663,0.818757,2.9
cem_linear_norm,cem_linear,continuous,49,138,0.396395,0.121542,0.816649,2.9
cem_linear_norm,cem_linear,continuous,49,139,0.371395,0.116445,0.841939,2.9
cem_linear_norm,cem_linear,continuous,49,140,0.396334,0.117497,0.827187,2.9
cem_linear_norm,cem_linear,continuous,49,141,0.389093,0.119292,0.832455,2.9
cem_linear_norm,cem_linear,continuous,49,142,0.392683,0.118998,0.836670,2.9
cem_linear_norm,cem_linear,continuous,49,143,0.418021,0.118157,0.818757,2.9
cem_linear_norm,cem_linear,continuous,49,144,0.384571,0.117809,0.830348,2.9
cem_linear_norm,cem_linear,continuous,49,145,0.401751,0.117866,0.841939,2.9
cem_linear_norm,cem_linear,continuous,49,146,0.385787,0.116411,0.832455,2.9
cem_linear_norm,cem_linear,continuous,49,147,0.368500,0.117195,0.849315,2.9
cem_linear_norm,cem_linear,continuous,49,148,0.375977,0.116227,0.834563,2.9
cem_linear_norm,cem_linear,continuous,49,149,0.386660,0.118228,0.824025,2.9
cem_linear_norm,cem_linear,continuous,49,150,0.369417,0.116412,0.845100,2.9
cem_linear_norm,cem_linear,continuous,49,151,0.376453,0.117808,0.839831,2.9
cem_linear_norm,cem_linear,continuous,49,152,0.390816,0.118535,0.821918,2.9
cem_linear_norm,cem_linear,continuous,49,153,0.383213,0.117362,0.838778,2.9
cem_linear_norm,cem_linear,continuous,49,154,0.379310,0.116489,0.833509,2.9
cem_linear_norm,cem_linear,continuous,49,155,0.379503,0.116829,0.828240,2.9
cem_linear_norm,cem_linear,continuous,49,156,0.398203,0.116509,0.831401,2.9
cem_linear_norm,cem_linear,continuous,49,157,0.375749,0.118489,0.841939,2.9
cem_linear_norm,cem_linear,continuous,49,158,0.382622,0.114952,0.834563,2.9
cem_linear_norm,cem_linear,continuous,49,159,0.368057,0.115071,0.846154,2.9
cem_linear_norm,cem_linear,continuous,49,160,0.374664,0.116140,0.838778,2.9
cem_linear_norm,cem_linear,continuous,49,161,0.371222,0.116938,0.836670,2.9
cem_linear_norm,cem_linear,continuous,49,162,0.368454,0.118423,0.836670,2.9
cem_linear_norm,cem_linear,continuous,49,163,0.379953,0.116410,0.834563,2.9
cem_linear_norm,cem_linear,continuous,49,164,0.371223,0.116410,0.822972,2.9
cem_linear_norm,cem_linear,continuous,49,165,0.376872,0.118111,0.848261,2.9
cem_linear_norm,cem_linear,continuous,49,166,0.363356,0.117591,0.844046,2.9
cem_linear_norm,cem_linear,continuous,49,167,0.368233,0.115994,0.848261,2.9
cem_linear_norm,cem_linear,continuous,49,168,0.388258,0.116227,0.833509,2.9
cem_linear_norm,cem_linear,continuous,49,169,0.371388,0.116137,0.832455,2.9
cem_linear_norm,cem_linear,continuous,49,170,0.374822,0.116752,0.830348,2.9
cem_linear_norm,cem_linear,continuous,49,171,0.378251,0.114852,0.835616,2.9
cem_linear_norm,cem_linear,continuous,49,172,0.391473,0.118517,0.824025,2.9
cem_linear_norm,cem_linear,continuous,49,173,0.364575,0.115545,0.847208,2.9
cem_linear_norm,cem_linear,continuous,49,174,0.394551,0.115027,0.819810,2.9
cem_linear_norm,cem_linear,continuous,49,175,0.361611,0.115342,0.841939,2.9
cem_linear_norm,cem_linear,continuous,49,176,0.375260,0.115743,0.826133,2.9
cem_linear_norm,cem_linear,continuous,49,177,0.392068,0.115316,0.836670,2.9
cem_linear_norm,cem_linear,continuous,49,178,0.363906,0.115957,0.838778,2.9
cem_linear_norm,cem_linear,continuous,49,179,0.355704,0.117702,0.855638,2.9
cem_linear_norm,cem_linear,continuous,49,180,0.357068,0.117171,0.840885,2.9
cem_linear_norm,cem_linear,continuous,49,181,0.365627,0.113608,0.839831,2.9
cem_linear_norm,cem_linear,continuous,49,182,0.384469,0.117159,0.837724,2.9
cem_linear_norm,cem_linear,continuous,49,183,0.404865,0.115166,0.816649,2.9
cem_linear_norm,cem_linear,continuous,49,184,0.373623,0.114000,0.842993,2.9
cem_linear_norm,cem_linear,continuous,49,185,0.364053,0.113740,0.848261,2.9
cem_linear_norm,cem_linear,continuous,49,186,0.367193,0.116096,0.842993,2.9
cem_linear_norm,cem_linear,continuous,49,187,0.355184,0.116174,0.840885,2.9
cem_linear_norm,cem_linear,continuous,49,188,0.381383,0.115511,0.828240,2.9
cem_linear_norm,cem_linear,continuous,49,189,0.357355,0.116855,0.850369,2.9
cem_linear_norm,cem_linear,continuous,49,190,0.363228,0.113394,0.845100,2.9
cem_linear_norm,cem_linear,continuous,49,191,0.370801,0.114529,0.849315,2.9
cem_linear_norm,cem_linear,continuous,49,192,0.363276,0.113737,0.840885,2.9
cem_linear_norm,cem_linear,continuous,49,193,0.352643,0.115878,0.853530,2.9
cem_linear_norm,cem_linear,continuous,49,194,0.356819,0.113774,0.838778,2.9
cem_linear_norm,cem_linear,continuous,49,195,0.373149,0.114208,0.847208,2.9
cem_linear_norm,cem_linear,continuous,49,196,0.367798,0.114004,0.835616,2.9
cem_linear_norm,cem_linear,continuous,49,197,0.377006,0.114520,0.839831,2.9
cem_linear_norm,cem_linear,continuous,49,198,0.360170,0.114964,0.842993,2.9
cem_linear_norm,cem_linear,continuous,49,199,0.359491,0.115940,0.835616,2.9
cem_linear_norm,cem_linear,continuous,49,200,0.355747,0.115803,0.850369,2.9
cem_linear_norm,cem_linear,continuous,49,201,0.361842,0.112301,0.840885,2.9
cem_linear_norm,cem_linear,continuous,49,202,0.356084,0.113844,0.848261,2.9
cem_linear_norm,cem_linear,continuous,49,203,0.365099,0.115925,0.839831,2.9
cem_linear_norm,cem_linear,continuous,49,204,0.333428,0.113088,0.863014,2.9
cem_linear_norm,cem_linear,continuous,49,205,0.376766,0.115526,0.841939,2.9
cem_linear_norm,cem_linear,continuous,49,206,0.343821,0.112222,0.845100,2.9
cem_linear_norm,cem_linear,continuous,49,207,0.336411,0.113277,0.856691,2.9
cem_linear_norm,cem_linear,continuous,49,208,0.359062,0.113218,0.835616,2.9
cem_linear_norm,cem_linear,continuous,49,209,0.365643,0.112883,0.833509,2.9
cem_linear_norm,cem_linear,continuous,49,210,0.333710,0.113182,0.859852,2.9
cem_linear_norm,cem_linear,continuous,49,211,0.342678,0.113433,0.853530,2.9
cem_linear_norm,cem_linear,continuous,49,212,0.353254,0.114458,0.845100,2.9
cem_linear_norm,cem_linear,continuous,49,213,0.374851,0.114011,0.828240,2.9
cem_linear_norm,cem_linear,continuous,49,214,0.340704,0.114075,0.857745,2.9
cem_linear_norm,cem_linear,continuous,49,215,0.341634,0.115260,0.845100,2.9
cem_linear_norm,cem_linear,continuous,49,216,0.347980,0.112827,0.853530,2.9
cem_linear_norm,cem_linear,continuous,49,217,0.354700,0.114085,0.849315,2.9
cem_linear_norm,cem_linear,continuous,49,218,0.363142,0.114073,0.841939,2.9
cem_linear_norm,cem_linear,continuous,49,219,0.352254,0.112736,0.848261,3.0
cem_linear_norm,cem_linear,continuous,49,220,0.348895,0.111456,0.854584,3.0
cem_linear_norm,cem_linear,continuous,49,221,0.333316,0.112374,0.867229,2.9
cem_linear_norm,cem_linear,continuous,49,222,0.347039,0.112759,0.844046,2.9
cem_linear_norm,cem_linear,continuous,49,223,0.344211,0.112310,0.846154,2.9
cem_linear_norm,cem_linear,continuous,49,224,0.362537,0.115312,0.839831,2.9
cem_linear_norm,cem_linear,continuous,49,225,0.374289,0.115680,0.830348,2.9
cem_linear_norm,cem_linear,continuous,49,226,0.338588,0.112832,0.859852,2.9
cem_linear_norm,cem_linear,continuous,49,227,0.344801,0.113839,0.847208,2.9
cem_linear_norm,cem_linear,continuous,49,228,0.364879,0.113056,0.837724,2.9
cem_linear_norm,cem_linear,continuous,49,229,0.348068,0.112568,0.865121,2.9
cem_linear_norm,cem_linear,continuous,49,230,0.341082,0.111615,0.857745,2.9
cem_linear_norm,cem_linear,continuous,49,231,0.346275,0.111543,0.856691,2.9
cem_linear_norm,cem_linear,continuous,49,232,0.346019,0.113103,0.855638,2.9
cem_linear_norm,cem_linear,continuous,49,233,0.336208,0.113084,0.858799,2.9
cem_linear_norm,cem_linear,continuous,49,234,0.350431,0.112623,0.853530,2.9
cem_linear_norm,cem_linear,continuous,49,235,0.351417,0.113021,0.845100,2.9
cem_linear_norm,cem_linear,continuous,49,236,0.310944,0.113273,0.859852,2.9
cem_linear_norm,cem_linear,continuous,49,237,0.335263,0.112781,0.856691,2.9
cem_linear_norm,cem_linear,continuous,49,238,0.350951,0.111951,0.855638,2.9
cem_linear_norm,cem_linear,continuous,49,239,0.334815,0.111745,0.855638,2.9
cem_linear_norm,cem_linear,continuous,49,240,0.337676,0.111618,0.855638,2.9
cem_linear_norm,cem_linear,continuous,49,241,0.337195,0.111109,0.845100,2.9
cem_linear_norm,cem_linear,continuous,49,242,0.371050,0.112778,0.845100,2.9
cem_linear_norm,cem_linear,continuous,49,243,0.350813,0.111305,0.842993,2.9
cem_linear_norm,cem_linear,continuous,49,244,0.352151,0.110696,0.848261,2.9
cem_linear_norm,cem_linear,continuous,49,245,0.333859,0.110989,0.864067,2.9
cem_linear_norm,cem_linear,continuous,49,246,0.341919,0.110722,0.845100,2.9
cem_linear_norm,cem_linear,continuous,49,247,0.339045,0.112943,0.853530,2.9
cem_linear_norm,cem_linear,continuous,49,248,0.347469,0.111412,0.860906,2.9
cem_linear_norm,cem_linear,continuous,49,249,0.350300,0.112206,0.848261,2.9
cem_linear_norm,cem_linear,continuous,49,250,0.334941,0.112753,0.854584,2.9
cem_linear_norm,cem_linear,continuous,50,1,0.707801,0.364341,0.526659,2.8
cem_linear_norm,cem_linear,continuous,50,2,0.667873,0.157029,0.561480,2.8
cem_linear_norm,cem_linear,continuous,50,3,0.661739,0.154623,0.563656,2.8
cem_linear_norm,cem_linear,continuous,50,4,0.653131,0.153223,0.596300,2.8
cem_linear_norm,cem_linear,continuous,50,5,0.666928,0.154275,0.565832,2.8
cem_linear_norm,cem_linear,continuous,50,6,0.678844,0.155659,0.568009,2.8
cem_linear_norm,cem_linear,continuous,50,7,0.658980,0.151293,0.587595,2.8
cem_linear_norm,cem_linear,continuous,50,8,0.658791,0.154010,0.619151,2.8
cem_linear_norm,cem_linear,continuous,50,9,0.646149,0.150311,0.583243,2.9
cem_linear_norm,cem_linear,continuous,50,10,0.651093,0.156544,0.615887,2.8
cem_linear_norm,cem_linear,continuous,50,11,0.655967,0.152539,0.594124,2.8
cem_linear_norm,cem_linear,continuous,50,12,0.630438,0.148509,0.622416,2.8
cem_linear_norm,cem_linear,continuous,50,13,0.637258,0.149596,0.634385,2.8
cem_linear_norm,cem_linear,continuous,50,14,0.657533,0.148537,0.583243,2.8
cem_linear_norm,cem_linear,continuous,50,15,0.650015,0.148716,0.600653,2.9
cem_linear_norm,cem_linear,continuous,50,16,0.651569,0.148117,0.599565,2.8
cem_linear_norm,cem_linear,continuous,50,17,0.624626,0.150520,0.652884,2.8
cem_linear_norm,cem_linear,continuous,50,18,0.623001,0.148413,0.619151,2.8
cem_linear_norm,cem_linear,continuous,50,19,0.641262,0.148480,0.594124,2.8
cem_linear_norm,cem_linear,continuous,50,20,0.649021,0.147601,0.606094,2.8
cem_linear_norm,cem_linear,continuous,50,21,0.656335,0.148559,0.605005,2.8
cem_linear_norm,cem_linear,continuous,50,22,0.635792,0.148285,0.607182,2.8
cem_linear_norm,cem_linear,continuous,50,23,0.647459,0.147723,0.613711,2.8
cem_linear_norm,cem_linear,continuous,50,24,0.647316,0.147637,0.603917,2.8
cem_linear_norm,cem_linear,continuous,50,25,0.624975,0.147577,0.622416,2.8
cem_linear_norm,cem_linear,continuous,50,26,0.643585,0.148308,0.603917,2.9
cem_linear_norm,cem_linear,continuous,50,27,0.617337,0.146456,0.646355,2.8
cem_linear_norm,cem_linear,continuous,50,28,0.645288,0.147544,0.594124,2.8
cem_linear_norm,cem_linear,continuous,50,29,0.621727,0.146404,0.645267,2.8
cem_linear_norm,cem_linear,continuous,50,30,0.629833,0.147162,0.635473,2.8
cem_linear_norm,cem_linear,continuous,50,31,0.582061,0.145311,0.678999,2.8
cem_linear_norm,cem_linear,continuous,50,32,0.613208,0.146333,0.638738,2.8
cem_linear_norm,cem_linear,continuous,50,33,0.628173,0.145561,0.631121,2.8
cem_linear_norm,cem_linear,continuous,50,34,0.619819,0.145130,0.645267,2.8
cem_linear_norm,cem_linear,continuous,50,35,0.620269,0.146496,0.644178,2.8
cem_linear_norm,cem_linear,continuous,50,36,0.615001,0.145171,0.642002,2.8
cem_linear_norm,cem_linear,continuous,50,37,0.621161,0.145750,0.627856,2.8
cem_linear_norm,cem_linear,continuous,50,38,0.625035,0.147881,0.632209,2.8
cem_linear_norm,cem_linear,continuous,50,39,0.593913,0.145534,0.692057,2.8
cem_linear_norm,cem_linear,continuous,50,40,0.646352,0.146982,0.616975,2.8
cem_linear_norm,cem_linear,continuous,50,41,0.628530,0.146188,0.618063,2.8
cem_linear_norm,cem_linear,continuous,50,42,0.608059,0.145774,0.661589,2.8
cem_linear_norm,cem_linear,continuous,50,43,0.575545,0.144947,0.678999,2.8
cem_linear_norm,cem_linear,continuous,50,44,0.621127,0.144513,0.639826,2.8
cem_linear_norm,cem_linear,continuous,50,45,0.616709,0.145228,0.655060,2.8
cem_linear_norm,cem_linear,continuous,50,46,0.602516,0.144564,0.648531,2.8
cem_linear_norm,cem_linear,continuous,50,47,0.633758,0.144734,0.638738,2.8
cem_linear_norm,cem_linear,continuous,50,48,0.614748,0.143838,0.662677,2.8
cem_linear_norm,cem_linear,continuous,50,49,0.616350,0.144134,0.657236,2.8
cem_linear_norm,cem_linear,continuous,50,50,0.607645,0.144505,0.647443,2.8
cem_linear_norm,cem_linear,continuous,50,51,0.620878,0.144913,0.627856,2.8
cem_linear_norm,cem_linear,continuous,50,52,0.588604,0.143515,0.665941,2.8
cem_linear_norm,cem_linear,continuous,50,53,0.609050,0.143641,0.653972,2.8
cem_linear_norm,cem_linear,continuous,50,54,0.551311,0.143667,0.690968,2.8
cem_linear_norm,cem_linear,continuous,50,55,0.614440,0.144254,0.645267,2.8
cem_linear_norm,cem_linear,continuous,50,56,0.619270,0.143449,0.643090,2.8
cem_linear_norm,cem_linear,continuous,50,57,0.604051,0.142428,0.670294,3.0
cem_linear_norm,cem_linear,continuous,50,58,0.621023,0.144436,0.644178,2.9
cem_linear_norm,cem_linear,continuous,50,59,0.587916,0.142599,0.684440,2.9
cem_linear_norm,cem_linear,continuous,50,60,0.630201,0.144787,0.646355,2.9
cem_linear_norm,cem_linear,continuous,50,61,0.591458,0.143393,0.664853,2.9
cem_linear_norm,cem_linear,continuous,50,62,0.602554,0.142931,0.661589,2.9
cem_linear_norm,cem_linear,continuous,50,63,0.597570,0.142354,0.659412,2.9
cem_linear_norm,cem_linear,continuous,50,64,0.595498,0.142438,0.676823,2.9
cem_linear_norm,cem_linear,continuous,50,65,0.620692,0.143575,0.651795,2.9
cem_linear_norm,cem_linear,continuous,50,66,0.569978,0.143388,0.685528,2.9
cem_linear_norm,cem_linear,continuous,50,67,0.573476,0.142530,0.683351,2.9
cem_linear_norm,cem_linear,continuous,50,68,0.568131,0.142840,0.687704,2.9
cem_linear_norm,cem_linear,continuous,50,69,0.591606,0.141109,0.688792,2.9
cem_linear_norm,cem_linear,continuous,50,70,0.585291,0.139520,0.680087,2.9
cem_linear_norm,cem_linear,continuous,50,71,0.593020,0.140322,0.689880,2.9
cem_linear_norm,cem_linear,continuous,50,72,0.580348,0.140494,0.686616,2.9
cem_linear_norm,cem_linear,continuous,50,73,0.579869,0.139359,0.689880,2.9
cem_linear_norm,cem_linear,continuous,50,74,0.586072,0.138796,0.695321,2.9
cem_linear_norm,cem_linear,continuous,50,75,0.561770,0.137634,0.693145,2.9
cem_linear_norm,cem_linear,continuous,50,76,0.582535,0.140950,0.694233,2.9
cem_linear_norm,cem_linear,continuous,50,77,0.554085,0.138814,0.704026,2.9
cem_linear_norm,cem_linear,continuous,50,78,0.567073,0.137447,0.707291,3.4
cem_linear_norm,cem_linear,continuous,50,79,0.602236,0.137774,0.660501,2.9
cem_linear_norm,cem_linear,continuous,50,80,0.562173,0.135332,0.692057,2.9
cem_linear_norm,cem_linear,continuous,50,81,0.561022,0.134928,0.713819,2.9
cem_linear_norm,cem_linear,continuous,50,82,0.527442,0.134283,0.736670,2.9
cem_linear_norm,cem_linear,continuous,50,83,0.550968,0.137566,0.705114,2.9
cem_linear_norm,cem_linear,continuous,50,84,0.558549,0.134439,0.698585,2.9
cem_linear_norm,cem_linear,continuous,50,85,0.551550,0.132798,0.700762,2.9
cem_linear_norm,cem_linear,continuous,50,86,0.536874,0.132521,0.747552,2.9
cem_linear_norm,cem_linear,continuous,50,87,0.511893,0.132202,0.748640,2.9
cem_linear_norm,cem_linear,continuous,50,88,0.527169,0.131765,0.742111,2.9
cem_linear_norm,cem_linear,continuous,50,89,0.537586,0.131608,0.705114,2.9
cem_linear_norm,cem_linear,continuous,50,90,0.527594,0.132438,0.748640,2.9
cem_linear_norm,cem_linear,continuous,50,91,0.522074,0.131749,0.741023,2.9
cem_linear_norm,cem_linear,continuous,50,92,0.534552,0.130408,0.748640,2.9
cem_linear_norm,cem_linear,continuous,50,93,0.515608,0.130615,0.757345,2.9
cem_linear_norm,cem_linear,continuous,50,94,0.525288,0.129614,0.738847,2.9
cem_linear_norm,cem_linear,continuous,50,95,0.523436,0.128667,0.760609,2.9
cem_linear_norm,cem_linear,continuous,50,96,0.499022,0.130072,0.754081,2.9
cem_linear_norm,cem_linear,continuous,50,97,0.513209,0.126820,0.758433,2.9
cem_linear_norm,cem_linear,continuous,50,98,0.495357,0.126836,0.764962,3.0
cem_linear_norm,cem_linear,continuous,50,99,0.517144,0.129820,0.758433,2.9
cem_linear_norm,cem_linear,continuous,50,100,0.483890,0.126302,0.771491,3.0
cem_linear_norm,cem_linear,continuous,50,101,0.512616,0.126814,0.758433,2.9
cem_linear_norm,cem_linear,continuous,50,102,0.476631,0.124452,0.769314,2.9
cem_linear_norm,cem_linear,continuous,50,103,0.516279,0.129581,0.744287,3.0
cem_linear_norm,cem_linear,continuous,50,104,0.516059,0.127767,0.755169,2.9
cem_linear_norm,cem_linear,continuous,50,105,0.520601,0.125263,0.738847,3.0
cem_linear_norm,cem_linear,continuous,50,106,0.471428,0.124648,0.775843,2.9
cem_linear_norm,cem_linear,continuous,50,107,0.543129,0.131747,0.737758,2.9
cem_linear_norm,cem_linear,continuous,50,108,0.468000,0.126066,0.764962,2.8
cem_linear_norm,cem_linear,continuous,50,109,0.493787,0.126062,0.778020,2.9
cem_linear_norm,cem_linear,continuous,50,110,0.484191,0.126065,0.776931,3.0
cem_linear_norm,cem_linear,continuous,50,111,0.487695,0.124255,0.772579,2.9
cem_linear_norm,cem_linear,continuous,50,112,0.488372,0.124666,0.769314,3.0
cem_linear_norm,cem_linear,continuous,50,113,0.492438,0.125452,0.773667,3.0
cem_linear_norm,cem_linear,continuous,50,114,0.484792,0.122748,0.783460,2.8
cem_linear_norm,cem_linear,continuous,50,115,0.495249,0.127145,0.772579,2.8
cem_linear_norm,cem_linear,continuous,50,116,0.480608,0.124329,0.775843,2.8
cem_linear_norm,cem_linear,continuous,50,117,0.440486,0.123369,0.800871,2.8
cem_linear_norm,cem_linear,continuous,50,118,0.486955,0.124409,0.762786,2.8
cem_linear_norm,cem_linear,continuous,50,119,0.475188,0.123073,0.781284,2.8
cem_linear_norm,cem_linear,continuous,50,120,0.478966,0.125444,0.789989,2.8
cem_linear_norm,cem_linear,continuous,50,121,0.462940,0.124232,0.787813,2.9
cem_linear_norm,cem_linear,continuous,50,122,0.475409,0.124166,0.773667,2.8
cem_linear_norm,cem_linear,continuous,50,123,0.438143,0.121902,0.798694,2.8
cem_linear_norm,cem_linear,continuous,50,124,0.469273,0.120486,0.774755,2.8
cem_linear_norm,cem_linear,continuous,50,125,0.455911,0.122880,0.803047,2.8
cem_linear_norm,cem_linear,continuous,50,126,0.460034,0.123425,0.789989,2.8
cem_linear_norm,cem_linear,continuous,50,127,0.459965,0.121448,0.787813,2.8
cem_linear_norm,cem_linear,continuous,50,128,0.452901,0.123296,0.803047,2.8
cem_linear_norm,cem_linear,continuous,50,129,0.462200,0.121944,0.794342,2.8
cem_linear_norm,cem_linear,continuous,50,130,0.449632,0.122939,0.784548,2.8
cem_linear_norm,cem_linear,continuous,50,131,0.455090,0.125281,0.798694,2.8
cem_linear_norm,cem_linear,continuous,50,132,0.458607,0.121011,0.794342,2.8
cem_linear_norm,cem_linear,continuous,50,133,0.445157,0.122590,0.803047,2.8
cem_linear_norm,cem_linear,continuous,50,134,0.459052,0.120819,0.797606,2.9
cem_linear_norm,cem_linear,continuous,50,135,0.423178,0.121666,0.812840,2.8
cem_linear_norm,cem_linear,continuous,50,136,0.436394,0.123645,0.804135,2.8
cem_linear_norm,cem_linear,continuous,50,137,0.444657,0.121066,0.808487,2.8
cem_linear_norm,cem_linear,continuous,50,138,0.437279,0.123668,0.799782,2.8
cem_linear_norm,cem_linear,continuous,50,139,0.435192,0.123392,0.811752,2.8
cem_linear_norm,cem_linear,continuous,50,140,0.416116,0.121369,0.817193,2.8
cem_linear_norm,cem_linear,continuous,50,141,0.450091,0.122406,0.811752,2.8
cem_linear_norm,cem_linear,continuous,50,142,0.441301,0.121037,0.804135,2.8
cem_linear_norm,cem_linear,continuous,50,143,0.461577,0.120196,0.778020,2.8
cem_linear_norm,cem_linear,continuous,50,144,0.436150,0.121670,0.799782,2.8
cem_linear_norm,cem_linear,continuous,50,145,0.433484,0.124020,0.800871,2.8
cem_linear_norm,cem_linear,continuous,50,146,0.434991,0.121068,0.818281,2.8
cem_linear_norm,cem_linear,continuous,50,147,0.436463,0.121040,0.807399,2.8
cem_linear_norm,cem_linear,continuous,50,148,0.460264,0.121061,0.779108,2.8
cem_linear_norm,cem_linear,continuous,50,149,0.421264,0.119455,0.815016,2.9
cem_linear_norm,cem_linear,continuous,50,150,0.436341,0.121532,0.800871,2.8
cem_linear_norm,cem_linear,continuous,50,151,0.402982,0.121132,0.828074,2.8
cem_linear_norm,cem_linear,continuous,50,152,0.433264,0.121803,0.805223,2.8
cem_linear_norm,cem_linear,continuous,50,153,0.410792,0.119775,0.810664,2.8
cem_linear_norm,cem_linear,continuous,50,154,0.418903,0.121013,0.801959,2.8
cem_linear_norm,cem_linear,continuous,50,155,0.421542,0.122386,0.805223,2.9
cem_linear_norm,cem_linear,continuous,50,156,0.438379,0.121285,0.804135,2.8
cem_linear_norm,cem_linear,continuous,50,157,0.406963,0.118745,0.833515,2.8
cem_linear_norm,cem_linear,continuous,50,158,0.402800,0.120033,0.833515,2.8
cem_linear_norm,cem_linear,continuous,50,159,0.419299,0.118138,0.812840,2.8
cem_linear_norm,cem_linear,continuous,50,160,0.417738,0.118371,0.798694,2.8
cem_linear_norm,cem_linear,continuous,50,161,0.406522,0.119319,0.822633,2.8
cem_linear_norm,cem_linear,continuous,50,162,0.425834,0.121111,0.809576,2.8
cem_linear_norm,cem_linear,continuous,50,163,0.414682,0.120993,0.825898,2.8
cem_linear_norm,cem_linear,continuous,50,164,0.416640,0.119653,0.822633,2.8
cem_linear_norm,cem_linear,continuous,50,165,0.391402,0.118131,0.834603,2.8
cem_linear_norm,cem_linear,continuous,50,166,0.398648,0.118361,0.829162,2.8
cem_linear_norm,cem_linear,continuous,50,167,0.403200,0.118448,0.831338,2.8
cem_linear_norm,cem_linear,continuous,50,168,0.395083,0.118072,0.834603,2.8
cem_linear_norm,cem_linear,continuous,50,169,0.420821,0.121088,0.813928,2.8
cem_linear_norm,cem_linear,continuous,50,170,0.410949,0.118147,0.818281,2.8
cem_linear_norm,cem_linear,continuous,50,171,0.412348,0.119042,0.810664,2.8
cem_linear_norm,cem_linear,continuous,50,172,0.403166,0.118504,0.817193,2.8
cem_linear_norm,cem_linear,continuous,50,173,0.414704,0.118143,0.824810,2.8
cem_linear_norm,cem_linear,continuous,50,174,0.413432,0.118997,0.821545,2.8
cem_linear_norm,cem_linear,continuous,50,175,0.423205,0.118765,0.815016,2.8
cem_linear_norm,cem_linear,continuous,50,176,0.377507,0.117621,0.835691,2.8
cem_linear_norm,cem_linear,continuous,50,177,0.399426,0.118752,0.829162,2.8
cem_linear_norm,cem_linear,continuous,50,178,0.408095,0.117807,0.828074,2.8
cem_linear_norm,cem_linear,continuous,50,179,0.395295,0.117397,0.821545,2.8
cem_linear_norm,cem_linear,continuous,50,180,0.393305,0.117631,0.845484,2.8
cem_linear_norm,cem_linear,continuous,50,181,0.422094,0.118581,0.824810,2.8
cem_linear_norm,cem_linear,continuous,50,182,0.398339,0.116369,0.834603,2.8
cem_linear_norm,cem_linear,continuous,50,183,0.391103,0.116381,0.843308,2.9
cem_linear_norm,cem_linear,continuous,50,184,0.399531,0.117679,0.825898,2.8
cem_linear_norm,cem_linear,continuous,50,185,0.392757,0.118796,0.829162,2.8
cem_linear_norm,cem_linear,continuous,50,186,0.400799,0.117538,0.824810,2.8
cem_linear_norm,cem_linear,continuous,50,187,0.365014,0.115835,0.841132,2.8
cem_linear_norm,cem_linear,continuous,50,188,0.391983,0.118175,0.834603,2.8
cem_linear_norm,cem_linear,continuous,50,189,0.386894,0.121907,0.835691,2.8
cem_linear_norm,cem_linear,continuous,50,190,0.354998,0.115854,0.854189,2.8
cem_linear_norm,cem_linear,continuous,50,191,0.389055,0.116255,0.848749,2.8
cem_linear_norm,cem_linear,continuous,50,192,0.385777,0.117084,0.845484,2.8
cem_linear_norm,cem_linear,continuous,50,193,0.381395,0.116814,0.840044,2.8
cem_linear_norm,cem_linear,continuous,50,194,0.406863,0.117550,0.817193,2.8
cem_linear_norm,cem_linear,continuous,50,195,0.380775,0.115757,0.831338,2.8
cem_linear_norm,cem_linear,continuous,50,196,0.406043,0.117399,0.830250,2.8
cem_linear_norm,cem_linear,continuous,50,197,0.368373,0.116027,0.847661,2.8
cem_linear_norm,cem_linear,continuous,50,198,0.422834,0.117897,0.809576,2.8
cem_linear_norm,cem_linear,continuous,50,199,0.361230,0.116203,0.845484,2.8
cem_linear_norm,cem_linear,continuous,50,200,0.366031,0.116933,0.844396,2.8
cem_linear_norm,cem_linear,continuous,50,201,0.386005,0.114716,0.835691,2.8
cem_linear_norm,cem_linear,continuous,50,202,0.375267,0.117222,0.835691,2.8
cem_linear_norm,cem_linear,continuous,50,203,0.379191,0.117017,0.836779,2.8
cem_linear_norm,cem_linear,continuous,50,204,0.359662,0.115465,0.854189,2.8
cem_linear_norm,cem_linear,continuous,50,205,0.347787,0.114342,0.861806,2.8
cem_linear_norm,cem_linear,continuous,50,206,0.360988,0.115768,0.850925,2.8
cem_linear_norm,cem_linear,continuous,50,207,0.362532,0.115223,0.852013,2.8
cem_linear_norm,cem_linear,continuous,50,208,0.361669,0.116491,0.850925,2.8
cem_linear_norm,cem_linear,continuous,50,209,0.350412,0.117401,0.853101,2.8
cem_linear_norm,cem_linear,continuous,50,210,0.383258,0.116271,0.837867,2.8
cem_linear_norm,cem_linear,continuous,50,211,0.388514,0.115506,0.823721,2.8
cem_linear_norm,cem_linear,continuous,50,212,0.371632,0.116042,0.842220,2.8
cem_linear_norm,cem_linear,continuous,50,213,0.362767,0.116581,0.859630,2.8
cem_linear_norm,cem_linear,continuous,50,214,0.370221,0.115972,0.840044,2.8
cem_linear_norm,cem_linear,continuous,50,215,0.360368,0.116625,0.846572,2.8
cem_linear_norm,cem_linear,continuous,50,216,0.369122,0.117478,0.835691,2.8
cem_linear_norm,cem_linear,continuous,50,217,0.365817,0.115266,0.843308,2.8
cem_linear_norm,cem_linear,continuous,50,218,0.353682,0.113760,0.843308,2.8
cem_linear_norm,cem_linear,continuous,50,219,0.360888,0.114707,0.852013,2.8
cem_linear_norm,cem_linear,continuous,50,220,0.373692,0.116697,0.849837,2.8
cem_linear_norm,cem_linear,continuous,50,221,0.349682,0.114813,0.859630,2.8
cem_linear_norm,cem_linear,continuous,50,222,0.375080,0.115065,0.840044,2.8
cem_linear_norm,cem_linear,continuous,50,223,0.354010,0.114788,0.852013,2.8
cem_linear_norm,cem_linear,continuous,50,224,0.358755,0.116238,0.842220,2.8
cem_linear_norm,cem_linear,continuous,50,225,0.354604,0.116849,0.856366,2.8
cem_linear_norm,cem_linear,continuous,50,226,0.371303,0.116434,0.841132,2.8
cem_linear_norm,cem_linear,continuous,50,227,0.347870,0.116345,0.842220,2.8
cem_linear_norm,cem_linear,continuous,50,228,0.340513,0.115839,0.857454,2.8
cem_linear_norm,cem_linear,continuous,50,229,0.379485,0.116561,0.831338,2.8
cem_linear_norm,cem_linear,continuous,50,230,0.360036,0.117188,0.857454,2.8
cem_linear_norm,cem_linear,continuous,50,231,0.364457,0.115218,0.844396,2.8
cem_linear_norm,cem_linear,continuous,50,232,0.359439,0.115565,0.853101,2.8
cem_linear_norm,cem_linear,continuous,50,233,0.353912,0.116879,0.848749,2.8
cem_linear_norm,cem_linear,continuous,50,234,0.385766,0.114639,0.840044,2.8
cem_linear_norm,cem_linear,continuous,50,235,0.371799,0.113994,0.846572,2.8
cem_linear_norm,cem_linear,continuous,50,236,0.346181,0.113345,0.852013,2.8
cem_linear_norm,cem_linear,continuous,50,237,0.377893,0.114726,0.832427,2.9
cem_linear_norm,cem_linear,continuous,50,238,0.339172,0.115214,0.856366,2.8
cem_linear_norm,cem_linear,continuous,50,239,0.386654,0.115244,0.826986,2.8
cem_linear_norm,cem_linear,continuous,50,240,0.336986,0.115071,0.858542,2.8
cem_linear_norm,cem_linear,continuous,50,241,0.364052,0.114829,0.838955,2.8
cem_linear_norm,cem_linear,continuous,50,242,0.362210,0.116981,0.850925,2.8
cem_linear_norm,cem_linear,continuous,50,243,0.333412,0.116037,0.855277,2.8
cem_linear_norm,cem_linear,continuous,50,244,0.348140,0.115579,0.847661,2.8
cem_linear_norm,cem_linear,continuous,50,245,0.348940,0.114080,0.859630,2.8
cem_linear_norm,cem_linear,continuous,50,246,0.329106,0.116827,0.877040,2.8
cem_linear_norm,cem_linear,continuous,50,247,0.319973,0.112639,0.859630,2.8
cem_linear_norm,cem_linear,continuous,50,248,0.348535,0.114771,0.855277,2.8
cem_linear_norm,cem_linear,continuous,50,249,0.347908,0.113105,0.845484,2.8
cem_linear_norm,cem_linear,continuous,50,250,0.358787,0.114135,0.843308,2.8
cem_linear_norm,cem_linear,continuous,51,1,0.738200,0.307562,0.500531,2.9
cem_linear_norm,cem_linear,continuous,51,2,0.684285,0.156240,0.570670,2.9
cem_linear_norm,cem_linear,continuous,51,3,0.677916,0.156243,0.564293,2.9
cem_linear_norm,cem_linear,continuous,51,4,0.659787,0.156718,0.585547,2.9
cem_linear_norm,cem_linear,continuous,51,5,0.639820,0.154431,0.611052,2.9
cem_linear_norm,cem_linear,continuous,51,6,0.656380,0.152495,0.594049,2.9
cem_linear_norm,cem_linear,continuous,51,7,0.639446,0.154449,0.617428,2.9
cem_linear_norm,cem_linear,continuous,51,8,0.649567,0.152720,0.597237,2.9
cem_linear_norm,cem_linear,continuous,51,9,0.654950,0.153759,0.558980,2.9
cem_linear_norm,cem_linear,continuous,51,10,0.627620,0.151683,0.619554,2.9
cem_linear_norm,cem_linear,continuous,51,11,0.642531,0.151939,0.582359,2.9
cem_linear_norm,cem_linear,continuous,51,12,0.630870,0.156561,0.623804,2.9
cem_linear_norm,cem_linear,continuous,51,13,0.617092,0.149847,0.634431,2.9
cem_linear_norm,cem_linear,continuous,51,14,0.617901,0.153269,0.624867,2.9
cem_linear_norm,cem_linear,continuous,51,15,0.646724,0.150645,0.601488,2.9
cem_linear_norm,cem_linear,continuous,51,16,0.643627,0.149883,0.618491,2.9
cem_linear_norm,cem_linear,continuous,51,17,0.641974,0.150862,0.606801,2.9
cem_linear_norm,cem_linear,continuous,51,18,0.617929,0.150984,0.647184,2.9
cem_linear_norm,cem_linear,continuous,51,19,0.640463,0.149852,0.596174,2.9
cem_linear_norm,cem_linear,continuous,51,20,0.654748,0.155956,0.617428,2.9
cem_linear_norm,cem_linear,continuous,51,21,0.616255,0.150091,0.660999,2.9
cem_linear_norm,cem_linear,continuous,51,22,0.616871,0.148784,0.648247,2.9
cem_linear_norm,cem_linear,continuous,51,23,0.613043,0.148911,0.648247,2.9
cem_linear_norm,cem_linear,continuous,51,24,0.655506,0.152320,0.602550,2.9
cem_linear_norm,cem_linear,continuous,51,25,0.608196,0.148652,0.628055,2.9
cem_linear_norm,cem_linear,continuous,51,26,0.627270,0.148660,0.634431,2.9
cem_linear_norm,cem_linear,continuous,51,27,0.638701,0.147338,0.605739,2.9
cem_linear_norm,cem_linear,continuous,51,28,0.614417,0.146940,0.635494,2.9
cem_linear_norm,cem_linear,continuous,51,29,0.597351,0.148635,0.653560,2.9
cem_linear_norm,cem_linear,continuous,51,30,0.600706,0.147022,0.656748,2.9
cem_linear_norm,cem_linear,continuous,51,31,0.607482,0.146279,0.653560,2.9
cem_linear_norm,cem_linear,continuous,51,32,0.634883,0.147142,0.659936,2.9
cem_linear_norm,cem_linear,continuous,51,33,0.609415,0.146409,0.646121,2.9
cem_linear_norm,cem_linear,continuous,51,34,0.626908,0.144722,0.658874,2.9
cem_linear_norm,cem_linear,continuous,51,35,0.611265,0.144615,0.666312,2.9
cem_linear_norm,cem_linear,continuous,51,36,0.592640,0.143160,0.684378,2.9
cem_linear_norm,cem_linear,continuous,51,37,0.570178,0.144518,0.707758,2.9
cem_linear_norm,cem_linear,continuous,51,38,0.601756,0.145610,0.659936,2.9
cem_linear_norm,cem_linear,continuous,51,39,0.623082,0.144136,0.639745,2.9
cem_linear_norm,cem_linear,continuous,51,40,0.590465,0.142113,0.697131,2.9
cem_linear_norm,cem_linear,continuous,51,41,0.554002,0.142072,0.731137,2.9
cem_linear_norm,cem_linear,continuous,51,42,0.608945,0.144111,0.678002,2.9
cem_linear_norm,cem_linear,continuous,51,43,0.547299,0.139935,0.731137,2.9
cem_linear_norm,cem_linear,continuous,51,44,0.562060,0.143536,0.700319,2.9
cem_linear_norm,cem_linear,continuous,51,45,0.551176,0.139383,0.716259,2.9
cem_linear_norm,cem_linear,continuous,51,46,0.533186,0.137555,0.742827,2.9
cem_linear_norm,cem_linear,continuous,51,47,0.558373,0.138018,0.722635,2.9
cem_linear_norm,cem_linear,continuous,51,48,0.553556,0.138275,0.737513,2.9
cem_linear_norm,cem_linear,continuous,51,49,0.535545,0.133218,0.735388,2.9
cem_linear_norm,cem_linear,continuous,51,50,0.528574,0.136613,0.730074,2.9
cem_linear_norm,cem_linear,continuous,51,51,0.554700,0.138056,0.732200,2.9
cem_linear_norm,cem_linear,continuous,51,52,0.540319,0.131735,0.742827,2.9
cem_linear_norm,cem_linear,continuous,51,53,0.498002,0.131255,0.765143,2.9
cem_linear_norm,cem_linear,continuous,51,54,0.504022,0.133456,0.758767,2.9
cem_linear_norm,cem_linear,continuous,51,55,0.480650,0.132509,0.782147,2.9
cem_linear_norm,cem_linear,continuous,51,56,0.519868,0.132579,0.747078,2.9
cem_linear_norm,cem_linear,continuous,51,57,0.513532,0.132888,0.748140,2.9
cem_linear_norm,cem_linear,continuous,51,58,0.505947,0.129450,0.771520,2.9
cem_linear_norm,cem_linear,continuous,51,59,0.476505,0.128862,0.788523,2.9
cem_linear_norm,cem_linear,continuous,51,60,0.511206,0.131565,0.766206,2.9
cem_linear_norm,cem_linear,continuous,51,61,0.518038,0.130840,0.763018,2.9
cem_linear_norm,cem_linear,continuous,51,62,0.509898,0.129067,0.772582,2.9
cem_linear_norm,cem_linear,continuous,51,63,0.472474,0.130270,0.775770,2.9
cem_linear_norm,cem_linear,continuous,51,64,0.565517,0.131381,0.717322,2.9
cem_linear_norm,cem_linear,continuous,51,65,0.483355,0.129340,0.778959,2.9
cem_linear_norm,cem_linear,continuous,51,66,0.503009,0.129775,0.777896,2.9
cem_linear_norm,cem_linear,continuous,51,67,0.462680,0.129396,0.789586,2.9
cem_linear_norm,cem_linear,continuous,51,68,0.496108,0.128138,0.766206,2.9
cem_linear_norm,cem_linear,continuous,51,69,0.458769,0.127344,0.801275,2.9
cem_linear_norm,cem_linear,continuous,51,70,0.461440,0.126152,0.794899,2.9
cem_linear_norm,cem_linear,continuous,51,71,0.495538,0.126349,0.774708,2.9
cem_linear_norm,cem_linear,continuous,51,72,0.452615,0.127824,0.792774,2.9
cem_linear_norm,cem_linear,continuous,51,73,0.494999,0.127126,0.771520,2.9
cem_linear_norm,cem_linear,continuous,51,74,0.481994,0.126334,0.768332,2.9
cem_linear_norm,cem_linear,continuous,51,75,0.477867,0.126651,0.783209,2.9
cem_linear_norm,cem_linear,continuous,51,76,0.461589,0.125111,0.791711,2.9
cem_linear_norm,cem_linear,continuous,51,77,0.478972,0.128026,0.771520,2.9
cem_linear_norm,cem_linear,continuous,51,78,0.486149,0.128798,0.768332,2.9
cem_linear_norm,cem_linear,continuous,51,79,0.472658,0.124230,0.782147,2.9
cem_linear_norm,cem_linear,continuous,51,80,0.468093,0.125196,0.801275,2.9
cem_linear_norm,cem_linear,continuous,51,81,0.454985,0.123068,0.792774,2.9
cem_linear_norm,cem_linear,continuous,51,82,0.460962,0.124807,0.801275,2.9
cem_linear_norm,cem_linear,continuous,51,83,0.411782,0.123714,0.820404,2.9
cem_linear_norm,cem_linear,continuous,51,84,0.457400,0.124289,0.791711,2.9
cem_linear_norm,cem_linear,continuous,51,85,0.442678,0.125532,0.811902,2.9
cem_linear_norm,cem_linear,continuous,51,86,0.430971,0.124721,0.811902,2.9
cem_linear_norm,cem_linear,continuous,51,87,0.439507,0.123267,0.800213,2.9
cem_linear_norm,cem_linear,continuous,51,88,0.429863,0.123784,0.797024,2.9
cem_linear_norm,cem_linear,continuous,51,89,0.422375,0.123007,0.818278,2.9
cem_linear_norm,cem_linear,continuous,51,90,0.471214,0.125670,0.784272,2.9
cem_linear_norm,cem_linear,continuous,51,91,0.464794,0.122717,0.795962,2.9
cem_linear_norm,cem_linear,continuous,51,92,0.435187,0.123648,0.797024,2.9
cem_linear_norm,cem_linear,continuous,51,93,0.418240,0.122525,0.826780,2.9
cem_linear_norm,cem_linear,continuous,51,94,0.464701,0.123253,0.781084,2.9
cem_linear_norm,cem_linear,continuous,51,95,0.447725,0.124306,0.812965,2.9
cem_linear_norm,cem_linear,continuous,51,96,0.441650,0.122633,0.812965,2.9
cem_linear_norm,cem_linear,continuous,51,97,0.433980,0.122280,0.812965,2.9
cem_linear_norm,cem_linear,continuous,51,98,0.420634,0.122337,0.805526,2.9
cem_linear_norm,cem_linear,continuous,51,99,0.422045,0.121904,0.817216,2.9
cem_linear_norm,cem_linear,continuous,51,100,0.425750,0.122195,0.818278,2.9
cem_linear_norm,cem_linear,continuous,51,101,0.425255,0.121310,0.823592,2.9
cem_linear_norm,cem_linear,continuous,51,102,0.424433,0.120724,0.823592,2.9
cem_linear_norm,cem_linear,continuous,51,103,0.422655,0.122087,0.809777,2.9
cem_linear_norm,cem_linear,continuous,51,104,0.415702,0.119980,0.823592,2.9
cem_linear_norm,cem_linear,continuous,51,105,0.406605,0.121286,0.815090,2.9
cem_linear_norm,cem_linear,continuous,51,106,0.432976,0.121156,0.811902,2.9
cem_linear_norm,cem_linear,continuous,51,107,0.403605,0.121196,0.824655,2.9
cem_linear_norm,cem_linear,continuous,51,108,0.435232,0.123555,0.817216,2.9
cem_linear_norm,cem_linear,continuous,51,109,0.411944,0.123371,0.828905,2.9
cem_linear_norm,cem_linear,continuous,51,110,0.384709,0.122805,0.825717,2.9
cem_linear_norm,cem_linear,continuous,51,111,0.418215,0.120638,0.818278,2.9
cem_linear_norm,cem_linear,continuous,51,112,0.405567,0.121520,0.820404,2.9
cem_linear_norm,cem_linear,continuous,51,113,0.391864,0.120919,0.831031,2.9
cem_linear_norm,cem_linear,continuous,51,114,0.416736,0.122889,0.827843,2.9
cem_linear_norm,cem_linear,continuous,51,115,0.440135,0.118799,0.803401,2.9
cem_linear_norm,cem_linear,continuous,51,116,0.420339,0.119561,0.809777,2.9
cem_linear_norm,cem_linear,continuous,51,117,0.407685,0.119976,0.827843,2.9
cem_linear_norm,cem_linear,continuous,51,118,0.415761,0.120545,0.819341,2.9
cem_linear_norm,cem_linear,continuous,51,119,0.440884,0.120899,0.792774,2.9
cem_linear_norm,cem_linear,continuous,51,120,0.381310,0.117815,0.835282,2.9
cem_linear_norm,cem_linear,continuous,51,121,0.412580,0.121007,0.821467,2.9
cem_linear_norm,cem_linear,continuous,51,122,0.400257,0.120384,0.824655,2.9
cem_linear_norm,cem_linear,continuous,51,123,0.404500,0.121816,0.824655,2.9
cem_linear_norm,cem_linear,continuous,51,124,0.402110,0.120036,0.839532,2.9
cem_linear_norm,cem_linear,continuous,51,125,0.401225,0.121206,0.831031,2.9
cem_linear_norm,cem_linear,continuous,51,126,0.397386,0.118446,0.831031,2.9
cem_linear_norm,cem_linear,continuous,51,127,0.400552,0.120856,0.828905,2.9
cem_linear_norm,cem_linear,continuous,51,128,0.412442,0.120885,0.823592,2.9
cem_linear_norm,cem_linear,continuous,51,129,0.372945,0.119403,0.840595,2.9
cem_linear_norm,cem_linear,continuous,51,130,0.377915,0.118524,0.846971,2.9
cem_linear_norm,cem_linear,continuous,51,131,0.395724,0.122368,0.838470,2.9
cem_linear_norm,cem_linear,continuous,51,132,0.379827,0.120137,0.843783,2.9
cem_linear_norm,cem_linear,continuous,51,133,0.416468,0.118833,0.815090,2.9
cem_linear_norm,cem_linear,continuous,51,134,0.381832,0.119391,0.849097,2.9
cem_linear_norm,cem_linear,continuous,51,135,0.381445,0.119692,0.842721,2.9
cem_linear_norm,cem_linear,continuous,51,136,0.374171,0.119354,0.842721,2.9
cem_linear_norm,cem_linear,continuous,51,137,0.384002,0.119719,0.833156,2.9
cem_linear_norm,cem_linear,continuous,51,138,0.420558,0.119800,0.812965,2.9
cem_linear_norm,cem_linear,continuous,51,139,0.392268,0.120236,0.839532,2.9
cem_linear_norm,cem_linear,continuous,51,140,0.402724,0.118111,0.832094,2.9
cem_linear_norm,cem_linear,continuous,51,141,0.385961,0.118180,0.833156,2.9
cem_linear_norm,cem_linear,continuous,51,142,0.382638,0.118036,0.836344,2.9
cem_linear_norm,cem_linear,continuous,51,143,0.378396,0.118589,0.833156,2.9
cem_linear_norm,cem_linear,continuous,51,144,0.391122,0.119964,0.820404,2.9
cem_linear_norm,cem_linear,continuous,51,145,0.373536,0.119938,0.835282,2.9
cem_linear_norm,cem_linear,continuous,51,146,0.361115,0.118896,0.849097,2.9
cem_linear_norm,cem_linear,continuous,51,147,0.383673,0.119043,0.831031,2.9
cem_linear_norm,cem_linear,continuous,51,148,0.395775,0.119408,0.846971,2.9
cem_linear_norm,cem_linear,continuous,51,149,0.364456,0.116769,0.854410,2.9
cem_linear_norm,cem_linear,continuous,51,150,0.364649,0.116675,0.850159,2.9
cem_linear_norm,cem_linear,continuous,51,151,0.397442,0.118524,0.821467,2.9
cem_linear_norm,cem_linear,continuous,51,152,0.362741,0.117313,0.853348,2.9
cem_linear_norm,cem_linear,continuous,51,153,0.369042,0.117736,0.849097,2.9
cem_linear_norm,cem_linear,continuous,51,154,0.380707,0.116541,0.850159,2.9
cem_linear_norm,cem_linear,continuous,51,155,0.377617,0.117489,0.829968,2.9
cem_linear_norm,cem_linear,continuous,51,156,0.383833,0.117474,0.839532,2.9
cem_linear_norm,cem_linear,continuous,51,157,0.365068,0.115982,0.845909,2.9
cem_linear_norm,cem_linear,continuous,51,158,0.386810,0.117280,0.819341,2.9
cem_linear_norm,cem_linear,continuous,51,159,0.370195,0.114980,0.845909,2.9
cem_linear_norm,cem_linear,continuous,51,160,0.374047,0.117248,0.845909,2.9
cem_linear_norm,cem_linear,continuous,51,161,0.379532,0.116258,0.837407,2.9
cem_linear_norm,cem_linear,continuous,51,162,0.387428,0.119290,0.835282,2.9
cem_linear_norm,cem_linear,continuous,51,163,0.365080,0.117017,0.839532,2.9
cem_linear_norm,cem_linear,continuous,51,164,0.371178,0.114446,0.839532,2.9
cem_linear_norm,cem_linear,continuous,51,165,0.360449,0.118084,0.853348,2.9
cem_linear_norm,cem_linear,continuous,51,166,0.367714,0.117404,0.865037,2.9
cem_linear_norm,cem_linear,continuous,51,167,0.376839,0.116257,0.838470,2.9
cem_linear_norm,cem_linear,continuous,51,168,0.369751,0.115925,0.858661,2.9
cem_linear_norm,cem_linear,continuous,51,169,0.381730,0.117571,0.846971,2.9
cem_linear_norm,cem_linear,continuous,51,170,0.368942,0.115216,0.854410,2.9
cem_linear_norm,cem_linear,continuous,51,171,0.361224,0.114570,0.845909,2.9
cem_linear_norm,cem_linear,continuous,51,172,0.353821,0.117737,0.859724,2.9
cem_linear_norm,cem_linear,continuous,51,173,0.385436,0.116010,0.841658,2.9
cem_linear_norm,cem_linear,continuous,51,174,0.373974,0.116905,0.839532,2.9
cem_linear_norm,cem_linear,continuous,51,175,0.358947,0.115688,0.857598,2.9
cem_linear_norm,cem_linear,continuous,51,176,0.374379,0.118712,0.842721,2.9
cem_linear_norm,cem_linear,continuous,51,177,0.348532,0.114853,0.846971,2.9
cem_linear_norm,cem_linear,continuous,51,178,0.351288,0.115558,0.848034,2.9
cem_linear_norm,cem_linear,continuous,51,179,0.356436,0.116205,0.842721,2.9
cem_linear_norm,cem_linear,continuous,51,180,0.352117,0.116588,0.856536,2.9
cem_linear_norm,cem_linear,continuous,51,181,0.380506,0.116518,0.833156,2.9
cem_linear_norm,cem_linear,continuous,51,182,0.369917,0.113938,0.845909,2.9
cem_linear_norm,cem_linear,continuous,51,183,0.383054,0.116535,0.843783,2.9
cem_linear_norm,cem_linear,continuous,51,184,0.346483,0.116067,0.845909,2.9
cem_linear_norm,cem_linear,continuous,51,185,0.348710,0.114670,0.859724,3.6
cem_linear_norm,cem_linear,continuous,51,186,0.335086,0.116548,0.860786,2.9
cem_linear_norm,cem_linear,continuous,51,187,0.364965,0.116017,0.849097,2.9
cem_linear_norm,cem_linear,continuous,51,188,0.353528,0.116156,0.844846,2.9
cem_linear_norm,cem_linear,continuous,51,189,0.377124,0.117594,0.839532,2.9
cem_linear_norm,cem_linear,continuous,51,190,0.369296,0.116796,0.836344,2.9
cem_linear_norm,cem_linear,continuous,51,191,0.348529,0.116503,0.852285,2.9
cem_linear_norm,cem_linear,continuous,51,192,0.357659,0.116210,0.850159,2.9
cem_linear_norm,cem_linear,continuous,51,193,0.370318,0.116537,0.849097,2.9
cem_linear_norm,cem_linear,continuous,51,194,0.353146,0.117029,0.861849,2.9
cem_linear_norm,cem_linear,continuous,51,195,0.366683,0.115736,0.842721,2.9
cem_linear_norm,cem_linear,continuous,51,196,0.348313,0.115105,0.859724,2.9
cem_linear_norm,cem_linear,continuous,51,197,0.346931,0.115100,0.853348,2.9
cem_linear_norm,cem_linear,continuous,51,198,0.356604,0.115721,0.850159,2.9
cem_linear_norm,cem_linear,continuous,51,199,0.349485,0.116862,0.867163,2.9
cem_linear_norm,cem_linear,continuous,51,200,0.331312,0.114250,0.871413,2.9
cem_linear_norm,cem_linear,continuous,51,201,0.357645,0.114944,0.849097,2.9
cem_linear_norm,cem_linear,continuous,51,202,0.355606,0.114709,0.855473,2.9
cem_linear_norm,cem_linear,continuous,51,203,0.345583,0.115171,0.858661,2.9
cem_linear_norm,cem_linear,continuous,51,204,0.357370,0.115352,0.851222,2.9
cem_linear_norm,cem_linear,continuous,51,205,0.376613,0.115116,0.842721,2.9
cem_linear_norm,cem_linear,continuous,51,206,0.343848,0.113797,0.862912,2.9
cem_linear_norm,cem_linear,continuous,51,207,0.350957,0.115117,0.844846,2.9
cem_linear_norm,cem_linear,continuous,51,208,0.363910,0.114840,0.855473,2.9
cem_linear_norm,cem_linear,continuous,51,209,0.342114,0.115502,0.857598,2.9
cem_linear_norm,cem_linear,continuous,51,210,0.347847,0.113201,0.860786,2.9
cem_linear_norm,cem_linear,continuous,51,211,0.327717,0.114209,0.872476,2.9
cem_linear_norm,cem_linear,continuous,51,212,0.320607,0.114831,0.863974,2.9
cem_linear_norm,cem_linear,continuous,51,213,0.343106,0.114497,0.843783,2.9
cem_linear_norm,cem_linear,continuous,51,214,0.343042,0.114449,0.853348,2.9
cem_linear_norm,cem_linear,continuous,51,215,0.321973,0.113513,0.866100,2.9
cem_linear_norm,cem_linear,continuous,51,216,0.349377,0.114092,0.855473,2.9
cem_linear_norm,cem_linear,continuous,51,217,0.335354,0.114231,0.865037,2.9
cem_linear_norm,cem_linear,continuous,51,218,0.353522,0.114936,0.842721,2.9
cem_linear_norm,cem_linear,continuous,51,219,0.346954,0.113873,0.848034,2.9
cem_linear_norm,cem_linear,continuous,51,220,0.357242,0.113485,0.843783,2.9
cem_linear_norm,cem_linear,continuous,51,221,0.335316,0.113209,0.860786,2.9
cem_linear_norm,cem_linear,continuous,51,222,0.326988,0.113750,0.862912,2.9
cem_linear_norm,cem_linear,continuous,51,223,0.331821,0.113975,0.867163,2.9
cem_linear_norm,cem_linear,continuous,51,224,0.347186,0.113289,0.851222,2.9
cem_linear_norm,cem_linear,continuous,51,225,0.352849,0.116831,0.855473,2.9
cem_linear_norm,cem_linear,continuous,51,226,0.338406,0.114579,0.860786,2.9
cem_linear_norm,cem_linear,continuous,51,227,0.331527,0.113870,0.857598,2.9
cem_linear_norm,cem_linear,continuous,51,228,0.350607,0.114876,0.849097,2.9
cem_linear_norm,cem_linear,continuous,51,229,0.352117,0.114470,0.844846,2.9
cem_linear_norm,cem_linear,continuous,51,230,0.354630,0.114294,0.858661,2.9
cem_linear_norm,cem_linear,continuous,51,231,0.335642,0.114071,0.862912,2.9
cem_linear_norm,cem_linear,continuous,51,232,0.356113,0.114733,0.851222,2.9
cem_linear_norm,cem_linear,continuous,51,233,0.335532,0.114851,0.860786,2.9
cem_linear_norm,cem_linear,continuous,51,234,0.316433,0.111113,0.863974,2.9
cem_linear_norm,cem_linear,continuous,51,235,0.372058,0.115138,0.845909,2.9
cem_linear_norm,cem_linear,continuous,51,236,0.331056,0.113035,0.869288,2.9
cem_linear_norm,cem_linear,continuous,51,237,0.335566,0.112968,0.868225,2.9
cem_linear_norm,cem_linear,continuous,51,238,0.336293,0.111586,0.862912,2.9
cem_linear_norm,cem_linear,continuous,51,239,0.339281,0.114344,0.853348,2.9
cem_linear_norm,cem_linear,continuous,51,240,0.324021,0.113815,0.872476,2.9
cem_linear_norm,cem_linear,continuous,51,241,0.342324,0.114553,0.850159,2.9
cem_linear_norm,cem_linear,continuous,51,242,0.343320,0.112953,0.846971,2.9
cem_linear_norm,cem_linear,continuous,51,243,0.327411,0.112560,0.854410,2.9
cem_linear_norm,cem_linear,continuous,51,244,0.318579,0.112466,0.869288,2.9
cem_linear_norm,cem_linear,continuous,51,245,0.336476,0.112415,0.852285,2.9
cem_linear_norm,cem_linear,continuous,51,246,0.295668,0.111848,0.888417,2.9
cem_linear_norm,cem_linear,continuous,51,247,0.322803,0.112557,0.873539,2.9
cem_linear_norm,cem_linear,continuous,51,248,0.334863,0.113659,0.850159,2.9
cem_linear_norm,cem_linear,continuous,51,249,0.318034,0.114059,0.865037,2.9
cem_linear_norm,cem_linear,continuous,51,250,0.323161,0.111855,0.875664,2.9
cem_linear_norm,cem_linear,continuous,52,1,0.747776,0.395852,0.565940,3.0
cem_linear_norm,cem_linear,continuous,52,2,0.649129,0.171062,0.593977,2.9
cem_linear_norm,cem_linear,continuous,52,3,0.659625,0.155918,0.590862,3.0
cem_linear_norm,cem_linear,continuous,52,4,0.678430,0.156483,0.587747,3.0
cem_linear_norm,cem_linear,continuous,52,5,0.675337,0.155253,0.570093,3.0
cem_linear_norm,cem_linear,continuous,52,6,0.645126,0.160480,0.593977,3.0
cem_linear_norm,cem_linear,continuous,52,7,0.650825,0.154112,0.608515,2.9
cem_linear_norm,cem_linear,continuous,52,8,0.628520,0.151143,0.620976,3.0
cem_linear_norm,cem_linear,continuous,52,9,0.668730,0.152551,0.609553,3.0
cem_linear_norm,cem_linear,continuous,52,10,0.657901,0.150624,0.601246,3.0
cem_linear_norm,cem_linear,continuous,52,11,0.661724,0.150609,0.590862,3.0
cem_linear_norm,cem_linear,continuous,52,12,0.654199,0.150535,0.583593,3.0
cem_linear_norm,cem_linear,continuous,52,13,0.655828,0.154362,0.603323,2.9
cem_linear_norm,cem_linear,continuous,52,14,0.633456,0.149505,0.645898,2.9
cem_linear_norm,cem_linear,continuous,52,15,0.642092,0.148555,0.610592,3.0
cem_linear_norm,cem_linear,continuous,52,16,0.605403,0.147200,0.647975,2.9
cem_linear_norm,cem_linear,continuous,52,17,0.643589,0.150158,0.629283,3.0
cem_linear_norm,cem_linear,continuous,52,18,0.636141,0.148931,0.645898,2.9
cem_linear_norm,cem_linear,continuous,52,19,0.629637,0.148460,0.637591,3.0
cem_linear_norm,cem_linear,continuous,52,20,0.630160,0.148617,0.626168,2.9
cem_linear_norm,cem_linear,continuous,52,21,0.617685,0.146545,0.667705,2.9
cem_linear_norm,cem_linear,continuous,52,22,0.594663,0.147495,0.655244,3.0
cem_linear_norm,cem_linear,continuous,52,23,0.640583,0.148194,0.628245,2.9
cem_linear_norm,cem_linear,continuous,52,24,0.631990,0.147096,0.639668,3.0
cem_linear_norm,cem_linear,continuous,52,25,0.635888,0.146451,0.626168,2.9
cem_linear_norm,cem_linear,continuous,52,26,0.635990,0.146872,0.643821,2.9
cem_linear_norm,cem_linear,continuous,52,27,0.587503,0.145156,0.684320,3.0
cem_linear_norm,cem_linear,continuous,52,28,0.642332,0.144398,0.647975,3.0
cem_linear_norm,cem_linear,continuous,52,29,0.601211,0.145368,0.665628,2.9
cem_linear_norm,cem_linear,continuous,52,30,0.608517,0.144001,0.663551,3.0
cem_linear_norm,cem_linear,continuous,52,31,0.615551,0.145517,0.659398,3.0
cem_linear_norm,cem_linear,continuous,52,32,0.610903,0.144744,0.663551,2.9
cem_linear_norm,cem_linear,continuous,52,33,0.581329,0.140156,0.705088,2.9
cem_linear_norm,cem_linear,continuous,52,34,0.583017,0.140692,0.691589,2.9
cem_linear_norm,cem_linear,continuous,52,35,0.584408,0.142521,0.698858,3.0
cem_linear_norm,cem_linear,continuous,52,36,0.575735,0.139628,0.699896,3.0
cem_linear_norm,cem_linear,continuous,52,37,0.569203,0.139970,0.714434,3.0
cem_linear_norm,cem_linear,continuous,52,38,0.584926,0.139619,0.693666,2.9
cem_linear_norm,cem_linear,continuous,52,39,0.575179,0.138808,0.722741,3.0
cem_linear_norm,cem_linear,continuous,52,40,0.547173,0.136470,0.735202,3.0
cem_linear_norm,cem_linear,continuous,52,41,0.543813,0.135880,0.740395,3.0
cem_linear_norm,cem_linear,continuous,52,42,0.521131,0.135140,0.743510,2.9
cem_linear_norm,cem_linear,continuous,52,43,0.558287,0.135350,0.721703,3.0
cem_linear_norm,cem_linear,continuous,52,44,0.513009,0.133227,0.755971,2.9
cem_linear_norm,cem_linear,continuous,52,45,0.527873,0.133962,0.744548,3.0
cem_linear_norm,cem_linear,continuous,52,46,0.542987,0.135132,0.720665,2.9
cem_linear_norm,cem_linear,continuous,52,47,0.526258,0.133333,0.735202,3.0
cem_linear_norm,cem_linear,continuous,52,48,0.525368,0.132927,0.750779,2.9
cem_linear_norm,cem_linear,continuous,52,49,0.500920,0.133210,0.763240,2.9
cem_linear_norm,cem_linear,continuous,52,50,0.514693,0.130949,0.748702,2.9
cem_linear_norm,cem_linear,continuous,52,51,0.523978,0.131842,0.758048,2.9
cem_linear_norm,cem_linear,continuous,52,52,0.507396,0.133983,0.778816,2.9
cem_linear_norm,cem_linear,continuous,52,53,0.522164,0.130742,0.765317,3.0
cem_linear_norm,cem_linear,continuous,52,54,0.568013,0.141972,0.718588,3.0
cem_linear_norm,cem_linear,continuous,52,55,0.519083,0.130211,0.748702,2.9
cem_linear_norm,cem_linear,continuous,52,56,0.530500,0.129924,0.750779,3.0
cem_linear_norm,cem_linear,continuous,52,57,0.516217,0.128815,0.744548,2.9
cem_linear_norm,cem_linear,continuous,52,58,0.512696,0.129326,0.758048,2.9
cem_linear_norm,cem_linear,continuous,52,59,0.503351,0.130063,0.762201,3.0
cem_linear_norm,cem_linear,continuous,52,60,0.466506,0.126522,0.800623,2.9
cem_linear_norm,cem_linear,continuous,52,61,0.488155,0.126034,0.787124,3.0
cem_linear_norm,cem_linear,continuous,52,62,0.493601,0.128341,0.773624,2.9
cem_linear_norm,cem_linear,continuous,52,63,0.504364,0.129096,0.762201,2.9
cem_linear_norm,cem_linear,continuous,52,64,0.492525,0.124335,0.769470,3.0
cem_linear_norm,cem_linear,continuous,52,65,0.503793,0.126802,0.749740,3.0
cem_linear_norm,cem_linear,continuous,52,66,0.480355,0.127584,0.788162,2.9
cem_linear_norm,cem_linear,continuous,52,67,0.484545,0.125199,0.784008,2.9
cem_linear_norm,cem_linear,continuous,52,68,0.479915,0.124106,0.781931,3.0
cem_linear_norm,cem_linear,continuous,52,69,0.476117,0.125932,0.787124,3.0
cem_linear_norm,cem_linear,continuous,52,70,0.493950,0.125789,0.774663,2.9
cem_linear_norm,cem_linear,continuous,52,71,0.487881,0.125555,0.775701,3.0
cem_linear_norm,cem_linear,continuous,52,72,0.436743,0.123130,0.817238,2.9
cem_linear_norm,cem_linear,continuous,52,73,0.479603,0.125748,0.787124,3.0
cem_linear_norm,cem_linear,continuous,52,74,0.449920,0.123837,0.800623,3.0
cem_linear_norm,cem_linear,continuous,52,75,0.447948,0.125826,0.811007,3.0
cem_linear_norm,cem_linear,continuous,52,76,0.443158,0.122277,0.790239,2.9
cem_linear_norm,cem_linear,continuous,52,77,0.441485,0.124780,0.813084,3.0
cem_linear_norm,cem_linear,continuous,52,78,0.498992,0.130118,0.780893,3.0
cem_linear_norm,cem_linear,continuous,52,79,0.464931,0.123821,0.796469,2.9
cem_linear_norm,cem_linear,continuous,52,80,0.455984,0.121506,0.800623,3.0
cem_linear_norm,cem_linear,continuous,52,81,0.464491,0.123308,0.784008,2.9
cem_linear_norm,cem_linear,continuous,52,82,0.438138,0.121878,0.798546,2.9
cem_linear_norm,cem_linear,continuous,52,83,0.456682,0.124319,0.795431,2.9
cem_linear_norm,cem_linear,continuous,52,84,0.427176,0.124454,0.820353,2.9
cem_linear_norm,cem_linear,continuous,52,85,0.451093,0.123339,0.801661,3.0
cem_linear_norm,cem_linear,continuous,52,86,0.444999,0.121277,0.803738,3.0
cem_linear_norm,cem_linear,continuous,52,87,0.448033,0.120698,0.804777,2.9
cem_linear_norm,cem_linear,continuous,52,88,0.432812,0.121755,0.821391,3.0
cem_linear_norm,cem_linear,continuous,52,89,0.489882,0.121673,0.789200,3.0
cem_linear_norm,cem_linear,continuous,52,90,0.445840,0.121731,0.809969,3.0
cem_linear_norm,cem_linear,continuous,52,91,0.424336,0.120696,0.822430,2.9
cem_linear_norm,cem_linear,continuous,52,92,0.408808,0.120485,0.823468,3.0
cem_linear_norm,cem_linear,continuous,52,93,0.408647,0.120908,0.840083,2.9
cem_linear_norm,cem_linear,continuous,52,94,0.400145,0.120644,0.835929,3.0
cem_linear_norm,cem_linear,continuous,52,95,0.442268,0.122935,0.795431,2.9
cem_linear_norm,cem_linear,continuous,52,96,0.440293,0.120630,0.816199,2.9
cem_linear_norm,cem_linear,continuous,52,97,0.431944,0.121365,0.821391,3.0
cem_linear_norm,cem_linear,continuous,52,98,0.420735,0.123502,0.827622,2.9
cem_linear_norm,cem_linear,continuous,52,99,0.422412,0.120331,0.808930,2.9
cem_linear_norm,cem_linear,continuous,52,100,0.418168,0.121378,0.830737,3.0
cem_linear_norm,cem_linear,continuous,52,101,0.423429,0.119461,0.838006,2.9
cem_linear_norm,cem_linear,continuous,52,102,0.431419,0.121350,0.817238,3.0
cem_linear_norm,cem_linear,continuous,52,103,0.408364,0.119366,0.822430,3.0
cem_linear_norm,cem_linear,continuous,52,104,0.423120,0.120258,0.815161,3.0
cem_linear_norm,cem_linear,continuous,52,105,0.398493,0.118900,0.835929,3.0
cem_linear_norm,cem_linear,continuous,52,106,0.416926,0.120266,0.821391,2.9
cem_linear_norm,cem_linear,continuous,52,107,0.420084,0.119318,0.827622,3.0
cem_linear_norm,cem_linear,continuous,52,108,0.421313,0.118412,0.809969,3.0
cem_linear_norm,cem_linear,continuous,52,109,0.407988,0.119292,0.830737,2.9
cem_linear_norm,cem_linear,continuous,52,110,0.404589,0.119412,0.822430,3.0
cem_linear_norm,cem_linear,continuous,52,111,0.426077,0.120378,0.808930,3.0
cem_linear_norm,cem_linear,continuous,52,112,0.413217,0.117975,0.815161,2.9
cem_linear_norm,cem_linear,continuous,52,113,0.432021,0.124359,0.825545,2.9
cem_linear_norm,cem_linear,continuous,52,114,0.400497,0.120910,0.824507,2.9
cem_linear_norm,cem_linear,continuous,52,115,0.427707,0.120358,0.819315,3.0
cem_linear_norm,cem_linear,continuous,52,116,0.406055,0.117857,0.839045,3.0
cem_linear_norm,cem_linear,continuous,52,117,0.413801,0.117450,0.828660,3.0
cem_linear_norm,cem_linear,continuous,52,118,0.386931,0.118838,0.843198,2.9
cem_linear_norm,cem_linear,continuous,52,119,0.429004,0.120148,0.823468,2.9
cem_linear_norm,cem_linear,continuous,52,120,0.409672,0.118753,0.828660,3.0
cem_linear_norm,cem_linear,continuous,52,121,0.394962,0.117287,0.848390,3.0
cem_linear_norm,cem_linear,continuous,52,122,0.381267,0.118037,0.840083,3.0
cem_linear_norm,cem_linear,continuous,52,123,0.401501,0.117693,0.826584,2.9
cem_linear_norm,cem_linear,continuous,52,124,0.424367,0.120934,0.820353,3.0
cem_linear_norm,cem_linear,continuous,52,125,0.392968,0.117150,0.839045,3.0
cem_linear_norm,cem_linear,continuous,52,126,0.408544,0.119146,0.833853,2.9
cem_linear_norm,cem_linear,continuous,52,127,0.401901,0.118283,0.838006,3.0
cem_linear_norm,cem_linear,continuous,52,128,0.409782,0.116785,0.835929,2.9
cem_linear_norm,cem_linear,continuous,52,129,0.404612,0.116447,0.835929,2.9
cem_linear_norm,cem_linear,continuous,52,130,0.392833,0.118192,0.843198,2.9
cem_linear_norm,cem_linear,continuous,52,131,0.412159,0.118696,0.835929,3.0
cem_linear_norm,cem_linear,continuous,52,132,0.400495,0.116298,0.842160,3.0
cem_linear_norm,cem_linear,continuous,52,133,0.402343,0.116634,0.833853,3.0
cem_linear_norm,cem_linear,continuous,52,134,0.382869,0.117225,0.847352,2.9
cem_linear_norm,cem_linear,continuous,52,135,0.406729,0.117760,0.838006,2.9
cem_linear_norm,cem_linear,continuous,52,136,0.390683,0.117104,0.843198,2.9
cem_linear_norm,cem_linear,continuous,52,137,0.390707,0.117835,0.841121,2.9
cem_linear_norm,cem_linear,continuous,52,138,0.380801,0.115950,0.850467,3.0
cem_linear_norm,cem_linear,continuous,52,139,0.392959,0.117428,0.842160,3.0
cem_linear_norm,cem_linear,continuous,52,140,0.395389,0.115865,0.832814,2.9
cem_linear_norm,cem_linear,continuous,52,141,0.372605,0.116285,0.852544,2.9
cem_linear_norm,cem_linear,continuous,52,142,0.430422,0.118065,0.817238,2.9
cem_linear_norm,cem_linear,continuous,52,143,0.372853,0.117016,0.855659,2.9
cem_linear_norm,cem_linear,continuous,52,144,0.381329,0.117881,0.841121,3.0
cem_linear_norm,cem_linear,continuous,52,145,0.395357,0.118460,0.840083,3.0
cem_linear_norm,cem_linear,continuous,52,146,0.385975,0.117283,0.845275,3.0
cem_linear_norm,cem_linear,continuous,52,147,0.392429,0.118131,0.846314,3.0
cem_linear_norm,cem_linear,continuous,52,148,0.388702,0.116458,0.842160,3.0
cem_linear_norm,cem_linear,continuous,52,149,0.375013,0.115943,0.834891,3.0
cem_linear_norm,cem_linear,continuous,52,150,0.377746,0.116343,0.846314,2.9
cem_linear_norm,cem_linear,continuous,52,151,0.366566,0.116939,0.846314,2.9
cem_linear_norm,cem_linear,continuous,52,152,0.362465,0.116185,0.853583,3.0
cem_linear_norm,cem_linear,continuous,52,153,0.381307,0.116302,0.846314,2.9
cem_linear_norm,cem_linear,continuous,52,154,0.378467,0.116093,0.850467,3.0
cem_linear_norm,cem_linear,continuous,52,155,0.382394,0.115882,0.846314,2.9
cem_linear_norm,cem_linear,continuous,52,156,0.384051,0.116682,0.848390,3.0
cem_linear_norm,cem_linear,continuous,52,157,0.367872,0.115876,0.848390,3.0
cem_linear_norm,cem_linear,continuous,52,158,0.392331,0.116207,0.840083,3.0
cem_linear_norm,cem_linear,continuous,52,159,0.386289,0.116535,0.848390,3.0
cem_linear_norm,cem_linear,continuous,52,160,0.373322,0.117655,0.848390,3.0
cem_linear_norm,cem_linear,continuous,52,161,0.375447,0.118104,0.858775,3.0
cem_linear_norm,cem_linear,continuous,52,162,0.344660,0.115363,0.862928,3.0
cem_linear_norm,cem_linear,continuous,52,163,0.388604,0.118771,0.852544,3.0
cem_linear_norm,cem_linear,continuous,52,164,0.377832,0.117998,0.841121,3.0
cem_linear_norm,cem_linear,continuous,52,165,0.358949,0.116379,0.857736,3.0
cem_linear_norm,cem_linear,continuous,52,166,0.366090,0.116662,0.858775,3.0
cem_linear_norm,cem_linear,continuous,52,167,0.354957,0.116405,0.849429,3.0
cem_linear_norm,cem_linear,continuous,52,168,0.366614,0.117006,0.851506,2.9
cem_linear_norm,cem_linear,continuous,52,169,0.374677,0.114642,0.846314,3.0
cem_linear_norm,cem_linear,continuous,52,170,0.372893,0.116694,0.853583,2.9
cem_linear_norm,cem_linear,continuous,52,171,0.400864,0.116316,0.838006,2.9
cem_linear_norm,cem_linear,continuous,52,172,0.352874,0.114015,0.862928,3.0
cem_linear_norm,cem_linear,continuous,52,173,0.366399,0.115580,0.853583,3.0
cem_linear_norm,cem_linear,continuous,52,174,0.358882,0.113742,0.865005,2.9
cem_linear_norm,cem_linear,continuous,52,175,0.366377,0.114467,0.847352,3.0
cem_linear_norm,cem_linear,continuous,52,176,0.359635,0.115788,0.861890,3.0
cem_linear_norm,cem_linear,continuous,52,177,0.353554,0.115705,0.867082,2.9
cem_linear_norm,cem_linear,continuous,52,178,0.353791,0.114868,0.857736,3.0
cem_linear_norm,cem_linear,continuous,52,179,0.370050,0.117256,0.851506,3.0
cem_linear_norm,cem_linear,continuous,52,180,0.370268,0.115722,0.838006,3.0
cem_linear_norm,cem_linear,continuous,52,181,0.359642,0.116628,0.855659,3.0
cem_linear_norm,cem_linear,continuous,52,182,0.369841,0.114588,0.856698,3.0
cem_linear_norm,cem_linear,continuous,52,183,0.333447,0.115287,0.865005,3.0
cem_linear_norm,cem_linear,continuous,52,184,0.356800,0.115848,0.853583,3.0
cem_linear_norm,cem_linear,continuous,52,185,0.382907,0.117361,0.846314,3.0
cem_linear_norm,cem_linear,continuous,52,186,0.351597,0.114280,0.861890,3.0
cem_linear_norm,cem_linear,continuous,52,187,0.352261,0.115524,0.848390,3.0
cem_linear_norm,cem_linear,continuous,52,188,0.348192,0.112635,0.866044,3.0
cem_linear_norm,cem_linear,continuous,52,189,0.363069,0.114869,0.854621,2.9
cem_linear_norm,cem_linear,continuous,52,190,0.349862,0.114698,0.863967,3.0
cem_linear_norm,cem_linear,continuous,52,191,0.373684,0.114914,0.842160,3.0
cem_linear_norm,cem_linear,continuous,52,192,0.341093,0.114769,0.857736,3.0
cem_linear_norm,cem_linear,continuous,52,193,0.349806,0.113704,0.857736,2.9
cem_linear_norm,cem_linear,continuous,52,194,0.358343,0.113487,0.865005,2.9
cem_linear_norm,cem_linear,continuous,52,195,0.345832,0.114627,0.873313,2.9
cem_linear_norm,cem_linear,continuous,52,196,0.356970,0.114432,0.865005,3.0
cem_linear_norm,cem_linear,continuous,52,197,0.361899,0.114001,0.858775,3.0
cem_linear_norm,cem_linear,continuous,52,198,0.342264,0.114419,0.865005,2.9
cem_linear_norm,cem_linear,continuous,52,199,0.354508,0.115219,0.851506,2.9
cem_linear_norm,cem_linear,continuous,52,200,0.345024,0.113988,0.867082,3.0
cem_linear_norm,cem_linear,continuous,52,201,0.345254,0.114425,0.857736,3.0
cem_linear_norm,cem_linear,continuous,52,202,0.345169,0.113919,0.855659,3.0
cem_linear_norm,cem_linear,continuous,52,203,0.356643,0.114424,0.854621,3.0
cem_linear_norm,cem_linear,continuous,52,204,0.354369,0.114012,0.862928,2.9
cem_linear_norm,cem_linear,continuous,52,205,0.373977,0.113608,0.853583,3.0
cem_linear_norm,cem_linear,continuous,52,206,0.350989,0.114264,0.859813,3.0
cem_linear_norm,cem_linear,continuous,52,207,0.356054,0.114069,0.851506,3.0
cem_linear_norm,cem_linear,continuous,52,208,0.376704,0.114066,0.859813,3.0
cem_linear_norm,cem_linear,continuous,52,209,0.303722,0.112239,0.883697,3.0
cem_linear_norm,cem_linear,continuous,52,210,0.370077,0.114574,0.852544,3.0
cem_linear_norm,cem_linear,continuous,52,211,0.336788,0.113116,0.865005,2.9
cem_linear_norm,cem_linear,continuous,52,212,0.346919,0.113819,0.857736,2.9
cem_linear_norm,cem_linear,continuous,52,213,0.358148,0.114070,0.860852,2.9
cem_linear_norm,cem_linear,continuous,52,214,0.332704,0.114528,0.871236,3.0
cem_linear_norm,cem_linear,continuous,52,215,0.359868,0.112572,0.845275,2.9
cem_linear_norm,cem_linear,continuous,52,216,0.361771,0.115342,0.846314,2.9
cem_linear_norm,cem_linear,continuous,52,217,0.368967,0.114322,0.855659,2.9
cem_linear_norm,cem_linear,continuous,52,218,0.352717,0.114818,0.861890,3.0
cem_linear_norm,cem_linear,continuous,52,219,0.359189,0.112571,0.851506,2.9
cem_linear_norm,cem_linear,continuous,52,220,0.341821,0.112839,0.852544,3.0
cem_linear_norm,cem_linear,continuous,52,221,0.324360,0.111983,0.875389,3.0
cem_linear_norm,cem_linear,continuous,52,222,0.362366,0.113716,0.857736,2.9
cem_linear_norm,cem_linear,continuous,52,223,0.333981,0.113544,0.867082,2.9
cem_linear_norm,cem_linear,continuous,52,224,0.333141,0.113455,0.866044,2.9
cem_linear_norm,cem_linear,continuous,52,225,0.353639,0.113198,0.857736,3.0
cem_linear_norm,cem_linear,continuous,52,226,0.342425,0.114126,0.871236,2.9
cem_linear_norm,cem_linear,continuous,52,227,0.369043,0.114002,0.859813,3.0
cem_linear_norm,cem_linear,continuous,52,228,0.318232,0.114604,0.872274,2.9
cem_linear_norm,cem_linear,continuous,52,229,0.362516,0.113094,0.855659,2.9
cem_linear_norm,cem_linear,continuous,52,230,0.325676,0.111943,0.860852,2.9
cem_linear_norm,cem_linear,continuous,52,231,0.339542,0.113253,0.867082,3.0
cem_linear_norm,cem_linear,continuous,52,232,0.337596,0.111835,0.869159,3.0
cem_linear_norm,cem_linear,continuous,52,233,0.347487,0.112458,0.847352,3.0
cem_linear_norm,cem_linear,continuous,52,234,0.334790,0.112626,0.866044,3.0
cem_linear_norm,cem_linear,continuous,52,235,0.339948,0.112906,0.861890,2.9
cem_linear_norm,cem_linear,continuous,52,236,0.347145,0.113630,0.854621,2.9
cem_linear_norm,cem_linear,continuous,52,237,0.320471,0.112719,0.873313,2.9
cem_linear_norm,cem_linear,continuous,52,238,0.351135,0.113131,0.855659,3.0
cem_linear_norm,cem_linear,continuous,52,239,0.340335,0.111683,0.868120,3.0
cem_linear_norm,cem_linear,continuous,52,240,0.352134,0.113080,0.865005,2.9
cem_linear_norm,cem_linear,continuous,52,241,0.344417,0.112300,0.859813,3.0
cem_linear_norm,cem_linear,continuous,52,242,0.341263,0.112764,0.860852,3.0
cem_linear_norm,cem_linear,continuous,52,243,0.317555,0.111994,0.866044,2.9
cem_linear_norm,cem_linear,continuous,52,244,0.354997,0.110455,0.860852,3.0
cem_linear_norm,cem_linear,continuous,52,245,0.342700,0.112458,0.875389,2.9
cem_linear_norm,cem_linear,continuous,52,246,0.348071,0.111873,0.861890,3.0
cem_linear_norm,cem_linear,continuous,52,247,0.334189,0.111510,0.861890,2.9
cem_linear_norm,cem_linear,continuous,52,248,0.360331,0.112212,0.850467,3.0
cem_linear_norm,cem_linear,continuous,52,249,0.332005,0.113027,0.865005,3.0
cem_linear_norm,cem_linear,continuous,52,250,0.332908,0.111825,0.859813,3.0
cem_linear_norm,cem_linear,continuous,53,1,0.695937,0.303804,0.576605,3.0
cem_linear_norm,cem_linear,continuous,53,2,0.669895,0.161569,0.556936,3.0
cem_linear_norm,cem_linear,continuous,53,3,0.676755,0.165136,0.580745,3.0
cem_linear_norm,cem_linear,continuous,53,4,0.666997,0.158979,0.579710,3.0
cem_linear_norm,cem_linear,continuous,53,5,0.659922,0.158392,0.599379,3.0
cem_linear_norm,cem_linear,continuous,53,6,0.665412,0.156226,0.572464,3.0
cem_linear_norm,cem_linear,continuous,53,7,0.629992,0.155938,0.609731,3.0
cem_linear_norm,cem_linear,continuous,53,8,0.649818,0.155121,0.599379,2.9
cem_linear_norm,cem_linear,continuous,53,9,0.659022,0.154849,0.573499,3.0
cem_linear_norm,cem_linear,continuous,53,10,0.671490,0.156703,0.572464,2.9
cem_linear_norm,cem_linear,continuous,53,11,0.662006,0.157294,0.574534,2.9
cem_linear_norm,cem_linear,continuous,53,12,0.645389,0.153861,0.590062,3.0
cem_linear_norm,cem_linear,continuous,53,13,0.660329,0.154611,0.578675,3.0
cem_linear_norm,cem_linear,continuous,53,14,0.659742,0.155332,0.600414,3.0
cem_linear_norm,cem_linear,continuous,53,15,0.647302,0.156057,0.597308,2.9
cem_linear_norm,cem_linear,continuous,53,16,0.674122,0.155545,0.568323,3.0
cem_linear_norm,cem_linear,continuous,53,17,0.650093,0.153232,0.596273,3.0
cem_linear_norm,cem_linear,continuous,53,18,0.655148,0.153111,0.593168,2.9
cem_linear_norm,cem_linear,continuous,53,19,0.644458,0.151606,0.599379,2.9
cem_linear_norm,cem_linear,continuous,53,20,0.627925,0.153599,0.629400,3.0
cem_linear_norm,cem_linear,continuous,53,21,0.637882,0.154955,0.612836,2.9
cem_linear_norm,cem_linear,continuous,53,22,0.652606,0.151799,0.604555,2.9
cem_linear_norm,cem_linear,continuous,53,23,0.641261,0.151157,0.628364,2.9
cem_linear_norm,cem_linear,continuous,53,24,0.652692,0.152631,0.597308,2.9
cem_linear_norm,cem_linear,continuous,53,25,0.647780,0.152852,0.620083,3.0
cem_linear_norm,cem_linear,continuous,53,26,0.658328,0.150149,0.623188,3.0
cem_linear_norm,cem_linear,continuous,53,27,0.633225,0.150909,0.639752,3.0
cem_linear_norm,cem_linear,continuous,53,28,0.640017,0.152738,0.625259,3.0
cem_linear_norm,cem_linear,continuous,53,29,0.620428,0.151992,0.652174,3.0
cem_linear_norm,cem_linear,continuous,53,30,0.623383,0.153933,0.620083,3.0
cem_linear_norm,cem_linear,continuous,53,31,0.616867,0.150788,0.626294,2.9
cem_linear_norm,cem_linear,continuous,53,32,0.614970,0.149151,0.639752,3.0
cem_linear_norm,cem_linear,continuous,53,33,0.626874,0.151420,0.642857,3.0
cem_linear_norm,cem_linear,continuous,53,34,0.615508,0.149955,0.655280,3.0
cem_linear_norm,cem_linear,continuous,53,35,0.609000,0.151016,0.651139,3.0
cem_linear_norm,cem_linear,continuous,53,36,0.627030,0.148360,0.622153,3.0
cem_linear_norm,cem_linear,continuous,53,37,0.631399,0.147455,0.640787,3.0
cem_linear_norm,cem_linear,continuous,53,38,0.615756,0.148448,0.637681,2.9
cem_linear_norm,cem_linear,continuous,53,39,0.602020,0.147686,0.682195,3.0
cem_linear_norm,cem_linear,continuous,53,40,0.605197,0.145591,0.661491,3.0
cem_linear_norm,cem_linear,continuous,53,41,0.603115,0.145072,0.668737,3.0
cem_linear_norm,cem_linear,continuous,53,42,0.594746,0.145870,0.684265,3.0
cem_linear_norm,cem_linear,continuous,53,43,0.605732,0.144697,0.675983,2.9
cem_linear_norm,cem_linear,continuous,53,44,0.620061,0.146689,0.681159,3.0
cem_linear_norm,cem_linear,continuous,53,45,0.572441,0.145653,0.698758,3.0
cem_linear_norm,cem_linear,continuous,53,46,0.585923,0.145782,0.689441,3.0
cem_linear_norm,cem_linear,continuous,53,47,0.587866,0.146423,0.694617,2.9
cem_linear_norm,cem_linear,continuous,53,48,0.565296,0.142294,0.700828,3.0
cem_linear_norm,cem_linear,continuous,53,49,0.569513,0.142673,0.706004,3.0
cem_linear_norm,cem_linear,continuous,53,50,0.559783,0.142013,0.693582,3.0
cem_linear_norm,cem_linear,continuous,53,51,0.581460,0.142508,0.694617,3.0
cem_linear_norm,cem_linear,continuous,53,52,0.607584,0.140857,0.674948,3.0
cem_linear_norm,cem_linear,continuous,53,53,0.571077,0.139643,0.713251,3.0
cem_linear_norm,cem_linear,continuous,53,54,0.505344,0.136112,0.758799,2.9
cem_linear_norm,cem_linear,continuous,53,55,0.547218,0.142232,0.721532,2.9
cem_linear_norm,cem_linear,continuous,53,56,0.549790,0.138598,0.729814,3.0
cem_linear_norm,cem_linear,continuous,53,57,0.547932,0.137311,0.718427,3.0
cem_linear_norm,cem_linear,continuous,53,58,0.535132,0.137258,0.747412,3.0
cem_linear_norm,cem_linear,continuous,53,59,0.539333,0.137334,0.731884,3.0
cem_linear_norm,cem_linear,continuous,53,60,0.513628,0.136513,0.755694,3.0
cem_linear_norm,cem_linear,continuous,53,61,0.504281,0.135060,0.754658,3.0
cem_linear_norm,cem_linear,continuous,53,62,0.518820,0.136245,0.757764,2.9
cem_linear_norm,cem_linear,continuous,53,63,0.498675,0.133160,0.760870,3.0
cem_linear_norm,cem_linear,continuous,53,64,0.536528,0.138067,0.717391,3.0
cem_linear_norm,cem_linear,continuous,53,65,0.527959,0.137198,0.755694,3.0
cem_linear_norm,cem_linear,continuous,53,66,0.517210,0.134080,0.760870,3.0
cem_linear_norm,cem_linear,continuous,53,67,0.494795,0.131994,0.748447,3.0
cem_linear_norm,cem_linear,continuous,53,68,0.516810,0.133404,0.757764,3.0
cem_linear_norm,cem_linear,continuous,53,69,0.506818,0.133692,0.767081,3.0
cem_linear_norm,cem_linear,continuous,53,70,0.486729,0.133910,0.773292,3.0
cem_linear_norm,cem_linear,continuous,53,71,0.505868,0.134119,0.757764,2.9
cem_linear_norm,cem_linear,continuous,53,72,0.464664,0.132475,0.782609,3.0
cem_linear_norm,cem_linear,continuous,53,73,0.474483,0.134503,0.793996,3.0
cem_linear_norm,cem_linear,continuous,53,74,0.479884,0.131958,0.787785,3.0
cem_linear_norm,cem_linear,continuous,53,75,0.475689,0.131394,0.783644,3.0
cem_linear_norm,cem_linear,continuous,53,76,0.496809,0.133466,0.758799,3.0
cem_linear_norm,cem_linear,continuous,53,77,0.455129,0.128742,0.805383,3.0
cem_linear_norm,cem_linear,continuous,53,78,0.510161,0.129804,0.761905,3.0
cem_linear_norm,cem_linear,continuous,53,79,0.475067,0.130580,0.789855,3.0
cem_linear_norm,cem_linear,continuous,53,80,0.474979,0.131156,0.776398,3.0
cem_linear_norm,cem_linear,continuous,53,81,0.484481,0.129986,0.775362,2.9
cem_linear_norm,cem_linear,continuous,53,82,0.467761,0.126996,0.800207,3.0
cem_linear_norm,cem_linear,continuous,53,83,0.466826,0.128258,0.785714,3.0
cem_linear_norm,cem_linear,continuous,53,84,0.461554,0.126757,0.783644,3.0
cem_linear_norm,cem_linear,continuous,53,85,0.446754,0.131657,0.787785,3.0
cem_linear_norm,cem_linear,continuous,53,86,0.457815,0.129097,0.795031,3.0
cem_linear_norm,cem_linear,continuous,53,87,0.449165,0.130258,0.792961,2.9
cem_linear_norm,cem_linear,continuous,53,88,0.441093,0.128800,0.801242,2.9
cem_linear_norm,cem_linear,continuous,53,89,0.474667,0.129388,0.783644,3.0
cem_linear_norm,cem_linear,continuous,53,90,0.442876,0.128420,0.801242,3.0
cem_linear_norm,cem_linear,continuous,53,91,0.464544,0.129400,0.783644,3.0
cem_linear_norm,cem_linear,continuous,53,92,0.456421,0.126103,0.789855,3.0
cem_linear_norm,cem_linear,continuous,53,93,0.433603,0.127614,0.805383,3.0
cem_linear_norm,cem_linear,continuous,53,94,0.481167,0.127698,0.795031,3.0
cem_linear_norm,cem_linear,continuous,53,95,0.426107,0.127924,0.816770,3.0
cem_linear_norm,cem_linear,continuous,53,96,0.476028,0.128029,0.791925,3.0
cem_linear_norm,cem_linear,continuous,53,97,0.423734,0.125476,0.814700,3.0
cem_linear_norm,cem_linear,continuous,53,98,0.434321,0.127744,0.809524,2.9
cem_linear_norm,cem_linear,continuous,53,99,0.423509,0.124950,0.810559,3.0
cem_linear_norm,cem_linear,continuous,53,100,0.433978,0.126600,0.813665,2.9
cem_linear_norm,cem_linear,continuous,53,101,0.450655,0.126156,0.803313,2.9
cem_linear_norm,cem_linear,continuous,53,102,0.450545,0.125060,0.788820,3.0
cem_linear_norm,cem_linear,continuous,53,103,0.428330,0.127368,0.812629,3.0
cem_linear_norm,cem_linear,continuous,53,104,0.449578,0.125255,0.796066,3.0
cem_linear_norm,cem_linear,continuous,53,105,0.456516,0.127120,0.784679,2.9
cem_linear_norm,cem_linear,continuous,53,106,0.430540,0.123728,0.812629,3.0
cem_linear_norm,cem_linear,continuous,53,107,0.433092,0.124475,0.816770,3.0
cem_linear_norm,cem_linear,continuous,53,108,0.436832,0.123410,0.803313,2.9
cem_linear_norm,cem_linear,continuous,53,109,0.413145,0.122813,0.819876,3.0
cem_linear_norm,cem_linear,continuous,53,110,0.426211,0.127069,0.820911,3.0
cem_linear_norm,cem_linear,continuous,53,111,0.430840,0.125743,0.798137,3.0
cem_linear_norm,cem_linear,continuous,53,112,0.436848,0.126536,0.807453,3.0
cem_linear_norm,cem_linear,continuous,53,113,0.412293,0.123778,0.814700,2.9
cem_linear_norm,cem_linear,continuous,53,114,0.417633,0.126265,0.814700,2.9
cem_linear_norm,cem_linear,continuous,53,115,0.398369,0.123449,0.828157,3.0
cem_linear_norm,cem_linear,continuous,53,116,0.422315,0.121407,0.810559,2.9
cem_linear_norm,cem_linear,continuous,53,117,0.426847,0.124965,0.814700,3.0
cem_linear_norm,cem_linear,continuous,53,118,0.400164,0.122674,0.832298,3.0
cem_linear_norm,cem_linear,continuous,53,119,0.421300,0.124266,0.818841,3.0
cem_linear_norm,cem_linear,continuous,53,120,0.424031,0.124848,0.817805,3.0
cem_linear_norm,cem_linear,continuous,53,121,0.408974,0.123965,0.811594,2.9
cem_linear_norm,cem_linear,continuous,53,122,0.428309,0.124693,0.802277,3.0
cem_linear_norm,cem_linear,continuous,53,123,0.385795,0.123598,0.837474,3.0
cem_linear_norm,cem_linear,continuous,53,124,0.398174,0.123932,0.826087,2.9
cem_linear_norm,cem_linear,continuous,53,125,0.416050,0.123225,0.827122,2.9
cem_linear_norm,cem_linear,continuous,53,126,0.398633,0.123350,0.826087,2.9
cem_linear_norm,cem_linear,continuous,53,127,0.387425,0.122100,0.827122,3.0
cem_linear_norm,cem_linear,continuous,53,128,0.407905,0.122374,0.828157,3.0
cem_linear_norm,cem_linear,continuous,53,129,0.405248,0.124158,0.819876,2.9
cem_linear_norm,cem_linear,continuous,53,130,0.402530,0.122416,0.830228,3.0
cem_linear_norm,cem_linear,continuous,53,131,0.400951,0.121532,0.831263,2.9
cem_linear_norm,cem_linear,continuous,53,132,0.401145,0.122377,0.822981,2.9
cem_linear_norm,cem_linear,continuous,53,133,0.387586,0.120620,0.838509,2.9
cem_linear_norm,cem_linear,continuous,53,134,0.401147,0.121466,0.812629,3.0
cem_linear_norm,cem_linear,continuous,53,135,0.406344,0.121789,0.812629,2.9
cem_linear_norm,cem_linear,continuous,53,136,0.389145,0.122377,0.836439,3.0
cem_linear_norm,cem_linear,continuous,53,137,0.392025,0.122318,0.831263,3.0
cem_linear_norm,cem_linear,continuous,53,138,0.401898,0.122646,0.822981,2.9
cem_linear_norm,cem_linear,continuous,53,139,0.389989,0.119101,0.834369,3.0
cem_linear_norm,cem_linear,continuous,53,140,0.380985,0.122187,0.838509,3.6
cem_linear_norm,cem_linear,continuous,53,141,0.389301,0.120859,0.829193,3.3
cem_linear_norm,cem_linear,continuous,53,142,0.389584,0.121474,0.841615,2.9
cem_linear_norm,cem_linear,continuous,53,143,0.375815,0.120974,0.837474,2.9
cem_linear_norm,cem_linear,continuous,53,144,0.399074,0.121966,0.820911,3.0
cem_linear_norm,cem_linear,continuous,53,145,0.369644,0.119644,0.844720,3.0
cem_linear_norm,cem_linear,continuous,53,146,0.396671,0.121672,0.819876,2.9
cem_linear_norm,cem_linear,continuous,53,147,0.379074,0.119129,0.847826,3.0
cem_linear_norm,cem_linear,continuous,53,148,0.397200,0.120536,0.837474,2.9
cem_linear_norm,cem_linear,continuous,53,149,0.363564,0.118266,0.853002,2.9
cem_linear_norm,cem_linear,continuous,53,150,0.385999,0.119083,0.841615,3.0
cem_linear_norm,cem_linear,continuous,53,151,0.389387,0.120341,0.833333,3.0
cem_linear_norm,cem_linear,continuous,53,152,0.384995,0.119620,0.832298,3.0
cem_linear_norm,cem_linear,continuous,53,153,0.394292,0.119650,0.829193,3.0
cem_linear_norm,cem_linear,continuous,53,154,0.382073,0.118201,0.842650,3.0
cem_linear_norm,cem_linear,continuous,53,155,0.388354,0.119756,0.825052,3.0
cem_linear_norm,cem_linear,continuous,53,156,0.386842,0.118964,0.832298,3.0
cem_linear_norm,cem_linear,continuous,53,157,0.380557,0.118529,0.841615,2.9
cem_linear_norm,cem_linear,continuous,53,158,0.368697,0.118649,0.835404,3.0
cem_linear_norm,cem_linear,continuous,53,159,0.379271,0.119173,0.844720,3.0
cem_linear_norm,cem_linear,continuous,53,160,0.413357,0.120897,0.828157,2.9
cem_linear_norm,cem_linear,continuous,53,161,0.400135,0.119450,0.831263,3.0
cem_linear_norm,cem_linear,continuous,53,162,0.382312,0.117243,0.836439,2.9
cem_linear_norm,cem_linear,continuous,53,163,0.376989,0.120959,0.853002,2.9
cem_linear_norm,cem_linear,continuous,53,164,0.386342,0.117736,0.839545,3.0
cem_linear_norm,cem_linear,continuous,53,165,0.383408,0.117218,0.840580,3.0
cem_linear_norm,cem_linear,continuous,53,166,0.383753,0.119065,0.842650,2.9
cem_linear_norm,cem_linear,continuous,53,167,0.367303,0.116399,0.839545,3.0
cem_linear_norm,cem_linear,continuous,53,168,0.372344,0.116593,0.846791,3.0
cem_linear_norm,cem_linear,continuous,53,169,0.399891,0.117217,0.819876,3.0
cem_linear_norm,cem_linear,continuous,53,170,0.379175,0.120409,0.840580,2.9
cem_linear_norm,cem_linear,continuous,53,171,0.363792,0.121011,0.842650,3.0
cem_linear_norm,cem_linear,continuous,53,172,0.376858,0.119253,0.839545,3.0
cem_linear_norm,cem_linear,continuous,53,173,0.365031,0.120322,0.843685,3.0
cem_linear_norm,cem_linear,continuous,53,174,0.355653,0.117118,0.843685,3.0
cem_linear_norm,cem_linear,continuous,53,175,0.391571,0.117835,0.832298,2.9
cem_linear_norm,cem_linear,continuous,53,176,0.379124,0.118065,0.845756,2.9
cem_linear_norm,cem_linear,continuous,53,177,0.358908,0.116124,0.855072,3.0
cem_linear_norm,cem_linear,continuous,53,178,0.373030,0.117159,0.842650,3.0
cem_linear_norm,cem_linear,continuous,53,179,0.357459,0.117829,0.842650,2.9
cem_linear_norm,cem_linear,continuous,53,180,0.347819,0.118076,0.854037,2.9
cem_linear_norm,cem_linear,continuous,53,181,0.346292,0.117408,0.855072,3.0
cem_linear_norm,cem_linear,continuous,53,182,0.372131,0.118173,0.854037,3.0
cem_linear_norm,cem_linear,continuous,53,183,0.362474,0.116301,0.849896,3.0
cem_linear_norm,cem_linear,continuous,53,184,0.366520,0.117546,0.835404,3.0
cem_linear_norm,cem_linear,continuous,53,185,0.380082,0.116471,0.850932,3.0
cem_linear_norm,cem_linear,continuous,53,186,0.365785,0.117751,0.853002,3.0
cem_linear_norm,cem_linear,continuous,53,187,0.363397,0.118181,0.846791,3.0
cem_linear_norm,cem_linear,continuous,53,188,0.372103,0.117591,0.844720,3.0
cem_linear_norm,cem_linear,continuous,53,189,0.347612,0.116273,0.863354,2.9
cem_linear_norm,cem_linear,continuous,53,190,0.377124,0.116622,0.842650,2.9
cem_linear_norm,cem_linear,continuous,53,191,0.362447,0.116876,0.849896,3.0
cem_linear_norm,cem_linear,continuous,53,192,0.377284,0.117261,0.837474,2.9
cem_linear_norm,cem_linear,continuous,53,193,0.339856,0.117341,0.858178,3.0
cem_linear_norm,cem_linear,continuous,53,194,0.361278,0.117369,0.846791,3.0
cem_linear_norm,cem_linear,continuous,53,195,0.379895,0.117081,0.840580,3.0
cem_linear_norm,cem_linear,continuous,53,196,0.354477,0.117644,0.856108,3.0
cem_linear_norm,cem_linear,continuous,53,197,0.355247,0.117243,0.859213,3.0
cem_linear_norm,cem_linear,continuous,53,198,0.349153,0.117167,0.846791,3.0
cem_linear_norm,cem_linear,continuous,53,199,0.343815,0.115065,0.848861,2.9
cem_linear_norm,cem_linear,continuous,53,200,0.328360,0.115566,0.864389,3.0
cem_linear_norm,cem_linear,continuous,53,201,0.365076,0.116881,0.844720,2.9
cem_linear_norm,cem_linear,continuous,53,202,0.350989,0.115686,0.849896,3.0
cem_linear_norm,cem_linear,continuous,53,203,0.364558,0.117118,0.842650,2.9
cem_linear_norm,cem_linear,continuous,53,204,0.353838,0.116265,0.844720,3.0
cem_linear_norm,cem_linear,continuous,53,205,0.354444,0.116855,0.846791,3.0
cem_linear_norm,cem_linear,continuous,53,206,0.349762,0.115847,0.863354,2.9
cem_linear_norm,cem_linear,continuous,53,207,0.361763,0.116383,0.846791,3.0
cem_linear_norm,cem_linear,continuous,53,208,0.355615,0.116771,0.843685,2.9
cem_linear_norm,cem_linear,continuous,53,209,0.341043,0.117118,0.857143,2.9
cem_linear_norm,cem_linear,continuous,53,210,0.364173,0.116223,0.840580,2.9
cem_linear_norm,cem_linear,continuous,53,211,0.337235,0.114728,0.857143,3.0
cem_linear_norm,cem_linear,continuous,53,212,0.323060,0.115420,0.878882,3.0
cem_linear_norm,cem_linear,continuous,53,213,0.354774,0.117512,0.839545,2.9
cem_linear_norm,cem_linear,continuous,53,214,0.361119,0.116857,0.850932,3.0
cem_linear_norm,cem_linear,continuous,53,215,0.337723,0.114904,0.859213,3.0
cem_linear_norm,cem_linear,continuous,53,216,0.347345,0.115631,0.857143,3.0
cem_linear_norm,cem_linear,continuous,53,217,0.362685,0.115801,0.855072,3.0
cem_linear_norm,cem_linear,continuous,53,218,0.357371,0.115270,0.853002,2.9
cem_linear_norm,cem_linear,continuous,53,219,0.367675,0.114953,0.845756,3.0
cem_linear_norm,cem_linear,continuous,53,220,0.339297,0.115005,0.848861,3.0
cem_linear_norm,cem_linear,continuous,53,221,0.342731,0.117093,0.860248,3.0
cem_linear_norm,cem_linear,continuous,53,222,0.354507,0.116575,0.851967,3.0
cem_linear_norm,cem_linear,continuous,53,223,0.363130,0.117308,0.850932,2.9
cem_linear_norm,cem_linear,continuous,53,224,0.341343,0.114974,0.848861,3.0
cem_linear_norm,cem_linear,continuous,53,225,0.372710,0.114848,0.844720,2.9
cem_linear_norm,cem_linear,continuous,53,226,0.346096,0.114447,0.848861,3.0
cem_linear_norm,cem_linear,continuous,53,227,0.363904,0.113994,0.849896,3.0
cem_linear_norm,cem_linear,continuous,53,228,0.365791,0.115779,0.849896,3.0
cem_linear_norm,cem_linear,continuous,53,229,0.332676,0.113092,0.863354,3.0
cem_linear_norm,cem_linear,continuous,53,230,0.364966,0.116158,0.843685,3.0
cem_linear_norm,cem_linear,continuous,53,231,0.359573,0.115570,0.846791,3.0
cem_linear_norm,cem_linear,continuous,53,232,0.333689,0.116351,0.864389,2.9
cem_linear_norm,cem_linear,continuous,53,233,0.328722,0.115889,0.862319,2.9
cem_linear_norm,cem_linear,continuous,53,234,0.351755,0.114137,0.854037,3.0
cem_linear_norm,cem_linear,continuous,53,235,0.378351,0.115851,0.839545,3.0
cem_linear_norm,cem_linear,continuous,53,236,0.340259,0.116271,0.862319,3.0
cem_linear_norm,cem_linear,continuous,53,237,0.352894,0.117155,0.855072,2.9
cem_linear_norm,cem_linear,continuous,53,238,0.334216,0.113159,0.863354,3.0
cem_linear_norm,cem_linear,continuous,53,239,0.333276,0.116563,0.867495,2.9
cem_linear_norm,cem_linear,continuous,53,240,0.349691,0.116490,0.847826,2.9
cem_linear_norm,cem_linear,continuous,53,241,0.333557,0.115085,0.862319,3.0
cem_linear_norm,cem_linear,continuous,53,242,0.348699,0.115067,0.858178,3.0
cem_linear_norm,cem_linear,continuous,53,243,0.336213,0.115790,0.849896,2.9
cem_linear_norm,cem_linear,continuous,53,244,0.321086,0.115092,0.863354,3.0
cem_linear_norm,cem_linear,continuous,53,245,0.345598,0.114218,0.860248,3.0
cem_linear_norm,cem_linear,continuous,53,246,0.350157,0.115603,0.847826,3.0
cem_linear_norm,cem_linear,continuous,53,247,0.330351,0.114576,0.853002,2.9
cem_linear_norm,cem_linear,continuous,53,248,0.351327,0.115417,0.848861,2.9
cem_linear_norm,cem_linear,continuous,53,249,0.344636,0.114524,0.859213,3.0
cem_linear_norm,cem_linear,continuous,53,250,0.352557,0.114281,0.844720,3.0
cem_linear_norm,cem_linear,continuous,54,1,0.719111,0.447872,0.538380,2.9
cem_linear_norm,cem_linear,continuous,54,2,0.678386,0.170639,0.560768,2.9
cem_linear_norm,cem_linear,continuous,54,3,0.656752,0.158162,0.591684,2.9
cem_linear_norm,cem_linear,continuous,54,4,0.665661,0.160063,0.588486,2.9
cem_linear_norm,cem_linear,continuous,54,5,0.649888,0.155759,0.597015,2.9
cem_linear_norm,cem_linear,continuous,54,6,0.658847,0.155077,0.576759,2.9
cem_linear_norm,cem_linear,continuous,54,7,0.666491,0.155455,0.550107,2.9
cem_linear_norm,cem_linear,continuous,54,8,0.658934,0.155852,0.566098,2.9
cem_linear_norm,cem_linear,continuous,54,9,0.662518,0.153381,0.595949,2.9
cem_linear_norm,cem_linear,continuous,54,10,0.652125,0.152531,0.586354,2.9
cem_linear_norm,cem_linear,continuous,54,11,0.653010,0.151064,0.582090,2.9
cem_linear_norm,cem_linear,continuous,54,12,0.649471,0.150559,0.558635,2.9
cem_linear_norm,cem_linear,continuous,54,13,0.649996,0.150563,0.587420,2.9
cem_linear_norm,cem_linear,continuous,54,14,0.635911,0.150771,0.607676,2.9
cem_linear_norm,cem_linear,continuous,54,15,0.646547,0.151299,0.598081,2.9
cem_linear_norm,cem_linear,continuous,54,16,0.657906,0.151184,0.587420,2.9
cem_linear_norm,cem_linear,continuous,54,17,0.634438,0.150970,0.616205,2.9
cem_linear_norm,cem_linear,continuous,54,18,0.653015,0.151213,0.584222,2.9
cem_linear_norm,cem_linear,continuous,54,19,0.639027,0.152055,0.601279,2.9
cem_linear_norm,cem_linear,continuous,54,20,0.645667,0.152249,0.608742,2.9
cem_linear_norm,cem_linear,continuous,54,21,0.634622,0.148997,0.634328,2.9
cem_linear_norm,cem_linear,continuous,54,22,0.645228,0.148927,0.581023,2.9
cem_linear_norm,cem_linear,continuous,54,23,0.636431,0.148304,0.624733,2.9
cem_linear_norm,cem_linear,continuous,54,24,0.653681,0.150017,0.587420,2.9
cem_linear_norm,cem_linear,continuous,54,25,0.644049,0.149069,0.603412,2.9
cem_linear_norm,cem_linear,continuous,54,26,0.651858,0.148276,0.616205,2.9
cem_linear_norm,cem_linear,continuous,54,27,0.649110,0.149898,0.589552,2.9
cem_linear_norm,cem_linear,continuous,54,28,0.641069,0.150828,0.583156,2.9
cem_linear_norm,cem_linear,continuous,54,29,0.642037,0.147226,0.631130,2.9
cem_linear_norm,cem_linear,continuous,54,30,0.648913,0.149428,0.597015,2.9
cem_linear_norm,cem_linear,continuous,54,31,0.643502,0.148434,0.600213,2.9
cem_linear_norm,cem_linear,continuous,54,32,0.654812,0.147449,0.595949,2.9
cem_linear_norm,cem_linear,continuous,54,33,0.653118,0.147051,0.602345,2.9
cem_linear_norm,cem_linear,continuous,54,34,0.632916,0.148133,0.598081,2.9
cem_linear_norm,cem_linear,continuous,54,35,0.620124,0.146652,0.633262,2.9
cem_linear_norm,cem_linear,continuous,54,36,0.652834,0.149169,0.578891,2.9
cem_linear_norm,cem_linear,continuous,54,37,0.628382,0.147929,0.607676,2.9
cem_linear_norm,cem_linear,continuous,54,38,0.631342,0.147991,0.590618,2.9
cem_linear_norm,cem_linear,continuous,54,39,0.618245,0.146464,0.636461,2.9
cem_linear_norm,cem_linear,continuous,54,40,0.640724,0.147229,0.598081,2.9
cem_linear_norm,cem_linear,continuous,54,41,0.620142,0.147759,0.623667,2.9
cem_linear_norm,cem_linear,continuous,54,42,0.643636,0.146417,0.608742,2.9
cem_linear_norm,cem_linear,continuous,54,43,0.605109,0.146837,0.642857,2.9
cem_linear_norm,cem_linear,continuous,54,44,0.644297,0.147309,0.610874,2.9
cem_linear_norm,cem_linear,continuous,54,45,0.636738,0.147917,0.623667,2.9
cem_linear_norm,cem_linear,continuous,54,46,0.619209,0.146099,0.635394,2.9
cem_linear_norm,cem_linear,continuous,54,47,0.647463,0.146572,0.594883,2.9
cem_linear_norm,cem_linear,continuous,54,48,0.598244,0.145965,0.664179,2.9
cem_linear_norm,cem_linear,continuous,54,49,0.602440,0.145127,0.639659,2.9
cem_linear_norm,cem_linear,continuous,54,50,0.594364,0.145035,0.669510,2.9
cem_linear_norm,cem_linear,continuous,54,51,0.615943,0.146454,0.634328,2.9
cem_linear_norm,cem_linear,continuous,54,52,0.603854,0.145988,0.644989,2.9
cem_linear_norm,cem_linear,continuous,54,53,0.608964,0.145818,0.647122,2.9
cem_linear_norm,cem_linear,continuous,54,54,0.611101,0.144520,0.635394,2.9
cem_linear_norm,cem_linear,continuous,54,55,0.625516,0.143787,0.635394,2.9
cem_linear_norm,cem_linear,continuous,54,56,0.603636,0.144526,0.660981,2.9
cem_linear_norm,cem_linear,continuous,54,57,0.597272,0.144380,0.671642,2.9
cem_linear_norm,cem_linear,continuous,54,58,0.641635,0.145931,0.602345,2.9
cem_linear_norm,cem_linear,continuous,54,59,0.604253,0.144805,0.647122,2.9
cem_linear_norm,cem_linear,continuous,54,60,0.637899,0.146227,0.634328,2.9
cem_linear_norm,cem_linear,continuous,54,61,0.590734,0.143698,0.663113,2.9
cem_linear_norm,cem_linear,continuous,54,62,0.621527,0.144607,0.619403,2.9
cem_linear_norm,cem_linear,continuous,54,63,0.593065,0.144162,0.655650,2.9
cem_linear_norm,cem_linear,continuous,54,64,0.605361,0.143797,0.647122,2.8
cem_linear_norm,cem_linear,continuous,54,65,0.599978,0.143525,0.663113,2.9
cem_linear_norm,cem_linear,continuous,54,66,0.627284,0.141983,0.621535,2.9
cem_linear_norm,cem_linear,continuous,54,67,0.602196,0.142337,0.673774,2.9
cem_linear_norm,cem_linear,continuous,54,68,0.593016,0.140909,0.666311,2.9
cem_linear_norm,cem_linear,continuous,54,69,0.614897,0.141391,0.653518,2.9
cem_linear_norm,cem_linear,continuous,54,70,0.543895,0.142015,0.721748,2.9
cem_linear_norm,cem_linear,continuous,54,71,0.574099,0.141090,0.697228,2.9
cem_linear_norm,cem_linear,continuous,54,72,0.596099,0.142344,0.667377,2.9
cem_linear_norm,cem_linear,continuous,54,73,0.604091,0.142271,0.660981,2.9
cem_linear_norm,cem_linear,continuous,54,74,0.574275,0.137536,0.684435,2.9
cem_linear_norm,cem_linear,continuous,54,75,0.605085,0.139690,0.675906,2.9
cem_linear_norm,cem_linear,continuous,54,76,0.589911,0.137855,0.689765,2.9
cem_linear_norm,cem_linear,continuous,54,77,0.603363,0.143556,0.680171,2.9
cem_linear_norm,cem_linear,continuous,54,78,0.600495,0.141949,0.684435,2.8
cem_linear_norm,cem_linear,continuous,54,79,0.567099,0.138304,0.686567,2.9
cem_linear_norm,cem_linear,continuous,54,80,0.570553,0.135739,0.691898,2.9
cem_linear_norm,cem_linear,continuous,54,81,0.547447,0.134803,0.729211,2.9
cem_linear_norm,cem_linear,continuous,54,82,0.558298,0.134919,0.700426,2.9
cem_linear_norm,cem_linear,continuous,54,83,0.561140,0.134550,0.715352,2.9
cem_linear_norm,cem_linear,continuous,54,84,0.552328,0.133898,0.705757,2.9
cem_linear_norm,cem_linear,continuous,54,85,0.534907,0.132853,0.718550,2.9
cem_linear_norm,cem_linear,continuous,54,86,0.551721,0.137918,0.726013,2.9
cem_linear_norm,cem_linear,continuous,54,87,0.531065,0.132046,0.742004,2.9
cem_linear_norm,cem_linear,continuous,54,88,0.553476,0.134355,0.723881,2.9
cem_linear_norm,cem_linear,continuous,54,89,0.539311,0.132852,0.731343,2.9
cem_linear_norm,cem_linear,continuous,54,90,0.543891,0.132470,0.733475,2.9
cem_linear_norm,cem_linear,continuous,54,91,0.494206,0.132369,0.764392,2.9
cem_linear_norm,cem_linear,continuous,54,92,0.553844,0.132924,0.718550,2.9
cem_linear_norm,cem_linear,continuous,54,93,0.509226,0.128978,0.750533,2.9
cem_linear_norm,cem_linear,continuous,54,94,0.524347,0.128767,0.747335,2.9
cem_linear_norm,cem_linear,continuous,54,95,0.495268,0.126785,0.749467,2.9
cem_linear_norm,cem_linear,continuous,54,96,0.513408,0.128617,0.762260,2.9
cem_linear_norm,cem_linear,continuous,54,97,0.494911,0.128378,0.768657,2.9
cem_linear_norm,cem_linear,continuous,54,98,0.523250,0.129517,0.739872,2.9
cem_linear_norm,cem_linear,continuous,54,99,0.521261,0.127938,0.736674,2.9
cem_linear_norm,cem_linear,continuous,54,100,0.476979,0.123967,0.772921,2.9
cem_linear_norm,cem_linear,continuous,54,101,0.487150,0.127790,0.770789,2.9
cem_linear_norm,cem_linear,continuous,54,102,0.470178,0.126038,0.777186,2.9
cem_linear_norm,cem_linear,continuous,54,103,0.491282,0.128433,0.761194,2.9
cem_linear_norm,cem_linear,continuous,54,104,0.470955,0.126078,0.763326,2.9
cem_linear_norm,cem_linear,continuous,54,105,0.480527,0.125982,0.775053,2.9
cem_linear_norm,cem_linear,continuous,54,106,0.481199,0.128288,0.773987,2.9
cem_linear_norm,cem_linear,continuous,54,107,0.477216,0.120947,0.785714,2.9
cem_linear_norm,cem_linear,continuous,54,108,0.519862,0.126572,0.743070,2.9
cem_linear_norm,cem_linear,continuous,54,109,0.476393,0.124456,0.775053,2.9
cem_linear_norm,cem_linear,continuous,54,110,0.489593,0.123672,0.772921,2.9
cem_linear_norm,cem_linear,continuous,54,111,0.476557,0.125392,0.767591,2.9
cem_linear_norm,cem_linear,continuous,54,112,0.499901,0.124417,0.767591,2.9
cem_linear_norm,cem_linear,continuous,54,113,0.470059,0.124775,0.769723,2.9
cem_linear_norm,cem_linear,continuous,54,114,0.474301,0.121950,0.776119,2.9
cem_linear_norm,cem_linear,continuous,54,115,0.490261,0.125425,0.770789,2.9
cem_linear_norm,cem_linear,continuous,54,116,0.464271,0.124059,0.794243,2.9
cem_linear_norm,cem_linear,continuous,54,117,0.474499,0.124631,0.778252,2.9
cem_linear_norm,cem_linear,continuous,54,118,0.455080,0.124072,0.795309,2.9
cem_linear_norm,cem_linear,continuous,54,119,0.482788,0.121249,0.781450,2.9
cem_linear_norm,cem_linear,continuous,54,120,0.476351,0.122415,0.777186,2.9
cem_linear_norm,cem_linear,continuous,54,121,0.441037,0.119429,0.805970,2.9
cem_linear_norm,cem_linear,continuous,54,122,0.454061,0.122471,0.791045,2.9
cem_linear_norm,cem_linear,continuous,54,123,0.447354,0.120897,0.787846,2.9
cem_linear_norm,cem_linear,continuous,54,124,0.452243,0.122789,0.798507,2.9
cem_linear_norm,cem_linear,continuous,54,125,0.429784,0.121936,0.810235,2.9
cem_linear_norm,cem_linear,continuous,54,126,0.473887,0.122027,0.769723,2.9
cem_linear_norm,cem_linear,continuous,54,127,0.458300,0.120637,0.802772,2.9
cem_linear_norm,cem_linear,continuous,54,128,0.427238,0.119381,0.791045,2.9
cem_linear_norm,cem_linear,continuous,54,129,0.451578,0.121633,0.799574,2.9
cem_linear_norm,cem_linear,continuous,54,130,0.454514,0.121229,0.802772,2.9
cem_linear_norm,cem_linear,continuous,54,131,0.425051,0.117961,0.802772,2.9
cem_linear_norm,cem_linear,continuous,54,132,0.434933,0.121168,0.798507,2.9
cem_linear_norm,cem_linear,continuous,54,133,0.438035,0.119915,0.808102,2.9
cem_linear_norm,cem_linear,continuous,54,134,0.442605,0.122252,0.798507,2.9
cem_linear_norm,cem_linear,continuous,54,135,0.458873,0.120870,0.793177,2.9
cem_linear_norm,cem_linear,continuous,54,136,0.419152,0.120631,0.818763,2.9
cem_linear_norm,cem_linear,continuous,54,137,0.425039,0.121038,0.818763,2.9
cem_linear_norm,cem_linear,continuous,54,138,0.455966,0.120008,0.803838,2.9
cem_linear_norm,cem_linear,continuous,54,139,0.436414,0.118149,0.802772,2.9
cem_linear_norm,cem_linear,continuous,54,140,0.426922,0.117623,0.825160,2.9
cem_linear_norm,cem_linear,continuous,54,141,0.427467,0.119141,0.818763,2.9
cem_linear_norm,cem_linear,continuous,54,142,0.426146,0.119161,0.812367,2.9
cem_linear_norm,cem_linear,continuous,54,143,0.409618,0.120532,0.826226,2.9
cem_linear_norm,cem_linear,continuous,54,144,0.414183,0.118688,0.814499,2.9
cem_linear_norm,cem_linear,continuous,54,145,0.419957,0.118420,0.812367,2.9
cem_linear_norm,cem_linear,continuous,54,146,0.439516,0.117758,0.807036,2.9
cem_linear_norm,cem_linear,continuous,54,147,0.430267,0.118719,0.799574,2.9
cem_linear_norm,cem_linear,continuous,54,148,0.404304,0.116891,0.820896,2.9
cem_linear_norm,cem_linear,continuous,54,149,0.427358,0.118641,0.821962,2.9
cem_linear_norm,cem_linear,continuous,54,150,0.444227,0.119569,0.808102,2.9
cem_linear_norm,cem_linear,continuous,54,151,0.391664,0.116868,0.836887,2.9
cem_linear_norm,cem_linear,continuous,54,152,0.418001,0.118810,0.830490,2.9
cem_linear_norm,cem_linear,continuous,54,153,0.421620,0.118261,0.818763,2.9
cem_linear_norm,cem_linear,continuous,54,154,0.417201,0.115946,0.819829,2.9
cem_linear_norm,cem_linear,continuous,54,155,0.423521,0.118550,0.804904,2.9
cem_linear_norm,cem_linear,continuous,54,156,0.424131,0.120281,0.812367,2.9
cem_linear_norm,cem_linear,continuous,54,157,0.424646,0.117151,0.813433,2.9
cem_linear_norm,cem_linear,continuous,54,158,0.401002,0.115955,0.820896,2.9
cem_linear_norm,cem_linear,continuous,54,159,0.410496,0.116387,0.817697,2.9
cem_linear_norm,cem_linear,continuous,54,160,0.421664,0.116022,0.810235,2.9
cem_linear_norm,cem_linear,continuous,54,161,0.416612,0.118369,0.825160,2.9
cem_linear_norm,cem_linear,continuous,54,162,0.411569,0.116179,0.818763,2.9
cem_linear_norm,cem_linear,continuous,54,163,0.412948,0.115203,0.826226,2.9
cem_linear_norm,cem_linear,continuous,54,164,0.405057,0.116957,0.823028,2.9
cem_linear_norm,cem_linear,continuous,54,165,0.412040,0.117208,0.819829,2.9
cem_linear_norm,cem_linear,continuous,54,166,0.411050,0.116367,0.833689,2.9
cem_linear_norm,cem_linear,continuous,54,167,0.404110,0.115465,0.823028,2.9
cem_linear_norm,cem_linear,continuous,54,168,0.380930,0.116781,0.833689,2.9
cem_linear_norm,cem_linear,continuous,54,169,0.394807,0.116765,0.832623,2.9
cem_linear_norm,cem_linear,continuous,54,170,0.393974,0.116664,0.818763,2.9
cem_linear_norm,cem_linear,continuous,54,171,0.417923,0.117136,0.816631,2.9
cem_linear_norm,cem_linear,continuous,54,172,0.413209,0.118852,0.814499,2.9
cem_linear_norm,cem_linear,continuous,54,173,0.407025,0.115166,0.832623,2.9
cem_linear_norm,cem_linear,continuous,54,174,0.398761,0.115315,0.819829,2.9
cem_linear_norm,cem_linear,continuous,54,175,0.377112,0.113318,0.837953,2.9
cem_linear_norm,cem_linear,continuous,54,176,0.441270,0.115492,0.791045,2.9
cem_linear_norm,cem_linear,continuous,54,177,0.422207,0.115080,0.810235,2.9
cem_linear_norm,cem_linear,continuous,54,178,0.391331,0.114171,0.843284,2.9
cem_linear_norm,cem_linear,continuous,54,179,0.389265,0.115360,0.836887,2.9
cem_linear_norm,cem_linear,continuous,54,180,0.379635,0.116180,0.835821,2.9
cem_linear_norm,cem_linear,continuous,54,181,0.403633,0.116993,0.832623,2.9
cem_linear_norm,cem_linear,continuous,54,182,0.387885,0.115275,0.830490,2.9
cem_linear_norm,cem_linear,continuous,54,183,0.382437,0.115612,0.835821,2.9
cem_linear_norm,cem_linear,continuous,54,184,0.391407,0.114078,0.825160,2.9
cem_linear_norm,cem_linear,continuous,54,185,0.386248,0.115841,0.835821,2.9
cem_linear_norm,cem_linear,continuous,54,186,0.414937,0.114898,0.827292,2.9
cem_linear_norm,cem_linear,continuous,54,187,0.396263,0.117996,0.827292,2.9
cem_linear_norm,cem_linear,continuous,54,188,0.370932,0.115834,0.844350,2.9
cem_linear_norm,cem_linear,continuous,54,189,0.365911,0.115210,0.848614,2.9
cem_linear_norm,cem_linear,continuous,54,190,0.395004,0.117013,0.829424,2.9
cem_linear_norm,cem_linear,continuous,54,191,0.359694,0.114142,0.853945,2.9
cem_linear_norm,cem_linear,continuous,54,192,0.390781,0.113797,0.829424,2.9
cem_linear_norm,cem_linear,continuous,54,193,0.367935,0.114492,0.836887,2.9
cem_linear_norm,cem_linear,continuous,54,194,0.380243,0.116257,0.831557,2.9
cem_linear_norm,cem_linear,continuous,54,195,0.377320,0.115837,0.835821,2.9
cem_linear_norm,cem_linear,continuous,54,196,0.389638,0.113607,0.827292,2.9
cem_linear_norm,cem_linear,continuous,54,197,0.378085,0.114654,0.833689,2.9
cem_linear_norm,cem_linear,continuous,54,198,0.376451,0.115294,0.826226,2.9
cem_linear_norm,cem_linear,continuous,54,199,0.403292,0.116076,0.814499,2.9
cem_linear_norm,cem_linear,continuous,54,200,0.362783,0.115047,0.852878,2.9
cem_linear_norm,cem_linear,continuous,54,201,0.378475,0.114580,0.830490,2.9
cem_linear_norm,cem_linear,continuous,54,202,0.368619,0.115020,0.841151,2.9
cem_linear_norm,cem_linear,continuous,54,203,0.362692,0.114135,0.839019,2.9
cem_linear_norm,cem_linear,continuous,54,204,0.394271,0.114487,0.828358,2.9
cem_linear_norm,cem_linear,continuous,54,205,0.383201,0.114310,0.842217,2.9
cem_linear_norm,cem_linear,continuous,54,206,0.383709,0.113169,0.830490,2.9
cem_linear_norm,cem_linear,continuous,54,207,0.393314,0.113358,0.830490,2.9
cem_linear_norm,cem_linear,continuous,54,208,0.359972,0.113001,0.839019,2.9
cem_linear_norm,cem_linear,continuous,54,209,0.390561,0.114239,0.840085,2.9
cem_linear_norm,cem_linear,continuous,54,210,0.363527,0.112444,0.845416,2.9
cem_linear_norm,cem_linear,continuous,54,211,0.380507,0.113106,0.833689,2.9
cem_linear_norm,cem_linear,continuous,54,212,0.370696,0.114567,0.836887,2.9
cem_linear_norm,cem_linear,continuous,54,213,0.374861,0.113398,0.848614,2.9
cem_linear_norm,cem_linear,continuous,54,214,0.357878,0.112134,0.851812,2.9
cem_linear_norm,cem_linear,continuous,54,215,0.373617,0.114208,0.848614,2.9
cem_linear_norm,cem_linear,continuous,54,216,0.391783,0.115591,0.830490,2.9
cem_linear_norm,cem_linear,continuous,54,217,0.372175,0.111754,0.832623,2.9
cem_linear_norm,cem_linear,continuous,54,218,0.365957,0.113280,0.827292,2.9
cem_linear_norm,cem_linear,continuous,54,219,0.376065,0.112804,0.846482,2.9
cem_linear_norm,cem_linear,continuous,54,220,0.388152,0.114915,0.837953,2.9
cem_linear_norm,cem_linear,continuous,54,221,0.366887,0.112188,0.828358,2.9
cem_linear_norm,cem_linear,continuous,54,222,0.365917,0.111020,0.844350,2.9
cem_linear_norm,cem_linear,continuous,54,223,0.380224,0.113986,0.834755,2.9
cem_linear_norm,cem_linear,continuous,54,224,0.371293,0.112632,0.840085,2.9
cem_linear_norm,cem_linear,continuous,54,225,0.373381,0.112509,0.843284,2.9
cem_linear_norm,cem_linear,continuous,54,226,0.352746,0.112532,0.841151,2.9
cem_linear_norm,cem_linear,continuous,54,227,0.355658,0.110399,0.849680,2.9
cem_linear_norm,cem_linear,continuous,54,228,0.357811,0.111913,0.844350,2.9
cem_linear_norm,cem_linear,continuous,54,229,0.349983,0.109677,0.833689,2.9
cem_linear_norm,cem_linear,continuous,54,230,0.366659,0.112392,0.834755,2.9
cem_linear_norm,cem_linear,continuous,54,231,0.373323,0.112106,0.828358,2.9
cem_linear_norm,cem_linear,continuous,54,232,0.353519,0.111393,0.841151,2.9
cem_linear_norm,cem_linear,continuous,54,233,0.395346,0.112566,0.826226,2.9
cem_linear_norm,cem_linear,continuous,54,234,0.343567,0.110966,0.851812,2.9
cem_linear_norm,cem_linear,continuous,54,235,0.365256,0.111777,0.839019,2.9
cem_linear_norm,cem_linear,continuous,54,236,0.371423,0.112657,0.837953,2.9
cem_linear_norm,cem_linear,continuous,54,237,0.360627,0.111198,0.850746,2.9
cem_linear_norm,cem_linear,continuous,54,238,0.354131,0.111364,0.862473,2.8
cem_linear_norm,cem_linear,continuous,54,239,0.356834,0.110508,0.846482,2.9
cem_linear_norm,cem_linear,continuous,54,240,0.368419,0.111508,0.845416,2.9
cem_linear_norm,cem_linear,continuous,54,241,0.348506,0.111172,0.851812,2.9
cem_linear_norm,cem_linear,continuous,54,242,0.365112,0.110919,0.840085,2.9
cem_linear_norm,cem_linear,continuous,54,243,0.358093,0.111840,0.849680,2.9
cem_linear_norm,cem_linear,continuous,54,244,0.353731,0.110400,0.849680,2.9
cem_linear_norm,cem_linear,continuous,54,245,0.356716,0.111297,0.836887,2.9
cem_linear_norm,cem_linear,continuous,54,246,0.344703,0.111550,0.856077,2.9
cem_linear_norm,cem_linear,continuous,54,247,0.335399,0.111326,0.860341,2.9
cem_linear_norm,cem_linear,continuous,54,248,0.364187,0.112754,0.845416,2.9
cem_linear_norm,cem_linear,continuous,54,249,0.367349,0.110278,0.837953,2.9
cem_linear_norm,cem_linear,continuous,54,250,0.334832,0.111102,0.861407,2.9
cem_linear_norm,cem_linear,continuous,55,1,0.723025,0.312803,0.526596,2.9
cem_linear_norm,cem_linear,continuous,55,2,0.669362,0.162203,0.593617,2.9
cem_linear_norm,cem_linear,continuous,55,3,0.662591,0.155602,0.604255,2.9
cem_linear_norm,cem_linear,continuous,55,4,0.674378,0.155859,0.564894,2.9
cem_linear_norm,cem_linear,continuous,55,5,0.660901,0.156452,0.601064,2.9
cem_linear_norm,cem_linear,continuous,55,6,0.676924,0.152560,0.571277,2.9
cem_linear_norm,cem_linear,continuous,55,7,0.637483,0.154148,0.598936,2.9
cem_linear_norm,cem_linear,continuous,55,8,0.637749,0.150788,0.610638,2.9
cem_linear_norm,cem_linear,continuous,55,9,0.656922,0.155144,0.581915,2.9
cem_linear_norm,cem_linear,continuous,55,10,0.642648,0.152954,0.597872,2.9
cem_linear_norm,cem_linear,continuous,55,11,0.629442,0.151063,0.640426,2.9
cem_linear_norm,cem_linear,continuous,55,12,0.672202,0.153724,0.554255,2.9
cem_linear_norm,cem_linear,continuous,55,13,0.616542,0.150732,0.641489,2.9
cem_linear_norm,cem_linear,continuous,55,14,0.661945,0.154685,0.581915,2.9
cem_linear_norm,cem_linear,continuous,55,15,0.615597,0.150820,0.662766,2.9
cem_linear_norm,cem_linear,continuous,55,16,0.648376,0.151896,0.607447,2.9
cem_linear_norm,cem_linear,continuous,55,17,0.653563,0.151612,0.593617,2.9
cem_linear_norm,cem_linear,continuous,55,18,0.638833,0.149280,0.601064,2.9
cem_linear_norm,cem_linear,continuous,55,19,0.625448,0.152253,0.620213,2.9
cem_linear_norm,cem_linear,continuous,55,20,0.669419,0.149868,0.548936,2.9
cem_linear_norm,cem_linear,continuous,55,21,0.648349,0.151383,0.590426,2.9
cem_linear_norm,cem_linear,continuous,55,22,0.642677,0.148225,0.593617,2.9
cem_linear_norm,cem_linear,continuous,55,23,0.635848,0.148151,0.629787,2.9
cem_linear_norm,cem_linear,continuous,55,24,0.628062,0.149895,0.608511,2.9
cem_linear_norm,cem_linear,continuous,55,25,0.622238,0.150395,0.606383,2.9
cem_linear_norm,cem_linear,continuous,55,26,0.637144,0.150494,0.612766,2.9
cem_linear_norm,cem_linear,continuous,55,27,0.628541,0.150670,0.609574,2.9
cem_linear_norm,cem_linear,continuous,55,28,0.642564,0.148868,0.606383,2.9
cem_linear_norm,cem_linear,continuous,55,29,0.620607,0.147851,0.625532,2.9
cem_linear_norm,cem_linear,continuous,55,30,0.613168,0.149130,0.615957,2.9
cem_linear_norm,cem_linear,continuous,55,31,0.651336,0.149296,0.589362,2.9
cem_linear_norm,cem_linear,continuous,55,32,0.640440,0.148911,0.601064,2.9
cem_linear_norm,cem_linear,continuous,55,33,0.624975,0.149177,0.608511,2.9
cem_linear_norm,cem_linear,continuous,55,34,0.626809,0.147699,0.612766,2.9
cem_linear_norm,cem_linear,continuous,55,35,0.641240,0.147178,0.608511,2.9
cem_linear_norm,cem_linear,continuous,55,36,0.615153,0.150854,0.621277,2.8
cem_linear_norm,cem_linear,continuous,55,37,0.623015,0.149503,0.608511,2.9
cem_linear_norm,cem_linear,continuous,55,38,0.646352,0.146733,0.595745,2.9
cem_linear_norm,cem_linear,continuous,55,39,0.627204,0.147779,0.613830,2.9
cem_linear_norm,cem_linear,continuous,55,40,0.620797,0.147873,0.639362,2.9
cem_linear_norm,cem_linear,continuous,55,41,0.625157,0.146373,0.642553,2.9
cem_linear_norm,cem_linear,continuous,55,42,0.619817,0.149183,0.636170,2.9
cem_linear_norm,cem_linear,continuous,55,43,0.626140,0.146721,0.626596,2.9
cem_linear_norm,cem_linear,continuous,55,44,0.583603,0.146541,0.662766,2.9
cem_linear_norm,cem_linear,continuous,55,45,0.619102,0.147779,0.623404,2.9
cem_linear_norm,cem_linear,continuous,55,46,0.618477,0.147472,0.625532,2.9
cem_linear_norm,cem_linear,continuous,55,47,0.599987,0.146576,0.644681,2.9
cem_linear_norm,cem_linear,continuous,55,48,0.622886,0.146756,0.626596,2.9
cem_linear_norm,cem_linear,continuous,55,49,0.650108,0.147828,0.591489,2.9
cem_linear_norm,cem_linear,continuous,55,50,0.616436,0.145533,0.640426,2.9
cem_linear_norm,cem_linear,continuous,55,51,0.626085,0.148394,0.607447,2.9
cem_linear_norm,cem_linear,continuous,55,52,0.622631,0.145592,0.630851,2.9
cem_linear_norm,cem_linear,continuous,55,53,0.606547,0.146867,0.634043,2.9
cem_linear_norm,cem_linear,continuous,55,54,0.618014,0.145367,0.636170,2.9
cem_linear_norm,cem_linear,continuous,55,55,0.600926,0.144514,0.667021,2.9
cem_linear_norm,cem_linear,continuous,55,56,0.643399,0.145309,0.603191,2.9
cem_linear_norm,cem_linear,continuous,55,57,0.602035,0.144706,0.657447,2.9
cem_linear_norm,cem_linear,continuous,55,58,0.614854,0.143725,0.636170,2.9
cem_linear_norm,cem_linear,continuous,55,59,0.616010,0.144121,0.645745,2.9
cem_linear_norm,cem_linear,continuous,55,60,0.592367,0.145108,0.670213,2.9
cem_linear_norm,cem_linear,continuous,55,61,0.617421,0.143811,0.640426,2.9
cem_linear_norm,cem_linear,continuous,55,62,0.619474,0.143477,0.604255,2.9
cem_linear_norm,cem_linear,continuous,55,63,0.596165,0.143728,0.655319,2.9
cem_linear_norm,cem_linear,continuous,55,64,0.626022,0.143594,0.626596,2.9
cem_linear_norm,cem_linear,continuous,55,65,0.616946,0.144234,0.644681,2.9
cem_linear_norm,cem_linear,continuous,55,66,0.598210,0.144176,0.664894,2.9
cem_linear_norm,cem_linear,continuous,55,67,0.600056,0.143370,0.639362,2.9
cem_linear_norm,cem_linear,continuous,55,68,0.602811,0.141324,0.674468,2.9
cem_linear_norm,cem_linear,continuous,55,69,0.608360,0.142822,0.657447,2.9
cem_linear_norm,cem_linear,continuous,55,70,0.553916,0.141355,0.692553,2.9
cem_linear_norm,cem_linear,continuous,55,71,0.597501,0.141193,0.663830,2.9
cem_linear_norm,cem_linear,continuous,55,72,0.593966,0.142668,0.662766,2.9
cem_linear_norm,cem_linear,continuous,55,73,0.564626,0.141398,0.707447,2.9
cem_linear_norm,cem_linear,continuous,55,74,0.576536,0.139924,0.676596,2.9
cem_linear_norm,cem_linear,continuous,55,75,0.614049,0.140548,0.668085,2.9
cem_linear_norm,cem_linear,continuous,55,76,0.552413,0.138635,0.719149,2.9
cem_linear_norm,cem_linear,continuous,55,77,0.561679,0.140500,0.726596,2.9
cem_linear_norm,cem_linear,continuous,55,78,0.564684,0.138615,0.693617,2.9
cem_linear_norm,cem_linear,continuous,55,79,0.531638,0.135744,0.731915,2.9
cem_linear_norm,cem_linear,continuous,55,80,0.552121,0.137043,0.729787,2.9
cem_linear_norm,cem_linear,continuous,55,81,0.559148,0.138247,0.718085,2.9
cem_linear_norm,cem_linear,continuous,55,82,0.553249,0.137399,0.708511,2.9
cem_linear_norm,cem_linear,continuous,55,83,0.535279,0.136409,0.742553,2.9
cem_linear_norm,cem_linear,continuous,55,84,0.539503,0.135486,0.732979,2.9
cem_linear_norm,cem_linear,continuous,55,85,0.530303,0.134284,0.731915,2.9
cem_linear_norm,cem_linear,continuous,55,86,0.534076,0.134149,0.732979,2.9
cem_linear_norm,cem_linear,continuous,55,87,0.554318,0.133592,0.703191,2.9
cem_linear_norm,cem_linear,continuous,55,88,0.520780,0.131618,0.738298,2.9
cem_linear_norm,cem_linear,continuous,55,89,0.508499,0.131737,0.742553,2.9
cem_linear_norm,cem_linear,continuous,55,90,0.510505,0.130757,0.750000,2.9
cem_linear_norm,cem_linear,continuous,55,91,0.492993,0.130698,0.770213,2.9
cem_linear_norm,cem_linear,continuous,55,92,0.499639,0.134412,0.761702,2.9
cem_linear_norm,cem_linear,continuous,55,93,0.521733,0.132045,0.751064,2.9
cem_linear_norm,cem_linear,continuous,55,94,0.512218,0.131175,0.755319,2.9
cem_linear_norm,cem_linear,continuous,55,95,0.484284,0.131286,0.769149,2.9
cem_linear_norm,cem_linear,continuous,55,96,0.487258,0.131105,0.770213,2.9
cem_linear_norm,cem_linear,continuous,55,97,0.481366,0.128535,0.775532,2.9
cem_linear_norm,cem_linear,continuous,55,98,0.504716,0.131128,0.755319,2.9
cem_linear_norm,cem_linear,continuous,55,99,0.496595,0.128900,0.771277,2.9
cem_linear_norm,cem_linear,continuous,55,100,0.501582,0.127801,0.757447,2.9
cem_linear_norm,cem_linear,continuous,55,101,0.473304,0.127953,0.772340,2.9
cem_linear_norm,cem_linear,continuous,55,102,0.493464,0.125960,0.775532,2.9
cem_linear_norm,cem_linear,continuous,55,103,0.477665,0.126953,0.782979,2.9
cem_linear_norm,cem_linear,continuous,55,104,0.500122,0.126861,0.751064,2.9
cem_linear_norm,cem_linear,continuous,55,105,0.453893,0.130059,0.776596,2.9
cem_linear_norm,cem_linear,continuous,55,106,0.469332,0.126896,0.784043,2.9
cem_linear_norm,cem_linear,continuous,55,107,0.491071,0.126789,0.765957,2.9
cem_linear_norm,cem_linear,continuous,55,108,0.470165,0.127210,0.778723,2.9
cem_linear_norm,cem_linear,continuous,55,109,0.465335,0.126393,0.796809,2.9
cem_linear_norm,cem_linear,continuous,55,110,0.441768,0.127119,0.802128,2.9
cem_linear_norm,cem_linear,continuous,55,111,0.453545,0.127990,0.788298,2.9
cem_linear_norm,cem_linear,continuous,55,112,0.473689,0.127346,0.784043,2.9
cem_linear_norm,cem_linear,continuous,55,113,0.460492,0.127446,0.785106,2.9
cem_linear_norm,cem_linear,continuous,55,114,0.480248,0.125786,0.786170,2.9
cem_linear_norm,cem_linear,continuous,55,115,0.442968,0.126056,0.802128,2.9
cem_linear_norm,cem_linear,continuous,55,116,0.457077,0.126913,0.800000,2.9
cem_linear_norm,cem_linear,continuous,55,117,0.469963,0.123985,0.781915,2.9
cem_linear_norm,cem_linear,continuous,55,118,0.433166,0.125019,0.800000,2.9
cem_linear_norm,cem_linear,continuous,55,119,0.474670,0.124939,0.786170,2.9
cem_linear_norm,cem_linear,continuous,55,120,0.429152,0.125302,0.803191,2.8
cem_linear_norm,cem_linear,continuous,55,121,0.443722,0.123585,0.806383,2.9
cem_linear_norm,cem_linear,continuous,55,122,0.400698,0.121396,0.824468,2.9
cem_linear_norm,cem_linear,continuous,55,123,0.444505,0.122620,0.796809,2.9
cem_linear_norm,cem_linear,continuous,55,124,0.432773,0.124019,0.803191,2.9
cem_linear_norm,cem_linear,continuous,55,125,0.430883,0.123456,0.801064,2.9
cem_linear_norm,cem_linear,continuous,55,126,0.431281,0.121424,0.811702,2.9
cem_linear_norm,cem_linear,continuous,55,127,0.416030,0.123048,0.810638,2.9
cem_linear_norm,cem_linear,continuous,55,128,0.432278,0.123631,0.815957,2.9
cem_linear_norm,cem_linear,continuous,55,129,0.432982,0.122692,0.800000,2.9
cem_linear_norm,cem_linear,continuous,55,130,0.437066,0.122088,0.800000,2.9
cem_linear_norm,cem_linear,continuous,55,131,0.403431,0.124001,0.815957,2.9
cem_linear_norm,cem_linear,continuous,55,132,0.440253,0.121000,0.788298,2.9
cem_linear_norm,cem_linear,continuous,55,133,0.438972,0.122304,0.810638,2.9
cem_linear_norm,cem_linear,continuous,55,134,0.454501,0.123998,0.787234,2.9
cem_linear_norm,cem_linear,continuous,55,135,0.425443,0.121980,0.824468,2.9
cem_linear_norm,cem_linear,continuous,55,136,0.414984,0.121507,0.808511,2.9
cem_linear_norm,cem_linear,continuous,55,137,0.412261,0.120639,0.819149,2.9
cem_linear_norm,cem_linear,continuous,55,138,0.413114,0.120869,0.817021,2.9
cem_linear_norm,cem_linear,continuous,55,139,0.408317,0.121957,0.812766,2.9
cem_linear_norm,cem_linear,continuous,55,140,0.418488,0.123939,0.809574,2.9
cem_linear_norm,cem_linear,continuous,55,141,0.429657,0.123416,0.808511,2.9
cem_linear_norm,cem_linear,continuous,55,142,0.423391,0.122208,0.808511,2.9
cem_linear_norm,cem_linear,continuous,55,143,0.403292,0.122449,0.821277,2.9
cem_linear_norm,cem_linear,continuous,55,144,0.401290,0.121951,0.832979,2.9
cem_linear_norm,cem_linear,continuous,55,145,0.388551,0.121093,0.821277,2.9
cem_linear_norm,cem_linear,continuous,55,146,0.420769,0.120341,0.824468,2.9
cem_linear_norm,cem_linear,continuous,55,147,0.416443,0.121095,0.813830,2.9
cem_linear_norm,cem_linear,continuous,55,148,0.411417,0.118766,0.813830,2.9
cem_linear_norm,cem_linear,continuous,55,149,0.427735,0.120035,0.804255,2.9
cem_linear_norm,cem_linear,continuous,55,150,0.406913,0.119825,0.817021,2.9
cem_linear_norm,cem_linear,continuous,55,151,0.398872,0.119094,0.837234,2.9
cem_linear_norm,cem_linear,continuous,55,152,0.403380,0.120247,0.806383,2.9
cem_linear_norm,cem_linear,continuous,55,153,0.403768,0.119295,0.827660,2.9
cem_linear_norm,cem_linear,continuous,55,154,0.385426,0.118980,0.840426,2.9
cem_linear_norm,cem_linear,continuous,55,155,0.381924,0.121076,0.837234,2.9
cem_linear_norm,cem_linear,continuous,55,156,0.391329,0.121497,0.834043,2.9
cem_linear_norm,cem_linear,continuous,55,157,0.398676,0.120967,0.818085,2.9
cem_linear_norm,cem_linear,continuous,55,158,0.388901,0.120198,0.829787,2.9
cem_linear_norm,cem_linear,continuous,55,159,0.411585,0.120735,0.818085,2.9
cem_linear_norm,cem_linear,continuous,55,160,0.393962,0.119872,0.826596,2.9
cem_linear_norm,cem_linear,continuous,55,161,0.398813,0.117889,0.831915,2.9
cem_linear_norm,cem_linear,continuous,55,162,0.407853,0.119008,0.810638,2.9
cem_linear_norm,cem_linear,continuous,55,163,0.387255,0.119632,0.829787,2.9
cem_linear_norm,cem_linear,continuous,55,164,0.386868,0.119844,0.823404,2.9
cem_linear_norm,cem_linear,continuous,55,165,0.391226,0.119388,0.836170,2.9
cem_linear_norm,cem_linear,continuous,55,166,0.377609,0.118463,0.840426,2.9
cem_linear_norm,cem_linear,continuous,55,167,0.372368,0.118408,0.838298,2.9
cem_linear_norm,cem_linear,continuous,55,168,0.380277,0.119335,0.837234,2.9
cem_linear_norm,cem_linear,continuous,55,169,0.381130,0.119391,0.834043,2.9
cem_linear_norm,cem_linear,continuous,55,170,0.374220,0.119890,0.842553,2.9
cem_linear_norm,cem_linear,continuous,55,171,0.389341,0.117747,0.823404,2.9
cem_linear_norm,cem_linear,continuous,55,172,0.367729,0.119565,0.837234,2.9
cem_linear_norm,cem_linear,continuous,55,173,0.375530,0.120572,0.837234,2.9
cem_linear_norm,cem_linear,continuous,55,174,0.377123,0.119638,0.823404,2.9
cem_linear_norm,cem_linear,continuous,55,175,0.389493,0.119804,0.825532,2.9
cem_linear_norm,cem_linear,continuous,55,176,0.387117,0.119423,0.836170,2.9
cem_linear_norm,cem_linear,continuous,55,177,0.371875,0.119368,0.842553,2.9
cem_linear_norm,cem_linear,continuous,55,178,0.405089,0.116930,0.825532,2.9
cem_linear_norm,cem_linear,continuous,55,179,0.396582,0.118646,0.823404,2.9
cem_linear_norm,cem_linear,continuous,55,180,0.387419,0.117156,0.828723,2.9
cem_linear_norm,cem_linear,continuous,55,181,0.367413,0.117011,0.852128,2.9
cem_linear_norm,cem_linear,continuous,55,182,0.397127,0.118465,0.815957,2.9
cem_linear_norm,cem_linear,continuous,55,183,0.385855,0.116481,0.826596,2.9
cem_linear_norm,cem_linear,continuous,55,184,0.374858,0.118077,0.837234,2.9
cem_linear_norm,cem_linear,continuous,55,185,0.359149,0.119045,0.845745,2.9
cem_linear_norm,cem_linear,continuous,55,186,0.358385,0.117053,0.850000,2.9
cem_linear_norm,cem_linear,continuous,55,187,0.374803,0.118050,0.850000,2.9
cem_linear_norm,cem_linear,continuous,55,188,0.345721,0.118174,0.848936,2.9
cem_linear_norm,cem_linear,continuous,55,189,0.363532,0.117176,0.853191,2.9
cem_linear_norm,cem_linear,continuous,55,190,0.358382,0.117103,0.843617,2.9
cem_linear_norm,cem_linear,continuous,55,191,0.367069,0.116730,0.845745,2.9
cem_linear_norm,cem_linear,continuous,55,192,0.373172,0.116227,0.844681,2.9
cem_linear_norm,cem_linear,continuous,55,193,0.393448,0.118571,0.834043,2.9
cem_linear_norm,cem_linear,continuous,55,194,0.373723,0.118024,0.844681,2.9
cem_linear_norm,cem_linear,continuous,55,195,0.357176,0.114762,0.858511,2.9
cem_linear_norm,cem_linear,continuous,55,196,0.373858,0.116886,0.830851,2.9
cem_linear_norm,cem_linear,continuous,55,197,0.346651,0.115872,0.853191,2.9
cem_linear_norm,cem_linear,continuous,55,198,0.382130,0.115624,0.832979,2.9
cem_linear_norm,cem_linear,continuous,55,199,0.376868,0.117292,0.834043,2.9
cem_linear_norm,cem_linear,continuous,55,200,0.346468,0.116475,0.857447,2.9
cem_linear_norm,cem_linear,continuous,55,201,0.353479,0.116865,0.858511,2.9
cem_linear_norm,cem_linear,continuous,55,202,0.366622,0.117050,0.852128,2.9
cem_linear_norm,cem_linear,continuous,55,203,0.366408,0.116765,0.858511,2.9
cem_linear_norm,cem_linear,continuous,55,204,0.362657,0.115970,0.844681,2.9
cem_linear_norm,cem_linear,continuous,55,205,0.363494,0.118043,0.841489,2.9
cem_linear_norm,cem_linear,continuous,55,206,0.393087,0.117757,0.817021,2.9
cem_linear_norm,cem_linear,continuous,55,207,0.348640,0.114729,0.852128,2.9
cem_linear_norm,cem_linear,continuous,55,208,0.364282,0.116024,0.836170,2.9
cem_linear_norm,cem_linear,continuous,55,209,0.357005,0.116697,0.851064,2.9
cem_linear_norm,cem_linear,continuous,55,210,0.347741,0.115149,0.862766,2.9
cem_linear_norm,cem_linear,continuous,55,211,0.363789,0.118945,0.837234,2.9
cem_linear_norm,cem_linear,continuous,55,212,0.349922,0.115466,0.851064,2.9
cem_linear_norm,cem_linear,continuous,55,213,0.372893,0.116989,0.841489,2.9
cem_linear_norm,cem_linear,continuous,55,214,0.388864,0.116394,0.847872,2.9
cem_linear_norm,cem_linear,continuous,55,215,0.350001,0.115716,0.860638,2.9
cem_linear_norm,cem_linear,continuous,55,216,0.357269,0.115978,0.854255,2.9
cem_linear_norm,cem_linear,continuous,55,217,0.357678,0.116074,0.856383,2.9
cem_linear_norm,cem_linear,continuous,55,218,0.355841,0.115555,0.848936,2.9
cem_linear_norm,cem_linear,continuous,55,219,0.360106,0.115007,0.846809,2.9
cem_linear_norm,cem_linear,continuous,55,220,0.358209,0.114948,0.845745,2.9
cem_linear_norm,cem_linear,continuous,55,221,0.346466,0.114284,0.842553,2.9
cem_linear_norm,cem_linear,continuous,55,222,0.351796,0.114538,0.856383,2.9
cem_linear_norm,cem_linear,continuous,55,223,0.371061,0.114738,0.842553,2.9
cem_linear_norm,cem_linear,continuous,55,224,0.365958,0.115619,0.846809,2.9
cem_linear_norm,cem_linear,continuous,55,225,0.354328,0.113883,0.854255,2.9
cem_linear_norm,cem_linear,continuous,55,226,0.386199,0.116849,0.822340,2.9
cem_linear_norm,cem_linear,continuous,55,227,0.349915,0.115094,0.854255,2.9
cem_linear_norm,cem_linear,continuous,55,228,0.353144,0.115596,0.853191,2.9
cem_linear_norm,cem_linear,continuous,55,229,0.361321,0.115206,0.844681,2.9
cem_linear_norm,cem_linear,continuous,55,230,0.323669,0.113249,0.863830,2.9
cem_linear_norm,cem_linear,continuous,55,231,0.369442,0.114475,0.847872,2.9
cem_linear_norm,cem_linear,continuous,55,232,0.369915,0.114270,0.842553,2.9
cem_linear_norm,cem_linear,continuous,55,233,0.354212,0.114295,0.853191,2.9
cem_linear_norm,cem_linear,continuous,55,234,0.346018,0.114165,0.848936,2.9
cem_linear_norm,cem_linear,continuous,55,235,0.339733,0.114593,0.850000,2.9
cem_linear_norm,cem_linear,continuous,55,236,0.364855,0.114269,0.835106,2.9
cem_linear_norm,cem_linear,continuous,55,237,0.354571,0.113021,0.853191,2.9
cem_linear_norm,cem_linear,continuous,55,238,0.349680,0.114550,0.851064,2.9
cem_linear_norm,cem_linear,continuous,55,239,0.351623,0.113196,0.851064,2.9
cem_linear_norm,cem_linear,continuous,55,240,0.352840,0.111890,0.843617,2.9
cem_linear_norm,cem_linear,continuous,55,241,0.354416,0.113827,0.840426,2.9
cem_linear_norm,cem_linear,continuous,55,242,0.367662,0.115082,0.848936,2.9
cem_linear_norm,cem_linear,continuous,55,243,0.361325,0.114660,0.852128,2.9
cem_linear_norm,cem_linear,continuous,55,244,0.368307,0.112299,0.834043,2.9
cem_linear_norm,cem_linear,continuous,55,245,0.342967,0.114298,0.860638,4.5
cem_linear_norm,cem_linear,continuous,55,246,0.342980,0.111166,0.848936,2.9
cem_linear_norm,cem_linear,continuous,55,247,0.352404,0.113764,0.850000,2.9
cem_linear_norm,cem_linear,continuous,55,248,0.319492,0.112761,0.870213,2.9
cem_linear_norm,cem_linear,continuous,55,249,0.329800,0.113652,0.871277,2.9
cem_linear_norm,cem_linear,continuous,55,250,0.303362,0.111597,0.869149,2.9
