variant,bottleneck,concept_mode,seed,epoch,task_loss,concept_loss,train_acc,seconds
cbm,cbm,continuous,41,1,0.689209,0.210395,0.586569,3.3
cbm,cbm,continuous,41,2,0.672451,0.143519,0.620147,2.9
cbm,cbm,continuous,41,3,0.650242,0.151998,0.637985,2.9
cbm,cbm,continuous,41,4,0.652046,0.145383,0.627492,2.9
cbm,cbm,continuous,41,5,0.652878,0.147963,0.642183,2.9
cbm,cbm,continuous,41,6,0.601453,0.139216,0.668416,2.9
cbm,cbm,continuous,41,7,0.607956,0.140808,0.670514,2.9
cbm,cbm,continuous,41,8,0.597080,0.139633,0.678909,2.9
cbm,cbm,continuous,41,9,0.578544,0.130301,0.696747,2.9
cbm,cbm,continuous,41,10,0.607984,0.136190,0.668416,2.9
cbm,cbm,continuous,41,11,0.563501,0.132964,0.710388,3.0
cbm,cbm,continuous,41,12,0.525914,0.126605,0.754460,2.9
cbm,cbm,continuous,41,13,0.564246,0.129525,0.719832,2.9
cbm,cbm,continuous,41,14,0.506717,0.125445,0.764953,3.0
cbm,cbm,continuous,41,15,0.512213,0.130471,0.746065,2.9
cbm,cbm,continuous,41,16,0.521505,0.128135,0.770199,2.9
cbm,cbm,continuous,41,17,0.473530,0.121582,0.779643,3.0
cbm,cbm,continuous,41,18,0.471309,0.118640,0.783841,2.9
cbm,cbm,continuous,41,19,0.457299,0.124565,0.788038,2.9
cbm,cbm,continuous,41,20,0.443429,0.115870,0.810073,3.0
cbm,cbm,continuous,41,21,0.467014,0.126132,0.789087,2.9
cbm,cbm,continuous,41,22,0.415559,0.124442,0.815320,2.9
cbm,cbm,continuous,41,23,0.437982,0.115514,0.807975,2.9
cbm,cbm,continuous,41,24,0.405928,0.120538,0.813221,2.9
cbm,cbm,continuous,41,25,0.418936,0.117812,0.812172,2.9
cbm,cbm,continuous,41,26,0.375825,0.113698,0.833158,3.0
cbm,cbm,continuous,41,27,0.397908,0.118128,0.814271,2.9
cbm,cbm,continuous,41,28,0.341293,0.113294,0.873033,2.9
cbm,cbm,continuous,41,29,0.407789,0.124200,0.813221,2.9
cbm,cbm,continuous,41,30,0.353707,0.121528,0.854145,2.9
cbm,cbm,continuous,41,31,0.359658,0.116642,0.849948,2.9
cbm,cbm,continuous,41,32,0.376904,0.117767,0.837356,3.0
cbm,cbm,continuous,41,33,0.306787,0.109143,0.875131,2.9
cbm,cbm,continuous,41,34,0.325143,0.109252,0.875131,3.0
cbm,cbm,continuous,41,35,0.314398,0.108346,0.871983,2.9
cbm,cbm,continuous,41,36,0.318483,0.113857,0.870934,2.9
cbm,cbm,continuous,41,37,0.319712,0.116171,0.867786,2.9
cbm,cbm,continuous,41,38,0.310487,0.109076,0.877230,3.0
cbm,cbm,continuous,41,39,0.275146,0.110781,0.891920,2.9
cbm,cbm,continuous,41,40,0.255411,0.112103,0.902413,3.0
cbm,cbm,continuous,41,41,0.267746,0.109159,0.879328,2.9
cbm,cbm,continuous,41,42,0.282407,0.113343,0.887723,3.0
cbm,cbm,continuous,41,43,0.239598,0.108942,0.897167,2.9
cbm,cbm,continuous,41,44,0.221241,0.108511,0.916055,3.0
cbm,cbm,continuous,41,45,0.194077,0.109291,0.919203,2.9
cbm,cbm,continuous,41,46,0.313224,0.120807,0.868835,3.0
cbm,cbm,continuous,41,47,0.210400,0.118619,0.920252,2.9
cbm,cbm,continuous,41,48,0.200328,0.106813,0.921301,2.9
cbm,cbm,continuous,41,49,0.212732,0.108218,0.913956,3.0
cbm,cbm,continuous,41,50,0.206207,0.111018,0.917104,2.9
cbm,cbm,continuous,41,51,0.166072,0.105682,0.937041,2.9
cbm,cbm,continuous,41,52,0.133207,0.106034,0.956978,3.0
cbm,cbm,continuous,41,53,0.153405,0.107916,0.937041,2.9
cbm,cbm,continuous,41,54,0.186241,0.106568,0.927597,2.9
cbm,cbm,continuous,41,55,0.161339,0.104980,0.940189,3.0
cbm,cbm,continuous,41,56,0.182806,0.107237,0.928646,2.9
cbm,cbm,continuous,41,57,0.179264,0.107002,0.927597,2.9
cbm,cbm,continuous,41,58,0.155306,0.103073,0.934942,3.0
cbm,cbm,continuous,41,59,0.148033,0.101595,0.948583,2.9
cbm,cbm,continuous,41,60,0.151408,0.098448,0.945435,2.9
cbm,cbm,continuous,41,61,0.145239,0.109514,0.949633,2.9
cbm,cbm,continuous,41,62,0.125190,0.101803,0.950682,3.0
cbm,cbm,continuous,41,63,0.113657,0.101135,0.963274,2.9
cbm,cbm,continuous,41,64,0.195755,0.122528,0.922350,3.0
cbm,cbm,continuous,41,65,0.199891,0.114085,0.918153,2.9
cbm,cbm,continuous,41,66,0.110440,0.107469,0.959077,2.9
cbm,cbm,continuous,41,67,0.127238,0.101936,0.950682,2.9
cbm,cbm,continuous,41,68,0.121235,0.099757,0.952781,2.9
cbm,cbm,continuous,41,69,0.127201,0.092764,0.953830,2.9
cbm,cbm,continuous,41,70,0.110381,0.091712,0.956978,2.9
cbm,cbm,continuous,41,71,0.097732,0.093827,0.969570,2.9
cbm,cbm,continuous,41,72,0.100351,0.094201,0.963274,3.0
cbm,cbm,continuous,41,73,0.119123,0.093480,0.956978,2.9
cbm,cbm,continuous,41,74,0.127415,0.090488,0.956978,2.9
cbm,cbm,continuous,41,75,0.110260,0.089494,0.959077,3.0
cbm,cbm,continuous,41,76,0.114078,0.088054,0.958027,2.9
cbm,cbm,continuous,41,77,0.095909,0.084739,0.964323,2.9
cbm,cbm,continuous,41,78,0.088531,0.083479,0.966422,2.9
cbm,cbm,continuous,41,79,0.164057,0.082340,0.933893,2.9
cbm,cbm,continuous,41,80,0.099067,0.081008,0.962225,2.9
cbm,cbm,continuous,41,81,0.082623,0.082420,0.973767,3.0
cbm,cbm,continuous,41,82,0.092731,0.083151,0.968520,2.9
cbm,cbm,continuous,41,83,0.114579,0.077981,0.954879,2.9
cbm,cbm,continuous,41,84,0.072615,0.080784,0.975866,3.0
cbm,cbm,continuous,41,85,0.122685,0.083301,0.951731,2.9
cbm,cbm,continuous,41,86,0.095868,0.078942,0.960126,2.9
cbm,cbm,continuous,41,87,0.095324,0.083827,0.962225,3.0
cbm,cbm,continuous,41,88,0.128313,0.092772,0.952781,2.9
cbm,cbm,continuous,41,89,0.150114,0.091117,0.940189,2.9
cbm,cbm,continuous,41,90,0.210119,0.114428,0.910808,3.0
cbm,cbm,continuous,41,91,0.125860,0.093415,0.945435,2.9
cbm,cbm,continuous,41,92,0.068703,0.084433,0.971668,2.9
cbm,cbm,continuous,41,93,0.105145,0.084506,0.958027,3.0
cbm,cbm,continuous,41,94,0.097193,0.087357,0.959077,2.9
cbm,cbm,continuous,41,95,0.183874,0.094710,0.928646,3.0
cbm,cbm,continuous,41,96,0.164113,0.101087,0.929696,2.9
cbm,cbm,continuous,41,97,0.117727,0.093602,0.956978,2.9
cbm,cbm,continuous,41,98,0.087485,0.084372,0.970619,2.9
cbm,cbm,continuous,41,99,0.036861,0.077307,0.987408,3.0
cbm,cbm,continuous,41,100,0.095184,0.074136,0.963274,2.9
cbm,cbm,continuous,42,1,0.685276,0.202773,0.551064,2.9
cbm,cbm,continuous,42,2,0.670227,0.148868,0.638298,2.9
cbm,cbm,continuous,42,3,0.651266,0.148582,0.619149,2.9
cbm,cbm,continuous,42,4,0.636847,0.141528,0.650000,2.9
cbm,cbm,continuous,42,5,0.649967,0.152536,0.630851,2.9
cbm,cbm,continuous,42,6,0.612789,0.144628,0.689362,2.8
cbm,cbm,continuous,42,7,0.636787,0.146658,0.634043,2.9
cbm,cbm,continuous,42,8,0.563704,0.135937,0.714894,2.9
cbm,cbm,continuous,42,9,0.570214,0.133536,0.698936,2.9
cbm,cbm,continuous,42,10,0.552343,0.128356,0.712766,2.9
cbm,cbm,continuous,42,11,0.527056,0.131972,0.735106,2.9
cbm,cbm,continuous,42,12,0.521596,0.129919,0.748936,2.9
cbm,cbm,continuous,42,13,0.546889,0.131968,0.738298,3.0
cbm,cbm,continuous,42,14,0.522636,0.126208,0.746809,2.9
cbm,cbm,continuous,42,15,0.473214,0.119840,0.775532,2.9
cbm,cbm,continuous,42,16,0.492164,0.127341,0.777660,2.9
cbm,cbm,continuous,42,17,0.464200,0.124316,0.786170,2.9
cbm,cbm,continuous,42,18,0.434952,0.120217,0.795745,2.9
cbm,cbm,continuous,42,19,0.439176,0.116402,0.800000,2.9
cbm,cbm,continuous,42,20,0.431257,0.117975,0.793617,2.9
cbm,cbm,continuous,42,21,0.426183,0.121489,0.812766,2.9
cbm,cbm,continuous,42,22,0.401984,0.116357,0.834043,2.9
cbm,cbm,continuous,42,23,0.402836,0.120799,0.818085,2.9
cbm,cbm,continuous,42,24,0.431470,0.123538,0.800000,2.9
cbm,cbm,continuous,42,25,0.483251,0.125807,0.779787,2.9
cbm,cbm,continuous,42,26,0.398436,0.118872,0.822340,2.8
cbm,cbm,continuous,42,27,0.406043,0.117720,0.819149,2.9
cbm,cbm,continuous,42,28,0.383452,0.115723,0.818085,2.9
cbm,cbm,continuous,42,29,0.392352,0.117396,0.825532,2.9
cbm,cbm,continuous,42,30,0.379276,0.116025,0.835106,2.9
cbm,cbm,continuous,42,31,0.349496,0.114257,0.846809,2.9
cbm,cbm,continuous,42,32,0.367049,0.115345,0.845745,2.9
cbm,cbm,continuous,42,33,0.386882,0.118470,0.815957,2.9
cbm,cbm,continuous,42,34,0.367745,0.117829,0.836170,2.9
cbm,cbm,continuous,42,35,0.329276,0.114973,0.861702,2.9
cbm,cbm,continuous,42,36,0.277773,0.116087,0.880851,2.9
cbm,cbm,continuous,42,37,0.330024,0.118655,0.856383,2.9
cbm,cbm,continuous,42,38,0.362284,0.128278,0.839362,2.9
cbm,cbm,continuous,42,39,0.273690,0.116129,0.880851,2.9
cbm,cbm,continuous,42,40,0.288002,0.111406,0.886170,2.9
cbm,cbm,continuous,42,41,0.342794,0.118115,0.842553,2.9
cbm,cbm,continuous,42,42,0.309256,0.115079,0.877660,2.9
cbm,cbm,continuous,42,43,0.279913,0.110541,0.893617,2.9
cbm,cbm,continuous,42,44,0.266065,0.113297,0.889362,2.9
cbm,cbm,continuous,42,45,0.284723,0.114577,0.884043,2.9
cbm,cbm,continuous,42,46,0.251485,0.109547,0.900000,2.9
cbm,cbm,continuous,42,47,0.251936,0.110276,0.903191,2.9
cbm,cbm,continuous,42,48,0.289063,0.113062,0.881915,2.9
cbm,cbm,continuous,42,49,0.224190,0.109617,0.920213,2.9
cbm,cbm,continuous,42,50,0.245583,0.114853,0.890426,2.9
cbm,cbm,continuous,42,51,0.251570,0.110581,0.890426,2.9
cbm,cbm,continuous,42,52,0.247957,0.113980,0.903191,2.9
cbm,cbm,continuous,42,53,0.205014,0.111344,0.907447,2.9
cbm,cbm,continuous,42,54,0.195073,0.107911,0.927660,2.9
cbm,cbm,continuous,42,55,0.189601,0.110324,0.926596,2.9
cbm,cbm,continuous,42,56,0.293980,0.125489,0.872340,2.9
cbm,cbm,continuous,42,57,0.241957,0.127167,0.898936,2.9
cbm,cbm,continuous,42,58,0.229204,0.108098,0.910638,2.9
cbm,cbm,continuous,42,59,0.191066,0.105940,0.927660,2.9
cbm,cbm,continuous,42,60,0.160447,0.106968,0.946809,2.9
cbm,cbm,continuous,42,61,0.190657,0.111178,0.925532,2.9
cbm,cbm,continuous,42,62,0.166433,0.113754,0.940426,2.9
cbm,cbm,continuous,42,63,0.154579,0.107009,0.950000,2.9
cbm,cbm,continuous,42,64,0.140937,0.104206,0.948936,2.9
cbm,cbm,continuous,42,65,0.144576,0.108976,0.946809,2.8
cbm,cbm,continuous,42,66,0.124782,0.107070,0.951064,2.9
cbm,cbm,continuous,42,67,0.161031,0.107478,0.934043,2.9
cbm,cbm,continuous,42,68,0.160094,0.107008,0.940426,2.9
cbm,cbm,continuous,42,69,0.106527,0.106686,0.960638,2.9
cbm,cbm,continuous,42,70,0.177593,0.109815,0.925532,2.9
cbm,cbm,continuous,42,71,0.246596,0.123147,0.900000,2.9
cbm,cbm,continuous,42,72,0.183136,0.109569,0.925532,2.9
cbm,cbm,continuous,42,73,0.143567,0.107447,0.944681,2.9
cbm,cbm,continuous,42,74,0.152635,0.106325,0.941489,2.9
cbm,cbm,continuous,42,75,0.225788,0.118319,0.909574,2.9
cbm,cbm,continuous,42,76,0.115965,0.107382,0.958511,2.9
cbm,cbm,continuous,42,77,0.170709,0.112118,0.928723,2.9
cbm,cbm,continuous,42,78,0.115698,0.104057,0.959574,2.9
cbm,cbm,continuous,42,79,0.155158,0.105335,0.943617,2.9
cbm,cbm,continuous,42,80,0.163330,0.100591,0.939362,2.9
cbm,cbm,continuous,42,81,0.129295,0.099832,0.956383,2.9
cbm,cbm,continuous,42,82,0.109762,0.099579,0.959574,2.9
cbm,cbm,continuous,42,83,0.087060,0.098771,0.972340,2.9
cbm,cbm,continuous,42,84,0.116471,0.098303,0.956383,3.0
cbm,cbm,continuous,42,85,0.095304,0.097409,0.973404,2.9
cbm,cbm,continuous,42,86,0.063296,0.096023,0.973404,2.9
cbm,cbm,continuous,42,87,0.103477,0.093986,0.956383,2.9
cbm,cbm,continuous,42,88,0.103973,0.092350,0.963830,2.9
cbm,cbm,continuous,42,89,0.090264,0.092003,0.963830,2.9
cbm,cbm,continuous,42,90,0.079209,0.090508,0.968085,3.0
cbm,cbm,continuous,42,91,0.102015,0.090540,0.961702,2.9
cbm,cbm,continuous,42,92,0.098446,0.088560,0.968085,2.9
cbm,cbm,continuous,42,93,0.100147,0.086903,0.964894,2.9
cbm,cbm,continuous,42,94,0.084516,0.087191,0.967021,2.9
cbm,cbm,continuous,42,95,0.132227,0.092524,0.948936,2.9
cbm,cbm,continuous,42,96,0.227195,0.114264,0.915957,2.9
cbm,cbm,continuous,42,97,0.156355,0.103002,0.947872,2.9
cbm,cbm,continuous,42,98,0.149639,0.099531,0.941489,2.9
cbm,cbm,continuous,42,99,0.114649,0.107198,0.955319,2.9
cbm,cbm,continuous,42,100,0.110465,0.092887,0.956383,2.9
cbm,cbm,continuous,43,1,0.690526,0.178458,0.515823,2.9
cbm,cbm,continuous,43,2,0.672725,0.147103,0.622363,2.9
cbm,cbm,continuous,43,3,0.654347,0.151994,0.646624,2.9
cbm,cbm,continuous,43,4,0.658030,0.147617,0.608650,2.9
cbm,cbm,continuous,43,5,0.643387,0.150537,0.624473,2.9
cbm,cbm,continuous,43,6,0.591835,0.140453,0.689873,2.9
cbm,cbm,continuous,43,7,0.623114,0.151757,0.650844,2.9
cbm,cbm,continuous,43,8,0.612106,0.147063,0.667722,2.9
cbm,cbm,continuous,43,9,0.595633,0.146010,0.695148,2.9
cbm,cbm,continuous,43,10,0.583144,0.137864,0.705696,3.0
cbm,cbm,continuous,43,11,0.557293,0.135978,0.707806,2.9
cbm,cbm,continuous,43,12,0.544616,0.131071,0.719409,2.9
cbm,cbm,continuous,43,13,0.506268,0.127247,0.761603,2.9
cbm,cbm,continuous,43,14,0.537528,0.140040,0.750000,2.9
cbm,cbm,continuous,43,15,0.499190,0.133482,0.759494,2.9
cbm,cbm,continuous,43,16,0.485146,0.123392,0.773207,3.0
cbm,cbm,continuous,43,17,0.496586,0.127405,0.766878,2.9
cbm,cbm,continuous,43,18,0.468375,0.123844,0.783755,2.9
cbm,cbm,continuous,43,19,0.512248,0.135939,0.750000,2.9
cbm,cbm,continuous,43,20,0.477537,0.124431,0.782700,2.9
cbm,cbm,continuous,43,21,0.466978,0.126041,0.789030,2.9
cbm,cbm,continuous,43,22,0.435761,0.119294,0.806962,3.0
cbm,cbm,continuous,43,23,0.484282,0.129596,0.780591,2.9
cbm,cbm,continuous,43,24,0.403305,0.117070,0.821730,2.9
cbm,cbm,continuous,43,25,0.406971,0.119884,0.818565,2.9
cbm,cbm,continuous,43,26,0.433987,0.120651,0.801688,2.9
cbm,cbm,continuous,43,27,0.389513,0.116203,0.837553,2.9
cbm,cbm,continuous,43,28,0.379673,0.117687,0.822785,3.0
cbm,cbm,continuous,43,29,0.393135,0.118505,0.823840,2.9
cbm,cbm,continuous,43,30,0.384869,0.115249,0.829114,2.9
cbm,cbm,continuous,43,31,0.376897,0.117608,0.824895,2.9
cbm,cbm,continuous,43,32,0.365412,0.124734,0.847046,2.9
cbm,cbm,continuous,43,33,0.354682,0.120444,0.850211,2.9
cbm,cbm,continuous,43,34,0.402414,0.119905,0.829114,3.0
cbm,cbm,continuous,43,35,0.340853,0.117829,0.853376,2.9
cbm,cbm,continuous,43,36,0.382601,0.125047,0.839662,2.9
cbm,cbm,continuous,43,37,0.366512,0.118281,0.843882,3.0
cbm,cbm,continuous,43,38,0.352091,0.114610,0.849156,2.9
cbm,cbm,continuous,43,39,0.320958,0.113457,0.857595,3.0
cbm,cbm,continuous,43,40,0.299447,0.127711,0.872363,3.0
cbm,cbm,continuous,43,41,0.342315,0.119733,0.851266,2.9
cbm,cbm,continuous,43,42,0.350479,0.118012,0.849156,2.9
cbm,cbm,continuous,43,43,0.295312,0.122846,0.875527,2.9
cbm,cbm,continuous,43,44,0.313638,0.115089,0.864979,2.9
cbm,cbm,continuous,43,45,0.309223,0.113134,0.874473,2.9
cbm,cbm,continuous,43,46,0.301056,0.121660,0.869198,2.9
cbm,cbm,continuous,43,47,0.285576,0.110674,0.887131,2.9
cbm,cbm,continuous,43,48,0.238828,0.109387,0.911392,2.9
cbm,cbm,continuous,43,49,0.266376,0.107875,0.899789,2.9
cbm,cbm,continuous,43,50,0.284444,0.115457,0.885021,2.9
cbm,cbm,continuous,43,51,0.255122,0.108548,0.896624,2.9
cbm,cbm,continuous,43,52,0.222899,0.110612,0.905063,2.9
cbm,cbm,continuous,43,53,0.251727,0.113738,0.897679,2.9
cbm,cbm,continuous,43,54,0.264127,0.119039,0.890295,3.0
cbm,cbm,continuous,43,55,0.221492,0.112518,0.919831,2.9
cbm,cbm,continuous,43,56,0.220770,0.107821,0.914557,2.9
cbm,cbm,continuous,43,57,0.186710,0.107317,0.933544,3.0
cbm,cbm,continuous,43,58,0.267094,0.114122,0.894515,2.9
cbm,cbm,continuous,43,59,0.227813,0.114541,0.905063,2.9
cbm,cbm,continuous,43,60,0.157728,0.106315,0.939873,3.0
cbm,cbm,continuous,43,61,0.180265,0.105786,0.929325,2.9
cbm,cbm,continuous,43,62,0.209926,0.113908,0.916667,2.9
cbm,cbm,continuous,43,63,0.153095,0.112431,0.945148,3.0
cbm,cbm,continuous,43,64,0.209068,0.110267,0.921941,2.9
cbm,cbm,continuous,43,65,0.190047,0.116727,0.930380,2.9
cbm,cbm,continuous,43,66,0.189810,0.114045,0.917722,2.9
cbm,cbm,continuous,43,67,0.146534,0.112853,0.945148,3.0
cbm,cbm,continuous,43,68,0.167668,0.108288,0.932489,2.9
cbm,cbm,continuous,43,69,0.162100,0.106486,0.946203,3.0
cbm,cbm,continuous,43,70,0.204359,0.105012,0.913502,2.9
cbm,cbm,continuous,43,71,0.203797,0.132013,0.917722,2.9
cbm,cbm,continuous,43,72,0.157212,0.104271,0.945148,2.9
cbm,cbm,continuous,43,73,0.137349,0.105301,0.949367,2.9
cbm,cbm,continuous,43,74,0.134669,0.104594,0.939873,2.9
cbm,cbm,continuous,43,75,0.107848,0.104623,0.955696,2.9
cbm,cbm,continuous,43,76,0.129211,0.103242,0.947257,2.9
cbm,cbm,continuous,43,77,0.101100,0.103874,0.963080,2.9
cbm,cbm,continuous,43,78,0.202742,0.113073,0.919831,2.9
cbm,cbm,continuous,43,79,0.183275,0.109500,0.932489,2.9
cbm,cbm,continuous,43,80,0.145664,0.110596,0.940928,2.9
cbm,cbm,continuous,43,81,0.092409,0.101961,0.965190,2.9
cbm,cbm,continuous,43,82,0.120868,0.100202,0.956751,2.9
cbm,cbm,continuous,43,83,0.142694,0.099086,0.948312,3.0
cbm,cbm,continuous,43,84,0.113714,0.099068,0.962025,2.9
cbm,cbm,continuous,43,85,0.117496,0.097298,0.957806,2.9
cbm,cbm,continuous,43,86,0.071147,0.095862,0.974684,2.9
cbm,cbm,continuous,43,87,0.117615,0.099454,0.954641,3.0
cbm,cbm,continuous,43,88,0.241792,0.119059,0.895570,2.9
cbm,cbm,continuous,43,89,0.185127,0.142333,0.926160,2.9
cbm,cbm,continuous,43,90,0.116998,0.105222,0.958861,2.9
cbm,cbm,continuous,43,91,0.100321,0.102140,0.971519,2.9
cbm,cbm,continuous,43,92,0.114836,0.100249,0.958861,2.9
cbm,cbm,continuous,43,93,0.103557,0.099653,0.964135,2.9
cbm,cbm,continuous,43,94,0.114694,0.098077,0.958861,2.9
cbm,cbm,continuous,43,95,0.119859,0.094263,0.958861,3.0
cbm,cbm,continuous,43,96,0.108955,0.093557,0.960970,2.9
cbm,cbm,continuous,43,97,0.089262,0.093743,0.967300,2.9
cbm,cbm,continuous,43,98,0.101511,0.092282,0.965190,2.7
cbm,cbm,continuous,43,99,0.092218,0.090675,0.965190,2.7
cbm,cbm,continuous,43,100,0.145785,0.099286,0.938819,2.6
cbm,cbm,continuous,44,1,0.685875,0.169842,0.598335,2.8
cbm,cbm,continuous,44,2,0.672342,0.147686,0.611863,2.7
cbm,cbm,continuous,44,3,0.628507,0.149058,0.703434,2.7
cbm,cbm,continuous,44,4,0.638707,0.148937,0.642040,2.7
cbm,cbm,continuous,44,5,0.604049,0.139680,0.671176,2.8
cbm,cbm,continuous,44,6,0.614262,0.146128,0.665973,2.8
cbm,cbm,continuous,44,7,0.601364,0.142278,0.670135,2.7
cbm,cbm,continuous,44,8,0.603574,0.147025,0.683663,2.8
cbm,cbm,continuous,44,9,0.578623,0.135752,0.698231,2.7
cbm,cbm,continuous,44,10,0.592189,0.142562,0.694069,2.8
cbm,cbm,continuous,44,11,0.570371,0.131451,0.709677,2.7
cbm,cbm,continuous,44,12,0.559543,0.131496,0.727367,2.8
cbm,cbm,continuous,44,13,0.611593,0.148194,0.683663,2.7
cbm,cbm,continuous,44,14,0.539876,0.130551,0.744017,2.7
cbm,cbm,continuous,44,15,0.498112,0.128704,0.764828,2.7
cbm,cbm,continuous,44,16,0.505257,0.127241,0.748179,2.9
cbm,cbm,continuous,44,17,0.495785,0.126249,0.768991,2.9
cbm,cbm,continuous,44,18,0.525523,0.135813,0.736733,2.9
cbm,cbm,continuous,44,19,0.468402,0.118316,0.784599,2.9
cbm,cbm,continuous,44,20,0.473855,0.120572,0.783559,2.9
cbm,cbm,continuous,44,21,0.479984,0.136014,0.776275,3.0
cbm,cbm,continuous,44,22,0.475264,0.127134,0.779396,3.0
cbm,cbm,continuous,44,23,0.450321,0.118412,0.792924,3.0
cbm,cbm,continuous,44,24,0.489869,0.129828,0.761707,3.0
cbm,cbm,continuous,44,25,0.422602,0.117528,0.802289,2.9
cbm,cbm,continuous,44,26,0.425900,0.118286,0.808533,2.9
cbm,cbm,continuous,44,27,0.415484,0.116790,0.812695,3.0
cbm,cbm,continuous,44,28,0.413107,0.120686,0.813736,2.9
cbm,cbm,continuous,44,29,0.413864,0.116501,0.816857,3.0
cbm,cbm,continuous,44,30,0.429979,0.124265,0.805411,3.0
cbm,cbm,continuous,44,31,0.386415,0.112638,0.837669,2.9
cbm,cbm,continuous,44,32,0.426572,0.134397,0.816857,3.0
cbm,cbm,continuous,44,33,0.388460,0.116835,0.827263,3.0
cbm,cbm,continuous,44,34,0.384588,0.112060,0.832466,2.9
cbm,cbm,continuous,44,35,0.349212,0.115468,0.860562,3.0
cbm,cbm,continuous,44,36,0.351687,0.117120,0.849116,2.9
cbm,cbm,continuous,44,37,0.446475,0.151963,0.813736,3.0
cbm,cbm,continuous,44,38,0.348176,0.114653,0.855359,3.0
cbm,cbm,continuous,44,39,0.349998,0.114321,0.858481,3.0
cbm,cbm,continuous,44,40,0.353251,0.113618,0.843913,2.9
cbm,cbm,continuous,44,41,0.321706,0.110481,0.868887,3.0
cbm,cbm,continuous,44,42,0.356550,0.117628,0.847034,2.9
cbm,cbm,continuous,44,43,0.310942,0.115097,0.861602,3.0
cbm,cbm,continuous,44,44,0.333021,0.114961,0.863684,3.0
cbm,cbm,continuous,44,45,0.312023,0.110555,0.866805,3.0
cbm,cbm,continuous,44,46,0.305691,0.114379,0.872008,2.9
cbm,cbm,continuous,44,47,0.352665,0.118597,0.840791,3.0
cbm,cbm,continuous,44,48,0.335351,0.136267,0.864724,2.9
cbm,cbm,continuous,44,49,0.309912,0.108731,0.865765,3.0
cbm,cbm,continuous,44,50,0.295826,0.112760,0.883455,3.0
cbm,cbm,continuous,44,51,0.278654,0.111244,0.887617,3.0
cbm,cbm,continuous,44,52,0.270345,0.113399,0.885536,3.0
cbm,cbm,continuous,44,53,0.253848,0.111105,0.901145,3.0
cbm,cbm,continuous,44,54,0.249037,0.110160,0.894901,2.9
cbm,cbm,continuous,44,55,0.286675,0.112165,0.880333,3.0
cbm,cbm,continuous,44,56,0.280590,0.113102,0.884495,3.0
cbm,cbm,continuous,44,57,0.246466,0.109696,0.892820,2.9
cbm,cbm,continuous,44,58,0.247335,0.114189,0.890739,3.0
cbm,cbm,continuous,44,59,0.224990,0.109404,0.909469,3.0
cbm,cbm,continuous,44,60,0.253166,0.112051,0.906348,3.0
cbm,cbm,continuous,44,61,0.240321,0.111878,0.899063,3.0
cbm,cbm,continuous,44,62,0.242610,0.110206,0.898023,3.0
cbm,cbm,continuous,44,63,0.215790,0.109685,0.906348,3.0
cbm,cbm,continuous,44,64,0.213906,0.107603,0.921956,3.0
cbm,cbm,continuous,44,65,0.183652,0.105172,0.927159,2.7
cbm,cbm,continuous,44,66,0.207310,0.109097,0.916753,2.8
cbm,cbm,continuous,44,67,0.207521,0.113175,0.917794,2.7
cbm,cbm,continuous,44,68,0.274551,0.133537,0.884495,2.7
cbm,cbm,continuous,44,69,0.172412,0.106808,0.937565,2.7
cbm,cbm,continuous,44,70,0.199723,0.109230,0.919875,2.7
cbm,cbm,continuous,44,71,0.224754,0.119527,0.909469,2.7
cbm,cbm,continuous,44,72,0.157481,0.115565,0.935484,2.8
cbm,cbm,continuous,44,73,0.175248,0.107222,0.929240,2.9
cbm,cbm,continuous,44,74,0.137096,0.105119,0.952133,2.8
cbm,cbm,continuous,44,75,0.185095,0.114467,0.930281,2.7
cbm,cbm,continuous,44,76,0.185475,0.107926,0.926119,2.8
cbm,cbm,continuous,44,77,0.158072,0.109635,0.947971,2.7
cbm,cbm,continuous,44,78,0.121993,0.106236,0.955255,2.7
cbm,cbm,continuous,44,79,0.126257,0.104302,0.956296,2.8
cbm,cbm,continuous,44,80,0.143559,0.101355,0.944849,2.7
cbm,cbm,continuous,44,81,0.112025,0.099975,0.959417,2.7
cbm,cbm,continuous,44,82,0.113373,0.099192,0.961498,2.9
cbm,cbm,continuous,44,83,0.159003,0.102328,0.936524,3.0
cbm,cbm,continuous,44,84,0.155823,0.115920,0.937565,2.9
cbm,cbm,continuous,44,85,0.133665,0.106174,0.947971,3.0
cbm,cbm,continuous,44,86,0.146837,0.107415,0.939646,2.9
cbm,cbm,continuous,44,87,0.114809,0.103620,0.958377,3.0
cbm,cbm,continuous,44,88,0.085305,0.096999,0.967742,2.9
cbm,cbm,continuous,44,89,0.086191,0.095785,0.969823,3.1
cbm,cbm,continuous,44,90,0.262063,0.161840,0.904266,2.9
cbm,cbm,continuous,44,91,0.208285,0.120977,0.907388,3.0
cbm,cbm,continuous,44,92,0.123277,0.108350,0.954214,3.0
cbm,cbm,continuous,44,93,0.172471,0.111164,0.928200,3.0
cbm,cbm,continuous,44,94,0.117150,0.102735,0.954214,2.9
cbm,cbm,continuous,44,95,0.272298,0.139894,0.890739,3.0
cbm,cbm,continuous,44,96,0.181341,0.147319,0.924037,2.9
cbm,cbm,continuous,44,97,0.139034,0.105571,0.947971,3.0
cbm,cbm,continuous,44,98,0.338662,0.188260,0.879292,3.0
cbm,cbm,continuous,44,99,0.110999,0.104505,0.953174,3.0
cbm,cbm,continuous,44,100,0.131791,0.100945,0.953174,3.0
cbm,cbm,continuous,45,1,0.686076,0.233656,0.587049,2.9
cbm,cbm,continuous,45,2,0.674928,0.148782,0.624204,2.9
cbm,cbm,continuous,45,3,0.657174,0.151189,0.641189,2.9
cbm,cbm,continuous,45,4,0.633137,0.143558,0.640127,2.9
cbm,cbm,continuous,45,5,0.610894,0.152282,0.659236,2.9
cbm,cbm,continuous,45,6,0.617835,0.144760,0.643312,2.9
cbm,cbm,continuous,45,7,0.619426,0.138922,0.673036,2.9
cbm,cbm,continuous,45,8,0.584611,0.136684,0.703822,2.9
cbm,cbm,continuous,45,9,0.566055,0.130746,0.708068,2.9
cbm,cbm,continuous,45,10,0.548208,0.133785,0.726115,2.9
cbm,cbm,continuous,45,11,0.533807,0.133225,0.744161,2.9
cbm,cbm,continuous,45,12,0.489180,0.129462,0.774947,2.9
cbm,cbm,continuous,45,13,0.525251,0.130838,0.746285,2.9
cbm,cbm,continuous,45,14,0.492979,0.127200,0.764331,2.9
cbm,cbm,continuous,45,15,0.512544,0.126783,0.766454,2.9
cbm,cbm,continuous,45,16,0.454007,0.124307,0.798301,2.9
cbm,cbm,continuous,45,17,0.469958,0.128105,0.784501,2.9
cbm,cbm,continuous,45,18,0.442742,0.129247,0.799363,2.9
cbm,cbm,continuous,45,19,0.447431,0.124554,0.804671,2.9
cbm,cbm,continuous,45,20,0.446085,0.122136,0.804671,2.9
cbm,cbm,continuous,45,21,0.409805,0.122200,0.820594,2.9
cbm,cbm,continuous,45,22,0.429110,0.119745,0.811040,2.9
cbm,cbm,continuous,45,23,0.409115,0.118625,0.809979,2.9
cbm,cbm,continuous,45,24,0.455886,0.123139,0.805732,3.0
cbm,cbm,continuous,45,25,0.398055,0.125982,0.823779,2.9
cbm,cbm,continuous,45,26,0.397294,0.118020,0.821656,2.9
cbm,cbm,continuous,45,27,0.406757,0.122411,0.806794,2.9
cbm,cbm,continuous,45,28,0.410894,0.126453,0.823779,2.9
cbm,cbm,continuous,45,29,0.406378,0.123861,0.816348,2.9
cbm,cbm,continuous,45,30,0.361940,0.116646,0.836518,3.0
cbm,cbm,continuous,45,31,0.348805,0.121437,0.848195,2.9
cbm,cbm,continuous,45,32,0.365355,0.120396,0.834395,3.0
cbm,cbm,continuous,45,33,0.367994,0.115993,0.846072,2.9
cbm,cbm,continuous,45,34,0.353236,0.119317,0.847134,2.9
cbm,cbm,continuous,45,35,0.363536,0.127034,0.853503,2.9
cbm,cbm,continuous,45,36,0.384905,0.126075,0.821656,2.9
cbm,cbm,continuous,45,37,0.327533,0.123577,0.865180,2.9
cbm,cbm,continuous,45,38,0.355336,0.125303,0.840764,3.0
cbm,cbm,continuous,45,39,0.316154,0.123273,0.865180,2.9
cbm,cbm,continuous,45,40,0.323128,0.117752,0.873673,2.9
cbm,cbm,continuous,45,41,0.312482,0.117266,0.870488,2.9
cbm,cbm,continuous,45,42,0.285763,0.115835,0.897028,3.0
cbm,cbm,continuous,45,43,0.273237,0.113747,0.891720,2.9
cbm,cbm,continuous,45,44,0.320244,0.129575,0.864119,2.9
cbm,cbm,continuous,45,45,0.295201,0.115009,0.876858,2.9
cbm,cbm,continuous,45,46,0.267728,0.117326,0.890658,2.9
cbm,cbm,continuous,45,47,0.260431,0.116615,0.893843,2.9
cbm,cbm,continuous,45,48,0.368492,0.164470,0.849257,2.9
cbm,cbm,continuous,45,49,0.253480,0.117904,0.897028,2.9
cbm,cbm,continuous,45,50,0.262194,0.113364,0.894904,3.0
cbm,cbm,continuous,45,51,0.242477,0.113554,0.895966,2.9
cbm,cbm,continuous,45,52,0.245356,0.115660,0.892781,2.9
cbm,cbm,continuous,45,53,0.223676,0.114481,0.911890,2.9
cbm,cbm,continuous,45,54,0.229073,0.113797,0.904459,2.9
cbm,cbm,continuous,45,55,0.252961,0.115640,0.895966,2.9
cbm,cbm,continuous,45,56,0.246006,0.113402,0.898089,3.0
cbm,cbm,continuous,45,57,0.219796,0.114643,0.914013,2.9
cbm,cbm,continuous,45,58,0.217850,0.114702,0.904459,2.9
cbm,cbm,continuous,45,59,0.229058,0.112360,0.904459,2.9
cbm,cbm,continuous,45,60,0.297300,0.133344,0.886412,2.9
cbm,cbm,continuous,45,61,0.163319,0.121408,0.941614,2.9
cbm,cbm,continuous,45,62,0.169885,0.113431,0.940552,3.0
cbm,cbm,continuous,45,63,0.208371,0.117025,0.919321,2.9
cbm,cbm,continuous,45,64,0.170447,0.114254,0.943737,2.9
cbm,cbm,continuous,45,65,0.192857,0.114138,0.922505,2.9
cbm,cbm,continuous,45,66,0.176702,0.112258,0.940552,2.9
cbm,cbm,continuous,45,67,0.195418,0.110061,0.932059,2.9
cbm,cbm,continuous,45,68,0.149624,0.107144,0.945860,3.0
cbm,cbm,continuous,45,69,0.130672,0.107418,0.959660,2.9
cbm,cbm,continuous,45,70,0.101403,0.108172,0.961783,2.9
cbm,cbm,continuous,45,71,0.188362,0.114155,0.919321,2.9
cbm,cbm,continuous,45,72,0.173815,0.117666,0.924628,2.9
cbm,cbm,continuous,45,73,0.153656,0.115473,0.949045,2.9
cbm,cbm,continuous,45,74,0.109222,0.108648,0.970276,3.0
cbm,cbm,continuous,45,75,0.148744,0.108473,0.949045,2.9
cbm,cbm,continuous,45,76,0.142735,0.109113,0.946921,2.9
cbm,cbm,continuous,45,77,0.113039,0.108399,0.957537,2.9
cbm,cbm,continuous,45,78,0.096686,0.107919,0.964968,2.9
cbm,cbm,continuous,45,79,0.164631,0.108727,0.937367,2.9
cbm,cbm,continuous,45,80,0.161155,0.114726,0.936306,3.0
cbm,cbm,continuous,45,81,0.139743,0.109168,0.947983,2.9
cbm,cbm,continuous,45,82,0.115971,0.103676,0.962845,2.9
cbm,cbm,continuous,45,83,0.163416,0.109079,0.930998,2.9
cbm,cbm,continuous,45,84,0.184991,0.116006,0.921444,2.9
cbm,cbm,continuous,45,85,0.144963,0.108124,0.942675,2.9
cbm,cbm,continuous,45,86,0.065043,0.103669,0.983015,2.9
cbm,cbm,continuous,45,87,0.102039,0.099933,0.957537,2.9
cbm,cbm,continuous,45,88,0.106592,0.098383,0.955414,2.9
cbm,cbm,continuous,45,89,0.129378,0.097146,0.947983,2.9
cbm,cbm,continuous,45,90,0.105698,0.100654,0.968153,2.9
cbm,cbm,continuous,45,91,0.065940,0.102637,0.975584,2.9
cbm,cbm,continuous,45,92,0.093127,0.096906,0.968153,2.9
cbm,cbm,continuous,45,93,0.068008,0.094680,0.978769,2.9
cbm,cbm,continuous,45,94,0.091810,0.096180,0.963907,2.9
cbm,cbm,continuous,45,95,0.092159,0.095313,0.964968,2.9
cbm,cbm,continuous,45,96,0.099156,0.092615,0.962845,2.9
cbm,cbm,continuous,45,97,0.117571,0.092669,0.954352,3.0
cbm,cbm,continuous,45,98,0.111449,0.090052,0.957537,2.9
cbm,cbm,continuous,45,99,0.109038,0.089369,0.958599,2.9
cbm,cbm,continuous,45,100,0.098218,0.097395,0.963907,2.9
cbm,cbm,continuous,46,1,0.680764,0.186018,0.580169,2.9
cbm,cbm,continuous,46,2,0.659798,0.152004,0.623418,2.9
cbm,cbm,continuous,46,3,0.640511,0.154836,0.662447,3.0
cbm,cbm,continuous,46,4,0.595009,0.151262,0.691983,2.9
cbm,cbm,continuous,46,5,0.600307,0.152560,0.674051,2.9
cbm,cbm,continuous,46,6,0.582903,0.145062,0.683544,2.9
cbm,cbm,continuous,46,7,0.567271,0.145029,0.713080,2.9
cbm,cbm,continuous,46,8,0.554825,0.139291,0.714135,2.9
cbm,cbm,continuous,46,9,0.554088,0.156138,0.710970,3.0
cbm,cbm,continuous,46,10,0.523971,0.139057,0.734177,2.9
cbm,cbm,continuous,46,11,0.519599,0.131378,0.753165,2.9
cbm,cbm,continuous,46,12,0.493484,0.127621,0.744726,2.9
cbm,cbm,continuous,46,13,0.473793,0.128356,0.771097,2.9
cbm,cbm,continuous,46,14,0.464727,0.130238,0.781646,2.9
cbm,cbm,continuous,46,15,0.459035,0.123353,0.793249,3.0
cbm,cbm,continuous,46,16,0.457349,0.123702,0.781646,2.9
cbm,cbm,continuous,46,17,0.435169,0.123832,0.795359,3.0
cbm,cbm,continuous,46,18,0.479220,0.131396,0.780591,2.9
cbm,cbm,continuous,46,19,0.447834,0.126453,0.804852,2.9
cbm,cbm,continuous,46,20,0.433364,0.125327,0.798523,2.9
cbm,cbm,continuous,46,21,0.421664,0.123947,0.812236,3.0
cbm,cbm,continuous,46,22,0.414633,0.127111,0.817511,2.9
cbm,cbm,continuous,46,23,0.393282,0.122862,0.831224,3.0
cbm,cbm,continuous,46,24,0.407067,0.119444,0.815401,2.9
cbm,cbm,continuous,46,25,0.383139,0.123222,0.823840,3.0
cbm,cbm,continuous,46,26,0.435340,0.127296,0.801688,2.9
cbm,cbm,continuous,46,27,0.395682,0.126978,0.831224,2.9
cbm,cbm,continuous,46,28,0.388817,0.118481,0.819620,2.9
cbm,cbm,continuous,46,29,0.378308,0.118564,0.849156,3.0
cbm,cbm,continuous,46,30,0.360621,0.117313,0.853376,2.9
cbm,cbm,continuous,46,31,0.384359,0.126057,0.818565,2.9
cbm,cbm,continuous,46,32,0.351785,0.122148,0.845992,3.0
cbm,cbm,continuous,46,33,0.350805,0.117138,0.841772,2.9
cbm,cbm,continuous,46,34,0.333584,0.118136,0.857595,2.9
cbm,cbm,continuous,46,35,0.366442,0.125991,0.845992,3.0
cbm,cbm,continuous,46,36,0.339798,0.122851,0.856540,2.9
cbm,cbm,continuous,46,37,0.321053,0.118049,0.858650,2.9
cbm,cbm,continuous,46,38,0.338860,0.123612,0.862869,2.9
cbm,cbm,continuous,46,39,0.322650,0.119255,0.857595,2.9
cbm,cbm,continuous,46,40,0.306543,0.115621,0.870253,2.9
cbm,cbm,continuous,46,41,0.353108,0.144280,0.847046,3.0
cbm,cbm,continuous,46,42,0.286959,0.115314,0.877637,2.9
cbm,cbm,continuous,46,43,0.325262,0.127097,0.854430,3.0
cbm,cbm,continuous,46,44,0.285350,0.115870,0.879747,2.9
cbm,cbm,continuous,46,45,0.299195,0.121682,0.864979,2.9
cbm,cbm,continuous,46,46,0.267970,0.121139,0.898734,2.9
cbm,cbm,continuous,46,47,0.291177,0.122873,0.871308,2.9
cbm,cbm,continuous,46,48,0.238417,0.111866,0.910338,3.0
cbm,cbm,continuous,46,49,0.243915,0.115323,0.902954,2.9
cbm,cbm,continuous,46,50,0.266369,0.118278,0.886076,3.0
cbm,cbm,continuous,46,51,0.271324,0.114988,0.898734,2.9
cbm,cbm,continuous,46,52,0.297331,0.123825,0.878692,2.9
cbm,cbm,continuous,46,53,0.244724,0.116227,0.909283,2.9
cbm,cbm,continuous,46,54,0.236549,0.115026,0.907173,2.9
cbm,cbm,continuous,46,55,0.246408,0.118799,0.891350,2.9
cbm,cbm,continuous,46,56,0.232032,0.119176,0.905063,3.0
cbm,cbm,continuous,46,57,0.237422,0.114198,0.901899,2.9
cbm,cbm,continuous,46,58,0.208813,0.115261,0.920886,3.0
cbm,cbm,continuous,46,59,0.163112,0.112987,0.952532,2.9
cbm,cbm,continuous,46,60,0.235671,0.129659,0.912447,2.9
cbm,cbm,continuous,46,61,0.161065,0.114688,0.939873,3.0
cbm,cbm,continuous,46,62,0.178000,0.112453,0.933544,2.9
cbm,cbm,continuous,46,63,0.183289,0.114310,0.936709,2.9
cbm,cbm,continuous,46,64,0.250392,0.130061,0.909283,3.0
cbm,cbm,continuous,46,65,0.129736,0.112074,0.956751,2.9
cbm,cbm,continuous,46,66,0.185768,0.119934,0.915612,3.0
cbm,cbm,continuous,46,67,0.146584,0.111106,0.943038,2.9
cbm,cbm,continuous,46,68,0.139326,0.110028,0.948312,3.0
cbm,cbm,continuous,46,69,0.163527,0.111248,0.937764,2.9
cbm,cbm,continuous,46,70,0.156767,0.107814,0.948312,3.0
cbm,cbm,continuous,46,71,0.118880,0.107654,0.962025,2.9
cbm,cbm,continuous,46,72,0.178033,0.124660,0.929325,2.9
cbm,cbm,continuous,46,73,0.180694,0.115935,0.935654,2.9
cbm,cbm,continuous,46,74,0.132620,0.109675,0.948312,2.9
cbm,cbm,continuous,46,75,0.130330,0.109094,0.951477,2.9
cbm,cbm,continuous,46,76,0.182495,0.117497,0.935654,3.0
cbm,cbm,continuous,46,77,0.137353,0.111139,0.943038,2.9
cbm,cbm,continuous,46,78,0.113109,0.106764,0.964135,2.9
cbm,cbm,continuous,46,79,0.122295,0.104220,0.952532,2.9
cbm,cbm,continuous,46,80,0.145867,0.107151,0.949367,2.9
cbm,cbm,continuous,46,81,0.096737,0.104783,0.967300,2.9
cbm,cbm,continuous,46,82,0.158109,0.105984,0.943038,3.0
cbm,cbm,continuous,46,83,0.125855,0.102704,0.954641,2.9
cbm,cbm,continuous,46,84,0.112240,0.105775,0.960970,3.0
cbm,cbm,continuous,46,85,0.157731,0.102960,0.944093,2.9
cbm,cbm,continuous,46,86,0.056909,0.099088,0.983122,3.0
cbm,cbm,continuous,46,87,0.130891,0.097727,0.954641,2.9
cbm,cbm,continuous,46,88,0.132167,0.100656,0.955696,2.9
cbm,cbm,continuous,46,89,0.099900,0.098767,0.963080,3.0
cbm,cbm,continuous,46,90,0.146740,0.096191,0.938819,3.0
cbm,cbm,continuous,46,91,0.135043,0.093326,0.948312,2.9
cbm,cbm,continuous,46,92,0.092240,0.093794,0.971519,2.9
cbm,cbm,continuous,46,93,0.130890,0.107905,0.949367,3.0
cbm,cbm,continuous,46,94,0.235190,0.134955,0.914557,2.9
cbm,cbm,continuous,46,95,0.135025,0.105797,0.946203,2.7
cbm,cbm,continuous,46,96,0.118737,0.103335,0.956751,2.8
cbm,cbm,continuous,46,97,0.099187,0.099949,0.971519,2.7
cbm,cbm,continuous,46,98,0.130032,0.096650,0.951477,2.7
cbm,cbm,continuous,46,99,0.074601,0.093285,0.973629,2.8
cbm,cbm,continuous,46,100,0.091140,0.095143,0.964135,2.7
cbm,cbm,continuous,47,1,0.689838,0.165023,0.576396,2.7
cbm,cbm,continuous,47,2,0.672645,0.145337,0.595364,2.9
cbm,cbm,continuous,47,3,0.660718,0.146462,0.615385,2.7
cbm,cbm,continuous,47,4,0.644241,0.150248,0.629083,2.7
cbm,cbm,continuous,47,5,0.616961,0.144213,0.665964,2.7
cbm,cbm,continuous,47,6,0.605751,0.148248,0.680717,2.7
cbm,cbm,continuous,47,7,0.604568,0.146385,0.683878,2.8
cbm,cbm,continuous,47,8,0.576637,0.134517,0.715490,2.7
cbm,cbm,continuous,47,9,0.593572,0.135742,0.711275,2.7
cbm,cbm,continuous,47,10,0.560755,0.130300,0.723920,2.7
cbm,cbm,continuous,47,11,0.525764,0.126699,0.751317,2.8
cbm,cbm,continuous,47,12,0.532330,0.130159,0.752371,2.9
cbm,cbm,continuous,47,13,0.520303,0.133466,0.750263,2.9
cbm,cbm,continuous,47,14,0.492211,0.122797,0.772392,2.9
cbm,cbm,continuous,47,15,0.485985,0.122681,0.776607,2.8
cbm,cbm,continuous,47,16,0.466165,0.119984,0.778714,2.9
cbm,cbm,continuous,47,17,0.456543,0.121810,0.799789,3.0
cbm,cbm,continuous,47,18,0.452222,0.119921,0.801897,2.9
cbm,cbm,continuous,47,19,0.448342,0.121523,0.796628,3.0
cbm,cbm,continuous,47,20,0.416160,0.119457,0.817703,2.9
cbm,cbm,continuous,47,21,0.460588,0.121910,0.805058,2.9
cbm,cbm,continuous,47,22,0.425191,0.113689,0.795574,3.0
cbm,cbm,continuous,47,23,0.375019,0.119790,0.834563,2.9
cbm,cbm,continuous,47,24,0.411074,0.124694,0.816649,2.9
cbm,cbm,continuous,47,25,0.396623,0.115853,0.841939,2.9
cbm,cbm,continuous,47,26,0.372155,0.117143,0.849315,2.9
cbm,cbm,continuous,47,27,0.359569,0.117278,0.851423,2.9
cbm,cbm,continuous,47,28,0.391592,0.118368,0.836670,3.0
cbm,cbm,continuous,47,29,0.376680,0.116899,0.838778,2.9
cbm,cbm,continuous,47,30,0.395164,0.125933,0.829294,3.0
cbm,cbm,continuous,47,31,0.387795,0.123916,0.833509,2.9
cbm,cbm,continuous,47,32,0.357353,0.123328,0.855638,2.9
cbm,cbm,continuous,47,33,0.354553,0.116617,0.855638,2.9
cbm,cbm,continuous,47,34,0.323636,0.113960,0.866175,2.9
cbm,cbm,continuous,47,35,0.329956,0.112355,0.864067,2.9
cbm,cbm,continuous,47,36,0.360696,0.117895,0.842993,2.9
cbm,cbm,continuous,47,37,0.337614,0.124135,0.860906,2.9
cbm,cbm,continuous,47,38,0.353583,0.119552,0.844046,2.9
cbm,cbm,continuous,47,39,0.265155,0.113296,0.904110,3.0
cbm,cbm,continuous,47,40,0.263754,0.111741,0.893572,2.9
cbm,cbm,continuous,47,41,0.241585,0.109900,0.911486,2.9
cbm,cbm,continuous,47,42,0.290902,0.119676,0.881981,3.0
cbm,cbm,continuous,47,43,0.279862,0.109661,0.887250,2.9
cbm,cbm,continuous,47,44,0.294845,0.126679,0.875659,2.9
cbm,cbm,continuous,47,45,0.254554,0.123666,0.902002,3.0
cbm,cbm,continuous,47,46,0.231092,0.113029,0.907271,2.9
cbm,cbm,continuous,47,47,0.247262,0.112948,0.904110,2.9
cbm,cbm,continuous,47,48,0.268922,0.113374,0.886196,3.0
cbm,cbm,continuous,47,49,0.270768,0.116199,0.887250,2.9
cbm,cbm,continuous,47,50,0.272955,0.131466,0.876712,3.0
cbm,cbm,continuous,47,51,0.235810,0.114735,0.904110,2.9
cbm,cbm,continuous,47,52,0.244326,0.113840,0.900948,2.9
cbm,cbm,continuous,47,53,0.191618,0.114519,0.923077,2.9
cbm,cbm,continuous,47,54,0.185875,0.110320,0.920969,2.9
cbm,cbm,continuous,47,55,0.189680,0.111576,0.919916,2.9
cbm,cbm,continuous,47,56,0.174495,0.111746,0.933614,2.9
cbm,cbm,continuous,47,57,0.173638,0.108512,0.934668,3.0
cbm,cbm,continuous,47,58,0.173123,0.115616,0.928346,2.9
cbm,cbm,continuous,47,59,0.168449,0.110212,0.935722,2.9
cbm,cbm,continuous,47,60,0.177355,0.117743,0.925184,2.9
cbm,cbm,continuous,47,61,0.200417,0.119940,0.925184,2.9
cbm,cbm,continuous,47,62,0.187685,0.115437,0.919916,2.9
cbm,cbm,continuous,47,63,0.144829,0.108360,0.949420,3.0
cbm,cbm,continuous,47,64,0.140715,0.110821,0.944152,2.9
cbm,cbm,continuous,47,65,0.175746,0.112255,0.934668,2.9
cbm,cbm,continuous,47,66,0.148812,0.111065,0.940991,2.9
cbm,cbm,continuous,47,67,0.110014,0.105419,0.963119,2.9
cbm,cbm,continuous,47,68,0.118155,0.103063,0.957850,3.0
cbm,cbm,continuous,47,69,0.115352,0.101508,0.963119,2.9
cbm,cbm,continuous,47,70,0.092626,0.099723,0.966280,2.9
cbm,cbm,continuous,47,71,0.182522,0.103880,0.933614,2.9
cbm,cbm,continuous,47,72,0.139905,0.104896,0.952582,2.9
cbm,cbm,continuous,47,73,0.111440,0.113872,0.957850,2.9
cbm,cbm,continuous,47,74,0.136128,0.105664,0.947313,3.0
cbm,cbm,continuous,47,75,0.154943,0.107750,0.938883,2.9
cbm,cbm,continuous,47,76,0.131722,0.101316,0.952582,2.9
cbm,cbm,continuous,47,77,0.065903,0.097344,0.978925,3.0
cbm,cbm,continuous,47,78,0.095265,0.097617,0.959958,2.9
cbm,cbm,continuous,47,79,0.099583,0.096410,0.967334,2.9
cbm,cbm,continuous,47,80,0.113696,0.097538,0.955743,3.0
cbm,cbm,continuous,47,81,0.103702,0.098530,0.963119,2.9
cbm,cbm,continuous,47,82,0.059570,0.093239,0.979979,2.9
cbm,cbm,continuous,47,83,0.085187,0.097791,0.971549,3.0
cbm,cbm,continuous,47,84,0.098822,0.094987,0.964173,2.9
cbm,cbm,continuous,47,85,0.106015,0.098672,0.962065,2.9
cbm,cbm,continuous,47,86,0.202899,0.107813,0.926238,3.0
cbm,cbm,continuous,47,87,0.146648,0.103210,0.945205,2.9
cbm,cbm,continuous,47,88,0.067906,0.097628,0.981033,2.9
cbm,cbm,continuous,47,89,0.121402,0.100119,0.952582,3.0
cbm,cbm,continuous,47,90,0.143515,0.097330,0.950474,2.9
cbm,cbm,continuous,47,91,0.234987,0.129475,0.898841,2.9
cbm,cbm,continuous,47,92,0.114437,0.103094,0.957850,3.0
cbm,cbm,continuous,47,93,0.117756,0.096876,0.954689,2.9
cbm,cbm,continuous,47,94,0.090008,0.092518,0.966280,3.0
cbm,cbm,continuous,47,95,0.104414,0.088569,0.963119,2.9
cbm,cbm,continuous,47,96,0.084111,0.087114,0.971549,2.9
cbm,cbm,continuous,47,97,0.087933,0.085293,0.967334,2.9
cbm,cbm,continuous,47,98,0.067964,0.083016,0.971549,3.0
cbm,cbm,continuous,47,99,0.105052,0.084760,0.962065,2.9
cbm,cbm,continuous,47,100,0.111202,0.085750,0.956797,2.9
cbm,cbm,continuous,48,1,0.695608,0.185920,0.505376,2.9
cbm,cbm,continuous,48,2,0.680003,0.148053,0.617204,2.8
cbm,cbm,continuous,48,3,0.655041,0.151164,0.651613,2.9
cbm,cbm,continuous,48,4,0.658025,0.150962,0.602151,2.8
cbm,cbm,continuous,48,5,0.638538,0.155621,0.669892,2.9
cbm,cbm,continuous,48,6,0.621570,0.144324,0.662366,2.9
cbm,cbm,continuous,48,7,0.636144,0.151152,0.648387,2.9
cbm,cbm,continuous,48,8,0.605605,0.143795,0.686022,2.8
cbm,cbm,continuous,48,9,0.608158,0.142850,0.670968,2.9
cbm,cbm,continuous,48,10,0.567420,0.139132,0.720430,2.9
cbm,cbm,continuous,48,11,0.563161,0.137264,0.695699,2.9
cbm,cbm,continuous,48,12,0.575407,0.143601,0.703226,2.9
cbm,cbm,continuous,48,13,0.548973,0.139693,0.713978,2.9
cbm,cbm,continuous,48,14,0.550623,0.129139,0.744086,2.9
cbm,cbm,continuous,48,15,0.515176,0.127453,0.744086,2.9
cbm,cbm,continuous,48,16,0.520508,0.129913,0.746237,2.9
cbm,cbm,continuous,48,17,0.535760,0.132434,0.745161,2.8
cbm,cbm,continuous,48,18,0.528773,0.134250,0.748387,2.9
cbm,cbm,continuous,48,19,0.480267,0.127041,0.782796,2.9
cbm,cbm,continuous,48,20,0.522433,0.133981,0.752688,2.8
cbm,cbm,continuous,48,21,0.472632,0.121368,0.792473,2.9
cbm,cbm,continuous,48,22,0.457015,0.126141,0.796774,2.8
cbm,cbm,continuous,48,23,0.461918,0.123506,0.796774,2.9
cbm,cbm,continuous,48,24,0.432231,0.123356,0.794624,2.8
cbm,cbm,continuous,48,25,0.421967,0.121417,0.801075,2.9
cbm,cbm,continuous,48,26,0.432503,0.120575,0.804301,2.8
cbm,cbm,continuous,48,27,0.401447,0.118530,0.826882,2.9
cbm,cbm,continuous,48,28,0.434585,0.125811,0.805376,2.9
cbm,cbm,continuous,48,29,0.385170,0.119256,0.841935,2.9
cbm,cbm,continuous,48,30,0.395740,0.120506,0.826882,2.9
cbm,cbm,continuous,48,31,0.398149,0.122565,0.815054,2.8
cbm,cbm,continuous,48,32,0.398089,0.122815,0.819355,2.9
cbm,cbm,continuous,48,33,0.413835,0.116977,0.813978,2.9
cbm,cbm,continuous,48,34,0.373305,0.117380,0.836559,2.9
cbm,cbm,continuous,48,35,0.350091,0.116026,0.844086,2.8
cbm,cbm,continuous,48,36,0.371870,0.118951,0.833333,2.9
cbm,cbm,continuous,48,37,0.364233,0.122026,0.848387,2.8
cbm,cbm,continuous,48,38,0.356184,0.116853,0.845161,2.8
cbm,cbm,continuous,48,39,0.328888,0.118464,0.873118,2.9
cbm,cbm,continuous,48,40,0.333121,0.117879,0.856989,2.8
cbm,cbm,continuous,48,41,0.313471,0.117926,0.856989,2.9
cbm,cbm,continuous,48,42,0.320942,0.119880,0.878495,2.9
cbm,cbm,continuous,48,43,0.371063,0.126080,0.847312,2.9
cbm,cbm,continuous,48,44,0.273383,0.114254,0.887097,2.8
cbm,cbm,continuous,48,45,0.272452,0.114791,0.883871,2.9
cbm,cbm,continuous,48,46,0.377958,0.125558,0.847312,2.8
cbm,cbm,continuous,48,47,0.301594,0.123810,0.870968,2.8
cbm,cbm,continuous,48,48,0.327364,0.124629,0.863441,2.9
cbm,cbm,continuous,48,49,0.288181,0.118053,0.873118,2.8
cbm,cbm,continuous,48,50,0.231661,0.113815,0.912903,2.9
cbm,cbm,continuous,48,51,0.243543,0.114823,0.897849,2.9
cbm,cbm,continuous,48,52,0.231801,0.117820,0.911828,2.9
cbm,cbm,continuous,48,53,0.281063,0.118289,0.886022,2.8
cbm,cbm,continuous,48,54,0.263438,0.122562,0.888172,2.9
cbm,cbm,continuous,48,55,0.316563,0.124491,0.866667,2.8
cbm,cbm,continuous,48,56,0.252802,0.123460,0.890323,2.8
cbm,cbm,continuous,48,57,0.221460,0.115383,0.912903,2.9
cbm,cbm,continuous,48,58,0.218999,0.113905,0.906452,2.8
cbm,cbm,continuous,48,59,0.181112,0.110605,0.930108,2.9
cbm,cbm,continuous,48,60,0.208995,0.114129,0.927957,2.9
cbm,cbm,continuous,48,61,0.292683,0.122906,0.869892,2.8
cbm,cbm,continuous,48,62,0.217065,0.117639,0.912903,2.8
cbm,cbm,continuous,48,63,0.164347,0.114756,0.936559,2.9
cbm,cbm,continuous,48,64,0.242963,0.120975,0.903226,2.8
cbm,cbm,continuous,48,65,0.196358,0.113141,0.922581,2.8
cbm,cbm,continuous,48,66,0.154231,0.111085,0.950538,2.9
cbm,cbm,continuous,48,67,0.184521,0.118162,0.924731,2.8
cbm,cbm,continuous,48,68,0.134430,0.108836,0.949462,2.8
cbm,cbm,continuous,48,69,0.139311,0.106142,0.951613,2.9
cbm,cbm,continuous,48,70,0.161135,0.113576,0.934409,2.9
cbm,cbm,continuous,48,71,0.261998,0.131280,0.902151,2.9
cbm,cbm,continuous,48,72,0.180468,0.109485,0.934409,2.9
cbm,cbm,continuous,48,73,0.152113,0.110908,0.939785,2.8
cbm,cbm,continuous,48,74,0.160470,0.107534,0.940860,2.8
cbm,cbm,continuous,48,75,0.123515,0.106881,0.952688,2.9
cbm,cbm,continuous,48,76,0.134724,0.110430,0.939785,2.8
cbm,cbm,continuous,48,77,0.194810,0.113221,0.922581,2.9
cbm,cbm,continuous,48,78,0.137550,0.109493,0.940860,2.9
cbm,cbm,continuous,48,79,0.177195,0.118261,0.924731,2.9
cbm,cbm,continuous,48,80,0.123736,0.107545,0.961290,2.8
cbm,cbm,continuous,48,81,0.072467,0.105458,0.977419,2.9
cbm,cbm,continuous,48,82,0.127291,0.105644,0.949462,2.9
cbm,cbm,continuous,48,83,0.115952,0.102703,0.960215,2.8
cbm,cbm,continuous,48,84,0.114281,0.103552,0.962366,2.9
cbm,cbm,continuous,48,85,0.131550,0.105818,0.953763,2.8
cbm,cbm,continuous,48,86,0.136186,0.107061,0.948387,2.9
cbm,cbm,continuous,48,87,0.157709,0.109577,0.939785,2.9
cbm,cbm,continuous,48,88,0.118586,0.103559,0.959140,2.9
cbm,cbm,continuous,48,89,0.130169,0.100322,0.950538,2.9
cbm,cbm,continuous,48,90,0.102708,0.099936,0.970968,2.9
cbm,cbm,continuous,48,91,0.113934,0.099169,0.953763,2.9
cbm,cbm,continuous,48,92,0.108058,0.095482,0.959140,2.9
cbm,cbm,continuous,48,93,0.105212,0.092956,0.958065,2.9
cbm,cbm,continuous,48,94,0.117996,0.092692,0.954839,2.8
cbm,cbm,continuous,48,95,0.106852,0.092415,0.961290,2.9
cbm,cbm,continuous,48,96,0.080292,0.090957,0.974194,2.9
cbm,cbm,continuous,48,97,0.086254,0.091052,0.965591,2.9
cbm,cbm,continuous,48,98,0.092983,0.087248,0.966667,2.8
cbm,cbm,continuous,48,99,0.225171,0.120304,0.903226,2.9
cbm,cbm,continuous,48,100,0.140346,0.107959,0.939785,2.8
cbm,cbm,continuous,49,1,0.691195,0.207075,0.520548,2.9
cbm,cbm,continuous,49,2,0.677653,0.147516,0.629083,2.9
cbm,cbm,continuous,49,3,0.632395,0.147828,0.687039,2.9
cbm,cbm,continuous,49,4,0.619065,0.149446,0.645943,3.0
cbm,cbm,continuous,49,5,0.633893,0.145607,0.644889,2.9
cbm,cbm,continuous,49,6,0.629171,0.142632,0.630137,2.9
cbm,cbm,continuous,49,7,0.635540,0.145608,0.637513,2.9
cbm,cbm,continuous,49,8,0.563015,0.141712,0.709168,2.9
cbm,cbm,continuous,49,9,0.613838,0.138488,0.667018,2.9
cbm,cbm,continuous,49,10,0.583679,0.137822,0.694415,3.0
cbm,cbm,continuous,49,11,0.559015,0.135701,0.709168,2.9
cbm,cbm,continuous,49,12,0.577786,0.134313,0.704953,2.9
cbm,cbm,continuous,49,13,0.551959,0.129716,0.709168,3.0
cbm,cbm,continuous,49,14,0.512233,0.131784,0.755532,2.9
cbm,cbm,continuous,49,15,0.524906,0.129027,0.734457,2.9
cbm,cbm,continuous,49,16,0.504228,0.126542,0.761855,2.9
cbm,cbm,continuous,49,17,0.519076,0.129762,0.728135,2.9
cbm,cbm,continuous,49,18,0.473775,0.119117,0.766070,2.8
cbm,cbm,continuous,49,19,0.473201,0.122794,0.773446,3.0
cbm,cbm,continuous,49,20,0.457082,0.120424,0.790306,2.9
cbm,cbm,continuous,49,21,0.462004,0.119054,0.783983,2.9
cbm,cbm,continuous,49,22,0.460373,0.120658,0.787144,3.0
cbm,cbm,continuous,49,23,0.436479,0.127494,0.795574,2.9
cbm,cbm,continuous,49,24,0.427906,0.117664,0.808219,2.9
cbm,cbm,continuous,49,25,0.414791,0.116814,0.807165,2.9
cbm,cbm,continuous,49,26,0.448852,0.126269,0.783983,2.9
cbm,cbm,continuous,49,27,0.429182,0.125236,0.798736,2.9
cbm,cbm,continuous,49,28,0.387508,0.114883,0.838778,3.0
cbm,cbm,continuous,49,29,0.393513,0.114170,0.819810,2.9
cbm,cbm,continuous,49,30,0.380104,0.115703,0.829294,2.9
cbm,cbm,continuous,49,31,0.388735,0.117285,0.820864,2.9
cbm,cbm,continuous,49,32,0.381333,0.113565,0.832455,2.9
cbm,cbm,continuous,49,33,0.340523,0.112577,0.853530,2.9
cbm,cbm,continuous,49,34,0.356283,0.119270,0.831401,2.9
cbm,cbm,continuous,49,35,0.362221,0.117306,0.839831,2.9
cbm,cbm,continuous,49,36,0.334363,0.116394,0.851423,2.9
cbm,cbm,continuous,49,37,0.367614,0.116245,0.834563,3.0
cbm,cbm,continuous,49,38,0.325698,0.116981,0.867229,2.9
cbm,cbm,continuous,49,39,0.338993,0.114655,0.855638,3.0
cbm,cbm,continuous,49,40,0.282768,0.111256,0.875659,2.9
cbm,cbm,continuous,49,41,0.341985,0.127494,0.845100,2.9
cbm,cbm,continuous,49,42,0.278784,0.114382,0.886196,3.0
cbm,cbm,continuous,49,43,0.274429,0.113466,0.887250,2.9
cbm,cbm,continuous,49,44,0.242657,0.110895,0.899895,2.9
cbm,cbm,continuous,49,45,0.259493,0.112119,0.894626,2.9
cbm,cbm,continuous,49,46,0.293239,0.113258,0.883035,2.9
cbm,cbm,continuous,49,47,0.234397,0.112442,0.900948,2.9
cbm,cbm,continuous,49,48,0.235574,0.114221,0.907271,3.0
cbm,cbm,continuous,49,49,0.272919,0.112609,0.884089,2.9
cbm,cbm,continuous,49,50,0.262487,0.111855,0.894626,2.9
cbm,cbm,continuous,49,51,0.236015,0.109794,0.903056,2.9
cbm,cbm,continuous,49,52,0.167688,0.107478,0.930453,2.9
cbm,cbm,continuous,49,53,0.205849,0.113608,0.916754,2.9
cbm,cbm,continuous,49,54,0.245719,0.118739,0.896733,2.9
cbm,cbm,continuous,49,55,0.216859,0.110382,0.919916,2.9
cbm,cbm,continuous,49,56,0.191300,0.106671,0.923077,2.9
cbm,cbm,continuous,49,57,0.218355,0.111449,0.920969,3.0
cbm,cbm,continuous,49,58,0.212551,0.111217,0.918862,2.9
cbm,cbm,continuous,49,59,0.195267,0.110574,0.923077,3.0
cbm,cbm,continuous,49,60,0.187426,0.111569,0.920969,2.9
cbm,cbm,continuous,49,61,0.128550,0.105588,0.956797,2.9
cbm,cbm,continuous,49,62,0.180719,0.107652,0.937829,2.9
cbm,cbm,continuous,49,63,0.143616,0.105631,0.949420,3.0
cbm,cbm,continuous,49,64,0.178075,0.109196,0.935722,2.9
cbm,cbm,continuous,49,65,0.215788,0.106342,0.917808,2.9
cbm,cbm,continuous,49,66,0.135512,0.106187,0.946259,2.9
cbm,cbm,continuous,49,67,0.107012,0.103128,0.958904,2.9
cbm,cbm,continuous,49,68,0.140653,0.101985,0.953635,2.9
cbm,cbm,continuous,49,69,0.123580,0.103540,0.957850,2.9
cbm,cbm,continuous,49,70,0.225365,0.113271,0.908325,2.9
cbm,cbm,continuous,49,71,0.174375,0.105798,0.925184,2.9
cbm,cbm,continuous,49,72,0.167070,0.104218,0.931507,3.0
cbm,cbm,continuous,49,73,0.258709,0.113914,0.876712,2.9
cbm,cbm,continuous,49,74,0.187194,0.112312,0.920969,2.9
cbm,cbm,continuous,49,75,0.128803,0.106513,0.951528,2.9
cbm,cbm,continuous,49,76,0.100564,0.101611,0.964173,2.9
cbm,cbm,continuous,49,77,0.116037,0.099177,0.957850,2.9
cbm,cbm,continuous,49,78,0.149104,0.096348,0.944152,2.9
cbm,cbm,continuous,49,79,0.091486,0.094956,0.963119,2.9
cbm,cbm,continuous,49,80,0.123554,0.096096,0.950474,2.9
cbm,cbm,continuous,49,81,0.116772,0.095199,0.953635,2.9
cbm,cbm,continuous,49,82,0.050533,0.092478,0.983140,2.9
cbm,cbm,continuous,49,83,0.198156,0.111368,0.920969,3.0
cbm,cbm,continuous,49,84,0.153508,0.106166,0.943098,2.9
cbm,cbm,continuous,49,85,0.113399,0.098603,0.967334,2.9
cbm,cbm,continuous,49,86,0.108885,0.093495,0.959958,3.0
cbm,cbm,continuous,49,87,0.125081,0.096544,0.953635,2.9
cbm,cbm,continuous,49,88,0.120185,0.095353,0.955743,2.9
cbm,cbm,continuous,49,89,0.153751,0.107766,0.938883,3.0
cbm,cbm,continuous,49,90,0.102166,0.091714,0.962065,3.0
cbm,cbm,continuous,49,91,0.126359,0.091891,0.953635,2.9
cbm,cbm,continuous,49,92,0.124862,0.090503,0.955743,3.0
cbm,cbm,continuous,49,93,0.074518,0.091013,0.975764,2.9
cbm,cbm,continuous,49,94,0.095817,0.086940,0.968388,2.9
cbm,cbm,continuous,49,95,0.112988,0.084935,0.957850,3.0
cbm,cbm,continuous,49,96,0.121703,0.085378,0.948367,2.9
cbm,cbm,continuous,49,97,0.109078,0.083908,0.955743,2.9
cbm,cbm,continuous,49,98,0.076848,0.081715,0.975764,2.9
cbm,cbm,continuous,49,99,0.079135,0.082589,0.978925,2.9
cbm,cbm,continuous,49,100,0.122937,0.079969,0.951528,2.9
cbm,cbm,continuous,50,1,0.695907,0.179657,0.499456,2.9
cbm,cbm,continuous,50,2,0.680582,0.140991,0.607182,2.8
cbm,cbm,continuous,50,3,0.656195,0.143552,0.651795,2.9
cbm,cbm,continuous,50,4,0.628450,0.144693,0.669206,2.9
cbm,cbm,continuous,50,5,0.619101,0.142371,0.675734,2.8
cbm,cbm,continuous,50,6,0.608099,0.140248,0.659412,2.8
cbm,cbm,continuous,50,7,0.601729,0.138086,0.689880,2.8
cbm,cbm,continuous,50,8,0.615811,0.146588,0.678999,2.8
cbm,cbm,continuous,50,9,0.561617,0.131380,0.737758,2.8
cbm,cbm,continuous,50,10,0.577632,0.149909,0.705114,2.9
cbm,cbm,continuous,50,11,0.546304,0.129874,0.720348,2.8
cbm,cbm,continuous,50,12,0.518467,0.125597,0.756257,2.9
cbm,cbm,continuous,50,13,0.515456,0.125384,0.738847,2.8
cbm,cbm,continuous,50,14,0.521288,0.128964,0.746464,2.8
cbm,cbm,continuous,50,15,0.531146,0.138416,0.731230,2.8
cbm,cbm,continuous,50,16,0.475381,0.122004,0.773667,2.9
cbm,cbm,continuous,50,17,0.459418,0.119947,0.784548,2.8
cbm,cbm,continuous,50,18,0.435708,0.119393,0.799782,2.8
cbm,cbm,continuous,50,19,0.471451,0.121252,0.768226,2.9
cbm,cbm,continuous,50,20,0.453794,0.121705,0.789989,2.8
cbm,cbm,continuous,50,21,0.441947,0.132487,0.792165,2.9
cbm,cbm,continuous,50,22,0.427885,0.123768,0.813928,2.9
cbm,cbm,continuous,50,23,0.452990,0.129199,0.798694,2.8
cbm,cbm,continuous,50,24,0.423188,0.125656,0.803047,2.8
cbm,cbm,continuous,50,25,0.389500,0.121373,0.834603,2.8
cbm,cbm,continuous,50,26,0.348694,0.110774,0.860718,2.8
cbm,cbm,continuous,50,27,0.396208,0.120575,0.828074,2.8
cbm,cbm,continuous,50,28,0.408553,0.118104,0.821545,2.9
cbm,cbm,continuous,50,29,0.348196,0.126762,0.860718,2.8
cbm,cbm,continuous,50,30,0.394165,0.120629,0.824810,2.8
cbm,cbm,continuous,50,31,0.370674,0.111447,0.831338,2.9
cbm,cbm,continuous,50,32,0.356713,0.115465,0.854189,2.8
cbm,cbm,continuous,50,33,0.359589,0.118675,0.848749,2.9
cbm,cbm,continuous,50,34,0.326379,0.112840,0.863983,2.8
cbm,cbm,continuous,50,35,0.311073,0.111682,0.878128,2.8
cbm,cbm,continuous,50,36,0.395214,0.128953,0.829162,2.8
cbm,cbm,continuous,50,37,0.326089,0.116122,0.862894,2.9
cbm,cbm,continuous,50,38,0.301840,0.115920,0.871600,2.8
cbm,cbm,continuous,50,39,0.303639,0.120747,0.875952,2.8
cbm,cbm,continuous,50,40,0.292268,0.111571,0.880305,2.9
cbm,cbm,continuous,50,41,0.317772,0.136803,0.859630,2.8
cbm,cbm,continuous,50,42,0.298134,0.108125,0.872688,2.8
cbm,cbm,continuous,50,43,0.275768,0.108617,0.893362,2.9
cbm,cbm,continuous,50,44,0.271276,0.115044,0.891186,2.8
cbm,cbm,continuous,50,45,0.255426,0.111170,0.897715,2.8
cbm,cbm,continuous,50,46,0.214171,0.105785,0.918390,2.9
cbm,cbm,continuous,50,47,0.222123,0.107156,0.909684,2.8
cbm,cbm,continuous,50,48,0.233057,0.113681,0.900979,2.8
cbm,cbm,continuous,50,49,0.175598,0.105117,0.930359,2.9
cbm,cbm,continuous,50,50,0.185720,0.104979,0.931447,2.8
cbm,cbm,continuous,50,51,0.198410,0.116654,0.918390,2.9
cbm,cbm,continuous,50,52,0.240174,0.123566,0.902067,2.9
cbm,cbm,continuous,50,53,0.259923,0.110714,0.887922,2.9
cbm,cbm,continuous,50,54,0.217397,0.108957,0.916213,2.8
cbm,cbm,continuous,50,55,0.191700,0.108156,0.927095,2.9
cbm,cbm,continuous,50,56,0.161342,0.106931,0.941240,2.8
cbm,cbm,continuous,50,57,0.131117,0.105595,0.951034,2.8
cbm,cbm,continuous,50,58,0.125584,0.103679,0.952122,2.9
cbm,cbm,continuous,50,59,0.147452,0.102682,0.941240,2.8
cbm,cbm,continuous,50,60,0.114680,0.102140,0.954298,2.9
cbm,cbm,continuous,50,61,0.123063,0.101236,0.948857,2.8
cbm,cbm,continuous,50,62,0.173874,0.106554,0.930359,2.8
cbm,cbm,continuous,50,63,0.187205,0.111242,0.926007,2.8
cbm,cbm,continuous,50,64,0.157558,0.107468,0.932535,2.9
cbm,cbm,continuous,50,65,0.160698,0.105997,0.943417,2.8
cbm,cbm,continuous,50,66,0.163342,0.101309,0.939064,2.8
cbm,cbm,continuous,50,67,0.177544,0.106785,0.927095,2.9
cbm,cbm,continuous,50,68,0.161489,0.099338,0.941240,2.8
cbm,cbm,continuous,50,69,0.141859,0.099741,0.944505,2.9
cbm,cbm,continuous,50,70,0.123420,0.111645,0.952122,2.8
cbm,cbm,continuous,50,71,0.079145,0.099433,0.976061,2.8
cbm,cbm,continuous,50,72,0.118587,0.099637,0.951034,2.8
cbm,cbm,continuous,50,73,0.115404,0.099103,0.964091,2.9
cbm,cbm,continuous,50,74,0.062943,0.095382,0.982590,2.8
cbm,cbm,continuous,50,75,0.096060,0.096529,0.959739,2.8
cbm,cbm,continuous,50,76,0.133978,0.092655,0.941240,2.9
cbm,cbm,continuous,50,77,0.106493,0.091009,0.964091,2.8
cbm,cbm,continuous,50,78,0.105405,0.089892,0.955386,2.8
cbm,cbm,continuous,50,79,0.067040,0.089513,0.979325,2.9
cbm,cbm,continuous,50,80,0.067497,0.086491,0.971708,2.8
cbm,cbm,continuous,50,81,0.087819,0.086068,0.966268,2.8
cbm,cbm,continuous,50,82,0.117806,0.083394,0.947769,2.8
cbm,cbm,continuous,50,83,0.094491,0.083401,0.965180,2.9
cbm,cbm,continuous,50,84,0.066376,0.082697,0.972797,2.8
cbm,cbm,continuous,50,85,0.133423,0.086055,0.951034,2.9
cbm,cbm,continuous,50,86,0.097780,0.084613,0.961915,2.8
cbm,cbm,continuous,50,87,0.159553,0.090635,0.929271,2.8
cbm,cbm,continuous,50,88,0.105273,0.093403,0.959739,2.9
cbm,cbm,continuous,50,89,0.074258,0.088404,0.969532,2.8
cbm,cbm,continuous,50,90,0.069275,0.083021,0.979325,2.8
cbm,cbm,continuous,50,91,0.092594,0.079425,0.963003,2.9
cbm,cbm,continuous,50,92,0.090011,0.076594,0.964091,2.8
cbm,cbm,continuous,50,93,0.064028,0.076462,0.973885,2.8
cbm,cbm,continuous,50,94,0.088022,0.075381,0.966268,2.9
cbm,cbm,continuous,50,95,0.080420,0.072647,0.970620,2.8
cbm,cbm,continuous,50,96,0.101228,0.072901,0.961915,2.8
cbm,cbm,continuous,50,97,0.105201,0.072326,0.956474,2.9
cbm,cbm,continuous,50,98,0.072931,0.069483,0.976061,2.8
cbm,cbm,continuous,50,99,0.092650,0.069717,0.966268,2.8
cbm,cbm,continuous,50,100,0.069511,0.069144,0.972797,2.9
cbm,cbm,continuous,51,1,0.696335,0.165792,0.487779,2.9
cbm,cbm,continuous,51,2,0.691128,0.143811,0.554729,2.8
cbm,cbm,continuous,51,3,0.669700,0.143529,0.641870,3.0
cbm,cbm,continuous,51,4,0.627931,0.143309,0.679065,2.8
cbm,cbm,continuous,51,5,0.620483,0.150576,0.654623,2.9
cbm,cbm,continuous,51,6,0.608899,0.143872,0.660999,2.9
cbm,cbm,continuous,51,7,0.578961,0.140529,0.700319,2.9
cbm,cbm,continuous,51,8,0.554422,0.133920,0.705632,2.9
cbm,cbm,continuous,51,9,0.567063,0.131630,0.707758,2.9
cbm,cbm,continuous,51,10,0.551651,0.130317,0.722635,2.9
cbm,cbm,continuous,51,11,0.555512,0.132752,0.719447,2.9
cbm,cbm,continuous,51,12,0.493251,0.127289,0.757705,2.9
cbm,cbm,continuous,51,13,0.500488,0.125309,0.754516,2.9
cbm,cbm,continuous,51,14,0.469255,0.122519,0.768332,2.9
cbm,cbm,continuous,51,15,0.488821,0.131593,0.757705,2.9
cbm,cbm,continuous,51,16,0.468423,0.125201,0.783209,2.9
cbm,cbm,continuous,51,17,0.466409,0.122815,0.786397,2.9
cbm,cbm,continuous,51,18,0.444085,0.121513,0.791711,2.9
cbm,cbm,continuous,51,19,0.436644,0.122927,0.810840,2.9
cbm,cbm,continuous,51,20,0.441423,0.124242,0.806589,2.9
cbm,cbm,continuous,51,21,0.406764,0.116259,0.825717,2.9
cbm,cbm,continuous,51,22,0.432895,0.119892,0.793836,2.9
cbm,cbm,continuous,51,23,0.386437,0.116770,0.836344,2.9
cbm,cbm,continuous,51,24,0.423356,0.122724,0.814028,2.9
cbm,cbm,continuous,51,25,0.404778,0.118951,0.815090,2.9
cbm,cbm,continuous,51,26,0.419257,0.120046,0.809777,2.9
cbm,cbm,continuous,51,27,0.387635,0.117716,0.833156,2.9
cbm,cbm,continuous,51,28,0.382876,0.115497,0.839532,2.9
cbm,cbm,continuous,51,29,0.393905,0.125383,0.829968,2.9
cbm,cbm,continuous,51,30,0.355220,0.115552,0.846971,2.9
cbm,cbm,continuous,51,31,0.327001,0.115588,0.861849,2.9
cbm,cbm,continuous,51,32,0.355880,0.116910,0.849097,2.9
cbm,cbm,continuous,51,33,0.327377,0.113723,0.866100,2.9
cbm,cbm,continuous,51,34,0.356226,0.120048,0.852285,2.9
cbm,cbm,continuous,51,35,0.326643,0.114950,0.861849,2.9
cbm,cbm,continuous,51,36,0.344569,0.117062,0.851222,2.9
cbm,cbm,continuous,51,37,0.324946,0.113294,0.863974,2.9
cbm,cbm,continuous,51,38,0.317879,0.113317,0.869288,2.9
cbm,cbm,continuous,51,39,0.287689,0.110178,0.887354,2.9
cbm,cbm,continuous,51,40,0.291511,0.120032,0.877790,2.9
cbm,cbm,continuous,51,41,0.317978,0.119429,0.858661,2.9
cbm,cbm,continuous,51,42,0.266018,0.110117,0.893730,2.8
cbm,cbm,continuous,51,43,0.275757,0.112601,0.880978,2.9
cbm,cbm,continuous,51,44,0.272354,0.111679,0.887354,2.9
cbm,cbm,continuous,51,45,0.269496,0.117213,0.886291,2.9
cbm,cbm,continuous,51,46,0.275906,0.113934,0.890542,2.9
cbm,cbm,continuous,51,47,0.252160,0.114708,0.891605,2.9
cbm,cbm,continuous,51,48,0.217167,0.112704,0.916047,2.9
cbm,cbm,continuous,51,49,0.250426,0.114175,0.888417,2.9
cbm,cbm,continuous,51,50,0.237114,0.109104,0.907545,3.0
cbm,cbm,continuous,51,51,0.188745,0.107477,0.926674,2.8
cbm,cbm,continuous,51,52,0.255477,0.115107,0.895855,2.9
cbm,cbm,continuous,51,53,0.208172,0.109729,0.913921,2.9
cbm,cbm,continuous,51,54,0.226174,0.115687,0.904357,2.9
cbm,cbm,continuous,51,55,0.219066,0.111682,0.917109,2.9
cbm,cbm,continuous,51,56,0.145824,0.107089,0.951116,2.9
cbm,cbm,continuous,51,57,0.206445,0.107387,0.922423,2.9
cbm,cbm,continuous,51,58,0.217163,0.113669,0.918172,2.9
cbm,cbm,continuous,51,59,0.236878,0.109566,0.894793,2.9
cbm,cbm,continuous,51,60,0.177909,0.111609,0.926674,2.9
cbm,cbm,continuous,51,61,0.124923,0.107995,0.953241,2.9
cbm,cbm,continuous,51,62,0.140934,0.107713,0.947928,2.9
cbm,cbm,continuous,51,63,0.120137,0.107846,0.959617,2.9
cbm,cbm,continuous,51,64,0.130230,0.106965,0.951116,2.9
cbm,cbm,continuous,51,65,0.135667,0.104505,0.957492,2.9
cbm,cbm,continuous,51,66,0.142837,0.103180,0.945802,2.9
cbm,cbm,continuous,51,67,0.164472,0.105846,0.946865,2.9
cbm,cbm,continuous,51,68,0.210598,0.121209,0.912859,2.9
cbm,cbm,continuous,51,69,0.177102,0.113877,0.935175,2.9
cbm,cbm,continuous,51,70,0.196643,0.115816,0.926674,2.9
cbm,cbm,continuous,51,71,0.204282,0.119251,0.917109,2.9
cbm,cbm,continuous,51,72,0.159218,0.107595,0.941552,2.9
cbm,cbm,continuous,51,73,0.107296,0.103645,0.968119,2.9
cbm,cbm,continuous,51,74,0.119217,0.100256,0.955367,2.9
cbm,cbm,continuous,51,75,0.097110,0.099153,0.967056,2.9
cbm,cbm,continuous,51,76,0.116507,0.098534,0.960680,2.9
cbm,cbm,continuous,51,77,0.132402,0.096455,0.953241,3.0
cbm,cbm,continuous,51,78,0.116942,0.101720,0.960680,2.9
cbm,cbm,continuous,51,79,0.082852,0.099681,0.972370,2.9
cbm,cbm,continuous,51,80,0.110636,0.103347,0.963868,2.9
cbm,cbm,continuous,51,81,0.097876,0.097933,0.970244,2.9
cbm,cbm,continuous,51,82,0.098094,0.102058,0.964931,2.9
cbm,cbm,continuous,51,83,0.175121,0.113871,0.936238,2.9
cbm,cbm,continuous,51,84,0.148386,0.108114,0.941552,2.9
cbm,cbm,continuous,51,85,0.086738,0.102023,0.963868,2.9
cbm,cbm,continuous,51,86,0.090644,0.095462,0.969182,2.9
cbm,cbm,continuous,51,87,0.094701,0.092646,0.968119,2.9
cbm,cbm,continuous,51,88,0.097181,0.091305,0.968119,3.0
cbm,cbm,continuous,51,89,0.140114,0.090700,0.944740,2.9
cbm,cbm,continuous,51,90,0.049747,0.090046,0.985122,2.9
cbm,cbm,continuous,51,91,0.070381,0.088953,0.975558,2.9
cbm,cbm,continuous,51,92,0.120103,0.092645,0.952179,2.9
cbm,cbm,continuous,51,93,0.135055,0.093587,0.950053,2.9
cbm,cbm,continuous,51,94,0.044347,0.089952,0.989373,2.9
cbm,cbm,continuous,51,95,0.086537,0.084584,0.970244,2.9
cbm,cbm,continuous,51,96,0.100907,0.084707,0.962806,2.9
cbm,cbm,continuous,51,97,0.088654,0.084426,0.973433,3.0
cbm,cbm,continuous,51,98,0.141775,0.083036,0.945802,2.9
cbm,cbm,continuous,51,99,0.196562,0.099540,0.929862,2.9
cbm,cbm,continuous,51,100,0.154785,0.102170,0.939426,2.9
cbm,cbm,continuous,52,1,0.687563,0.184883,0.574247,3.0
cbm,cbm,continuous,52,2,0.656489,0.145540,0.677051,3.0
cbm,cbm,continuous,52,3,0.640936,0.151706,0.646937,3.0
cbm,cbm,continuous,52,4,0.634155,0.147306,0.649013,2.9
cbm,cbm,continuous,52,5,0.613782,0.141466,0.665628,3.0
cbm,cbm,continuous,52,6,0.581339,0.142614,0.701973,3.0
cbm,cbm,continuous,52,7,0.591524,0.139439,0.689512,3.0
cbm,cbm,continuous,52,8,0.541379,0.131052,0.730010,2.9
cbm,cbm,continuous,52,9,0.550829,0.132216,0.725857,3.0
cbm,cbm,continuous,52,10,0.530031,0.127430,0.742471,3.0
cbm,cbm,continuous,52,11,0.487666,0.121654,0.761163,3.0
cbm,cbm,continuous,52,12,0.522865,0.127877,0.745587,3.0
cbm,cbm,continuous,52,13,0.478720,0.124882,0.772586,3.0
cbm,cbm,continuous,52,14,0.446231,0.119033,0.800623,3.0
cbm,cbm,continuous,52,15,0.446448,0.121234,0.797508,2.9
cbm,cbm,continuous,52,16,0.420127,0.119703,0.802700,3.0
cbm,cbm,continuous,52,17,0.434641,0.125734,0.804777,3.0
cbm,cbm,continuous,52,18,0.468364,0.117270,0.798546,3.0
cbm,cbm,continuous,52,19,0.400437,0.115016,0.827622,2.9
cbm,cbm,continuous,52,20,0.417182,0.116044,0.823468,3.0
cbm,cbm,continuous,52,21,0.410747,0.116289,0.817238,3.0
cbm,cbm,continuous,52,22,0.387168,0.123237,0.826584,2.9
cbm,cbm,continuous,52,23,0.381512,0.115512,0.839045,3.0
cbm,cbm,continuous,52,24,0.369679,0.114922,0.839045,2.9
cbm,cbm,continuous,52,25,0.337766,0.111904,0.858775,3.0
cbm,cbm,continuous,52,26,0.416533,0.123775,0.828660,3.0
cbm,cbm,continuous,52,27,0.346128,0.117319,0.855659,3.0
cbm,cbm,continuous,52,28,0.336353,0.116824,0.863967,2.9
cbm,cbm,continuous,52,29,0.339801,0.111700,0.854621,3.0
cbm,cbm,continuous,52,30,0.367981,0.116491,0.841121,2.9
cbm,cbm,continuous,52,31,0.337717,0.113906,0.854621,3.0
cbm,cbm,continuous,52,32,0.318222,0.111237,0.873313,3.0
cbm,cbm,continuous,52,33,0.323156,0.117162,0.855659,3.0
cbm,cbm,continuous,52,34,0.310492,0.113286,0.871236,3.0
cbm,cbm,continuous,52,35,0.325733,0.111577,0.852544,3.0
cbm,cbm,continuous,52,36,0.324846,0.117724,0.863967,3.0
cbm,cbm,continuous,52,37,0.314253,0.109691,0.882658,3.0
cbm,cbm,continuous,52,38,0.315059,0.115448,0.866044,3.0
cbm,cbm,continuous,52,39,0.240428,0.107848,0.906542,2.9
cbm,cbm,continuous,52,40,0.251845,0.109687,0.901350,3.0
cbm,cbm,continuous,52,41,0.279358,0.110435,0.881620,2.9
cbm,cbm,continuous,52,42,0.250429,0.110696,0.907580,3.0
cbm,cbm,continuous,52,43,0.269094,0.109511,0.894081,3.0
cbm,cbm,continuous,52,44,0.217365,0.108450,0.932503,3.0
cbm,cbm,continuous,52,45,0.248087,0.109244,0.904465,2.9
cbm,cbm,continuous,52,46,0.243797,0.109818,0.903427,3.0
cbm,cbm,continuous,52,47,0.272852,0.110906,0.894081,3.0
cbm,cbm,continuous,52,48,0.252452,0.109365,0.903427,3.0
cbm,cbm,continuous,52,49,0.208166,0.106358,0.924195,3.0
cbm,cbm,continuous,52,50,0.205609,0.107594,0.924195,2.9
cbm,cbm,continuous,52,51,0.170825,0.105089,0.939772,3.0
cbm,cbm,continuous,52,52,0.203048,0.108351,0.922118,3.0
cbm,cbm,continuous,52,53,0.143456,0.105600,0.943925,3.0
cbm,cbm,continuous,52,54,0.146227,0.105815,0.943925,3.0
cbm,cbm,continuous,52,55,0.168466,0.105423,0.932503,3.0
cbm,cbm,continuous,52,56,0.145116,0.105492,0.954309,2.9
cbm,cbm,continuous,52,57,0.165201,0.105943,0.934579,3.0
cbm,cbm,continuous,52,58,0.177732,0.104550,0.931464,3.0
cbm,cbm,continuous,52,59,0.248808,0.121202,0.904465,3.0
cbm,cbm,continuous,52,60,0.150596,0.104575,0.943925,3.0
cbm,cbm,continuous,52,61,0.143748,0.103136,0.951194,2.9
cbm,cbm,continuous,52,62,0.122211,0.104725,0.958463,3.0
cbm,cbm,continuous,52,63,0.175747,0.105137,0.925234,3.0
cbm,cbm,continuous,52,64,0.101676,0.104307,0.966771,3.0
cbm,cbm,continuous,52,65,0.164119,0.108278,0.930426,2.9
cbm,cbm,continuous,52,66,0.134850,0.103476,0.949117,3.0
cbm,cbm,continuous,52,67,0.203227,0.109218,0.924195,2.9
cbm,cbm,continuous,52,68,0.121992,0.100732,0.956386,3.0
cbm,cbm,continuous,52,69,0.121559,0.099046,0.959502,3.0
cbm,cbm,continuous,52,70,0.106203,0.101368,0.962617,3.0
cbm,cbm,continuous,52,71,0.141628,0.105429,0.946002,2.9
cbm,cbm,continuous,52,72,0.116435,0.098268,0.962617,3.0
cbm,cbm,continuous,52,73,0.084649,0.095848,0.967809,3.0
cbm,cbm,continuous,52,74,0.086049,0.095713,0.973001,2.9
cbm,cbm,continuous,52,75,0.115651,0.093089,0.953271,3.0
cbm,cbm,continuous,52,76,0.136551,0.096793,0.953271,2.9
cbm,cbm,continuous,52,77,0.130030,0.094211,0.958463,3.0
cbm,cbm,continuous,52,78,0.114623,0.093719,0.960540,3.0
cbm,cbm,continuous,52,79,0.104981,0.094422,0.959502,3.0
cbm,cbm,continuous,52,80,0.113948,0.092095,0.956386,3.0
cbm,cbm,continuous,52,81,0.126217,0.088515,0.950156,3.0
cbm,cbm,continuous,52,82,0.113638,0.089942,0.962617,2.9
cbm,cbm,continuous,52,83,0.082395,0.092009,0.970924,3.0
cbm,cbm,continuous,52,84,0.235255,0.125312,0.919003,2.9
cbm,cbm,continuous,52,85,0.142344,0.104968,0.944964,3.0
cbm,cbm,continuous,52,86,0.188903,0.105487,0.926272,3.0
cbm,cbm,continuous,52,87,0.148098,0.106061,0.935618,2.9
cbm,cbm,continuous,52,88,0.084473,0.091063,0.974039,3.0
cbm,cbm,continuous,52,89,0.143174,0.098743,0.942887,3.0
cbm,cbm,continuous,52,90,0.118991,0.092842,0.956386,3.0
cbm,cbm,continuous,52,91,0.086250,0.086800,0.969886,2.9
cbm,cbm,continuous,52,92,0.118772,0.085728,0.964694,3.0
cbm,cbm,continuous,52,93,0.104935,0.084176,0.961578,2.9
cbm,cbm,continuous,52,94,0.083187,0.083754,0.968847,2.9
cbm,cbm,continuous,52,95,0.088034,0.081343,0.963655,3.0
cbm,cbm,continuous,52,96,0.110042,0.080233,0.960540,3.0
cbm,cbm,continuous,52,97,0.128330,0.078002,0.953271,3.0
cbm,cbm,continuous,52,98,0.100077,0.080101,0.958463,3.0
cbm,cbm,continuous,52,99,0.109407,0.078598,0.961578,2.9
cbm,cbm,continuous,52,100,0.099682,0.079433,0.965732,3.0
cbm,cbm,continuous,53,1,0.690996,0.164286,0.587992,3.0
cbm,cbm,continuous,53,2,0.676014,0.148087,0.623188,2.9
cbm,cbm,continuous,53,3,0.660525,0.154638,0.635611,3.0
cbm,cbm,continuous,53,4,0.646205,0.149740,0.634576,3.0
cbm,cbm,continuous,53,5,0.632979,0.154394,0.640787,3.0
cbm,cbm,continuous,53,6,0.606612,0.143039,0.679089,3.0
cbm,cbm,continuous,53,7,0.589492,0.148971,0.715321,3.0
cbm,cbm,continuous,53,8,0.562667,0.139232,0.725673,2.9
cbm,cbm,continuous,53,9,0.550818,0.138058,0.729814,3.0
cbm,cbm,continuous,53,10,0.565244,0.161128,0.722567,3.0
cbm,cbm,continuous,53,11,0.532701,0.137083,0.733954,3.0
cbm,cbm,continuous,53,12,0.497637,0.128345,0.770186,3.0
cbm,cbm,continuous,53,13,0.533985,0.134592,0.741201,3.0
cbm,cbm,continuous,53,14,0.478176,0.123955,0.785714,3.0
cbm,cbm,continuous,53,15,0.428784,0.121939,0.807453,3.0
cbm,cbm,continuous,53,16,0.493217,0.128263,0.781573,3.0
cbm,cbm,continuous,53,17,0.452066,0.127911,0.789855,2.9
cbm,cbm,continuous,53,18,0.449101,0.121905,0.803313,3.0
cbm,cbm,continuous,53,19,0.432571,0.121269,0.810559,2.9
cbm,cbm,continuous,53,20,0.411831,0.132118,0.810559,3.0
cbm,cbm,continuous,53,21,0.407869,0.124824,0.821946,3.0
cbm,cbm,continuous,53,22,0.380314,0.120894,0.834369,3.0
cbm,cbm,continuous,53,23,0.424377,0.123893,0.808489,3.0
cbm,cbm,continuous,53,24,0.376272,0.121505,0.844720,3.0
cbm,cbm,continuous,53,25,0.418489,0.123291,0.817805,3.0
cbm,cbm,continuous,53,26,0.362375,0.120323,0.838509,3.0
cbm,cbm,continuous,53,27,0.358789,0.117994,0.845756,3.0
cbm,cbm,continuous,53,28,0.326064,0.119954,0.871636,2.9
cbm,cbm,continuous,53,29,0.360179,0.121919,0.850932,3.0
cbm,cbm,continuous,53,30,0.349474,0.121371,0.851967,3.0
cbm,cbm,continuous,53,31,0.323033,0.120094,0.854037,3.0
cbm,cbm,continuous,53,32,0.312037,0.117641,0.859213,3.0
cbm,cbm,continuous,53,33,0.303491,0.120008,0.871636,3.0
cbm,cbm,continuous,53,34,0.310358,0.116753,0.871636,2.9
cbm,cbm,continuous,53,35,0.318607,0.118437,0.863354,3.0
cbm,cbm,continuous,53,36,0.267578,0.118789,0.896480,3.0
cbm,cbm,continuous,53,37,0.270202,0.124948,0.894410,3.0
cbm,cbm,continuous,53,38,0.248177,0.115185,0.896480,3.0
cbm,cbm,continuous,53,39,0.274660,0.114766,0.892340,2.9
cbm,cbm,continuous,53,40,0.228840,0.113980,0.904762,3.0
cbm,cbm,continuous,53,41,0.263323,0.114868,0.891304,3.0
cbm,cbm,continuous,53,42,0.304651,0.128040,0.865424,3.0
cbm,cbm,continuous,53,43,0.233740,0.117218,0.908903,2.9
cbm,cbm,continuous,53,44,0.224846,0.118064,0.920290,3.0
cbm,cbm,continuous,53,45,0.239955,0.115431,0.900621,2.9
cbm,cbm,continuous,53,46,0.227535,0.112806,0.909938,3.0
cbm,cbm,continuous,53,47,0.174925,0.110970,0.935818,3.0
cbm,cbm,continuous,53,48,0.230624,0.112916,0.900621,3.0
cbm,cbm,continuous,53,49,0.201264,0.114165,0.928571,3.0
cbm,cbm,continuous,53,50,0.204824,0.112260,0.917184,3.0
cbm,cbm,continuous,53,51,0.202697,0.114643,0.923395,3.0
cbm,cbm,continuous,53,52,0.160466,0.113655,0.940994,3.0
cbm,cbm,continuous,53,53,0.222228,0.119408,0.903727,3.0
cbm,cbm,continuous,53,54,0.219576,0.111388,0.912008,2.9
cbm,cbm,continuous,53,55,0.148250,0.110056,0.946170,3.1
cbm,cbm,continuous,53,56,0.174863,0.114415,0.925466,2.9
cbm,cbm,continuous,53,57,0.247218,0.140447,0.902692,3.0
cbm,cbm,continuous,53,58,0.212818,0.149322,0.912008,3.0
cbm,cbm,continuous,53,59,0.156810,0.110449,0.934783,3.0
cbm,cbm,continuous,53,60,0.157305,0.107869,0.950311,2.9
cbm,cbm,continuous,53,61,0.173751,0.107137,0.938923,3.0
cbm,cbm,continuous,53,62,0.141390,0.108029,0.947205,3.0
cbm,cbm,continuous,53,63,0.108679,0.105003,0.966874,3.0
cbm,cbm,continuous,53,64,0.137220,0.103713,0.947205,3.0
cbm,cbm,continuous,53,65,0.116797,0.105259,0.957557,3.0
cbm,cbm,continuous,53,66,0.126007,0.102736,0.951346,3.0
cbm,cbm,continuous,53,67,0.150719,0.103509,0.946170,3.0
cbm,cbm,continuous,53,68,0.096902,0.106062,0.960663,3.0
cbm,cbm,continuous,53,69,0.164235,0.107154,0.933747,3.0
cbm,cbm,continuous,53,70,0.195156,0.105005,0.928571,3.0
cbm,cbm,continuous,53,71,0.123495,0.105189,0.956522,2.9
cbm,cbm,continuous,53,72,0.186874,0.108882,0.920290,3.0
cbm,cbm,continuous,53,73,0.144616,0.112994,0.945135,3.0
cbm,cbm,continuous,53,74,0.121592,0.099871,0.954451,3.0
cbm,cbm,continuous,53,75,0.095658,0.101005,0.965839,3.0
cbm,cbm,continuous,53,76,0.130752,0.100234,0.953416,3.0
cbm,cbm,continuous,53,77,0.161953,0.100298,0.942029,2.9
cbm,cbm,continuous,53,78,0.110357,0.099268,0.954451,3.0
cbm,cbm,continuous,53,79,0.094483,0.095034,0.971014,3.0
cbm,cbm,continuous,53,80,0.130225,0.095285,0.952381,2.9
cbm,cbm,continuous,53,81,0.100513,0.091490,0.968944,3.1
cbm,cbm,continuous,53,82,0.229129,0.115697,0.910973,2.9
cbm,cbm,continuous,53,83,0.187016,0.113263,0.928571,3.0
cbm,cbm,continuous,53,84,0.113643,0.103219,0.965839,3.0
cbm,cbm,continuous,53,85,0.119596,0.105518,0.950311,3.0
cbm,cbm,continuous,53,86,0.116268,0.097895,0.952381,3.0
cbm,cbm,continuous,53,87,0.115111,0.092899,0.959627,3.0
cbm,cbm,continuous,53,88,0.123007,0.089626,0.955487,2.9
cbm,cbm,continuous,53,89,0.101900,0.087182,0.965839,3.0
cbm,cbm,continuous,53,90,0.097917,0.086762,0.960663,3.0
cbm,cbm,continuous,53,91,0.088017,0.086343,0.966874,3.0
cbm,cbm,continuous,53,92,0.076741,0.084086,0.972050,3.0
cbm,cbm,continuous,53,93,0.089569,0.083301,0.971014,3.0
cbm,cbm,continuous,53,94,0.069289,0.078874,0.978261,3.0
cbm,cbm,continuous,53,95,0.078866,0.080427,0.972050,3.0
cbm,cbm,continuous,53,96,0.065037,0.078545,0.976190,3.0
cbm,cbm,continuous,53,97,0.096186,0.081384,0.959627,2.9
cbm,cbm,continuous,53,98,0.120360,0.075483,0.960663,3.0
cbm,cbm,continuous,53,99,0.118444,0.075254,0.955487,2.9
cbm,cbm,continuous,53,100,0.131286,0.083974,0.958592,3.0
cbm,cbm,continuous,54,1,0.695079,0.165311,0.504264,2.9
cbm,cbm,continuous,54,2,0.686277,0.142495,0.610874,2.9
cbm,cbm,continuous,54,3,0.671314,0.141287,0.632196,2.9
cbm,cbm,continuous,54,4,0.654217,0.149470,0.625800,2.9
cbm,cbm,continuous,54,5,0.639049,0.156497,0.648188,2.9
cbm,cbm,continuous,54,6,0.600577,0.140807,0.695096,2.9
cbm,cbm,continuous,54,7,0.592245,0.140194,0.708955,2.9
cbm,cbm,continuous,54,8,0.553038,0.137259,0.726013,2.8
cbm,cbm,continuous,54,9,0.568417,0.134849,0.706823,2.9
cbm,cbm,continuous,54,10,0.499198,0.125705,0.761194,2.9
cbm,cbm,continuous,54,11,0.502920,0.136463,0.752665,2.9
cbm,cbm,continuous,54,12,0.486626,0.129876,0.761194,2.9
cbm,cbm,continuous,54,13,0.450075,0.122862,0.787846,2.9
cbm,cbm,continuous,54,14,0.462379,0.132256,0.789979,2.9
cbm,cbm,continuous,54,15,0.477123,0.130086,0.777186,2.9
cbm,cbm,continuous,54,16,0.465734,0.127589,0.789979,2.9
cbm,cbm,continuous,54,17,0.458890,0.124776,0.783582,2.9
cbm,cbm,continuous,54,18,0.418991,0.129631,0.804904,2.9
cbm,cbm,continuous,54,19,0.411315,0.119838,0.811301,2.9
cbm,cbm,continuous,54,20,0.447147,0.123049,0.797441,2.9
cbm,cbm,continuous,54,21,0.396400,0.118234,0.825160,2.9
cbm,cbm,continuous,54,22,0.396777,0.117225,0.832623,2.9
cbm,cbm,continuous,54,23,0.366386,0.115670,0.839019,2.9
cbm,cbm,continuous,54,24,0.377909,0.115826,0.833689,2.9
cbm,cbm,continuous,54,25,0.379393,0.112603,0.829424,2.9
cbm,cbm,continuous,54,26,0.403105,0.128072,0.820896,2.9
cbm,cbm,continuous,54,27,0.351525,0.123302,0.843284,3.0
cbm,cbm,continuous,54,28,0.379232,0.119410,0.833689,2.9
cbm,cbm,continuous,54,29,0.359445,0.114757,0.852878,2.9
cbm,cbm,continuous,54,30,0.343936,0.116657,0.852878,2.9
cbm,cbm,continuous,54,31,0.318333,0.121071,0.860341,2.9
cbm,cbm,continuous,54,32,0.317176,0.112993,0.872068,2.9
cbm,cbm,continuous,54,33,0.330321,0.118478,0.864606,2.9
cbm,cbm,continuous,54,34,0.301374,0.112668,0.867804,2.9
cbm,cbm,continuous,54,35,0.308133,0.112932,0.869936,2.9
cbm,cbm,continuous,54,36,0.273959,0.111726,0.883795,3.0
cbm,cbm,continuous,54,37,0.295704,0.118777,0.873134,2.9
cbm,cbm,continuous,54,38,0.283254,0.111999,0.886994,2.9
cbm,cbm,continuous,54,39,0.281159,0.113382,0.885928,2.9
cbm,cbm,continuous,54,40,0.237255,0.112281,0.906183,2.9
cbm,cbm,continuous,54,41,0.274878,0.111770,0.883795,2.9
cbm,cbm,continuous,54,42,0.286347,0.123964,0.871002,3.0
cbm,cbm,continuous,54,43,0.255988,0.112050,0.893390,2.9
cbm,cbm,continuous,54,44,0.195854,0.108923,0.929638,2.9
cbm,cbm,continuous,54,45,0.189386,0.108991,0.926439,2.9
cbm,cbm,continuous,54,46,0.224590,0.113785,0.908316,2.9
cbm,cbm,continuous,54,47,0.202926,0.110967,0.912580,2.9
cbm,cbm,continuous,54,48,0.315338,0.127608,0.877399,2.9
cbm,cbm,continuous,54,49,0.220124,0.113885,0.913646,2.9
cbm,cbm,continuous,54,50,0.187395,0.110649,0.930704,2.8
cbm,cbm,continuous,54,51,0.179638,0.108171,0.927505,2.9
cbm,cbm,continuous,54,52,0.205501,0.108518,0.916844,2.9
cbm,cbm,continuous,54,53,0.242185,0.123761,0.900853,2.9
cbm,cbm,continuous,54,54,0.182476,0.111663,0.929638,3.0
cbm,cbm,continuous,54,55,0.163723,0.110140,0.933902,2.9
cbm,cbm,continuous,54,56,0.161294,0.110033,0.939232,2.9
cbm,cbm,continuous,54,57,0.170789,0.108919,0.927505,2.9
cbm,cbm,continuous,54,58,0.173079,0.110917,0.939232,2.9
cbm,cbm,continuous,54,59,0.161985,0.106665,0.933902,2.9
cbm,cbm,continuous,54,60,0.174847,0.111280,0.925373,2.9
cbm,cbm,continuous,54,61,0.124135,0.107546,0.957356,2.9
cbm,cbm,continuous,54,62,0.173695,0.110709,0.932836,2.9
cbm,cbm,continuous,54,63,0.161256,0.108133,0.934968,2.9
cbm,cbm,continuous,54,64,0.167475,0.108721,0.937100,2.9
cbm,cbm,continuous,54,65,0.136730,0.106163,0.946695,2.9
cbm,cbm,continuous,54,66,0.132348,0.107478,0.959488,2.9
cbm,cbm,continuous,54,67,0.136521,0.107793,0.950959,2.9
cbm,cbm,continuous,54,68,0.148784,0.100686,0.937100,2.9
cbm,cbm,continuous,54,69,0.110255,0.102171,0.959488,3.0
cbm,cbm,continuous,54,70,0.166850,0.106592,0.934968,2.8
cbm,cbm,continuous,54,71,0.133256,0.099992,0.953092,2.9
cbm,cbm,continuous,54,72,0.096551,0.099299,0.968017,2.9
cbm,cbm,continuous,54,73,0.112906,0.100179,0.960554,2.9
cbm,cbm,continuous,54,74,0.111339,0.097862,0.962687,2.9
cbm,cbm,continuous,54,75,0.107003,0.103084,0.956290,2.9
cbm,cbm,continuous,54,76,0.184976,0.112747,0.926439,2.9
cbm,cbm,continuous,54,77,0.134888,0.109662,0.957356,2.9
cbm,cbm,continuous,54,78,0.123953,0.104801,0.955224,2.9
cbm,cbm,continuous,54,79,0.112592,0.101045,0.956290,2.9
cbm,cbm,continuous,54,80,0.119043,0.098682,0.962687,2.9
cbm,cbm,continuous,54,81,0.141874,0.095751,0.948827,2.9
cbm,cbm,continuous,54,82,0.108272,0.093737,0.959488,2.9
cbm,cbm,continuous,54,83,0.098572,0.093387,0.964819,2.9
cbm,cbm,continuous,54,84,0.110614,0.091669,0.959488,2.9
cbm,cbm,continuous,54,85,0.145176,0.103188,0.944563,2.9
cbm,cbm,continuous,54,86,0.283036,0.130148,0.885928,2.9
cbm,cbm,continuous,54,87,0.181607,0.113373,0.925373,2.9
cbm,cbm,continuous,54,88,0.146514,0.106612,0.943497,2.9
cbm,cbm,continuous,54,89,0.104048,0.099131,0.964819,3.0
cbm,cbm,continuous,54,90,0.097568,0.094893,0.960554,2.8
cbm,cbm,continuous,54,91,0.118995,0.093783,0.953092,2.9
cbm,cbm,continuous,54,92,0.082703,0.093849,0.968017,2.9
cbm,cbm,continuous,54,93,0.108511,0.092666,0.957356,2.9
cbm,cbm,continuous,54,94,0.076432,0.090009,0.975480,2.9
cbm,cbm,continuous,54,95,0.095488,0.086275,0.969083,2.9
cbm,cbm,continuous,54,96,0.097289,0.086980,0.958422,2.9
cbm,cbm,continuous,54,97,0.148433,0.096741,0.939232,2.9
cbm,cbm,continuous,54,98,0.101929,0.098192,0.965885,3.0
cbm,cbm,continuous,54,99,0.126803,0.095000,0.953092,2.9
cbm,cbm,continuous,54,100,0.059362,0.093028,0.979744,2.9
cbm,cbm,continuous,55,1,0.689245,0.170305,0.565957,2.9
cbm,cbm,continuous,55,2,0.670338,0.143494,0.626596,2.9
cbm,cbm,continuous,55,3,0.660343,0.151246,0.604255,2.9
cbm,cbm,continuous,55,4,0.642281,0.145525,0.623404,2.9
cbm,cbm,continuous,55,5,0.613045,0.141536,0.694681,2.9
cbm,cbm,continuous,55,6,0.630736,0.140124,0.646809,2.9
cbm,cbm,continuous,55,7,0.565678,0.133890,0.727660,2.9
cbm,cbm,continuous,55,8,0.574407,0.150999,0.710638,2.9
cbm,cbm,continuous,55,9,0.574030,0.139926,0.705319,3.0
cbm,cbm,continuous,55,10,0.548033,0.142031,0.724468,2.9
cbm,cbm,continuous,55,11,0.509841,0.125112,0.747872,2.9
cbm,cbm,continuous,55,12,0.520240,0.128482,0.736170,2.9
cbm,cbm,continuous,55,13,0.520491,0.132429,0.742553,2.9
cbm,cbm,continuous,55,14,0.511295,0.137027,0.746809,2.9
cbm,cbm,continuous,55,15,0.497699,0.129247,0.767021,2.9
cbm,cbm,continuous,55,16,0.464331,0.124544,0.797872,2.9
cbm,cbm,continuous,55,17,0.467845,0.126539,0.777660,2.9
cbm,cbm,continuous,55,18,0.435338,0.120362,0.803191,2.9
cbm,cbm,continuous,55,19,0.452238,0.121078,0.773404,2.9
cbm,cbm,continuous,55,20,0.440987,0.124991,0.788298,2.9
cbm,cbm,continuous,55,21,0.420063,0.123477,0.804255,2.9
cbm,cbm,continuous,55,22,0.404648,0.124645,0.817021,2.9
cbm,cbm,continuous,55,23,0.399200,0.117650,0.818085,2.9
cbm,cbm,continuous,55,24,0.391659,0.121849,0.828723,2.9
cbm,cbm,continuous,55,25,0.372303,0.121170,0.839362,2.9
cbm,cbm,continuous,55,26,0.354917,0.118282,0.846809,2.9
cbm,cbm,continuous,55,27,0.390409,0.124357,0.820213,3.0
cbm,cbm,continuous,55,28,0.333046,0.120519,0.863830,2.9
cbm,cbm,continuous,55,29,0.348580,0.121331,0.841489,2.9
cbm,cbm,continuous,55,30,0.334556,0.113966,0.860638,2.9
cbm,cbm,continuous,55,31,0.332128,0.114887,0.869149,2.9
cbm,cbm,continuous,55,32,0.335869,0.115038,0.851064,2.9
cbm,cbm,continuous,55,33,0.343300,0.114734,0.854255,2.9
cbm,cbm,continuous,55,34,0.293899,0.113828,0.880851,2.9
cbm,cbm,continuous,55,35,0.348034,0.118897,0.857447,2.9
cbm,cbm,continuous,55,36,0.296342,0.113703,0.868085,2.9
cbm,cbm,continuous,55,37,0.341760,0.124005,0.861702,2.9
cbm,cbm,continuous,55,38,0.304190,0.119833,0.864894,2.9
cbm,cbm,continuous,55,39,0.250737,0.115625,0.893617,2.9
cbm,cbm,continuous,55,40,0.270276,0.117060,0.889362,2.9
cbm,cbm,continuous,55,41,0.259134,0.113161,0.894681,2.9
cbm,cbm,continuous,55,42,0.292888,0.118925,0.872340,2.9
cbm,cbm,continuous,55,43,0.242096,0.115783,0.908511,2.9
cbm,cbm,continuous,55,44,0.231542,0.113408,0.920213,2.9
cbm,cbm,continuous,55,45,0.225395,0.111531,0.909574,2.9
cbm,cbm,continuous,55,46,0.234470,0.112868,0.895745,2.9
cbm,cbm,continuous,55,47,0.232525,0.115179,0.903191,2.9
cbm,cbm,continuous,55,48,0.193989,0.111054,0.928723,2.9
cbm,cbm,continuous,55,49,0.233782,0.121573,0.908511,2.9
cbm,cbm,continuous,55,50,0.160481,0.109812,0.939362,2.9
cbm,cbm,continuous,55,51,0.196452,0.114313,0.918085,3.0
cbm,cbm,continuous,55,52,0.188434,0.115439,0.922340,2.9
cbm,cbm,continuous,55,53,0.177978,0.109924,0.931915,2.9
cbm,cbm,continuous,55,54,0.190106,0.109815,0.924468,2.9
cbm,cbm,continuous,55,55,0.221543,0.115818,0.910638,2.9
cbm,cbm,continuous,55,56,0.194606,0.132439,0.925532,2.9
cbm,cbm,continuous,55,57,0.145181,0.109751,0.943617,2.9
cbm,cbm,continuous,55,58,0.209311,0.117706,0.912766,2.9
cbm,cbm,continuous,55,59,0.184069,0.123596,0.921277,2.9
cbm,cbm,continuous,55,60,0.103023,0.105429,0.969149,2.9
cbm,cbm,continuous,55,61,0.134328,0.103204,0.953191,2.9
cbm,cbm,continuous,55,62,0.115705,0.103754,0.960638,2.9
cbm,cbm,continuous,55,63,0.119019,0.105864,0.957447,2.9
cbm,cbm,continuous,55,64,0.161306,0.108919,0.936170,2.9
cbm,cbm,continuous,55,65,0.137316,0.105131,0.950000,2.9
cbm,cbm,continuous,55,66,0.157271,0.101932,0.941489,2.9
cbm,cbm,continuous,55,67,0.172469,0.109884,0.938298,2.9
cbm,cbm,continuous,55,68,0.131516,0.106008,0.959574,2.9
cbm,cbm,continuous,55,69,0.108513,0.101875,0.963830,3.0
cbm,cbm,continuous,55,70,0.131948,0.098906,0.950000,2.9
cbm,cbm,continuous,55,71,0.089463,0.095786,0.972340,2.9
cbm,cbm,continuous,55,72,0.095154,0.098017,0.968085,2.9
cbm,cbm,continuous,55,73,0.119351,0.098274,0.960638,2.9
cbm,cbm,continuous,55,74,0.117351,0.095568,0.967021,2.9
cbm,cbm,continuous,55,75,0.084758,0.096235,0.974468,2.9
cbm,cbm,continuous,55,76,0.130317,0.095926,0.953191,2.9
cbm,cbm,continuous,55,77,0.102558,0.092462,0.967021,2.9
cbm,cbm,continuous,55,78,0.115103,0.090889,0.961702,2.9
cbm,cbm,continuous,55,79,0.124239,0.089473,0.957447,2.9
cbm,cbm,continuous,55,80,0.087782,0.090752,0.965957,2.9
cbm,cbm,continuous,55,81,0.104600,0.085929,0.962766,2.9
cbm,cbm,continuous,55,82,0.136895,0.099730,0.946809,2.9
cbm,cbm,continuous,55,83,0.237365,0.134964,0.902128,3.0
cbm,cbm,continuous,55,84,0.224899,0.123492,0.907447,2.9
cbm,cbm,continuous,55,85,0.112206,0.098471,0.962766,2.9
cbm,cbm,continuous,55,86,0.054269,0.094667,0.982979,2.9
cbm,cbm,continuous,55,87,0.106509,0.090527,0.967021,2.9
cbm,cbm,continuous,55,88,0.097694,0.089486,0.964894,2.9
cbm,cbm,continuous,55,89,0.056499,0.088867,0.980851,3.0
cbm,cbm,continuous,55,90,0.068560,0.085373,0.979787,2.9
cbm,cbm,continuous,55,91,0.097893,0.084603,0.964894,2.9
cbm,cbm,continuous,55,92,0.097342,0.081240,0.965957,2.9
cbm,cbm,continuous,55,93,0.081958,0.084724,0.974468,2.9
cbm,cbm,continuous,55,94,0.078829,0.083138,0.969149,2.9
cbm,cbm,continuous,55,95,0.129767,0.079173,0.957447,2.9
cbm,cbm,continuous,55,96,0.095473,0.080482,0.964894,2.9
cbm,cbm,continuous,55,97,0.110850,0.077385,0.959574,2.9
cbm,cbm,continuous,55,98,0.079676,0.075297,0.975532,3.0
cbm,cbm,continuous,55,99,0.107058,0.075992,0.954255,2.7
cbm,cbm,continuous,55,100,0.086373,0.074660,0.972340,2.6
cbm,cbm,continuous,56,1,0.689506,0.179716,0.551295,2.8
cbm,cbm,continuous,56,2,0.664588,0.151482,0.646632,2.7
cbm,cbm,continuous,56,3,0.660246,0.154345,0.620725,2.7
cbm,cbm,continuous,56,4,0.641341,0.148666,0.634197,2.8
cbm,cbm,continuous,56,5,0.651425,0.156687,0.617617,2.7
cbm,cbm,continuous,56,6,0.627878,0.148226,0.642487,2.8
cbm,cbm,continuous,56,7,0.616628,0.141209,0.669430,2.9
cbm,cbm,continuous,56,8,0.614778,0.144464,0.674611,2.7
cbm,cbm,continuous,56,9,0.603084,0.143381,0.664249,2.8
cbm,cbm,continuous,56,10,0.560584,0.137877,0.708808,2.7
cbm,cbm,continuous,56,11,0.528992,0.135618,0.726425,2.7
cbm,cbm,continuous,56,12,0.529656,0.135264,0.736788,2.8
cbm,cbm,continuous,56,13,0.498653,0.127008,0.757513,2.7
cbm,cbm,continuous,56,14,0.502644,0.126870,0.751295,2.7
cbm,cbm,continuous,56,15,0.485928,0.126324,0.741969,2.7
cbm,cbm,continuous,56,16,0.452692,0.129948,0.797927,2.7
cbm,cbm,continuous,56,17,0.447234,0.122414,0.801036,2.7
cbm,cbm,continuous,56,18,0.471712,0.127226,0.783420,2.7
cbm,cbm,continuous,56,19,0.441943,0.130605,0.805181,2.7
cbm,cbm,continuous,56,20,0.430110,0.123952,0.796891,2.7
cbm,cbm,continuous,56,21,0.426533,0.121653,0.803109,2.7
cbm,cbm,continuous,56,22,0.392572,0.118343,0.826943,2.7
cbm,cbm,continuous,56,23,0.422001,0.123629,0.800000,2.7
cbm,cbm,continuous,56,24,0.359561,0.121371,0.838342,2.7
cbm,cbm,continuous,56,25,0.405886,0.121257,0.820725,2.7
cbm,cbm,continuous,56,26,0.456570,0.151667,0.785492,2.8
cbm,cbm,continuous,56,27,0.380901,0.120625,0.825907,2.7
cbm,cbm,continuous,56,28,0.384386,0.124929,0.820725,2.7
cbm,cbm,continuous,56,29,0.368804,0.116876,0.843523,2.8
cbm,cbm,continuous,56,30,0.359599,0.119070,0.849741,2.9
cbm,cbm,continuous,56,31,0.343357,0.117794,0.854922,2.9
cbm,cbm,continuous,56,32,0.306595,0.115582,0.877720,2.9
cbm,cbm,continuous,56,33,0.338641,0.113451,0.856995,2.9
cbm,cbm,continuous,56,34,0.309208,0.116171,0.867358,3.0
cbm,cbm,continuous,56,35,0.303740,0.118078,0.878756,3.0
cbm,cbm,continuous,56,36,0.329839,0.121769,0.868394,3.0
cbm,cbm,continuous,56,37,0.344225,0.133764,0.854922,3.0
cbm,cbm,continuous,56,38,0.292611,0.115479,0.880829,3.0
cbm,cbm,continuous,56,39,0.284668,0.115966,0.877720,3.0
cbm,cbm,continuous,56,40,0.290751,0.113096,0.876684,3.0
cbm,cbm,continuous,56,41,0.256540,0.117483,0.894301,3.0
cbm,cbm,continuous,56,42,0.273106,0.119964,0.895337,3.0
cbm,cbm,continuous,56,43,0.293139,0.116651,0.870466,3.0
cbm,cbm,continuous,56,44,0.278564,0.120378,0.872539,3.0
cbm,cbm,continuous,56,45,0.233617,0.114249,0.915026,2.9
cbm,cbm,continuous,56,46,0.251044,0.116228,0.899482,3.0
cbm,cbm,continuous,56,47,0.243051,0.117134,0.900518,2.9
cbm,cbm,continuous,56,48,0.216801,0.114699,0.915026,2.9
cbm,cbm,continuous,56,49,0.206281,0.115954,0.915026,3.0
cbm,cbm,continuous,56,50,0.199360,0.112782,0.921244,2.9
cbm,cbm,continuous,56,51,0.157161,0.111061,0.937824,3.0
cbm,cbm,continuous,56,52,0.179020,0.113594,0.935751,3.0
cbm,cbm,continuous,56,53,0.244022,0.114543,0.906736,2.9
cbm,cbm,continuous,56,54,0.160001,0.110725,0.937824,3.0
cbm,cbm,continuous,56,55,0.181475,0.110918,0.922280,3.0
cbm,cbm,continuous,56,56,0.188261,0.114417,0.926425,2.9
cbm,cbm,continuous,56,57,0.293196,0.126578,0.886010,3.0
cbm,cbm,continuous,56,58,0.133653,0.110204,0.956477,3.0
cbm,cbm,continuous,56,59,0.166561,0.111752,0.933679,3.0
cbm,cbm,continuous,56,60,0.183273,0.107165,0.921244,3.0
cbm,cbm,continuous,56,61,0.127915,0.107291,0.955440,3.0
cbm,cbm,continuous,56,62,0.148722,0.104363,0.941969,3.0
cbm,cbm,continuous,56,63,0.139698,0.104790,0.948187,3.0
cbm,cbm,continuous,56,64,0.116491,0.103095,0.962694,3.0
cbm,cbm,continuous,56,65,0.095876,0.106004,0.963731,3.0
cbm,cbm,continuous,56,66,0.140899,0.110090,0.946114,3.0
cbm,cbm,continuous,56,67,0.241343,0.114886,0.911917,3.0
cbm,cbm,continuous,56,68,0.171847,0.107262,0.923316,2.9
cbm,cbm,continuous,56,69,0.166257,0.105655,0.936788,3.0
cbm,cbm,continuous,56,70,0.118591,0.110161,0.952332,3.0
cbm,cbm,continuous,56,71,0.105627,0.101651,0.958549,3.0
cbm,cbm,continuous,56,72,0.117231,0.098824,0.962694,3.0
cbm,cbm,continuous,56,73,0.177766,0.110886,0.918135,3.0
cbm,cbm,continuous,56,74,0.129389,0.112977,0.946114,3.0
cbm,cbm,continuous,56,75,0.108710,0.101855,0.965803,3.0
cbm,cbm,continuous,56,76,0.135564,0.107557,0.952332,2.9
cbm,cbm,continuous,56,77,0.172236,0.108096,0.937824,3.0
cbm,cbm,continuous,56,78,0.212989,0.126076,0.916062,3.0
cbm,cbm,continuous,56,79,0.130257,0.105366,0.951295,3.0
cbm,cbm,continuous,56,80,0.131765,0.104912,0.949223,3.0
cbm,cbm,continuous,56,81,0.102930,0.100802,0.960622,3.0
cbm,cbm,continuous,56,82,0.080104,0.096170,0.977202,3.0
cbm,cbm,continuous,56,83,0.111988,0.095481,0.957513,3.0
cbm,cbm,continuous,56,84,0.105846,0.093322,0.965803,3.0
cbm,cbm,continuous,56,85,0.093658,0.092315,0.965803,3.0
cbm,cbm,continuous,56,86,0.093028,0.088828,0.963731,3.0
cbm,cbm,continuous,56,87,0.096126,0.087530,0.966839,3.0
cbm,cbm,continuous,56,88,0.125449,0.088180,0.952332,3.0
cbm,cbm,continuous,56,89,0.100226,0.086333,0.962694,3.0
cbm,cbm,continuous,56,90,0.132642,0.084871,0.945078,3.0
cbm,cbm,continuous,56,91,0.109061,0.084371,0.956477,3.0
cbm,cbm,continuous,56,92,0.094861,0.083045,0.959585,3.0
cbm,cbm,continuous,56,93,0.082140,0.081001,0.967876,2.9
cbm,cbm,continuous,56,94,0.104489,0.079338,0.961658,2.9
cbm,cbm,continuous,56,95,0.106141,0.079234,0.955440,3.0
cbm,cbm,continuous,56,96,0.222193,0.123634,0.904663,3.0
cbm,cbm,continuous,56,97,0.218561,0.115913,0.913990,3.0
cbm,cbm,continuous,56,98,0.209130,0.108747,0.915026,3.0
cbm,cbm,continuous,56,99,0.099440,0.103897,0.964767,3.0
cbm,cbm,continuous,56,100,0.093955,0.090683,0.960622,3.0
cbm,cbm,continuous,57,1,0.691642,0.207209,0.519618,2.9
cbm,cbm,continuous,57,2,0.683301,0.144404,0.599152,2.9
cbm,cbm,continuous,57,3,0.660793,0.144760,0.645811,2.9
cbm,cbm,continuous,57,4,0.644980,0.150828,0.628844,2.9
cbm,cbm,continuous,57,5,0.644147,0.155954,0.639449,2.9
cbm,cbm,continuous,57,6,0.625202,0.146750,0.660657,3.0
cbm,cbm,continuous,57,7,0.631263,0.147173,0.668081,2.9
cbm,cbm,continuous,57,8,0.587832,0.144236,0.707317,2.9
cbm,cbm,continuous,57,9,0.594699,0.142433,0.693531,2.9
cbm,cbm,continuous,57,10,0.570350,0.138086,0.705196,2.9
cbm,cbm,continuous,57,11,0.574802,0.133376,0.703075,2.9
cbm,cbm,continuous,57,12,0.546572,0.128827,0.723224,2.9
cbm,cbm,continuous,57,13,0.511817,0.127899,0.742312,2.9
cbm,cbm,continuous,57,14,0.528589,0.142711,0.731707,2.9
cbm,cbm,continuous,57,15,0.481729,0.124522,0.768823,2.9
cbm,cbm,continuous,57,16,0.484387,0.129340,0.773065,2.9
cbm,cbm,continuous,57,17,0.476918,0.123541,0.766702,2.9
cbm,cbm,continuous,57,18,0.495895,0.128775,0.768823,3.0
cbm,cbm,continuous,57,19,0.460013,0.122742,0.783669,2.9
cbm,cbm,continuous,57,20,0.450631,0.125461,0.790032,2.9
cbm,cbm,continuous,57,21,0.434552,0.117892,0.804878,2.9
cbm,cbm,continuous,57,22,0.444762,0.124237,0.802757,2.9
cbm,cbm,continuous,57,23,0.426071,0.121143,0.806999,2.9
cbm,cbm,continuous,57,24,0.412549,0.123557,0.819724,2.9
cbm,cbm,continuous,57,25,0.417360,0.124602,0.816543,2.9
cbm,cbm,continuous,57,26,0.382120,0.118350,0.840933,2.9
cbm,cbm,continuous,57,27,0.394154,0.119328,0.823966,2.9
cbm,cbm,continuous,57,28,0.402325,0.121182,0.817603,2.9
cbm,cbm,continuous,57,29,0.377219,0.122322,0.831389,2.9
cbm,cbm,continuous,57,30,0.373473,0.127764,0.844115,2.9
cbm,cbm,continuous,57,31,0.367747,0.121203,0.840933,2.9
cbm,cbm,continuous,57,32,0.370616,0.120300,0.838812,2.9
cbm,cbm,continuous,57,33,0.337495,0.119371,0.860021,2.9
cbm,cbm,continuous,57,34,0.355188,0.119068,0.847296,2.9
cbm,cbm,continuous,57,35,0.338814,0.117521,0.850477,2.9
cbm,cbm,continuous,57,36,0.329839,0.125269,0.857900,2.9
cbm,cbm,continuous,57,37,0.317806,0.124248,0.876988,2.9
cbm,cbm,continuous,57,38,0.290710,0.114392,0.873807,2.9
cbm,cbm,continuous,57,39,0.361014,0.124301,0.847296,2.9
cbm,cbm,continuous,57,40,0.290007,0.115652,0.887593,2.9
cbm,cbm,continuous,57,41,0.271671,0.116943,0.878049,2.9
cbm,cbm,continuous,57,42,0.300178,0.115585,0.874867,2.9
cbm,cbm,continuous,57,43,0.275997,0.117247,0.885472,2.9
cbm,cbm,continuous,57,44,0.291237,0.117434,0.879109,3.0
cbm,cbm,continuous,57,45,0.219590,0.114678,0.920467,2.9
cbm,cbm,continuous,57,46,0.235848,0.112035,0.907741,2.9
cbm,cbm,continuous,57,47,0.260243,0.116293,0.891835,2.9
cbm,cbm,continuous,57,48,0.289076,0.124410,0.886532,2.9
cbm,cbm,continuous,57,49,0.211274,0.118807,0.913043,2.9
cbm,cbm,continuous,57,50,0.245279,0.115477,0.896076,2.9
cbm,cbm,continuous,57,51,0.192588,0.116472,0.930011,2.9
cbm,cbm,continuous,57,52,0.250161,0.118981,0.900318,2.9
cbm,cbm,continuous,57,53,0.223102,0.112044,0.910923,2.9
cbm,cbm,continuous,57,54,0.169609,0.108533,0.938494,2.9
cbm,cbm,continuous,57,55,0.180843,0.105378,0.934252,2.9
cbm,cbm,continuous,57,56,0.227353,0.106968,0.908802,2.9
cbm,cbm,continuous,57,57,0.205001,0.112038,0.917285,2.9
cbm,cbm,continuous,57,58,0.176147,0.109212,0.935313,2.9
cbm,cbm,continuous,57,59,0.249022,0.114392,0.891835,3.0
cbm,cbm,continuous,57,60,0.218003,0.114923,0.911983,2.9
cbm,cbm,continuous,57,61,0.154745,0.113158,0.935313,2.9
cbm,cbm,continuous,57,62,0.167180,0.109924,0.931071,2.9
cbm,cbm,continuous,57,63,0.148157,0.106677,0.943796,2.9
cbm,cbm,continuous,57,64,0.160215,0.109823,0.938494,2.9
cbm,cbm,continuous,57,65,0.118309,0.105296,0.956522,2.9
cbm,cbm,continuous,57,66,0.213338,0.108899,0.919406,2.9
cbm,cbm,continuous,57,67,0.181800,0.105591,0.927890,2.9
cbm,cbm,continuous,57,68,0.187656,0.108601,0.920467,2.9
cbm,cbm,continuous,57,69,0.160839,0.114718,0.944857,2.9
cbm,cbm,continuous,57,70,0.215383,0.111434,0.904560,2.9
cbm,cbm,continuous,57,71,0.149569,0.108025,0.946978,3.0
cbm,cbm,continuous,57,72,0.158470,0.108151,0.939555,2.9
cbm,cbm,continuous,57,73,0.123524,0.103864,0.959703,2.9
cbm,cbm,continuous,57,74,0.154806,0.102450,0.944857,2.9
cbm,cbm,continuous,57,75,0.151079,0.100853,0.950159,2.9
cbm,cbm,continuous,57,76,0.081705,0.101129,0.976670,2.9
cbm,cbm,continuous,57,77,0.122363,0.100924,0.949099,2.9
cbm,cbm,continuous,57,78,0.105652,0.095928,0.952280,2.9
cbm,cbm,continuous,57,79,0.089994,0.096064,0.969247,2.9
cbm,cbm,continuous,57,80,0.112557,0.092407,0.961824,2.9
cbm,cbm,continuous,57,81,0.124669,0.094841,0.951220,2.9
cbm,cbm,continuous,57,82,0.130437,0.092540,0.950159,2.9
cbm,cbm,continuous,57,83,0.100547,0.095196,0.966066,2.9
cbm,cbm,continuous,57,84,0.083792,0.090829,0.967126,2.9
cbm,cbm,continuous,57,85,0.151533,0.090418,0.941676,2.9
cbm,cbm,continuous,57,86,0.112712,0.089626,0.959703,2.9
cbm,cbm,continuous,57,87,0.079891,0.090631,0.976670,2.9
cbm,cbm,continuous,57,88,0.100832,0.089284,0.962884,2.9
cbm,cbm,continuous,57,89,0.086169,0.094485,0.975610,2.9
cbm,cbm,continuous,57,90,0.100493,0.087950,0.963945,2.9
cbm,cbm,continuous,57,91,0.128902,0.084463,0.956522,2.9
cbm,cbm,continuous,57,92,0.190883,0.107654,0.927890,2.9
cbm,cbm,continuous,57,93,0.222425,0.116554,0.911983,2.9
cbm,cbm,continuous,57,94,0.139918,0.097422,0.950159,2.9
cbm,cbm,continuous,57,95,0.130553,0.097529,0.956522,2.9
cbm,cbm,continuous,57,96,0.080823,0.091647,0.971368,2.9
cbm,cbm,continuous,57,97,0.072691,0.087471,0.976670,2.9
cbm,cbm,continuous,57,98,0.103077,0.085345,0.962884,2.9
cbm,cbm,continuous,57,99,0.103828,0.085356,0.963945,2.9
cbm,cbm,continuous,57,100,0.080749,0.079952,0.971368,2.9
cbm,cbm,continuous,58,1,0.692869,0.199851,0.536941,2.9
cbm,cbm,continuous,58,2,0.679433,0.145683,0.628512,2.9
cbm,cbm,continuous,58,3,0.643350,0.149868,0.668054,3.0
cbm,cbm,continuous,58,4,0.640968,0.147238,0.619147,2.9
cbm,cbm,continuous,58,5,0.608355,0.143775,0.680541,2.9
cbm,cbm,continuous,58,6,0.628182,0.149422,0.649324,3.0
cbm,cbm,continuous,58,7,0.597204,0.134927,0.685744,3.0
cbm,cbm,continuous,58,8,0.589812,0.138179,0.698231,2.9
cbm,cbm,continuous,58,9,0.560191,0.128386,0.722164,3.0
cbm,cbm,continuous,58,10,0.546637,0.140596,0.756504,2.9
cbm,cbm,continuous,58,11,0.526220,0.130281,0.755463,3.0
cbm,cbm,continuous,58,12,0.510901,0.125029,0.745057,3.0
cbm,cbm,continuous,58,13,0.485372,0.125481,0.778356,2.9
cbm,cbm,continuous,58,14,0.475398,0.126619,0.778356,3.0
cbm,cbm,continuous,58,15,0.502905,0.130365,0.753382,3.0
cbm,cbm,continuous,58,16,0.471489,0.123548,0.790843,3.0
cbm,cbm,continuous,58,17,0.466436,0.120664,0.788762,3.0
cbm,cbm,continuous,58,18,0.504464,0.126914,0.752341,2.9
cbm,cbm,continuous,58,19,0.474020,0.120403,0.779396,2.9
cbm,cbm,continuous,58,20,0.431504,0.125660,0.793965,3.0
cbm,cbm,continuous,58,21,0.445899,0.118934,0.797086,2.9
cbm,cbm,continuous,58,22,0.456342,0.127821,0.790843,2.9
cbm,cbm,continuous,58,23,0.462018,0.126867,0.782518,3.0
cbm,cbm,continuous,58,24,0.445520,0.121374,0.800208,3.0
cbm,cbm,continuous,58,25,0.414869,0.120984,0.806452,2.9
cbm,cbm,continuous,58,26,0.392775,0.118933,0.826223,3.0
cbm,cbm,continuous,58,27,0.385093,0.116541,0.839750,2.9
cbm,cbm,continuous,58,28,0.384895,0.119696,0.839750,2.9
cbm,cbm,continuous,58,29,0.421779,0.131661,0.818939,3.0
cbm,cbm,continuous,58,30,0.358717,0.113929,0.837669,2.9
cbm,cbm,continuous,58,31,0.389288,0.118627,0.821020,3.0
cbm,cbm,continuous,58,32,0.393716,0.116048,0.822060,3.0
cbm,cbm,continuous,58,33,0.379999,0.116256,0.832466,2.9
cbm,cbm,continuous,58,34,0.459215,0.132138,0.784599,2.9
cbm,cbm,continuous,58,35,0.365813,0.114995,0.838710,3.0
cbm,cbm,continuous,58,36,0.370660,0.117839,0.848075,3.0
cbm,cbm,continuous,58,37,0.353382,0.118927,0.861602,3.0
cbm,cbm,continuous,58,38,0.325222,0.114864,0.864724,3.0
cbm,cbm,continuous,58,39,0.298559,0.111703,0.866805,3.0
cbm,cbm,continuous,58,40,0.378876,0.120708,0.834547,3.0
cbm,cbm,continuous,58,41,0.373980,0.127392,0.833507,3.0
cbm,cbm,continuous,58,42,0.352213,0.126083,0.849116,3.0
cbm,cbm,continuous,58,43,0.368625,0.132420,0.825182,3.0
cbm,cbm,continuous,58,44,0.387401,0.125446,0.815817,2.9
cbm,cbm,continuous,58,45,0.300913,0.112111,0.875130,2.9
cbm,cbm,continuous,58,46,0.330420,0.117453,0.862643,3.0
cbm,cbm,continuous,58,47,0.318185,0.111564,0.862643,2.9
cbm,cbm,continuous,58,48,0.285010,0.112226,0.885536,2.9
cbm,cbm,continuous,58,49,0.272213,0.111762,0.883455,3.0
cbm,cbm,continuous,58,50,0.356421,0.131257,0.844953,3.0
cbm,cbm,continuous,58,51,0.294147,0.114600,0.876171,2.9
cbm,cbm,continuous,58,52,0.310310,0.112694,0.866805,3.0
cbm,cbm,continuous,58,53,0.253459,0.113540,0.894901,2.9
cbm,cbm,continuous,58,54,0.301446,0.125069,0.874089,2.9
cbm,cbm,continuous,58,55,0.317672,0.116722,0.869927,3.0
cbm,cbm,continuous,58,56,0.228934,0.112339,0.907388,2.9
cbm,cbm,continuous,58,57,0.234635,0.113325,0.910510,3.0
cbm,cbm,continuous,58,58,0.249094,0.111037,0.904266,3.0
cbm,cbm,continuous,58,59,0.280199,0.111521,0.886576,2.9
cbm,cbm,continuous,58,60,0.213129,0.107335,0.918835,3.0
cbm,cbm,continuous,58,61,0.217891,0.110969,0.912591,3.0
cbm,cbm,continuous,58,62,0.221051,0.109511,0.911550,2.9
cbm,cbm,continuous,58,63,0.274449,0.112727,0.876171,3.0
cbm,cbm,continuous,58,64,0.206432,0.107963,0.925078,3.0
cbm,cbm,continuous,58,65,0.244948,0.110485,0.905307,3.0
cbm,cbm,continuous,58,66,0.353257,0.158933,0.862643,3.0
cbm,cbm,continuous,58,67,0.247108,0.110119,0.890739,2.9
cbm,cbm,continuous,58,68,0.234643,0.114843,0.898023,2.9
cbm,cbm,continuous,58,69,0.216652,0.110622,0.921956,3.0
cbm,cbm,continuous,58,70,0.211750,0.109337,0.909469,3.0
cbm,cbm,continuous,58,71,0.167763,0.107131,0.939646,3.0
cbm,cbm,continuous,58,72,0.262436,0.141588,0.889698,3.0
cbm,cbm,continuous,58,73,0.249469,0.112735,0.896982,2.9
cbm,cbm,continuous,58,74,0.185401,0.107947,0.930281,2.9
cbm,cbm,continuous,58,75,0.153994,0.107486,0.953174,3.0
cbm,cbm,continuous,58,76,0.229610,0.118387,0.904266,2.9
cbm,cbm,continuous,58,77,0.213113,0.112778,0.915713,2.9
cbm,cbm,continuous,58,78,0.180324,0.106448,0.935484,3.0
cbm,cbm,continuous,58,79,0.180864,0.106555,0.930281,2.9
cbm,cbm,continuous,58,80,0.133259,0.105659,0.955255,2.9
cbm,cbm,continuous,58,81,0.150747,0.104108,0.944849,3.0
cbm,cbm,continuous,58,82,0.171143,0.115974,0.941727,2.9
cbm,cbm,continuous,58,83,0.127879,0.107323,0.949011,3.0
cbm,cbm,continuous,58,84,0.220067,0.112700,0.904266,3.0
cbm,cbm,continuous,58,85,0.180837,0.108090,0.927159,2.9
cbm,cbm,continuous,58,86,0.133821,0.103465,0.953174,2.9
cbm,cbm,continuous,58,87,0.103490,0.102240,0.964620,3.0
cbm,cbm,continuous,58,88,0.187747,0.117621,0.917794,2.9
cbm,cbm,continuous,58,89,0.176917,0.122400,0.934443,2.9
cbm,cbm,continuous,58,90,0.130157,0.104311,0.947971,2.9
cbm,cbm,continuous,58,91,0.082661,0.102688,0.971904,2.9
cbm,cbm,continuous,58,92,0.117211,0.103948,0.956296,3.0
cbm,cbm,continuous,58,93,0.130745,0.104100,0.953174,3.0
cbm,cbm,continuous,58,94,0.297843,0.158266,0.899063,2.9
cbm,cbm,continuous,58,95,0.105154,0.105767,0.969823,3.0
cbm,cbm,continuous,58,96,0.345399,0.158907,0.859521,3.0
cbm,cbm,continuous,58,97,0.192866,0.108882,0.925078,2.9
cbm,cbm,continuous,58,98,0.135099,0.104728,0.945890,3.0
cbm,cbm,continuous,58,99,0.165044,0.102867,0.934443,2.9
cbm,cbm,continuous,58,100,0.129028,0.101727,0.953174,2.9
cbm,cbm,continuous,59,1,0.685755,0.163443,0.565032,3.0
cbm,cbm,continuous,59,2,0.665460,0.145852,0.651386,2.9
cbm,cbm,continuous,59,3,0.644868,0.151795,0.632196,2.9
cbm,cbm,continuous,59,4,0.652719,0.148668,0.610874,2.9
cbm,cbm,continuous,59,5,0.614457,0.144885,0.665245,2.8
cbm,cbm,continuous,59,6,0.610794,0.140431,0.663113,2.9
cbm,cbm,continuous,59,7,0.619386,0.147065,0.675906,2.9
cbm,cbm,continuous,59,8,0.597002,0.141399,0.674840,2.9
cbm,cbm,continuous,59,9,0.561768,0.136486,0.719616,2.9
cbm,cbm,continuous,59,10,0.583985,0.145404,0.713220,2.9
cbm,cbm,continuous,59,11,0.532599,0.131539,0.732409,2.9
cbm,cbm,continuous,59,12,0.518576,0.132713,0.739872,2.8
cbm,cbm,continuous,59,13,0.489624,0.126709,0.766525,2.9
cbm,cbm,continuous,59,14,0.489448,0.124521,0.759062,2.9
cbm,cbm,continuous,59,15,0.489604,0.126862,0.771855,2.9
cbm,cbm,continuous,59,16,0.473591,0.124728,0.782516,2.9
cbm,cbm,continuous,59,17,0.452651,0.118331,0.795309,2.9
cbm,cbm,continuous,59,18,0.446893,0.120753,0.791045,2.9
cbm,cbm,continuous,59,19,0.440401,0.121835,0.803838,2.9
cbm,cbm,continuous,59,20,0.430508,0.127381,0.795309,2.9
cbm,cbm,continuous,59,21,0.453426,0.121330,0.795309,2.9
cbm,cbm,continuous,59,22,0.401135,0.119160,0.826226,2.9
cbm,cbm,continuous,59,23,0.383844,0.118167,0.826226,2.9
cbm,cbm,continuous,59,24,0.462592,0.126573,0.782516,2.9
cbm,cbm,continuous,59,25,0.405906,0.122968,0.818763,2.9
cbm,cbm,continuous,59,26,0.372859,0.118994,0.841151,2.9
cbm,cbm,continuous,59,27,0.393815,0.126743,0.820896,2.9
cbm,cbm,continuous,59,28,0.401075,0.119357,0.825160,2.9
cbm,cbm,continuous,59,29,0.362518,0.118299,0.842217,2.9
cbm,cbm,continuous,59,30,0.378145,0.124075,0.831557,2.9
cbm,cbm,continuous,59,31,0.450689,0.136700,0.808102,2.9
cbm,cbm,continuous,59,32,0.369247,0.125688,0.845416,2.9
cbm,cbm,continuous,59,33,0.368706,0.117624,0.843284,2.9
cbm,cbm,continuous,59,34,0.346056,0.113091,0.856077,2.9
cbm,cbm,continuous,59,35,0.328031,0.112384,0.859275,2.8
cbm,cbm,continuous,59,36,0.339636,0.115513,0.847548,2.9
cbm,cbm,continuous,59,37,0.331463,0.117001,0.856077,2.9
cbm,cbm,continuous,59,38,0.294321,0.115817,0.877399,2.9
cbm,cbm,continuous,59,39,0.293683,0.113002,0.876333,2.9
cbm,cbm,continuous,59,40,0.335944,0.112142,0.852878,2.9
cbm,cbm,continuous,59,41,0.308630,0.111945,0.872068,2.9
cbm,cbm,continuous,59,42,0.366392,0.131247,0.832623,2.9
cbm,cbm,continuous,59,43,0.283421,0.112369,0.877399,2.8
cbm,cbm,continuous,59,44,0.281457,0.113418,0.880597,2.6
cbm,cbm,continuous,59,45,0.235064,0.111045,0.895522,2.6
cbm,cbm,continuous,59,46,0.193549,0.110803,0.932836,2.7
cbm,cbm,continuous,59,47,0.286732,0.121954,0.873134,2.6
cbm,cbm,continuous,59,48,0.282782,0.114564,0.884861,2.6
cbm,cbm,continuous,59,49,0.243907,0.113782,0.895522,2.6
cbm,cbm,continuous,59,50,0.277307,0.112998,0.880597,2.6
cbm,cbm,continuous,59,51,0.247025,0.108467,0.900853,2.8
cbm,cbm,continuous,59,52,0.259586,0.111622,0.888060,2.7
cbm,cbm,continuous,59,53,0.234272,0.112105,0.900853,2.7
cbm,cbm,continuous,59,54,0.244250,0.113647,0.905117,2.7
cbm,cbm,continuous,59,55,0.184046,0.108308,0.927505,2.7
cbm,cbm,continuous,59,56,0.203844,0.112553,0.915778,2.7
cbm,cbm,continuous,59,57,0.330867,0.128195,0.871002,2.6
cbm,cbm,continuous,59,58,0.214110,0.115755,0.914712,2.7
cbm,cbm,continuous,59,59,0.205014,0.112979,0.916844,2.7
cbm,cbm,continuous,59,60,0.190320,0.108561,0.922175,2.7
cbm,cbm,continuous,59,61,0.173215,0.107055,0.929638,2.9
cbm,cbm,continuous,59,62,0.182309,0.105822,0.929638,2.9
cbm,cbm,continuous,59,63,0.174433,0.107714,0.939232,2.8
cbm,cbm,continuous,59,64,0.124652,0.107112,0.962687,2.9
cbm,cbm,continuous,59,65,0.121511,0.106443,0.957356,2.8
cbm,cbm,continuous,59,66,0.135158,0.105767,0.949893,2.9
cbm,cbm,continuous,59,67,0.138325,0.102459,0.948827,2.9
cbm,cbm,continuous,59,68,0.151435,0.108982,0.937100,2.9
cbm,cbm,continuous,59,69,0.197930,0.114437,0.925373,2.9
cbm,cbm,continuous,59,70,0.095555,0.107351,0.968017,2.9
cbm,cbm,continuous,59,71,0.146698,0.102935,0.945629,2.9
cbm,cbm,continuous,59,72,0.121253,0.105096,0.954158,2.9
cbm,cbm,continuous,59,73,0.183751,0.108960,0.924307,2.9
cbm,cbm,continuous,59,74,0.139947,0.106242,0.945629,2.9
cbm,cbm,continuous,59,75,0.100446,0.101982,0.969083,2.9
cbm,cbm,continuous,59,76,0.106589,0.100436,0.963753,2.9
cbm,cbm,continuous,59,77,0.152834,0.104489,0.941365,2.9
cbm,cbm,continuous,59,78,0.149531,0.111696,0.944563,2.9
cbm,cbm,continuous,59,79,0.117634,0.100560,0.959488,2.9
cbm,cbm,continuous,59,80,0.093753,0.101243,0.975480,2.9
cbm,cbm,continuous,59,81,0.118757,0.102724,0.952026,2.9
cbm,cbm,continuous,59,82,0.123521,0.099724,0.958422,2.9
cbm,cbm,continuous,59,83,0.151176,0.098175,0.940299,2.9
cbm,cbm,continuous,59,84,0.115413,0.094914,0.955224,2.9
cbm,cbm,continuous,59,85,0.184938,0.093488,0.931770,2.9
cbm,cbm,continuous,59,86,0.072880,0.092061,0.975480,2.9
cbm,cbm,continuous,59,87,0.120093,0.091511,0.952026,2.8
cbm,cbm,continuous,59,88,0.064865,0.090201,0.976546,2.9
cbm,cbm,continuous,59,89,0.115504,0.086787,0.958422,2.9
cbm,cbm,continuous,59,90,0.125415,0.085264,0.949893,2.9
cbm,cbm,continuous,59,91,0.095756,0.085635,0.957356,2.9
cbm,cbm,continuous,59,92,0.079694,0.083281,0.966951,2.9
cbm,cbm,continuous,59,93,0.059128,0.082935,0.980810,2.9
cbm,cbm,continuous,59,94,0.070962,0.080864,0.975480,2.9
cbm,cbm,continuous,59,95,0.086433,0.079549,0.972281,2.9
cbm,cbm,continuous,59,96,0.090853,0.078227,0.966951,2.9
cbm,cbm,continuous,59,97,0.067224,0.077939,0.975480,2.9
cbm,cbm,continuous,59,98,0.138089,0.076339,0.949893,2.9
cbm,cbm,continuous,59,99,0.331628,0.180127,0.873134,2.9
cbm,cbm,continuous,59,100,0.200138,0.127101,0.926439,2.9
cbm,cbm,continuous,60,1,0.687503,0.199117,0.589770,2.9
cbm,cbm,continuous,60,2,0.670117,0.143157,0.632568,2.9
cbm,cbm,continuous,60,3,0.639498,0.145390,0.643006,3.0
cbm,cbm,continuous,60,4,0.643907,0.149509,0.640919,2.9
cbm,cbm,continuous,60,5,0.627936,0.149964,0.663883,2.9
cbm,cbm,continuous,60,6,0.626325,0.145340,0.648225,3.0
cbm,cbm,continuous,60,7,0.596472,0.133720,0.693111,2.9
cbm,cbm,continuous,60,8,0.583268,0.136099,0.695198,3.0
cbm,cbm,continuous,60,9,0.562087,0.129036,0.726514,3.0
cbm,cbm,continuous,60,10,0.525833,0.122688,0.749478,2.9
cbm,cbm,continuous,60,11,0.514597,0.126742,0.756785,3.0
cbm,cbm,continuous,60,12,0.546472,0.127732,0.723382,3.0
cbm,cbm,continuous,60,13,0.510997,0.123135,0.749478,2.9
cbm,cbm,continuous,60,14,0.497727,0.122217,0.755741,3.0
cbm,cbm,continuous,60,15,0.487048,0.121917,0.776618,2.9
cbm,cbm,continuous,60,16,0.478900,0.121476,0.791232,2.9
cbm,cbm,continuous,60,17,0.450267,0.115944,0.800626,3.0
cbm,cbm,continuous,60,18,0.435667,0.113816,0.814196,2.9
cbm,cbm,continuous,60,19,0.476395,0.122106,0.783925,2.9
cbm,cbm,continuous,60,20,0.452139,0.121151,0.797495,3.0
cbm,cbm,continuous,60,21,0.426733,0.116735,0.808977,2.9
cbm,cbm,continuous,60,22,0.451537,0.116519,0.816284,2.9
cbm,cbm,continuous,60,23,0.408060,0.113894,0.820459,3.0
cbm,cbm,continuous,60,24,0.414958,0.122058,0.821503,2.9
cbm,cbm,continuous,60,25,0.403910,0.115642,0.825678,2.9
cbm,cbm,continuous,60,26,0.433425,0.117164,0.810021,3.0
cbm,cbm,continuous,60,27,0.400240,0.115400,0.837161,2.9
cbm,cbm,continuous,60,28,0.354489,0.114935,0.859081,2.9
cbm,cbm,continuous,60,29,0.366191,0.114067,0.853862,3.0
cbm,cbm,continuous,60,30,0.378190,0.112997,0.846555,2.9
cbm,cbm,continuous,60,31,0.359492,0.110859,0.847599,2.9
cbm,cbm,continuous,60,32,0.313795,0.112147,0.872651,3.0
cbm,cbm,continuous,60,33,0.323379,0.125699,0.867432,2.9
cbm,cbm,continuous,60,34,0.324397,0.119603,0.865344,3.0
cbm,cbm,continuous,60,35,0.347563,0.113466,0.847599,3.0
cbm,cbm,continuous,60,36,0.287779,0.108449,0.884134,2.9
cbm,cbm,continuous,60,37,0.308089,0.107658,0.866388,3.0
cbm,cbm,continuous,60,38,0.349516,0.114443,0.845511,2.9
cbm,cbm,continuous,60,39,0.303016,0.110540,0.875783,2.9
cbm,cbm,continuous,60,40,0.298045,0.109944,0.879958,3.0
cbm,cbm,continuous,60,41,0.293292,0.111655,0.883090,3.0
cbm,cbm,continuous,60,42,0.258864,0.111457,0.896660,2.9
cbm,cbm,continuous,60,43,0.244095,0.108375,0.899791,2.9
cbm,cbm,continuous,60,44,0.249676,0.106279,0.910230,3.0
cbm,cbm,continuous,60,45,0.319678,0.117382,0.861169,2.9
cbm,cbm,continuous,60,46,0.260869,0.112295,0.902923,3.0
cbm,cbm,continuous,60,47,0.227567,0.103968,0.913361,3.0
cbm,cbm,continuous,60,48,0.245443,0.106390,0.907098,2.9
cbm,cbm,continuous,60,49,0.236683,0.108776,0.897704,3.0
cbm,cbm,continuous,60,50,0.212709,0.104652,0.915449,3.0
cbm,cbm,continuous,60,51,0.229405,0.108945,0.926931,2.9
cbm,cbm,continuous,60,52,0.200008,0.105401,0.926931,3.0
cbm,cbm,continuous,60,53,0.239049,0.111127,0.896660,2.9
cbm,cbm,continuous,60,54,0.207252,0.107883,0.925887,2.9
cbm,cbm,continuous,60,55,0.196548,0.105137,0.923800,3.0
cbm,cbm,continuous,60,56,0.189580,0.105498,0.923800,2.9
cbm,cbm,continuous,60,57,0.212855,0.108498,0.916493,2.9
cbm,cbm,continuous,60,58,0.196063,0.102189,0.932150,3.0
cbm,cbm,continuous,60,59,0.148024,0.101792,0.945720,2.9
cbm,cbm,continuous,60,60,0.287606,0.122959,0.884134,2.9
cbm,cbm,continuous,60,61,0.210914,0.106046,0.913361,3.0
cbm,cbm,continuous,60,62,0.201354,0.110141,0.916493,2.9
cbm,cbm,continuous,60,63,0.197413,0.107673,0.923800,3.0
cbm,cbm,continuous,60,64,0.152599,0.103732,0.943633,3.0
cbm,cbm,continuous,60,65,0.195258,0.107342,0.922756,3.0
cbm,cbm,continuous,60,66,0.126344,0.103113,0.946764,3.0
cbm,cbm,continuous,60,67,0.136228,0.101757,0.944676,3.0
cbm,cbm,continuous,60,68,0.174314,0.102924,0.934238,2.9
cbm,cbm,continuous,60,69,0.157645,0.099327,0.939457,2.9
cbm,cbm,continuous,60,70,0.169077,0.096963,0.937370,3.0
cbm,cbm,continuous,60,71,0.165791,0.097575,0.935282,3.0
cbm,cbm,continuous,60,72,0.170157,0.097227,0.934238,3.0
cbm,cbm,continuous,60,73,0.149096,0.106372,0.941545,2.9
cbm,cbm,continuous,60,74,0.145622,0.096916,0.947808,2.7
cbm,cbm,continuous,60,75,0.121962,0.094701,0.956159,2.7
cbm,cbm,continuous,60,76,0.139967,0.096494,0.940501,2.7
cbm,cbm,continuous,60,77,0.109660,0.095902,0.963466,2.7
cbm,cbm,continuous,60,78,0.100936,0.092820,0.959290,2.8
cbm,cbm,continuous,60,79,0.123398,0.090569,0.958246,2.7
cbm,cbm,continuous,60,80,0.110639,0.090875,0.958246,2.7
cbm,cbm,continuous,60,81,0.094593,0.090754,0.963466,2.8
cbm,cbm,continuous,60,82,0.123057,0.087488,0.957203,2.8
cbm,cbm,continuous,60,83,0.096992,0.085216,0.966597,2.7
cbm,cbm,continuous,60,84,0.129247,0.083102,0.954071,2.7
cbm,cbm,continuous,60,85,0.095234,0.082982,0.968685,2.7
cbm,cbm,continuous,60,86,0.111377,0.079986,0.961378,2.7
cbm,cbm,continuous,60,87,0.108865,0.081675,0.951983,2.7
cbm,cbm,continuous,60,88,0.068600,0.080294,0.974948,2.7
cbm,cbm,continuous,60,89,0.092546,0.083878,0.967641,2.7
cbm,cbm,continuous,60,90,0.150139,0.084147,0.945720,2.7
cbm,cbm,continuous,60,91,0.221651,0.104337,0.910230,2.7
cbm,cbm,continuous,60,92,0.185426,0.105123,0.924843,2.7
cbm,cbm,continuous,60,93,0.100009,0.093725,0.971816,2.9
cbm,cbm,continuous,60,94,0.276609,0.117626,0.891441,2.9
cbm,cbm,continuous,60,95,0.183434,0.108246,0.921712,2.9
cbm,cbm,continuous,60,96,0.116307,0.094030,0.953027,2.8
cbm,cbm,continuous,60,97,0.118610,0.086531,0.947808,2.9
cbm,cbm,continuous,60,98,0.135543,0.082937,0.943633,3.0
cbm,cbm,continuous,60,99,0.132204,0.080930,0.941545,2.9
cbm,cbm,continuous,60,100,0.141824,0.079170,0.950939,2.9
cbm,cbm,continuous,61,1,0.692621,0.184572,0.523759,2.9
cbm,cbm,continuous,61,2,0.673417,0.142977,0.631468,2.9
cbm,cbm,continuous,61,3,0.655985,0.146747,0.632524,2.9
cbm,cbm,continuous,61,4,0.637537,0.148081,0.656811,2.9
cbm,cbm,continuous,61,5,0.626156,0.143242,0.644139,2.9
cbm,cbm,continuous,61,6,0.593295,0.143737,0.695882,2.9
cbm,cbm,continuous,61,7,0.575132,0.138912,0.695882,2.9
cbm,cbm,continuous,61,8,0.581669,0.137770,0.681098,2.9
cbm,cbm,continuous,61,9,0.567259,0.140661,0.702218,2.9
cbm,cbm,continuous,61,10,0.583778,0.137702,0.701162,2.9
cbm,cbm,continuous,61,11,0.563439,0.130498,0.712777,2.9
cbm,cbm,continuous,61,12,0.528393,0.128178,0.744456,2.9
cbm,cbm,continuous,61,13,0.533012,0.130500,0.736008,2.9
cbm,cbm,continuous,61,14,0.503073,0.126681,0.759240,2.9
cbm,cbm,continuous,61,15,0.505602,0.124192,0.749736,2.9
cbm,cbm,continuous,61,16,0.478847,0.124686,0.778247,2.9
cbm,cbm,continuous,61,17,0.465113,0.122843,0.789863,2.9
cbm,cbm,continuous,61,18,0.446579,0.127587,0.797254,3.0
cbm,cbm,continuous,61,19,0.468490,0.124382,0.789863,2.9
cbm,cbm,continuous,61,20,0.459273,0.122072,0.786695,2.9
cbm,cbm,continuous,61,21,0.445800,0.120857,0.788807,3.0
cbm,cbm,continuous,61,22,0.444900,0.120401,0.776135,2.9
cbm,cbm,continuous,61,23,0.467924,0.133596,0.758184,2.9
cbm,cbm,continuous,61,24,0.419634,0.115763,0.817318,2.9
cbm,cbm,continuous,61,25,0.392862,0.117894,0.839493,2.9
cbm,cbm,continuous,61,26,0.392661,0.117424,0.824710,2.9
cbm,cbm,continuous,61,27,0.376924,0.121220,0.836325,2.9
cbm,cbm,continuous,61,28,0.405410,0.117056,0.814150,2.9
cbm,cbm,continuous,61,29,0.402346,0.119324,0.827878,2.9
cbm,cbm,continuous,61,30,0.401295,0.123152,0.823654,3.0
cbm,cbm,continuous,61,31,0.373485,0.121371,0.824710,2.9
cbm,cbm,continuous,61,32,0.370429,0.116500,0.832101,2.9
cbm,cbm,continuous,61,33,0.352178,0.115496,0.860612,3.0
cbm,cbm,continuous,61,34,0.359409,0.121761,0.843717,2.9
cbm,cbm,continuous,61,35,0.338874,0.113672,0.852165,2.9
cbm,cbm,continuous,61,36,0.314615,0.114045,0.860612,3.0
cbm,cbm,continuous,61,37,0.303262,0.112016,0.875396,2.9
cbm,cbm,continuous,61,38,0.325582,0.116084,0.856389,2.9
cbm,cbm,continuous,61,39,0.313558,0.114510,0.868004,2.9
cbm,cbm,continuous,61,40,0.332411,0.116445,0.837381,2.9
cbm,cbm,continuous,61,41,0.330048,0.118970,0.864836,2.9
cbm,cbm,continuous,61,42,0.306035,0.113116,0.870116,2.9
cbm,cbm,continuous,61,43,0.257347,0.116467,0.904963,2.9
cbm,cbm,continuous,61,44,0.243781,0.109830,0.902851,2.9
cbm,cbm,continuous,61,45,0.250628,0.109270,0.896515,2.9
cbm,cbm,continuous,61,46,0.251898,0.109856,0.902851,2.9
cbm,cbm,continuous,61,47,0.277858,0.113460,0.898627,2.9
cbm,cbm,continuous,61,48,0.277754,0.111162,0.888068,2.9
cbm,cbm,continuous,61,49,0.278998,0.112151,0.892291,2.9
cbm,cbm,continuous,61,50,0.230366,0.109661,0.908131,2.9
cbm,cbm,continuous,61,51,0.257025,0.112740,0.894403,2.9
cbm,cbm,continuous,61,52,0.196904,0.107964,0.935586,2.8
cbm,cbm,continuous,61,53,0.246559,0.117011,0.898627,2.9
cbm,cbm,continuous,61,54,0.252124,0.111762,0.880676,2.9
cbm,cbm,continuous,61,55,0.212160,0.111714,0.917635,2.9
cbm,cbm,continuous,61,56,0.178798,0.111822,0.928194,3.0
cbm,cbm,continuous,61,57,0.164827,0.108525,0.936642,2.9
cbm,cbm,continuous,61,58,0.234739,0.112935,0.910243,2.9
cbm,cbm,continuous,61,59,0.234011,0.113554,0.902851,2.9
cbm,cbm,continuous,61,60,0.267450,0.127440,0.881732,2.9
cbm,cbm,continuous,61,61,0.196843,0.110448,0.927138,2.9
cbm,cbm,continuous,61,62,0.182927,0.107293,0.931362,3.0
cbm,cbm,continuous,61,63,0.147087,0.105930,0.951426,2.9
cbm,cbm,continuous,61,64,0.152429,0.105811,0.942978,2.9
cbm,cbm,continuous,61,65,0.165362,0.105757,0.936642,3.0
cbm,cbm,continuous,61,66,0.239279,0.118365,0.904963,2.9
cbm,cbm,continuous,61,67,0.147803,0.111410,0.948258,2.9
cbm,cbm,continuous,61,68,0.179323,0.105983,0.931362,2.9
cbm,cbm,continuous,61,69,0.127156,0.102825,0.949314,2.9
cbm,cbm,continuous,61,70,0.244977,0.115850,0.898627,2.9
cbm,cbm,continuous,61,71,0.170024,0.109483,0.942978,3.0
cbm,cbm,continuous,61,72,0.149457,0.103695,0.948258,2.9
cbm,cbm,continuous,61,73,0.105402,0.106363,0.966209,2.9
cbm,cbm,continuous,61,74,0.118167,0.103972,0.948258,2.9
cbm,cbm,continuous,61,75,0.126110,0.101436,0.953537,2.9
cbm,cbm,continuous,61,76,0.137600,0.106211,0.942978,2.9
cbm,cbm,continuous,61,77,0.186972,0.108545,0.925026,2.9
cbm,cbm,continuous,61,78,0.194031,0.118716,0.928194,2.9
cbm,cbm,continuous,61,79,0.127246,0.105143,0.950370,2.9
cbm,cbm,continuous,61,80,0.123105,0.100597,0.958817,2.9
cbm,cbm,continuous,61,81,0.084052,0.099916,0.970433,2.9
cbm,cbm,continuous,61,82,0.128542,0.097782,0.957761,2.9
cbm,cbm,continuous,61,83,0.143850,0.103057,0.945090,2.9
cbm,cbm,continuous,61,84,0.104375,0.098380,0.967265,2.9
cbm,cbm,continuous,61,85,0.116141,0.096227,0.956705,2.9
cbm,cbm,continuous,61,86,0.129785,0.095407,0.953537,3.0
cbm,cbm,continuous,61,87,0.125590,0.093643,0.950370,2.9
cbm,cbm,continuous,61,88,0.107357,0.092311,0.958817,2.9
cbm,cbm,continuous,61,89,0.103102,0.096854,0.963041,2.9
cbm,cbm,continuous,61,90,0.146543,0.095530,0.942978,2.9
cbm,cbm,continuous,61,91,0.117945,0.094109,0.958817,2.9
cbm,cbm,continuous,61,92,0.103326,0.089124,0.965153,2.9
cbm,cbm,continuous,61,93,0.110647,0.087334,0.957761,2.9
cbm,cbm,continuous,61,94,0.109717,0.087821,0.967265,2.9
cbm,cbm,continuous,61,95,0.136257,0.085822,0.949314,2.9
cbm,cbm,continuous,61,96,0.126270,0.083603,0.954593,2.9
cbm,cbm,continuous,61,97,0.122012,0.088779,0.965153,2.9
cbm,cbm,continuous,61,98,0.127678,0.093639,0.950370,2.9
cbm,cbm,continuous,61,99,0.280115,0.114341,0.896515,2.9
cbm,cbm,continuous,61,100,0.133121,0.098027,0.953537,2.9
cbm,cbm,continuous,62,1,0.692250,0.162193,0.525871,2.9
cbm,cbm,continuous,62,2,0.677366,0.145526,0.645195,2.9
cbm,cbm,continuous,62,3,0.653430,0.143817,0.633580,2.9
cbm,cbm,continuous,62,4,0.610836,0.145717,0.682154,2.9
cbm,cbm,continuous,62,5,0.622823,0.147005,0.664203,2.9
cbm,cbm,continuous,62,6,0.569173,0.147323,0.725449,3.0
cbm,cbm,continuous,62,7,0.552953,0.135988,0.717001,2.9
cbm,cbm,continuous,62,8,0.552993,0.139714,0.720169,2.9
cbm,cbm,continuous,62,9,0.545535,0.135197,0.717001,2.9
cbm,cbm,continuous,62,10,0.517165,0.130064,0.745512,2.9
cbm,cbm,continuous,62,11,0.523470,0.143107,0.746568,3.0
cbm,cbm,continuous,62,12,0.514712,0.130861,0.758184,2.9
cbm,cbm,continuous,62,13,0.477124,0.123427,0.774023,2.9
cbm,cbm,continuous,62,14,0.474312,0.123069,0.784583,2.9
cbm,cbm,continuous,62,15,0.497134,0.127942,0.761352,2.9
cbm,cbm,continuous,62,16,0.480946,0.123267,0.769799,2.9
cbm,cbm,continuous,62,17,0.447081,0.117507,0.797254,3.0
cbm,cbm,continuous,62,18,0.479288,0.122791,0.776135,2.9
cbm,cbm,continuous,62,19,0.435501,0.127042,0.802534,2.9
cbm,cbm,continuous,62,20,0.443209,0.124573,0.793031,2.9
cbm,cbm,continuous,62,21,0.413639,0.119811,0.816262,2.9
cbm,cbm,continuous,62,22,0.414543,0.115390,0.819430,2.9
cbm,cbm,continuous,62,23,0.404851,0.116533,0.822598,3.0
cbm,cbm,continuous,62,24,0.457948,0.132861,0.787751,2.9
cbm,cbm,continuous,62,25,0.376737,0.124669,0.843717,2.9
cbm,cbm,continuous,62,26,0.401659,0.118226,0.827878,2.9
cbm,cbm,continuous,62,27,0.398639,0.117701,0.825766,2.9
cbm,cbm,continuous,62,28,0.363984,0.114081,0.842661,2.9
cbm,cbm,continuous,62,29,0.373697,0.119776,0.838437,3.0
cbm,cbm,continuous,62,30,0.347859,0.112456,0.854277,2.9
cbm,cbm,continuous,62,31,0.364251,0.114052,0.844773,2.9
cbm,cbm,continuous,62,32,0.332411,0.117539,0.850053,3.0
cbm,cbm,continuous,62,33,0.342808,0.115241,0.851109,2.9
cbm,cbm,continuous,62,34,0.338905,0.113554,0.852165,2.9
cbm,cbm,continuous,62,35,0.330355,0.115571,0.871172,3.0
cbm,cbm,continuous,62,36,0.317589,0.110559,0.870116,2.9
cbm,cbm,continuous,62,37,0.321319,0.114373,0.868004,2.9
cbm,cbm,continuous,62,38,0.305118,0.113279,0.880676,2.9
cbm,cbm,continuous,62,39,0.345060,0.124256,0.852165,2.9
cbm,cbm,continuous,62,40,0.314391,0.111416,0.863780,2.9
cbm,cbm,continuous,62,41,0.333526,0.119645,0.860612,2.9
cbm,cbm,continuous,62,42,0.262852,0.110166,0.900739,2.9
cbm,cbm,continuous,62,43,0.256269,0.112047,0.901795,2.9
cbm,cbm,continuous,62,44,0.288284,0.114043,0.880676,2.9
cbm,cbm,continuous,62,45,0.267283,0.111846,0.889124,2.9
cbm,cbm,continuous,62,46,0.250662,0.115082,0.893347,2.9
cbm,cbm,continuous,62,47,0.276051,0.111597,0.884900,2.9
cbm,cbm,continuous,62,48,0.249779,0.111253,0.903907,2.9
cbm,cbm,continuous,62,49,0.243894,0.121494,0.902851,2.9
cbm,cbm,continuous,62,50,0.220229,0.111347,0.909187,2.9
cbm,cbm,continuous,62,51,0.197948,0.112190,0.911299,2.9
cbm,cbm,continuous,62,52,0.267681,0.110036,0.897571,2.9
cbm,cbm,continuous,62,53,0.207340,0.116134,0.908131,2.9
cbm,cbm,continuous,62,54,0.206834,0.125940,0.929250,2.9
cbm,cbm,continuous,62,55,0.254001,0.116779,0.909187,3.0
cbm,cbm,continuous,62,56,0.242664,0.114400,0.902851,2.9
cbm,cbm,continuous,62,57,0.274498,0.120788,0.891235,2.9
cbm,cbm,continuous,62,58,0.222099,0.115461,0.917635,3.0
cbm,cbm,continuous,62,59,0.173488,0.110317,0.938754,2.9
cbm,cbm,continuous,62,60,0.194930,0.117651,0.927138,2.9
cbm,cbm,continuous,62,61,0.171891,0.113826,0.936642,2.9
cbm,cbm,continuous,62,62,0.148979,0.115039,0.944034,2.9
cbm,cbm,continuous,62,63,0.273117,0.124953,0.883844,2.9
cbm,cbm,continuous,62,64,0.166315,0.110591,0.940866,3.0
cbm,cbm,continuous,62,65,0.201512,0.109361,0.922914,2.9
cbm,cbm,continuous,62,66,0.155629,0.109728,0.938754,2.9
cbm,cbm,continuous,62,67,0.184395,0.114336,0.930306,2.9
cbm,cbm,continuous,62,68,0.193503,0.109219,0.919747,2.9
cbm,cbm,continuous,62,69,0.122034,0.106704,0.958817,2.9
cbm,cbm,continuous,62,70,0.095712,0.106275,0.969377,3.0
cbm,cbm,continuous,62,71,0.093561,0.102803,0.970433,2.9
cbm,cbm,continuous,62,72,0.155432,0.105788,0.949314,2.9
cbm,cbm,continuous,62,73,0.229004,0.116547,0.912355,3.0
cbm,cbm,continuous,62,74,0.172158,0.122251,0.935586,2.9
cbm,cbm,continuous,62,75,0.155579,0.112101,0.939810,2.9
cbm,cbm,continuous,62,76,0.084651,0.102925,0.969377,3.0
cbm,cbm,continuous,62,77,0.104690,0.103442,0.966209,2.9
cbm,cbm,continuous,62,78,0.096102,0.099947,0.964097,2.9
cbm,cbm,continuous,62,79,0.134013,0.111377,0.946146,2.9
cbm,cbm,continuous,62,80,0.147475,0.125721,0.938754,2.9
cbm,cbm,continuous,62,81,0.127635,0.108562,0.956705,2.9
cbm,cbm,continuous,62,82,0.106395,0.102074,0.960929,2.9
cbm,cbm,continuous,62,83,0.093097,0.103310,0.974657,2.9
cbm,cbm,continuous,62,84,0.173184,0.101310,0.937698,2.9
cbm,cbm,continuous,62,85,0.100037,0.098248,0.960929,2.9
cbm,cbm,continuous,62,86,0.133295,0.107456,0.952482,2.9
cbm,cbm,continuous,62,87,0.177621,0.110911,0.938754,2.9
cbm,cbm,continuous,62,88,0.124448,0.102957,0.953537,2.9
cbm,cbm,continuous,62,89,0.128222,0.097623,0.956705,2.9
cbm,cbm,continuous,62,90,0.079828,0.096555,0.976769,2.9
cbm,cbm,continuous,62,91,0.084399,0.096279,0.972545,2.9
cbm,cbm,continuous,62,92,0.128528,0.095928,0.955649,2.9
cbm,cbm,continuous,62,93,0.094475,0.092777,0.968321,2.9
cbm,cbm,continuous,62,94,0.097197,0.093410,0.963041,2.9
cbm,cbm,continuous,62,95,0.105903,0.091184,0.966209,2.9
cbm,cbm,continuous,62,96,0.117687,0.096520,0.955649,3.0
cbm,cbm,continuous,62,97,0.176810,0.117127,0.930306,2.9
cbm,cbm,continuous,62,98,0.136317,0.101043,0.947202,2.9
cbm,cbm,continuous,62,99,0.205389,0.129183,0.914467,2.9
cbm,cbm,continuous,62,100,0.196311,0.109976,0.927138,2.9
cbm,cbm,continuous,63,1,0.694099,0.179990,0.562630,2.9
cbm,cbm,continuous,63,2,0.679071,0.150935,0.617954,3.0
cbm,cbm,continuous,63,3,0.660453,0.152472,0.599165,3.0
cbm,cbm,continuous,63,4,0.642177,0.148702,0.649269,2.9
cbm,cbm,continuous,63,5,0.613622,0.146934,0.683716,3.0
cbm,cbm,continuous,63,6,0.615688,0.145172,0.671190,2.9
cbm,cbm,continuous,63,7,0.592683,0.144653,0.696242,2.9
cbm,cbm,continuous,63,8,0.575264,0.135217,0.702505,3.0
cbm,cbm,continuous,63,9,0.556662,0.134224,0.715031,2.9
cbm,cbm,continuous,63,10,0.558764,0.133870,0.715031,2.9
cbm,cbm,continuous,63,11,0.534637,0.129810,0.732777,3.0
cbm,cbm,continuous,63,12,0.534932,0.128079,0.734864,2.9
cbm,cbm,continuous,63,13,0.498891,0.128710,0.753653,3.0
cbm,cbm,continuous,63,14,0.469272,0.124223,0.783925,3.0
cbm,cbm,continuous,63,15,0.479998,0.130394,0.766180,2.9
cbm,cbm,continuous,63,16,0.482684,0.122833,0.762004,3.0
cbm,cbm,continuous,63,17,0.475944,0.125057,0.758873,2.9
cbm,cbm,continuous,63,18,0.509299,0.140207,0.765136,2.9
cbm,cbm,continuous,63,19,0.450267,0.123004,0.801670,3.0
cbm,cbm,continuous,63,20,0.459179,0.123653,0.775574,2.9
cbm,cbm,continuous,63,21,0.454820,0.134029,0.777662,2.9
cbm,cbm,continuous,63,22,0.402863,0.121099,0.822547,3.0
cbm,cbm,continuous,63,23,0.441425,0.135270,0.804802,2.9
cbm,cbm,continuous,63,24,0.403327,0.121017,0.820459,2.9
cbm,cbm,continuous,63,25,0.400269,0.126512,0.830898,3.0
cbm,cbm,continuous,63,26,0.403060,0.126527,0.824635,2.9
cbm,cbm,continuous,63,27,0.388271,0.121345,0.830898,2.9
cbm,cbm,continuous,63,28,0.399165,0.125878,0.804802,3.0
cbm,cbm,continuous,63,29,0.358309,0.117475,0.838205,2.9
cbm,cbm,continuous,63,30,0.353626,0.119856,0.846555,2.9
cbm,cbm,continuous,63,31,0.405740,0.126306,0.818372,3.0
cbm,cbm,continuous,63,32,0.347966,0.120445,0.851775,2.9
cbm,cbm,continuous,63,33,0.364465,0.121453,0.848643,2.9
cbm,cbm,continuous,63,34,0.318980,0.118899,0.852818,3.0
cbm,cbm,continuous,63,35,0.326028,0.117306,0.864301,2.9
cbm,cbm,continuous,63,36,0.334387,0.124751,0.853862,3.0
cbm,cbm,continuous,63,37,0.316089,0.123014,0.868476,2.9
cbm,cbm,continuous,63,38,0.350343,0.125991,0.849687,2.9
cbm,cbm,continuous,63,39,0.316678,0.123451,0.870564,3.0
cbm,cbm,continuous,63,40,0.288879,0.122260,0.882046,2.9
cbm,cbm,continuous,63,41,0.330573,0.121862,0.855950,2.9
cbm,cbm,continuous,63,42,0.286391,0.117970,0.869520,3.0
cbm,cbm,continuous,63,43,0.276452,0.120601,0.878914,2.9
cbm,cbm,continuous,63,44,0.291241,0.122051,0.874739,2.9
cbm,cbm,continuous,63,45,0.277809,0.118807,0.893528,3.0
cbm,cbm,continuous,63,46,0.274403,0.123815,0.883090,2.9
cbm,cbm,continuous,63,47,0.245286,0.114813,0.895616,2.9
cbm,cbm,continuous,63,48,0.248336,0.115354,0.908142,3.0
cbm,cbm,continuous,63,49,0.221273,0.111649,0.908142,2.9
cbm,cbm,continuous,63,50,0.254693,0.114985,0.886221,2.9
cbm,cbm,continuous,63,51,0.255653,0.121456,0.892484,3.0
cbm,cbm,continuous,63,52,0.227627,0.113404,0.908142,2.9
cbm,cbm,continuous,63,53,0.199575,0.112317,0.927975,3.0
cbm,cbm,continuous,63,54,0.209233,0.116896,0.915449,3.0
cbm,cbm,continuous,63,55,0.230227,0.115788,0.913361,2.9
cbm,cbm,continuous,63,56,0.222559,0.115735,0.911273,2.9
cbm,cbm,continuous,63,57,0.204855,0.120036,0.911273,3.0
cbm,cbm,continuous,63,58,0.225970,0.117702,0.909186,2.9
cbm,cbm,continuous,63,59,0.191302,0.122099,0.929019,3.0
cbm,cbm,continuous,63,60,0.237898,0.123142,0.897704,3.0
cbm,cbm,continuous,63,61,0.177919,0.118295,0.929019,2.9
cbm,cbm,continuous,63,62,0.226154,0.123071,0.902923,2.9
cbm,cbm,continuous,63,63,0.149340,0.121610,0.939457,2.9
cbm,cbm,continuous,63,64,0.161362,0.113072,0.934238,2.9
cbm,cbm,continuous,63,65,0.140723,0.113171,0.944676,2.9
cbm,cbm,continuous,63,66,0.203202,0.113621,0.918580,2.9
cbm,cbm,continuous,63,67,0.210686,0.121327,0.917537,2.9
cbm,cbm,continuous,63,68,0.141506,0.113003,0.948852,3.0
cbm,cbm,continuous,63,69,0.123986,0.109307,0.951983,2.9
cbm,cbm,continuous,63,70,0.134839,0.115920,0.945720,2.9
cbm,cbm,continuous,63,71,0.162550,0.113555,0.934238,3.0
cbm,cbm,continuous,63,72,0.145284,0.109093,0.942589,2.9
cbm,cbm,continuous,63,73,0.159499,0.114000,0.942589,2.9
cbm,cbm,continuous,63,74,0.105863,0.105839,0.961378,3.0
cbm,cbm,continuous,63,75,0.127310,0.104607,0.956159,2.9
cbm,cbm,continuous,63,76,0.124103,0.103652,0.949896,2.9
cbm,cbm,continuous,63,77,0.080001,0.101735,0.973904,3.0
cbm,cbm,continuous,63,78,0.106486,0.101547,0.961378,2.9
cbm,cbm,continuous,63,79,0.079774,0.101000,0.975992,2.9
cbm,cbm,continuous,63,80,0.112746,0.100778,0.957203,3.0
cbm,cbm,continuous,63,81,0.141077,0.100832,0.949896,2.9
cbm,cbm,continuous,63,82,0.123060,0.096263,0.954071,2.9
cbm,cbm,continuous,63,83,0.066411,0.096400,0.977035,3.0
cbm,cbm,continuous,63,84,0.176691,0.111479,0.924843,2.9
cbm,cbm,continuous,63,85,0.188093,0.124337,0.918580,2.9
cbm,cbm,continuous,63,86,0.171356,0.126810,0.933194,2.9
cbm,cbm,continuous,63,87,0.139809,0.104427,0.940501,2.9
cbm,cbm,continuous,63,88,0.130639,0.105104,0.959290,2.9
cbm,cbm,continuous,63,89,0.155378,0.099960,0.946764,3.0
cbm,cbm,continuous,63,90,0.118885,0.095795,0.954071,3.0
cbm,cbm,continuous,63,91,0.105056,0.094833,0.962422,2.9
cbm,cbm,continuous,63,92,0.108397,0.093913,0.958246,3.0
cbm,cbm,continuous,63,93,0.105319,0.090282,0.958246,2.9
cbm,cbm,continuous,63,94,0.100115,0.088260,0.965553,3.0
cbm,cbm,continuous,63,95,0.099632,0.088315,0.966597,3.0
cbm,cbm,continuous,63,96,0.078115,0.085308,0.972860,2.9
cbm,cbm,continuous,63,97,0.093906,0.086018,0.973904,3.0
cbm,cbm,continuous,63,98,0.083105,0.084214,0.967641,2.9
cbm,cbm,continuous,63,99,0.065740,0.097083,0.978079,3.0
cbm,cbm,continuous,63,100,0.117570,0.094631,0.951983,3.0
cbm,cbm,continuous,64,1,0.687302,0.168471,0.587435,2.9
cbm,cbm,continuous,64,2,0.674750,0.145576,0.623037,2.9
cbm,cbm,continuous,64,3,0.648925,0.148567,0.665969,3.0
cbm,cbm,continuous,64,4,0.604377,0.145115,0.681675,2.9
cbm,cbm,continuous,64,5,0.594807,0.145805,0.681675,2.9
cbm,cbm,continuous,64,6,0.592001,0.147347,0.700524,2.9
cbm,cbm,continuous,64,7,0.559323,0.133517,0.720419,2.9
cbm,cbm,continuous,64,8,0.534836,0.133395,0.744503,2.9
cbm,cbm,continuous,64,9,0.533031,0.130899,0.742408,3.0
cbm,cbm,continuous,64,10,0.525549,0.128769,0.732984,2.9
cbm,cbm,continuous,64,11,0.478622,0.127445,0.780105,2.9
cbm,cbm,continuous,64,12,0.502179,0.128338,0.768586,3.0
cbm,cbm,continuous,64,13,0.487027,0.125870,0.767539,2.9
cbm,cbm,continuous,64,14,0.481207,0.127416,0.781152,3.0
cbm,cbm,continuous,64,15,0.457985,0.120377,0.801047,2.9
cbm,cbm,continuous,64,16,0.438855,0.126579,0.810471,2.9
cbm,cbm,continuous,64,17,0.479314,0.135033,0.768586,3.0
cbm,cbm,continuous,64,18,0.417555,0.119039,0.824084,2.9
cbm,cbm,continuous,64,19,0.447332,0.120927,0.786387,2.9
cbm,cbm,continuous,64,20,0.458642,0.126846,0.790576,3.0
cbm,cbm,continuous,64,21,0.403039,0.118800,0.831414,2.9
cbm,cbm,continuous,64,22,0.422949,0.119783,0.823037,2.9
cbm,cbm,continuous,64,23,0.396815,0.119433,0.829319,3.0
cbm,cbm,continuous,64,24,0.390297,0.118452,0.818848,2.9
cbm,cbm,continuous,64,25,0.385971,0.122469,0.833508,2.9
cbm,cbm,continuous,64,26,0.382430,0.119364,0.853403,3.0
cbm,cbm,continuous,64,27,0.373818,0.119537,0.831414,2.9
cbm,cbm,continuous,64,28,0.332968,0.116806,0.863874,2.9
cbm,cbm,continuous,64,29,0.342614,0.122322,0.842932,3.0
cbm,cbm,continuous,64,30,0.368002,0.120164,0.851309,2.9
cbm,cbm,continuous,64,31,0.322644,0.114498,0.858639,2.9
cbm,cbm,continuous,64,32,0.325462,0.115544,0.864921,3.0
cbm,cbm,continuous,64,33,0.292467,0.114231,0.886911,2.9
cbm,cbm,continuous,64,34,0.310035,0.116165,0.861780,2.9
cbm,cbm,continuous,64,35,0.361635,0.139759,0.839791,3.0
cbm,cbm,continuous,64,36,0.296116,0.115537,0.883770,2.9
cbm,cbm,continuous,64,37,0.350535,0.120705,0.849215,3.0
cbm,cbm,continuous,64,38,0.279170,0.112054,0.891099,3.0
cbm,cbm,continuous,64,39,0.259495,0.117446,0.887958,2.9
cbm,cbm,continuous,64,40,0.251863,0.113734,0.910995,2.9
cbm,cbm,continuous,64,41,0.259188,0.115914,0.889005,3.0
cbm,cbm,continuous,64,42,0.211016,0.112929,0.923560,2.9
cbm,cbm,continuous,64,43,0.244399,0.113930,0.898429,3.0
cbm,cbm,continuous,64,44,0.256892,0.113398,0.896335,3.0
cbm,cbm,continuous,64,45,0.245266,0.111749,0.892147,2.9
cbm,cbm,continuous,64,46,0.254121,0.114104,0.905759,3.0
cbm,cbm,continuous,64,47,0.270415,0.117744,0.890052,2.9
cbm,cbm,continuous,64,48,0.218336,0.117943,0.910995,2.9
cbm,cbm,continuous,64,49,0.215469,0.111700,0.917277,3.0
cbm,cbm,continuous,64,50,0.224646,0.118210,0.910995,2.9
cbm,cbm,continuous,64,51,0.238869,0.118912,0.908901,3.0
cbm,cbm,continuous,64,52,0.189903,0.112944,0.926702,3.0
cbm,cbm,continuous,64,53,0.206969,0.112145,0.921466,2.9
cbm,cbm,continuous,64,54,0.185268,0.112112,0.928796,2.9
cbm,cbm,continuous,64,55,0.185269,0.113010,0.937173,3.0
cbm,cbm,continuous,64,56,0.126002,0.113241,0.957068,3.0
cbm,cbm,continuous,64,57,0.156069,0.112299,0.932984,3.0
cbm,cbm,continuous,64,58,0.160557,0.110042,0.938220,3.0
cbm,cbm,continuous,64,59,0.152528,0.114191,0.939267,2.9
cbm,cbm,continuous,64,60,0.195189,0.115552,0.921466,2.9
cbm,cbm,continuous,64,61,0.193436,0.111790,0.927749,2.9
cbm,cbm,continuous,64,62,0.137986,0.112430,0.944503,2.9
cbm,cbm,continuous,64,63,0.118974,0.108052,0.960209,2.9
cbm,cbm,continuous,64,64,0.105504,0.105816,0.968586,3.0
cbm,cbm,continuous,64,65,0.165695,0.111574,0.937173,2.9
cbm,cbm,continuous,64,66,0.129797,0.105536,0.960209,3.0
cbm,cbm,continuous,64,67,0.147060,0.111660,0.947644,3.0
cbm,cbm,continuous,64,68,0.119462,0.105788,0.952880,2.9
cbm,cbm,continuous,64,69,0.155266,0.103338,0.942408,2.9
cbm,cbm,continuous,64,70,0.124914,0.105892,0.961257,2.9
cbm,cbm,continuous,64,71,0.098762,0.100803,0.968586,2.9
cbm,cbm,continuous,64,72,0.124939,0.099208,0.956021,3.0
cbm,cbm,continuous,64,73,0.119621,0.097744,0.953927,2.9
cbm,cbm,continuous,64,74,0.130225,0.097679,0.948691,2.9
cbm,cbm,continuous,64,75,0.079525,0.097487,0.968586,3.0
cbm,cbm,continuous,64,76,0.047637,0.094871,0.990576,2.9
cbm,cbm,continuous,64,77,0.100595,0.094195,0.963351,2.9
cbm,cbm,continuous,64,78,0.115021,0.091553,0.951832,3.0
cbm,cbm,continuous,64,79,0.086048,0.093712,0.970681,2.9
cbm,cbm,continuous,64,80,0.082025,0.094660,0.971728,2.9
cbm,cbm,continuous,64,81,0.151947,0.099453,0.947644,3.0
cbm,cbm,continuous,64,82,0.206942,0.141579,0.914136,2.9
cbm,cbm,continuous,64,83,0.127223,0.107066,0.957068,2.9
cbm,cbm,continuous,64,84,0.125013,0.099100,0.953927,3.0
cbm,cbm,continuous,64,85,0.111036,0.094277,0.958115,2.9
cbm,cbm,continuous,64,86,0.161139,0.092538,0.940314,3.0
cbm,cbm,continuous,64,87,0.094859,0.092197,0.971728,3.0
cbm,cbm,continuous,64,88,0.134431,0.102903,0.956021,2.9
cbm,cbm,continuous,64,89,0.117815,0.097355,0.954974,2.9
cbm,cbm,continuous,64,90,0.190010,0.107202,0.929843,3.0
cbm,cbm,continuous,64,91,0.206095,0.140073,0.920419,2.9
cbm,cbm,continuous,64,92,0.147651,0.101574,0.946597,3.0
cbm,cbm,continuous,64,93,0.112544,0.095019,0.957068,2.9
cbm,cbm,continuous,64,94,0.102066,0.095914,0.964398,2.9
cbm,cbm,continuous,64,95,0.087783,0.095358,0.969634,3.0
cbm,cbm,continuous,64,96,0.153328,0.091471,0.949738,2.9
cbm,cbm,continuous,64,97,0.099779,0.089869,0.957068,2.9
cbm,cbm,continuous,64,98,0.076276,0.086557,0.973822,3.0
cbm,cbm,continuous,64,99,0.162517,0.085175,0.945550,2.9
cbm,cbm,continuous,64,100,0.107669,0.082958,0.962304,2.9
cbm,cbm,continuous,65,1,0.693939,0.167284,0.509336,3.0
cbm,cbm,continuous,65,2,0.687128,0.143860,0.584025,2.9
cbm,cbm,continuous,65,3,0.656358,0.145923,0.644191,2.9
cbm,cbm,continuous,65,4,0.649417,0.158803,0.625519,3.0
cbm,cbm,continuous,65,5,0.630426,0.147689,0.649378,2.9
cbm,cbm,continuous,65,6,0.612161,0.141311,0.677386,2.9
cbm,cbm,continuous,65,7,0.598019,0.147811,0.681535,3.0
cbm,cbm,continuous,65,8,0.557940,0.147006,0.719917,2.9
cbm,cbm,continuous,65,9,0.566461,0.135486,0.706432,3.0
cbm,cbm,continuous,65,10,0.545869,0.130229,0.730290,3.0
cbm,cbm,continuous,65,11,0.547794,0.128967,0.718880,2.9
cbm,cbm,continuous,65,12,0.495039,0.128327,0.766598,3.0
cbm,cbm,continuous,65,13,0.514023,0.135829,0.761411,3.0
cbm,cbm,continuous,65,14,0.501257,0.124055,0.759336,3.0
cbm,cbm,continuous,65,15,0.436026,0.124712,0.800830,2.9
cbm,cbm,continuous,65,16,0.457778,0.122693,0.787344,2.9
cbm,cbm,continuous,65,17,0.483416,0.126302,0.769710,2.9
cbm,cbm,continuous,65,18,0.450189,0.122181,0.791494,3.0
cbm,cbm,continuous,65,19,0.427555,0.118725,0.800830,2.9
cbm,cbm,continuous,65,20,0.466322,0.126924,0.776971,3.0
cbm,cbm,continuous,65,21,0.414478,0.119816,0.814315,3.0
cbm,cbm,continuous,65,22,0.412826,0.118825,0.813278,3.0
cbm,cbm,continuous,65,23,0.415206,0.117221,0.814315,2.9
cbm,cbm,continuous,65,24,0.426164,0.119678,0.809129,3.0
cbm,cbm,continuous,65,25,0.396871,0.116863,0.820539,2.9
cbm,cbm,continuous,65,26,0.375852,0.119416,0.827801,3.0
cbm,cbm,continuous,65,27,0.384705,0.120166,0.825726,3.0
cbm,cbm,continuous,65,28,0.408338,0.122020,0.818465,2.9
cbm,cbm,continuous,65,29,0.417745,0.124576,0.815353,3.0
cbm,cbm,continuous,65,30,0.368933,0.119029,0.842324,3.0
cbm,cbm,continuous,65,31,0.399948,0.117790,0.818465,2.9
cbm,cbm,continuous,65,32,0.346163,0.115861,0.847510,3.0
cbm,cbm,continuous,65,33,0.345531,0.114923,0.848548,3.0
cbm,cbm,continuous,65,34,0.352670,0.117321,0.847510,3.0
cbm,cbm,continuous,65,35,0.359895,0.120081,0.835062,3.0
cbm,cbm,continuous,65,36,0.357911,0.120367,0.837137,2.9
cbm,cbm,continuous,65,37,0.353339,0.118100,0.842324,2.9
cbm,cbm,continuous,65,38,0.338618,0.113673,0.850622,3.0
cbm,cbm,continuous,65,39,0.341815,0.115132,0.855809,3.0
cbm,cbm,continuous,65,40,0.313376,0.113503,0.870332,3.0
cbm,cbm,continuous,65,41,0.287602,0.111858,0.884855,3.0
cbm,cbm,continuous,65,42,0.292021,0.111325,0.872407,3.0
cbm,cbm,continuous,65,43,0.388884,0.129082,0.828838,3.0
cbm,cbm,continuous,65,44,0.311120,0.120045,0.860996,3.0
cbm,cbm,continuous,65,45,0.294635,0.115697,0.884855,2.9
cbm,cbm,continuous,65,46,0.315010,0.114528,0.863071,2.9
cbm,cbm,continuous,65,47,0.280558,0.113514,0.887967,3.0
cbm,cbm,continuous,65,48,0.250874,0.113276,0.889004,2.9
cbm,cbm,continuous,65,49,0.231458,0.111343,0.903527,3.0
cbm,cbm,continuous,65,50,0.217679,0.116401,0.922199,3.0
cbm,cbm,continuous,65,51,0.293573,0.116376,0.880705,2.9
cbm,cbm,continuous,65,52,0.242544,0.117209,0.897303,3.0
cbm,cbm,continuous,65,53,0.274649,0.113203,0.886929,3.0
cbm,cbm,continuous,65,54,0.244914,0.110667,0.899378,2.9
cbm,cbm,continuous,65,55,0.205836,0.111173,0.923237,3.0
cbm,cbm,continuous,65,56,0.182553,0.110854,0.928423,3.0
cbm,cbm,continuous,65,57,0.240169,0.115068,0.895228,3.0
cbm,cbm,continuous,65,58,0.247096,0.127406,0.902490,3.0
cbm,cbm,continuous,65,59,0.244783,0.117740,0.896266,2.9
cbm,cbm,continuous,65,60,0.207533,0.112083,0.922199,2.9
cbm,cbm,continuous,65,61,0.157778,0.115947,0.945021,3.0
cbm,cbm,continuous,65,62,0.204829,0.107878,0.913900,2.9
cbm,cbm,continuous,65,63,0.247448,0.118791,0.901452,2.9
cbm,cbm,continuous,65,64,0.196707,0.112687,0.928423,3.0
cbm,cbm,continuous,65,65,0.153510,0.106289,0.945021,2.9
cbm,cbm,continuous,65,66,0.145720,0.107201,0.948133,2.9
cbm,cbm,continuous,65,67,0.155813,0.106770,0.941909,3.0
cbm,cbm,continuous,65,68,0.256623,0.116813,0.898340,3.0
cbm,cbm,continuous,65,69,0.236922,0.120883,0.899378,3.0
cbm,cbm,continuous,65,70,0.147072,0.106692,0.950207,3.0
cbm,cbm,continuous,65,71,0.137122,0.106621,0.945021,2.9
cbm,cbm,continuous,65,72,0.141868,0.108336,0.947095,2.9
cbm,cbm,continuous,65,73,0.145856,0.107217,0.946058,3.0
cbm,cbm,continuous,65,74,0.124099,0.108879,0.954357,2.9
cbm,cbm,continuous,65,75,0.140646,0.105873,0.947095,2.9
cbm,cbm,continuous,65,76,0.151244,0.106432,0.945021,3.0
cbm,cbm,continuous,65,77,0.134577,0.108505,0.943983,2.9
cbm,cbm,continuous,65,78,0.206192,0.124572,0.927386,2.9
cbm,cbm,continuous,65,79,0.146030,0.108789,0.951245,3.0
cbm,cbm,continuous,65,80,0.165942,0.103738,0.931535,2.9
cbm,cbm,continuous,65,81,0.112267,0.104175,0.957469,3.0
cbm,cbm,continuous,65,82,0.162364,0.105099,0.933610,3.0
cbm,cbm,continuous,65,83,0.152181,0.107365,0.942946,2.9
cbm,cbm,continuous,65,84,0.122894,0.105824,0.959544,3.0
cbm,cbm,continuous,65,85,0.103011,0.104311,0.967842,3.0
cbm,cbm,continuous,65,86,0.087393,0.101077,0.974066,2.9
cbm,cbm,continuous,65,87,0.102178,0.098958,0.959544,3.0
cbm,cbm,continuous,65,88,0.144853,0.100653,0.949170,2.9
cbm,cbm,continuous,65,89,0.153187,0.114243,0.938797,2.9
cbm,cbm,continuous,65,90,0.102864,0.102880,0.965768,3.0
cbm,cbm,continuous,65,91,0.148816,0.105630,0.938797,2.9
cbm,cbm,continuous,65,92,0.102783,0.102242,0.958506,3.0
cbm,cbm,continuous,65,93,0.152067,0.105937,0.940871,3.0
cbm,cbm,continuous,65,94,0.188000,0.111157,0.921162,2.9
cbm,cbm,continuous,65,95,0.249146,0.131086,0.887967,2.9
cbm,cbm,continuous,65,96,0.105518,0.102427,0.961618,3.0
cbm,cbm,continuous,65,97,0.093849,0.098775,0.965768,3.0
cbm,cbm,continuous,65,98,0.097486,0.098164,0.961618,2.9
cbm,cbm,continuous,65,99,0.117630,0.096690,0.959544,3.0
cbm,cbm,continuous,65,100,0.077141,0.094459,0.969917,2.9
cbm,cbm,continuous,66,1,0.694296,0.185862,0.470525,2.9
cbm,cbm,continuous,66,2,0.669988,0.144074,0.660236,2.9
cbm,cbm,continuous,66,3,0.668561,0.152336,0.584137,2.9
cbm,cbm,continuous,66,4,0.638101,0.148124,0.658092,2.9
cbm,cbm,continuous,66,5,0.617503,0.146808,0.658092,2.8
cbm,cbm,continuous,66,6,0.602214,0.145392,0.691318,2.9
cbm,cbm,continuous,66,7,0.597676,0.141822,0.691318,2.9
cbm,cbm,continuous,66,8,0.569042,0.136031,0.715970,2.9
cbm,cbm,continuous,66,9,0.574234,0.133421,0.705252,2.8
cbm,cbm,continuous,66,10,0.559789,0.128852,0.696677,2.9
cbm,cbm,continuous,66,11,0.517029,0.134036,0.755627,2.8
cbm,cbm,continuous,66,12,0.515063,0.133171,0.754555,2.9
cbm,cbm,continuous,66,13,0.509125,0.128703,0.745981,2.9
cbm,cbm,continuous,66,14,0.515143,0.126937,0.752412,2.9
cbm,cbm,continuous,66,15,0.498738,0.123773,0.769561,2.8
cbm,cbm,continuous,66,16,0.453957,0.120736,0.782422,2.9
cbm,cbm,continuous,66,17,0.456825,0.126416,0.793140,2.8
cbm,cbm,continuous,66,18,0.461484,0.127740,0.795284,2.9
cbm,cbm,continuous,66,19,0.439904,0.122688,0.800643,2.9
cbm,cbm,continuous,66,20,0.450315,0.120450,0.789925,2.8
cbm,cbm,continuous,66,21,0.492692,0.138176,0.763130,2.9
cbm,cbm,continuous,66,22,0.416095,0.126039,0.807074,2.9
cbm,cbm,continuous,66,23,0.434368,0.129434,0.809218,2.8
cbm,cbm,continuous,66,24,0.393026,0.118353,0.826367,2.9
cbm,cbm,continuous,66,25,0.414992,0.124590,0.814577,2.9
cbm,cbm,continuous,66,26,0.388227,0.118242,0.824223,2.8
cbm,cbm,continuous,66,27,0.396274,0.119454,0.840300,2.9
cbm,cbm,continuous,66,28,0.349100,0.123649,0.849946,2.9
cbm,cbm,continuous,66,29,0.383911,0.119543,0.829582,2.8
cbm,cbm,continuous,66,30,0.373445,0.126227,0.829582,2.9
cbm,cbm,continuous,66,31,0.364177,0.117711,0.842444,2.9
cbm,cbm,continuous,66,32,0.321336,0.117566,0.863880,2.8
cbm,cbm,continuous,66,33,0.331393,0.115711,0.856377,2.9
cbm,cbm,continuous,66,34,0.337346,0.116273,0.859593,2.9
cbm,cbm,continuous,66,35,0.299302,0.118472,0.870311,2.8
cbm,cbm,continuous,66,36,0.314668,0.117763,0.881029,2.8
cbm,cbm,continuous,66,37,0.280113,0.114738,0.883173,2.9
cbm,cbm,continuous,66,38,0.277785,0.113589,0.878885,2.9
cbm,cbm,continuous,66,39,0.273581,0.118445,0.889603,2.9
cbm,cbm,continuous,66,40,0.315183,0.123355,0.864952,2.9
cbm,cbm,continuous,66,41,0.301988,0.118482,0.872454,2.9
cbm,cbm,continuous,66,42,0.269850,0.114818,0.892819,2.9
cbm,cbm,continuous,66,43,0.263827,0.115928,0.887460,2.9
cbm,cbm,continuous,66,44,0.239010,0.114410,0.903537,2.8
cbm,cbm,continuous,66,45,0.235485,0.115540,0.908896,2.9
cbm,cbm,continuous,66,46,0.239157,0.115788,0.907824,2.9
cbm,cbm,continuous,66,47,0.237743,0.113672,0.905681,2.9
cbm,cbm,continuous,66,48,0.258195,0.116891,0.899250,2.8
cbm,cbm,continuous,66,49,0.251671,0.120848,0.898178,2.9
cbm,cbm,continuous,66,50,0.206130,0.116696,0.915327,2.9
cbm,cbm,continuous,66,51,0.245936,0.117492,0.894962,2.8
cbm,cbm,continuous,66,52,0.201356,0.112316,0.922830,2.9
cbm,cbm,continuous,66,53,0.174519,0.108209,0.932476,2.9
cbm,cbm,continuous,66,54,0.223783,0.120247,0.903537,2.9
cbm,cbm,continuous,66,55,0.291508,0.120690,0.872454,2.9
cbm,cbm,continuous,66,56,0.151849,0.114235,0.945338,2.8
cbm,cbm,continuous,66,57,0.167942,0.110154,0.931404,2.9
cbm,cbm,continuous,66,58,0.151224,0.109459,0.944266,2.9
cbm,cbm,continuous,66,59,0.136039,0.108790,0.949625,2.9
cbm,cbm,continuous,66,60,0.197637,0.110384,0.919614,2.9
cbm,cbm,continuous,66,61,0.173202,0.112727,0.926045,2.8
cbm,cbm,continuous,66,62,0.172813,0.113844,0.936763,2.9
cbm,cbm,continuous,66,63,0.132806,0.108943,0.950697,2.9
cbm,cbm,continuous,66,64,0.133174,0.105854,0.959271,2.9
cbm,cbm,continuous,66,65,0.136395,0.110383,0.956056,2.9
cbm,cbm,continuous,66,66,0.131698,0.110223,0.946409,2.9
cbm,cbm,continuous,66,67,0.132766,0.114735,0.948553,2.9
cbm,cbm,continuous,66,68,0.130848,0.105327,0.958199,2.9
cbm,cbm,continuous,66,69,0.145640,0.116981,0.935691,2.9
cbm,cbm,continuous,66,70,0.114425,0.111598,0.957128,2.9
cbm,cbm,continuous,66,71,0.146717,0.107914,0.947481,2.9
cbm,cbm,continuous,66,72,0.163103,0.102671,0.939979,2.9
cbm,cbm,continuous,66,73,0.118165,0.103269,0.952840,2.9
cbm,cbm,continuous,66,74,0.170667,0.109884,0.937835,2.8
cbm,cbm,continuous,66,75,0.138094,0.105004,0.946409,2.9
cbm,cbm,continuous,66,76,0.105340,0.100663,0.961415,2.9
cbm,cbm,continuous,66,77,0.109942,0.099153,0.962487,2.8
cbm,cbm,continuous,66,78,0.082308,0.097453,0.972133,2.9
cbm,cbm,continuous,66,79,0.087300,0.097985,0.971061,2.9
cbm,cbm,continuous,66,80,0.130899,0.099193,0.950697,2.9
cbm,cbm,continuous,66,81,0.130484,0.100299,0.953912,2.9
cbm,cbm,continuous,66,82,0.102607,0.100265,0.961415,2.9
cbm,cbm,continuous,66,83,0.099511,0.093525,0.964630,2.9
cbm,cbm,continuous,66,84,0.115490,0.092643,0.958199,2.9
cbm,cbm,continuous,66,85,0.123601,0.092264,0.951768,2.9
cbm,cbm,continuous,66,86,0.124493,0.088009,0.949625,2.8
cbm,cbm,continuous,66,87,0.096856,0.087441,0.963558,2.9
cbm,cbm,continuous,66,88,0.100616,0.086308,0.959271,2.8
cbm,cbm,continuous,66,89,0.049885,0.086416,0.979636,2.9
cbm,cbm,continuous,66,90,0.042714,0.083666,0.988210,2.9
cbm,cbm,continuous,66,91,0.127000,0.081085,0.956056,2.8
cbm,cbm,continuous,66,92,0.115187,0.081628,0.959271,2.9
cbm,cbm,continuous,66,93,0.139650,0.081561,0.944266,2.9
cbm,cbm,continuous,66,94,0.098497,0.080728,0.967846,2.8
cbm,cbm,continuous,66,95,0.160147,0.091122,0.939979,2.9
cbm,cbm,continuous,66,96,0.417403,0.165449,0.842444,2.9
cbm,cbm,continuous,66,97,0.168502,0.105856,0.938907,2.8
cbm,cbm,continuous,66,98,0.151787,0.097148,0.938907,2.8
cbm,cbm,continuous,66,99,0.061735,0.098048,0.979636,2.9
cbm,cbm,continuous,66,100,0.091074,0.095838,0.964630,2.8
cbm,cbm,continuous,67,1,0.686819,0.175352,0.595905,2.9
cbm,cbm,continuous,67,2,0.679214,0.145828,0.607759,2.9
cbm,cbm,continuous,67,3,0.636873,0.149882,0.672414,2.8
cbm,cbm,continuous,67,4,0.630221,0.146324,0.642241,2.9
cbm,cbm,continuous,67,5,0.591439,0.143743,0.690733,2.9
cbm,cbm,continuous,67,6,0.608224,0.141011,0.681034,2.8
cbm,cbm,continuous,67,7,0.590064,0.138444,0.686422,2.9
cbm,cbm,continuous,67,8,0.595307,0.136116,0.682112,2.9
cbm,cbm,continuous,67,9,0.531117,0.134953,0.728448,2.9
cbm,cbm,continuous,67,10,0.565627,0.138605,0.712284,2.9
cbm,cbm,continuous,67,11,0.530020,0.127254,0.744612,2.9
cbm,cbm,continuous,67,12,0.537107,0.133302,0.730603,2.9
cbm,cbm,continuous,67,13,0.538178,0.127830,0.730603,2.9
cbm,cbm,continuous,67,14,0.487654,0.123822,0.766164,2.9
cbm,cbm,continuous,67,15,0.530399,0.130251,0.739224,2.8
cbm,cbm,continuous,67,16,0.487667,0.127841,0.762931,2.9
cbm,cbm,continuous,67,17,0.456750,0.123877,0.783405,2.9
cbm,cbm,continuous,67,18,0.445022,0.120034,0.785560,2.8
cbm,cbm,continuous,67,19,0.469170,0.128055,0.787716,2.9
cbm,cbm,continuous,67,20,0.426120,0.119731,0.803879,2.8
cbm,cbm,continuous,67,21,0.414918,0.119170,0.817888,2.8
cbm,cbm,continuous,67,22,0.411093,0.120712,0.820043,2.9
cbm,cbm,continuous,67,23,0.405643,0.122098,0.823276,2.9
cbm,cbm,continuous,67,24,0.378930,0.118575,0.823276,2.9
cbm,cbm,continuous,67,25,0.371360,0.118337,0.842672,2.9
cbm,cbm,continuous,67,26,0.389155,0.125530,0.829741,2.9
cbm,cbm,continuous,67,27,0.348691,0.120642,0.846983,2.8
cbm,cbm,continuous,67,28,0.342439,0.120552,0.840517,2.9
cbm,cbm,continuous,67,29,0.380044,0.119480,0.824353,2.9
cbm,cbm,continuous,67,30,0.371048,0.126065,0.831897,2.8
cbm,cbm,continuous,67,31,0.349834,0.116964,0.841595,2.9
cbm,cbm,continuous,67,32,0.308122,0.115131,0.870690,2.8
cbm,cbm,continuous,67,33,0.345573,0.120346,0.852371,2.8
cbm,cbm,continuous,67,34,0.318837,0.119669,0.878233,2.9
cbm,cbm,continuous,67,35,0.364879,0.123999,0.837284,2.9
cbm,cbm,continuous,67,36,0.288635,0.114120,0.891164,2.9
cbm,cbm,continuous,67,37,0.301647,0.116090,0.864224,2.8
cbm,cbm,continuous,67,38,0.298703,0.117462,0.859914,2.9
cbm,cbm,continuous,67,39,0.284452,0.113255,0.885776,2.8
cbm,cbm,continuous,67,40,0.288760,0.116492,0.883621,2.8
cbm,cbm,continuous,67,41,0.292425,0.119066,0.889009,2.9
cbm,cbm,continuous,67,42,0.270156,0.115580,0.891164,2.9
cbm,cbm,continuous,67,43,0.243792,0.111308,0.893319,2.9
cbm,cbm,continuous,67,44,0.272132,0.110390,0.894397,2.9
cbm,cbm,continuous,67,45,0.234113,0.110223,0.904095,2.9
cbm,cbm,continuous,67,46,0.218454,0.110536,0.909483,2.9
cbm,cbm,continuous,67,47,0.224136,0.112142,0.910560,2.8
cbm,cbm,continuous,67,48,0.206934,0.110236,0.921336,2.8
cbm,cbm,continuous,67,49,0.260273,0.124259,0.891164,2.9
cbm,cbm,continuous,67,50,0.220049,0.109895,0.913793,2.9
cbm,cbm,continuous,67,51,0.195280,0.110340,0.919181,2.8
cbm,cbm,continuous,67,52,0.214841,0.115847,0.912716,2.9
cbm,cbm,continuous,67,53,0.252590,0.111907,0.893319,2.9
cbm,cbm,continuous,67,54,0.195822,0.108679,0.927802,2.8
cbm,cbm,continuous,67,55,0.190866,0.112722,0.924569,2.9
cbm,cbm,continuous,67,56,0.164851,0.112305,0.939655,2.9
cbm,cbm,continuous,67,57,0.150558,0.106175,0.945043,2.8
cbm,cbm,continuous,67,58,0.197301,0.105504,0.924569,2.9
cbm,cbm,continuous,67,59,0.133751,0.107797,0.956897,2.9
cbm,cbm,continuous,67,60,0.187141,0.110891,0.927802,2.8
cbm,cbm,continuous,67,61,0.158625,0.108847,0.940733,2.9
cbm,cbm,continuous,67,62,0.182397,0.108141,0.926724,2.9
cbm,cbm,continuous,67,63,0.139874,0.105122,0.948276,2.8
cbm,cbm,continuous,67,64,0.195629,0.105623,0.918103,2.9
cbm,cbm,continuous,67,65,0.189831,0.111207,0.925647,2.8
cbm,cbm,continuous,67,66,0.121931,0.106763,0.961207,2.8
cbm,cbm,continuous,67,67,0.137050,0.103240,0.955819,2.9
cbm,cbm,continuous,67,68,0.161215,0.099566,0.941810,2.9
cbm,cbm,continuous,67,69,0.186873,0.111806,0.927802,2.8
cbm,cbm,continuous,67,70,0.143867,0.110837,0.941810,2.9
cbm,cbm,continuous,67,71,0.096908,0.108511,0.966595,2.8
cbm,cbm,continuous,67,72,0.148625,0.104930,0.938578,2.8
cbm,cbm,continuous,67,73,0.175102,0.114012,0.929957,2.9
cbm,cbm,continuous,67,74,0.145909,0.105501,0.946121,2.9
cbm,cbm,continuous,67,75,0.125435,0.099404,0.954741,2.8
cbm,cbm,continuous,67,76,0.072889,0.097108,0.975216,2.9
cbm,cbm,continuous,67,77,0.077169,0.097016,0.971983,2.8
cbm,cbm,continuous,67,78,0.092594,0.094247,0.968750,2.8
cbm,cbm,continuous,67,79,0.132529,0.093720,0.942888,2.9
cbm,cbm,continuous,67,80,0.144845,0.091422,0.949353,2.8
cbm,cbm,continuous,67,81,0.104967,0.091500,0.964440,2.9
cbm,cbm,continuous,67,82,0.136141,0.090661,0.946121,2.9
cbm,cbm,continuous,67,83,0.101293,0.089537,0.966595,2.8
cbm,cbm,continuous,67,84,0.078377,0.085424,0.971983,2.8
cbm,cbm,continuous,67,85,0.104980,0.086861,0.961207,2.9
cbm,cbm,continuous,67,86,0.076203,0.087215,0.971983,2.8
cbm,cbm,continuous,67,87,0.103945,0.086417,0.959052,2.8
cbm,cbm,continuous,67,88,0.092554,0.085533,0.965517,2.9
cbm,cbm,continuous,67,89,0.345925,0.178409,0.876078,2.8
cbm,cbm,continuous,67,90,0.226371,0.127286,0.910560,2.8
cbm,cbm,continuous,67,91,0.180632,0.103455,0.925647,2.7
cbm,cbm,continuous,67,92,0.101939,0.098217,0.962284,2.6
cbm,cbm,continuous,67,93,0.111558,0.094708,0.960129,2.6
cbm,cbm,continuous,67,94,0.084221,0.093718,0.969828,2.7
cbm,cbm,continuous,67,95,0.108220,0.097140,0.953664,2.6
cbm,cbm,continuous,67,96,0.127253,0.094394,0.953664,2.6
cbm,cbm,continuous,67,97,0.081644,0.087263,0.970905,2.7
cbm,cbm,continuous,67,98,0.127846,0.084612,0.951509,2.6
cbm,cbm,continuous,67,99,0.090170,0.082852,0.963362,2.6
cbm,cbm,continuous,67,100,0.070029,0.081796,0.977371,2.7
cbm,cbm,continuous,68,1,0.691955,0.188239,0.520042,2.8
cbm,cbm,continuous,68,2,0.684307,0.148426,0.590717,2.7
cbm,cbm,continuous,68,3,0.661211,0.147826,0.635021,2.7
cbm,cbm,continuous,68,4,0.637236,0.147013,0.645570,2.7
cbm,cbm,continuous,68,5,0.629374,0.149649,0.660338,2.7
cbm,cbm,continuous,68,6,0.608793,0.144078,0.680380,2.6
cbm,cbm,continuous,68,7,0.596561,0.141234,0.672996,2.7
cbm,cbm,continuous,68,8,0.597993,0.144266,0.684599,2.7
cbm,cbm,continuous,68,9,0.562903,0.134544,0.703586,2.7
cbm,cbm,continuous,68,10,0.579387,0.149256,0.697257,2.7
cbm,cbm,continuous,68,11,0.496805,0.132867,0.759494,2.7
cbm,cbm,continuous,68,12,0.507423,0.124753,0.761603,2.8
cbm,cbm,continuous,68,13,0.511215,0.125296,0.758439,2.8
cbm,cbm,continuous,68,14,0.549845,0.133909,0.728903,2.9
cbm,cbm,continuous,68,15,0.468597,0.120244,0.790084,2.9
cbm,cbm,continuous,68,16,0.457490,0.124060,0.791139,2.9
cbm,cbm,continuous,68,17,0.453737,0.125837,0.794304,2.9
cbm,cbm,continuous,68,18,0.486994,0.125089,0.781646,2.9
cbm,cbm,continuous,68,19,0.429780,0.124565,0.799578,2.9
cbm,cbm,continuous,68,20,0.442236,0.128822,0.787975,2.9
cbm,cbm,continuous,68,21,0.432607,0.121946,0.791139,2.9
cbm,cbm,continuous,68,22,0.445883,0.120563,0.791139,2.9
cbm,cbm,continuous,68,23,0.434938,0.127509,0.802743,2.9
cbm,cbm,continuous,68,24,0.413662,0.119387,0.813291,2.9
cbm,cbm,continuous,68,25,0.406419,0.118222,0.814346,2.9
cbm,cbm,continuous,68,26,0.375886,0.117582,0.833333,2.9
cbm,cbm,continuous,68,27,0.367057,0.121099,0.823840,2.9
cbm,cbm,continuous,68,28,0.370241,0.116361,0.841772,2.9
cbm,cbm,continuous,68,29,0.374912,0.117077,0.845992,2.9
cbm,cbm,continuous,68,30,0.350710,0.119486,0.849156,2.9
cbm,cbm,continuous,68,31,0.356539,0.116041,0.838608,2.9
cbm,cbm,continuous,68,32,0.334316,0.117257,0.851266,3.0
cbm,cbm,continuous,68,33,0.332401,0.120852,0.854430,2.9
cbm,cbm,continuous,68,34,0.343369,0.117067,0.857595,2.9
cbm,cbm,continuous,68,35,0.290490,0.113652,0.871308,2.9
cbm,cbm,continuous,68,36,0.295548,0.110877,0.867089,2.9
cbm,cbm,continuous,68,37,0.278041,0.113208,0.897679,2.9
cbm,cbm,continuous,68,38,0.348777,0.120072,0.842827,2.9
cbm,cbm,continuous,68,39,0.300334,0.114840,0.872363,2.9
cbm,cbm,continuous,68,40,0.245244,0.112086,0.912447,2.9
cbm,cbm,continuous,68,41,0.270165,0.112701,0.889241,2.9
cbm,cbm,continuous,68,42,0.290984,0.116668,0.885021,2.9
cbm,cbm,continuous,68,43,0.243591,0.113005,0.896624,2.9
cbm,cbm,continuous,68,44,0.214083,0.113061,0.921941,2.9
cbm,cbm,continuous,68,45,0.239653,0.113827,0.901899,2.9
cbm,cbm,continuous,68,46,0.230271,0.117645,0.901899,2.9
cbm,cbm,continuous,68,47,0.268537,0.117631,0.879747,2.9
cbm,cbm,continuous,68,48,0.194654,0.113033,0.922996,2.9
cbm,cbm,continuous,68,49,0.197926,0.111924,0.919831,2.9
cbm,cbm,continuous,68,50,0.181258,0.112975,0.928270,2.9
cbm,cbm,continuous,68,51,0.193999,0.113501,0.921941,2.9
cbm,cbm,continuous,68,52,0.193159,0.110770,0.925105,2.9
cbm,cbm,continuous,68,53,0.174091,0.113166,0.935654,2.9
cbm,cbm,continuous,68,54,0.221065,0.118245,0.912447,2.9
cbm,cbm,continuous,68,55,0.173379,0.109345,0.932489,2.9
cbm,cbm,continuous,68,56,0.286119,0.134577,0.883966,2.9
cbm,cbm,continuous,68,57,0.196247,0.112091,0.914557,2.9
cbm,cbm,continuous,68,58,0.208781,0.118013,0.904008,2.9
cbm,cbm,continuous,68,59,0.167418,0.110315,0.932489,2.9
cbm,cbm,continuous,68,60,0.178937,0.105683,0.936709,2.9
cbm,cbm,continuous,68,61,0.127348,0.109851,0.949367,2.9
cbm,cbm,continuous,68,62,0.196072,0.108277,0.929325,2.9
cbm,cbm,continuous,68,63,0.223362,0.120492,0.909283,2.9
cbm,cbm,continuous,68,64,0.159563,0.110892,0.941983,2.9
cbm,cbm,continuous,68,65,0.137408,0.104595,0.952532,2.9
cbm,cbm,continuous,68,66,0.157858,0.107626,0.937764,2.9
cbm,cbm,continuous,68,67,0.142566,0.106796,0.948312,3.0
cbm,cbm,continuous,68,68,0.082219,0.104431,0.969409,2.9
cbm,cbm,continuous,68,69,0.152087,0.105003,0.939873,2.9
cbm,cbm,continuous,68,70,0.152342,0.101253,0.935654,2.9
cbm,cbm,continuous,68,71,0.109499,0.101129,0.958861,2.9
cbm,cbm,continuous,68,72,0.151201,0.102103,0.941983,3.0
cbm,cbm,continuous,68,73,0.129532,0.100160,0.951477,2.9
cbm,cbm,continuous,68,74,0.093240,0.103406,0.959916,2.9
cbm,cbm,continuous,68,75,0.128125,0.101503,0.959916,3.0
cbm,cbm,continuous,68,76,0.096065,0.096383,0.968354,2.9
cbm,cbm,continuous,68,77,0.141719,0.096641,0.938819,2.9
cbm,cbm,continuous,68,78,0.128835,0.098505,0.949367,3.0
cbm,cbm,continuous,68,79,0.110268,0.096219,0.954641,2.9
cbm,cbm,continuous,68,80,0.142790,0.100358,0.936709,2.9
cbm,cbm,continuous,68,81,0.148838,0.105304,0.938819,2.9
cbm,cbm,continuous,68,82,0.134522,0.103089,0.951477,2.9
cbm,cbm,continuous,68,83,0.188877,0.108767,0.927215,2.9
cbm,cbm,continuous,68,84,0.153000,0.103377,0.937764,3.0
cbm,cbm,continuous,68,85,0.067412,0.097632,0.977848,2.9
cbm,cbm,continuous,68,86,0.140390,0.094120,0.947257,2.9
cbm,cbm,continuous,68,87,0.085156,0.091924,0.962025,2.9
cbm,cbm,continuous,68,88,0.076620,0.089848,0.975738,2.9
cbm,cbm,continuous,68,89,0.064291,0.090637,0.981013,2.9
cbm,cbm,continuous,68,90,0.132259,0.086945,0.950422,2.9
cbm,cbm,continuous,68,91,0.046730,0.085644,0.987342,2.9
cbm,cbm,continuous,68,92,0.063869,0.083167,0.978903,2.9
cbm,cbm,continuous,68,93,0.115101,0.082455,0.951477,2.9
cbm,cbm,continuous,68,94,0.110019,0.081044,0.948312,2.9
cbm,cbm,continuous,68,95,0.105116,0.078665,0.959916,2.9
cbm,cbm,continuous,68,96,0.070742,0.078555,0.976793,2.9
cbm,cbm,continuous,68,97,0.102964,0.078245,0.962025,2.9
cbm,cbm,continuous,68,98,0.072686,0.078030,0.972574,2.9
cbm,cbm,continuous,68,99,0.266929,0.125780,0.899789,2.9
cbm,cbm,continuous,68,100,0.218418,0.122582,0.906118,2.9
cbm,cbm,continuous,69,1,0.686817,0.184154,0.549894,2.9
cbm,cbm,continuous,69,2,0.672740,0.144010,0.597665,2.9
cbm,cbm,continuous,69,3,0.655912,0.148047,0.624204,2.9
cbm,cbm,continuous,69,4,0.611374,0.141325,0.676221,2.9
cbm,cbm,continuous,69,5,0.578418,0.139351,0.711253,2.9
cbm,cbm,continuous,69,6,0.586625,0.134764,0.694268,2.9
cbm,cbm,continuous,69,7,0.559481,0.125335,0.714437,2.9
cbm,cbm,continuous,69,8,0.542738,0.126801,0.731423,2.9
cbm,cbm,continuous,69,9,0.543735,0.126930,0.734607,2.9
cbm,cbm,continuous,69,10,0.540994,0.125969,0.726115,2.9
cbm,cbm,continuous,69,11,0.488109,0.124367,0.773885,2.9
cbm,cbm,continuous,69,12,0.457578,0.122222,0.784501,2.9
cbm,cbm,continuous,69,13,0.425465,0.120091,0.807856,2.9
cbm,cbm,continuous,69,14,0.474850,0.124988,0.781316,2.9
cbm,cbm,continuous,69,15,0.457208,0.119998,0.792994,2.9
cbm,cbm,continuous,69,16,0.441385,0.124927,0.800425,2.9
cbm,cbm,continuous,69,17,0.435546,0.119433,0.812102,2.9
cbm,cbm,continuous,69,18,0.414576,0.116987,0.806794,2.9
cbm,cbm,continuous,69,19,0.455666,0.118901,0.786624,2.9
cbm,cbm,continuous,69,20,0.407646,0.115701,0.829087,2.9
cbm,cbm,continuous,69,21,0.419935,0.119438,0.820594,2.9
cbm,cbm,continuous,69,22,0.413885,0.116608,0.821656,2.9
cbm,cbm,continuous,69,23,0.381631,0.118295,0.839703,2.9
cbm,cbm,continuous,69,24,0.416941,0.119066,0.812102,2.8
cbm,cbm,continuous,69,25,0.371548,0.113521,0.848195,2.9
cbm,cbm,continuous,69,26,0.349421,0.114575,0.850318,2.9
cbm,cbm,continuous,69,27,0.382458,0.116133,0.833333,2.9
cbm,cbm,continuous,69,28,0.351050,0.112302,0.853503,2.9
cbm,cbm,continuous,69,29,0.355502,0.116355,0.853503,2.9
cbm,cbm,continuous,69,30,0.330412,0.114378,0.858811,2.9
cbm,cbm,continuous,69,31,0.341625,0.116266,0.866242,2.9
cbm,cbm,continuous,69,32,0.304938,0.109492,0.884289,2.9
cbm,cbm,continuous,69,33,0.312078,0.112983,0.877919,2.9
cbm,cbm,continuous,69,34,0.342605,0.117106,0.856688,2.9
cbm,cbm,continuous,69,35,0.293829,0.115177,0.881104,2.9
cbm,cbm,continuous,69,36,0.281433,0.109955,0.877919,2.9
cbm,cbm,continuous,69,37,0.339133,0.126901,0.867304,2.9
cbm,cbm,continuous,69,38,0.255547,0.116429,0.899151,2.9
cbm,cbm,continuous,69,39,0.302002,0.114685,0.877919,2.9
cbm,cbm,continuous,69,40,0.282768,0.114759,0.887473,2.9
cbm,cbm,continuous,69,41,0.233073,0.109661,0.908705,2.9
cbm,cbm,continuous,69,42,0.273028,0.111796,0.894904,2.9
cbm,cbm,continuous,69,43,0.246903,0.109394,0.912951,2.9
cbm,cbm,continuous,69,44,0.209764,0.110067,0.923567,2.9
cbm,cbm,continuous,69,45,0.305709,0.118910,0.866242,2.9
cbm,cbm,continuous,69,46,0.248415,0.114292,0.902335,2.9
cbm,cbm,continuous,69,47,0.213824,0.113631,0.908705,2.9
cbm,cbm,continuous,69,48,0.231262,0.111781,0.908705,2.9
cbm,cbm,continuous,69,49,0.222320,0.114832,0.905520,2.9
cbm,cbm,continuous,69,50,0.195946,0.110005,0.922505,2.9
cbm,cbm,continuous,69,51,0.189782,0.107239,0.937367,2.9
cbm,cbm,continuous,69,52,0.179564,0.108293,0.937367,2.9
cbm,cbm,continuous,69,53,0.185616,0.112494,0.925690,2.9
cbm,cbm,continuous,69,54,0.176373,0.108578,0.930998,2.9
cbm,cbm,continuous,69,55,0.224662,0.111454,0.911890,2.9
cbm,cbm,continuous,69,56,0.232930,0.120723,0.909766,2.9
cbm,cbm,continuous,69,57,0.239753,0.116695,0.901274,2.9
cbm,cbm,continuous,69,58,0.221795,0.108039,0.907643,2.9
cbm,cbm,continuous,69,59,0.154670,0.107347,0.944798,2.9
cbm,cbm,continuous,69,60,0.130500,0.110923,0.953291,3.0
cbm,cbm,continuous,69,61,0.134396,0.106617,0.951168,2.9
cbm,cbm,continuous,69,62,0.229442,0.119736,0.911890,2.9
cbm,cbm,continuous,69,63,0.186486,0.111832,0.924628,2.9
cbm,cbm,continuous,69,64,0.132568,0.109953,0.953291,2.9
cbm,cbm,continuous,69,65,0.089425,0.107414,0.971338,2.9
cbm,cbm,continuous,69,66,0.176371,0.103476,0.932059,2.9
cbm,cbm,continuous,69,67,0.135175,0.100993,0.949045,2.9
cbm,cbm,continuous,69,68,0.143876,0.101517,0.947983,2.9
cbm,cbm,continuous,69,69,0.111140,0.100382,0.960722,2.9
cbm,cbm,continuous,69,70,0.102455,0.101635,0.967091,2.9
cbm,cbm,continuous,69,71,0.125147,0.099167,0.961783,2.9
cbm,cbm,continuous,69,72,0.126347,0.096227,0.954352,2.9
cbm,cbm,continuous,69,73,0.259610,0.114654,0.890658,2.8
cbm,cbm,continuous,69,74,0.195481,0.115225,0.923567,2.9
cbm,cbm,continuous,69,75,0.329057,0.184019,0.874735,2.9
cbm,cbm,continuous,69,76,0.125815,0.108307,0.958599,2.9
cbm,cbm,continuous,69,77,0.111110,0.105161,0.961783,2.9
cbm,cbm,continuous,69,78,0.111613,0.098721,0.956476,2.9
cbm,cbm,continuous,69,79,0.102907,0.098161,0.960722,2.9
cbm,cbm,continuous,69,80,0.107467,0.094278,0.956476,2.9
cbm,cbm,continuous,69,81,0.136007,0.096246,0.947983,2.9
cbm,cbm,continuous,69,82,0.110484,0.098474,0.960722,2.9
cbm,cbm,continuous,69,83,0.150638,0.104937,0.942675,2.9
cbm,cbm,continuous,69,84,0.129955,0.104039,0.950106,2.9
cbm,cbm,continuous,69,85,0.115540,0.105374,0.959660,2.8
cbm,cbm,continuous,69,86,0.088333,0.101654,0.969214,2.9
cbm,cbm,continuous,69,87,0.099744,0.096391,0.967091,2.9
cbm,cbm,continuous,69,88,0.070832,0.094050,0.974522,2.9
cbm,cbm,continuous,69,89,0.056925,0.092303,0.980892,2.9
cbm,cbm,continuous,69,90,0.105975,0.090808,0.961783,2.9
cbm,cbm,continuous,69,91,0.116820,0.088933,0.960722,2.9
cbm,cbm,continuous,69,92,0.162764,0.100148,0.936306,2.9
cbm,cbm,continuous,69,93,0.147272,0.113723,0.950106,2.9
cbm,cbm,continuous,69,94,0.169821,0.102404,0.926752,2.9
cbm,cbm,continuous,69,95,0.133040,0.106601,0.945860,2.9
cbm,cbm,continuous,69,96,0.096987,0.098407,0.961783,2.8
cbm,cbm,continuous,69,97,0.111982,0.100009,0.956476,2.9
cbm,cbm,continuous,69,98,0.123667,0.098639,0.960722,2.9
cbm,cbm,continuous,69,99,0.146281,0.093852,0.940552,2.9
cbm,cbm,continuous,69,100,0.073909,0.092114,0.979830,2.9
cbm,cbm,continuous,70,1,0.685381,0.184036,0.561053,2.9
cbm,cbm,continuous,70,2,0.666162,0.151580,0.628421,2.9
cbm,cbm,continuous,70,3,0.615317,0.149770,0.701053,2.9
cbm,cbm,continuous,70,4,0.631954,0.146619,0.638947,2.9
cbm,cbm,continuous,70,5,0.599886,0.140784,0.688421,2.9
cbm,cbm,continuous,70,6,0.603108,0.143403,0.675789,2.9
cbm,cbm,continuous,70,7,0.582363,0.137875,0.691579,2.9
cbm,cbm,continuous,70,8,0.543769,0.138331,0.738947,2.9
cbm,cbm,continuous,70,9,0.552390,0.138172,0.729474,2.9
cbm,cbm,continuous,70,10,0.533845,0.131413,0.744211,2.9
cbm,cbm,continuous,70,11,0.529435,0.126324,0.717895,2.9
cbm,cbm,continuous,70,12,0.549094,0.139615,0.737895,2.9
cbm,cbm,continuous,70,13,0.500580,0.127640,0.773684,2.9
cbm,cbm,continuous,70,14,0.513919,0.125163,0.749474,2.9
cbm,cbm,continuous,70,15,0.470107,0.122567,0.783158,2.9
cbm,cbm,continuous,70,16,0.470585,0.119582,0.782105,2.9
cbm,cbm,continuous,70,17,0.465174,0.121192,0.780000,2.9
cbm,cbm,continuous,70,18,0.563669,0.142875,0.721053,2.9
cbm,cbm,continuous,70,19,0.453854,0.119972,0.797895,2.9
cbm,cbm,continuous,70,20,0.433340,0.117167,0.804211,2.9
cbm,cbm,continuous,70,21,0.416986,0.114594,0.812632,3.0
cbm,cbm,continuous,70,22,0.426582,0.118542,0.806316,2.9
cbm,cbm,continuous,70,23,0.421604,0.118569,0.808421,2.9
cbm,cbm,continuous,70,24,0.395645,0.115819,0.836842,2.9
cbm,cbm,continuous,70,25,0.411456,0.116941,0.824211,2.9
cbm,cbm,continuous,70,26,0.403440,0.118724,0.830526,2.9
cbm,cbm,continuous,70,27,0.391357,0.115175,0.822105,3.0
cbm,cbm,continuous,70,28,0.388825,0.117117,0.814737,2.9
cbm,cbm,continuous,70,29,0.405779,0.118496,0.825263,2.9
cbm,cbm,continuous,70,30,0.360133,0.113381,0.847368,2.9
cbm,cbm,continuous,70,31,0.381436,0.118410,0.834737,2.9
cbm,cbm,continuous,70,32,0.391866,0.119841,0.836842,2.9
cbm,cbm,continuous,70,33,0.359866,0.112735,0.843158,3.0
cbm,cbm,continuous,70,34,0.352413,0.114701,0.841053,2.9
cbm,cbm,continuous,70,35,0.355610,0.114266,0.858947,2.9
cbm,cbm,continuous,70,36,0.322668,0.117334,0.851579,2.9
cbm,cbm,continuous,70,37,0.342291,0.116868,0.852632,2.9
cbm,cbm,continuous,70,38,0.375893,0.121693,0.847368,2.9
cbm,cbm,continuous,70,39,0.305144,0.115225,0.869474,2.9
cbm,cbm,continuous,70,40,0.290246,0.109855,0.884211,2.9
cbm,cbm,continuous,70,41,0.300959,0.110200,0.882105,2.9
cbm,cbm,continuous,70,42,0.289861,0.111583,0.878947,2.9
cbm,cbm,continuous,70,43,0.267341,0.111915,0.886316,2.9
cbm,cbm,continuous,70,44,0.322453,0.120401,0.852632,2.9
cbm,cbm,continuous,70,45,0.343736,0.121235,0.842105,2.9
cbm,cbm,continuous,70,46,0.317892,0.130226,0.848421,2.9
cbm,cbm,continuous,70,47,0.278946,0.115301,0.883158,2.9
cbm,cbm,continuous,70,48,0.240667,0.110687,0.900000,2.9
cbm,cbm,continuous,70,49,0.223578,0.109926,0.906316,2.9
cbm,cbm,continuous,70,50,0.273626,0.115179,0.886316,2.9
cbm,cbm,continuous,70,51,0.292376,0.120743,0.890526,2.9
cbm,cbm,continuous,70,52,0.237436,0.130467,0.909474,2.9
cbm,cbm,continuous,70,53,0.223776,0.111598,0.908421,3.0
cbm,cbm,continuous,70,54,0.202761,0.111029,0.928421,2.9
cbm,cbm,continuous,70,55,0.205972,0.109964,0.917895,2.9
cbm,cbm,continuous,70,56,0.185386,0.111702,0.927368,3.0
cbm,cbm,continuous,70,57,0.208304,0.113459,0.925263,2.9
cbm,cbm,continuous,70,58,0.190214,0.113964,0.931579,2.9
cbm,cbm,continuous,70,59,0.132959,0.108878,0.951579,3.0
cbm,cbm,continuous,70,60,0.197025,0.109783,0.915789,2.9
cbm,cbm,continuous,70,61,0.237369,0.122999,0.909474,2.9
cbm,cbm,continuous,70,62,0.204008,0.111245,0.928421,3.0
cbm,cbm,continuous,70,63,0.153586,0.109686,0.945263,2.9
cbm,cbm,continuous,70,64,0.147710,0.113886,0.942105,2.9
cbm,cbm,continuous,70,65,0.138917,0.110017,0.938947,3.0
cbm,cbm,continuous,70,66,0.129470,0.106523,0.963158,2.9
cbm,cbm,continuous,70,67,0.101460,0.106522,0.962105,2.9
cbm,cbm,continuous,70,68,0.146003,0.111192,0.949474,3.0
cbm,cbm,continuous,70,69,0.205880,0.112600,0.920000,2.9
cbm,cbm,continuous,70,70,0.121893,0.106748,0.961053,2.9
cbm,cbm,continuous,70,71,0.133239,0.105965,0.954737,2.9
cbm,cbm,continuous,70,72,0.119210,0.102884,0.955789,2.9
cbm,cbm,continuous,70,73,0.089723,0.101696,0.966316,2.9
cbm,cbm,continuous,70,74,0.120930,0.098366,0.952632,2.9
cbm,cbm,continuous,70,75,0.128108,0.102060,0.946316,2.9
cbm,cbm,continuous,70,76,0.242353,0.119628,0.906316,2.9
cbm,cbm,continuous,70,77,0.149978,0.108053,0.935789,2.9
cbm,cbm,continuous,70,78,0.117080,0.102623,0.957895,2.9
cbm,cbm,continuous,70,79,0.119873,0.098482,0.954737,2.9
cbm,cbm,continuous,70,80,0.075520,0.098935,0.975789,2.9
cbm,cbm,continuous,70,81,0.111052,0.097912,0.955789,2.9
cbm,cbm,continuous,70,82,0.115599,0.096160,0.956842,2.9
cbm,cbm,continuous,70,83,0.082327,0.093791,0.973684,2.9
cbm,cbm,continuous,70,84,0.098461,0.096582,0.963158,2.9
cbm,cbm,continuous,70,85,0.118699,0.092937,0.956842,2.9
cbm,cbm,continuous,70,86,0.108317,0.090324,0.956842,2.9
cbm,cbm,continuous,70,87,0.107523,0.089847,0.961053,2.9
cbm,cbm,continuous,70,88,0.130174,0.088103,0.949474,2.9
cbm,cbm,continuous,70,89,0.105922,0.085651,0.961053,2.9
cbm,cbm,continuous,70,90,0.084969,0.085163,0.964211,2.9
cbm,cbm,continuous,70,91,0.122702,0.094565,0.953684,3.0
cbm,cbm,continuous,70,92,0.154303,0.093052,0.937895,2.9
cbm,cbm,continuous,70,93,0.227269,0.111060,0.906316,2.9
cbm,cbm,continuous,70,94,0.159992,0.101062,0.936842,2.9
cbm,cbm,continuous,70,95,0.109406,0.096379,0.960000,2.9
cbm,cbm,continuous,70,96,0.074158,0.090074,0.970526,2.9
cbm,cbm,continuous,70,97,0.130872,0.087179,0.942105,3.0
cbm,cbm,continuous,70,98,0.091826,0.083672,0.965263,2.9
cbm,cbm,continuous,70,99,0.085592,0.084703,0.965263,2.9
cbm,cbm,continuous,70,100,0.067588,0.082253,0.973684,3.0
