variant,bottleneck,concept_mode,seed,epoch,task_loss,concept_loss,train_acc,seconds
nn,none,continuous,41,1,0.717084,0.000000,0.515215,3.2
nn,none,continuous,41,2,0.670751,0.000000,0.592865,3.0
nn,none,continuous,41,3,0.669808,0.000000,0.575026,2.9
nn,none,continuous,41,4,0.672064,0.000000,0.580273,3.0
nn,none,continuous,41,5,0.655841,0.000000,0.605456,2.9
nn,none,continuous,41,6,0.661326,0.000000,0.605456,3.0
nn,none,continuous,41,7,0.658883,0.000000,0.605456,2.9
nn,none,continuous,41,8,0.643097,0.000000,0.650577,3.0
nn,none,continuous,41,9,0.616948,0.000000,0.661070,2.9
nn,none,continuous,41,10,0.622372,0.000000,0.662120,3.0
nn,none,continuous,41,11,0.599191,0.000000,0.679958,2.9
nn,none,continuous,41,12,0.617198,0.000000,0.657922,3.0
nn,none,continuous,41,13,0.582800,0.000000,0.710388,2.9
nn,none,continuous,41,14,0.580217,0.000000,0.715635,3.0
nn,none,continuous,41,15,0.551614,0.000000,0.728227,2.9
nn,none,continuous,41,16,0.546343,0.000000,0.745016,3.0
nn,none,continuous,41,17,0.540990,0.000000,0.750262,2.9
nn,none,continuous,41,18,0.520239,0.000000,0.743966,3.0
nn,none,continuous,41,19,0.496245,0.000000,0.766002,2.9
nn,none,continuous,41,20,0.472787,0.000000,0.782791,3.0
nn,none,continuous,41,21,0.467295,0.000000,0.794334,2.9
nn,none,continuous,41,22,0.475134,0.000000,0.791186,3.0
nn,none,continuous,41,23,0.455295,0.000000,0.802728,2.9
nn,none,continuous,41,24,0.435131,0.000000,0.803778,3.0
nn,none,continuous,41,25,0.416631,0.000000,0.833158,2.9
nn,none,continuous,41,26,0.412746,0.000000,0.825813,3.0
nn,none,continuous,41,27,0.369706,0.000000,0.845750,2.9
nn,none,continuous,41,28,0.374487,0.000000,0.862539,2.9
nn,none,continuous,41,29,0.348786,0.000000,0.870934,2.9
nn,none,continuous,41,30,0.359389,0.000000,0.856243,3.0
nn,none,continuous,41,31,0.328920,0.000000,0.877230,2.9
nn,none,continuous,41,32,0.309525,0.000000,0.878279,2.9
nn,none,continuous,41,33,0.326435,0.000000,0.867786,2.9
nn,none,continuous,41,34,0.319268,0.000000,0.871983,2.9
nn,none,continuous,41,35,0.269556,0.000000,0.906611,3.0
nn,none,continuous,41,36,0.265817,0.000000,0.907660,2.9
nn,none,continuous,41,37,0.291591,0.000000,0.881427,3.0
nn,none,continuous,41,38,0.245373,0.000000,0.912907,2.9
nn,none,continuous,41,39,0.210875,0.000000,0.931794,2.9
nn,none,continuous,41,40,0.198448,0.000000,0.944386,2.9
nn,none,continuous,41,41,0.211104,0.000000,0.924449,3.0
nn,none,continuous,41,42,0.198069,0.000000,0.932844,2.9
nn,none,continuous,41,43,0.183203,0.000000,0.938090,2.9
nn,none,continuous,41,44,0.156434,0.000000,0.954879,2.9
nn,none,continuous,41,45,0.145258,0.000000,0.954879,3.0
nn,none,continuous,41,46,0.131000,0.000000,0.962225,2.9
nn,none,continuous,41,47,0.121588,0.000000,0.971668,3.0
nn,none,continuous,41,48,0.106769,0.000000,0.977964,2.9
nn,none,continuous,41,49,0.095586,0.000000,0.981112,2.9
nn,none,continuous,41,50,0.069979,0.000000,0.991605,2.9
nn,none,continuous,41,51,0.057706,0.000000,0.994753,3.0
nn,none,continuous,41,52,0.056553,0.000000,0.991605,2.9
nn,none,continuous,41,53,0.071636,0.000000,0.986359,3.0
nn,none,continuous,41,54,0.066993,0.000000,0.987408,2.9
nn,none,continuous,41,55,0.053625,0.000000,0.995803,3.0
nn,none,continuous,41,56,0.055518,0.000000,0.989507,2.9
nn,none,continuous,41,57,0.053269,0.000000,0.990556,2.9
nn,none,continuous,41,58,0.028875,0.000000,0.998951,3.0
nn,none,continuous,41,59,0.026328,0.000000,0.998951,2.9
nn,none,continuous,41,60,0.018287,0.000000,0.997901,2.9
nn,none,continuous,41,61,0.018080,0.000000,0.998951,3.0
nn,none,continuous,41,62,0.016592,0.000000,0.998951,2.9
nn,none,continuous,41,63,0.016630,0.000000,0.998951,3.0
nn,none,continuous,41,64,0.012504,0.000000,1.000000,2.9
nn,none,continuous,41,65,0.023039,0.000000,0.996852,2.9
nn,none,continuous,41,66,0.030646,0.000000,0.994753,3.0
nn,none,continuous,41,67,0.030359,0.000000,0.995803,2.9
nn,none,continuous,41,68,0.021445,0.000000,0.997901,3.0
nn,none,continuous,41,69,0.043352,0.000000,0.989507,2.9
nn,none,continuous,41,70,0.018921,0.000000,1.000000,3.0
nn,none,continuous,41,71,0.012316,0.000000,1.000000,2.9
nn,none,continuous,41,72,0.010841,0.000000,1.000000,2.9
nn,none,continuous,41,73,0.011345,0.000000,0.998951,3.0
nn,none,continuous,41,74,0.006402,0.000000,1.000000,2.9
nn,none,continuous,41,75,0.005351,0.000000,1.000000,3.0
nn,none,continuous,41,76,0.005024,0.000000,1.000000,2.9
nn,none,continuous,41,77,0.007153,0.000000,1.000000,3.0
nn,none,continuous,41,78,0.006199,0.000000,1.000000,3.0
nn,none,continuous,41,79,0.063544,0.000000,0.983211,3.0
nn,none,continuous,41,80,0.130567,0.000000,0.951731,2.9
nn,none,continuous,41,81,0.054685,0.000000,0.988458,3.0
nn,none,continuous,41,82,0.047923,0.000000,0.988458,2.9
nn,none,continuous,41,83,0.032275,0.000000,0.994753,3.0
nn,none,continuous,41,84,0.019983,0.000000,0.995803,2.9
nn,none,continuous,41,85,0.006868,0.000000,1.000000,3.0
nn,none,continuous,41,86,0.005074,0.000000,1.000000,2.9
nn,none,continuous,41,87,0.003811,0.000000,1.000000,3.0
nn,none,continuous,41,88,0.003609,0.000000,1.000000,2.9
nn,none,continuous,41,89,0.003252,0.000000,1.000000,3.0
nn,none,continuous,41,90,0.003284,0.000000,1.000000,2.9
nn,none,continuous,41,91,0.002930,0.000000,1.000000,3.0
nn,none,continuous,41,92,0.001851,0.000000,1.000000,2.9
nn,none,continuous,41,93,0.002914,0.000000,1.000000,3.0
nn,none,continuous,41,94,0.002245,0.000000,1.000000,2.9
nn,none,continuous,41,95,0.001948,0.000000,1.000000,3.0
nn,none,continuous,41,96,0.015219,0.000000,0.991605,2.9
nn,none,continuous,41,97,0.066928,0.000000,0.982162,3.0
nn,none,continuous,41,98,0.011506,0.000000,1.000000,2.9
nn,none,continuous,41,99,0.020284,0.000000,0.993704,3.0
nn,none,continuous,41,100,0.060097,0.000000,0.980063,2.9
nn,none,continuous,42,1,0.726559,0.000000,0.536170,2.9
nn,none,continuous,42,2,0.673509,0.000000,0.592553,2.9
nn,none,continuous,42,3,0.670800,0.000000,0.593617,3.0
nn,none,continuous,42,4,0.674440,0.000000,0.597872,2.9
nn,none,continuous,42,5,0.671718,0.000000,0.600000,2.9
nn,none,continuous,42,6,0.670835,0.000000,0.588298,2.9
nn,none,continuous,42,7,0.653962,0.000000,0.618085,2.9
nn,none,continuous,42,8,0.656442,0.000000,0.618085,2.9
nn,none,continuous,42,9,0.630806,0.000000,0.637234,2.9
nn,none,continuous,42,10,0.632784,0.000000,0.655319,2.9
nn,none,continuous,42,11,0.593433,0.000000,0.695745,2.9
nn,none,continuous,42,12,0.603023,0.000000,0.673404,2.9
nn,none,continuous,42,13,0.609969,0.000000,0.663830,2.9
nn,none,continuous,42,14,0.579431,0.000000,0.687234,2.9
nn,none,continuous,42,15,0.552470,0.000000,0.712766,2.9
nn,none,continuous,42,16,0.520629,0.000000,0.753191,2.9
nn,none,continuous,42,17,0.511176,0.000000,0.764894,2.9
nn,none,continuous,42,18,0.500349,0.000000,0.747872,2.9
nn,none,continuous,42,19,0.504231,0.000000,0.756383,2.9
nn,none,continuous,42,20,0.467682,0.000000,0.803191,2.9
nn,none,continuous,42,21,0.477144,0.000000,0.779787,2.9
nn,none,continuous,42,22,0.464746,0.000000,0.793617,2.9
nn,none,continuous,42,23,0.434628,0.000000,0.805319,2.9
nn,none,continuous,42,24,0.430770,0.000000,0.796809,2.9
nn,none,continuous,42,25,0.420294,0.000000,0.831915,2.9
nn,none,continuous,42,26,0.413505,0.000000,0.827660,3.0
nn,none,continuous,42,27,0.377622,0.000000,0.839362,2.9
nn,none,continuous,42,28,0.380221,0.000000,0.828723,2.9
nn,none,continuous,42,29,0.351482,0.000000,0.859574,2.9
nn,none,continuous,42,30,0.354063,0.000000,0.850000,2.9
nn,none,continuous,42,31,0.335743,0.000000,0.869149,2.9
nn,none,continuous,42,32,0.344608,0.000000,0.854255,2.9
nn,none,continuous,42,33,0.324371,0.000000,0.870213,2.9
nn,none,continuous,42,34,0.314903,0.000000,0.876596,2.9
nn,none,continuous,42,35,0.344665,0.000000,0.846809,2.9
nn,none,continuous,42,36,0.291582,0.000000,0.894681,2.9
nn,none,continuous,42,37,0.286135,0.000000,0.890426,2.9
nn,none,continuous,42,38,0.285409,0.000000,0.891489,2.9
nn,none,continuous,42,39,0.278087,0.000000,0.896809,2.9
nn,none,continuous,42,40,0.237636,0.000000,0.907447,2.9
nn,none,continuous,42,41,0.242905,0.000000,0.913830,2.9
nn,none,continuous,42,42,0.236387,0.000000,0.918085,2.9
nn,none,continuous,42,43,0.201244,0.000000,0.940426,2.9
nn,none,continuous,42,44,0.201688,0.000000,0.925532,2.9
nn,none,continuous,42,45,0.182567,0.000000,0.935106,2.9
nn,none,continuous,42,46,0.159859,0.000000,0.944681,2.9
nn,none,continuous,42,47,0.177257,0.000000,0.942553,2.9
nn,none,continuous,42,48,0.175438,0.000000,0.935106,2.9
nn,none,continuous,42,49,0.156616,0.000000,0.950000,2.9
nn,none,continuous,42,50,0.139527,0.000000,0.959574,2.9
nn,none,continuous,42,51,0.115799,0.000000,0.975532,2.9
nn,none,continuous,42,52,0.137976,0.000000,0.960638,2.9
nn,none,continuous,42,53,0.115618,0.000000,0.974468,2.9
nn,none,continuous,42,54,0.095019,0.000000,0.980851,2.9
nn,none,continuous,42,55,0.107758,0.000000,0.964894,2.9
nn,none,continuous,42,56,0.078378,0.000000,0.982979,2.9
nn,none,continuous,42,57,0.120995,0.000000,0.973404,2.9
nn,none,continuous,42,58,0.079024,0.000000,0.985106,2.9
nn,none,continuous,42,59,0.056781,0.000000,0.990426,2.9
nn,none,continuous,42,60,0.059687,0.000000,0.992553,2.9
nn,none,continuous,42,61,0.090485,0.000000,0.976596,2.9
nn,none,continuous,42,62,0.067858,0.000000,0.986170,2.9
nn,none,continuous,42,63,0.057619,0.000000,0.990426,2.9
nn,none,continuous,42,64,0.044006,0.000000,0.994681,2.6
nn,none,continuous,42,65,0.035686,0.000000,0.996809,2.7
nn,none,continuous,42,66,0.034662,0.000000,0.997872,2.6
nn,none,continuous,42,67,0.024627,0.000000,1.000000,2.7
nn,none,continuous,42,68,0.025980,0.000000,0.997872,2.7
nn,none,continuous,42,69,0.015865,0.000000,1.000000,2.7
nn,none,continuous,42,70,0.024745,0.000000,0.998936,2.7
nn,none,continuous,42,71,0.021936,0.000000,0.998936,2.8
nn,none,continuous,42,72,0.013405,0.000000,1.000000,2.8
nn,none,continuous,42,73,0.023543,0.000000,0.995745,2.7
nn,none,continuous,42,74,0.081256,0.000000,0.971277,2.7
nn,none,continuous,42,75,0.058055,0.000000,0.982979,2.7
nn,none,continuous,42,76,0.039202,0.000000,0.994681,2.7
nn,none,continuous,42,77,0.014449,0.000000,1.000000,2.7
nn,none,continuous,42,78,0.025236,0.000000,0.996809,2.7
nn,none,continuous,42,79,0.030021,0.000000,0.993617,2.7
nn,none,continuous,42,80,0.026121,0.000000,0.995745,2.7
nn,none,continuous,42,81,0.048048,0.000000,0.987234,2.8
nn,none,continuous,42,82,0.062652,0.000000,0.977660,2.8
nn,none,continuous,42,83,0.040421,0.000000,0.991489,2.9
nn,none,continuous,42,84,0.043733,0.000000,0.989362,2.9
nn,none,continuous,42,85,0.024665,0.000000,0.997872,2.8
nn,none,continuous,42,86,0.015440,0.000000,0.998936,2.9
nn,none,continuous,42,87,0.024084,0.000000,0.994681,2.9
nn,none,continuous,42,88,0.008186,0.000000,1.000000,2.9
nn,none,continuous,42,89,0.008969,0.000000,1.000000,2.9
nn,none,continuous,42,90,0.005576,0.000000,1.000000,2.9
nn,none,continuous,42,91,0.009975,0.000000,1.000000,2.9
nn,none,continuous,42,92,0.010189,0.000000,1.000000,2.9
nn,none,continuous,42,93,0.008765,0.000000,1.000000,2.9
nn,none,continuous,42,94,0.004215,0.000000,1.000000,2.9
nn,none,continuous,42,95,0.002891,0.000000,1.000000,2.9
nn,none,continuous,42,96,0.002918,0.000000,1.000000,2.9
nn,none,continuous,42,97,0.003281,0.000000,1.000000,2.9
nn,none,continuous,42,98,0.003872,0.000000,1.000000,2.9
nn,none,continuous,42,99,0.002912,0.000000,1.000000,2.8
nn,none,continuous,42,100,0.003490,0.000000,1.000000,3.0
nn,none,continuous,43,1,0.703133,0.000000,0.554852,2.9
nn,none,continuous,43,2,0.674124,0.000000,0.591772,2.9
nn,none,continuous,43,3,0.673832,0.000000,0.556962,2.9
nn,none,continuous,43,4,0.661027,0.000000,0.607595,2.9
nn,none,continuous,43,5,0.661850,0.000000,0.600211,2.9
nn,none,continuous,43,6,0.644399,0.000000,0.640295,2.9
nn,none,continuous,43,7,0.638891,0.000000,0.638186,2.9
nn,none,continuous,43,8,0.630931,0.000000,0.656118,2.9
nn,none,continuous,43,9,0.624212,0.000000,0.647679,2.9
nn,none,continuous,43,10,0.611323,0.000000,0.660338,2.9
nn,none,continuous,43,11,0.603201,0.000000,0.680380,3.0
nn,none,continuous,43,12,0.590613,0.000000,0.680380,2.9
nn,none,continuous,43,13,0.580693,0.000000,0.691983,3.0
nn,none,continuous,43,14,0.561108,0.000000,0.714135,2.9
nn,none,continuous,43,15,0.526078,0.000000,0.736287,3.0
nn,none,continuous,43,16,0.521298,0.000000,0.744726,2.9
nn,none,continuous,43,17,0.512996,0.000000,0.753165,2.9
nn,none,continuous,43,18,0.506939,0.000000,0.760549,2.9
nn,none,continuous,43,19,0.497483,0.000000,0.766878,2.9
nn,none,continuous,43,20,0.471284,0.000000,0.785865,2.9
nn,none,continuous,43,21,0.454542,0.000000,0.787975,2.9
nn,none,continuous,43,22,0.431799,0.000000,0.810127,2.9
nn,none,continuous,43,23,0.440388,0.000000,0.813291,2.9
nn,none,continuous,43,24,0.459746,0.000000,0.783755,2.9
nn,none,continuous,43,25,0.418711,0.000000,0.824895,2.9
nn,none,continuous,43,26,0.410583,0.000000,0.825949,2.9
nn,none,continuous,43,27,0.384158,0.000000,0.842827,2.9
nn,none,continuous,43,28,0.385266,0.000000,0.841772,2.9
nn,none,continuous,43,29,0.377787,0.000000,0.837553,2.9
nn,none,continuous,43,30,0.354706,0.000000,0.839662,2.9
nn,none,continuous,43,31,0.367044,0.000000,0.841772,2.9
nn,none,continuous,43,32,0.332632,0.000000,0.863924,2.9
nn,none,continuous,43,33,0.330348,0.000000,0.869198,2.9
nn,none,continuous,43,34,0.311302,0.000000,0.872363,2.9
nn,none,continuous,43,35,0.302273,0.000000,0.881857,2.9
nn,none,continuous,43,36,0.275863,0.000000,0.898734,2.9
nn,none,continuous,43,37,0.257960,0.000000,0.894515,2.9
nn,none,continuous,43,38,0.248720,0.000000,0.901899,2.9
nn,none,continuous,43,39,0.231464,0.000000,0.925105,2.9
nn,none,continuous,43,40,0.239542,0.000000,0.913502,3.0
nn,none,continuous,43,41,0.200365,0.000000,0.930380,2.9
nn,none,continuous,43,42,0.225325,0.000000,0.907173,3.0
nn,none,continuous,43,43,0.218640,0.000000,0.919831,2.9
nn,none,continuous,43,44,0.211659,0.000000,0.922996,3.0
nn,none,continuous,43,45,0.166692,0.000000,0.944093,2.9
nn,none,continuous,43,46,0.158203,0.000000,0.954641,2.9
nn,none,continuous,43,47,0.119949,0.000000,0.968354,2.9
nn,none,continuous,43,48,0.131102,0.000000,0.962025,3.0
nn,none,continuous,43,49,0.121351,0.000000,0.972574,2.9
nn,none,continuous,43,50,0.120205,0.000000,0.963080,3.0
nn,none,continuous,43,51,0.114215,0.000000,0.968354,2.9
nn,none,continuous,43,52,0.075393,0.000000,0.988397,2.9
nn,none,continuous,43,53,0.082688,0.000000,0.983122,2.9
nn,none,continuous,43,54,0.066521,0.000000,0.988397,2.9
nn,none,continuous,43,55,0.073476,0.000000,0.984177,3.0
nn,none,continuous,43,56,0.054107,0.000000,0.996835,2.9
nn,none,continuous,43,57,0.041408,0.000000,0.995781,2.9
nn,none,continuous,43,58,0.038987,0.000000,0.996835,2.9
nn,none,continuous,43,59,0.050281,0.000000,0.992616,2.9
nn,none,continuous,43,60,0.039120,0.000000,0.993671,2.9
nn,none,continuous,43,61,0.088084,0.000000,0.965190,2.9
nn,none,continuous,43,62,0.066777,0.000000,0.986287,2.9
nn,none,continuous,43,63,0.049501,0.000000,0.989451,2.9
nn,none,continuous,43,64,0.035010,0.000000,0.996835,2.9
nn,none,continuous,43,65,0.016692,0.000000,1.000000,2.9
nn,none,continuous,43,66,0.023314,0.000000,0.994726,2.9
nn,none,continuous,43,67,0.021344,0.000000,0.997890,2.9
nn,none,continuous,43,68,0.036043,0.000000,0.995781,2.9
nn,none,continuous,43,69,0.053307,0.000000,0.991561,2.9
nn,none,continuous,43,70,0.049117,0.000000,0.986287,2.9
nn,none,continuous,43,71,0.023930,0.000000,0.997890,3.0
nn,none,continuous,43,72,0.048467,0.000000,0.990506,2.9
nn,none,continuous,43,73,0.034251,0.000000,0.994726,3.0
nn,none,continuous,43,74,0.017332,0.000000,1.000000,2.9
nn,none,continuous,43,75,0.009677,0.000000,1.000000,3.0
nn,none,continuous,43,76,0.011444,0.000000,0.998945,2.9
nn,none,continuous,43,77,0.117583,0.000000,0.950422,3.0
nn,none,continuous,43,78,0.067095,0.000000,0.985232,2.9
nn,none,continuous,43,79,0.051566,0.000000,0.985232,2.9
nn,none,continuous,43,80,0.048737,0.000000,0.990506,2.9
nn,none,continuous,43,81,0.013942,0.000000,1.000000,2.9
nn,none,continuous,43,82,0.010937,0.000000,1.000000,2.9
nn,none,continuous,43,83,0.009637,0.000000,1.000000,2.9
nn,none,continuous,43,84,0.007884,0.000000,0.998945,2.9
nn,none,continuous,43,85,0.009905,0.000000,1.000000,2.9
nn,none,continuous,43,86,0.014323,0.000000,0.998945,2.9
nn,none,continuous,43,87,0.006558,0.000000,0.998945,2.9
nn,none,continuous,43,88,0.004876,0.000000,1.000000,2.9
nn,none,continuous,43,89,0.004032,0.000000,1.000000,2.9
nn,none,continuous,43,90,0.005193,0.000000,1.000000,2.9
nn,none,continuous,43,91,0.002879,0.000000,1.000000,2.9
nn,none,continuous,43,92,0.004076,0.000000,1.000000,2.9
nn,none,continuous,43,93,0.003148,0.000000,1.000000,3.0
nn,none,continuous,43,94,0.002311,0.000000,1.000000,2.9
nn,none,continuous,43,95,0.003099,0.000000,1.000000,2.9
nn,none,continuous,43,96,0.002658,0.000000,1.000000,2.9
nn,none,continuous,43,97,0.002885,0.000000,1.000000,2.9
nn,none,continuous,43,98,0.003485,0.000000,1.000000,2.9
nn,none,continuous,43,99,0.003737,0.000000,1.000000,2.9
nn,none,continuous,43,100,0.002476,0.000000,1.000000,3.0
nn,none,continuous,44,1,0.714355,0.000000,0.514048,2.9
nn,none,continuous,44,2,0.678602,0.000000,0.552549,3.0
nn,none,continuous,44,3,0.686084,0.000000,0.557752,2.9
nn,none,continuous,44,4,0.669369,0.000000,0.594173,3.0
nn,none,continuous,44,5,0.650222,0.000000,0.609781,2.9
nn,none,continuous,44,6,0.645450,0.000000,0.638918,3.0
nn,none,continuous,44,7,0.635160,0.000000,0.646202,2.9
nn,none,continuous,44,8,0.619158,0.000000,0.665973,3.0
nn,none,continuous,44,9,0.603233,0.000000,0.687825,2.9
nn,none,continuous,44,10,0.596905,0.000000,0.685744,3.0
nn,none,continuous,44,11,0.570694,0.000000,0.708637,3.0
nn,none,continuous,44,12,0.559266,0.000000,0.715921,3.0
nn,none,continuous,44,13,0.555412,0.000000,0.730489,3.0
nn,none,continuous,44,14,0.533046,0.000000,0.740895,2.9
nn,none,continuous,44,15,0.512237,0.000000,0.753382,3.0
nn,none,continuous,44,16,0.510216,0.000000,0.764828,2.9
nn,none,continuous,44,17,0.464351,0.000000,0.781478,3.0
nn,none,continuous,44,18,0.454778,0.000000,0.791883,2.9
nn,none,continuous,44,19,0.453129,0.000000,0.798127,3.0
nn,none,continuous,44,20,0.449640,0.000000,0.786681,2.9
nn,none,continuous,44,21,0.427316,0.000000,0.807492,3.0
nn,none,continuous,44,22,0.426157,0.000000,0.816857,2.9
nn,none,continuous,44,23,0.409674,0.000000,0.816857,3.0
nn,none,continuous,44,24,0.398018,0.000000,0.833507,3.0
nn,none,continuous,44,25,0.383128,0.000000,0.840791,3.0
nn,none,continuous,44,26,0.374018,0.000000,0.848075,2.9
nn,none,continuous,44,27,0.353012,0.000000,0.857440,2.9
nn,none,continuous,44,28,0.358944,0.000000,0.844953,3.0
nn,none,continuous,44,29,0.332244,0.000000,0.870968,3.0
nn,none,continuous,44,30,0.309068,0.000000,0.877211,3.0
nn,none,continuous,44,31,0.315685,0.000000,0.874089,3.0
nn,none,continuous,44,32,0.329941,0.000000,0.868887,3.0
nn,none,continuous,44,33,0.286213,0.000000,0.889698,3.0
nn,none,continuous,44,34,0.319141,0.000000,0.860562,3.0
nn,none,continuous,44,35,0.276961,0.000000,0.894901,2.9
nn,none,continuous,44,36,0.284562,0.000000,0.889698,2.9
nn,none,continuous,44,37,0.253131,0.000000,0.908429,3.0
nn,none,continuous,44,38,0.243919,0.000000,0.911550,3.0
nn,none,continuous,44,39,0.222769,0.000000,0.929240,3.0
nn,none,continuous,44,40,0.213247,0.000000,0.930281,3.0
nn,none,continuous,44,41,0.200419,0.000000,0.936524,3.0
nn,none,continuous,44,42,0.225341,0.000000,0.909469,3.0
nn,none,continuous,44,43,0.195408,0.000000,0.932362,2.9
nn,none,continuous,44,44,0.171301,0.000000,0.946930,3.0
nn,none,continuous,44,45,0.192018,0.000000,0.933403,2.9
nn,none,continuous,44,46,0.169571,0.000000,0.944849,3.0
nn,none,continuous,44,47,0.144354,0.000000,0.955255,3.0
nn,none,continuous,44,48,0.149210,0.000000,0.954214,3.0
nn,none,continuous,44,49,0.146609,0.000000,0.953174,2.9
nn,none,continuous,44,50,0.129344,0.000000,0.965661,3.0
nn,none,continuous,44,51,0.109200,0.000000,0.975026,2.9
nn,none,continuous,44,52,0.098983,0.000000,0.979188,3.0
nn,none,continuous,44,53,0.112899,0.000000,0.967742,2.9
nn,none,continuous,44,54,0.093967,0.000000,0.978148,3.0
nn,none,continuous,44,55,0.060392,0.000000,0.989594,2.9
nn,none,continuous,44,56,0.080561,0.000000,0.984391,3.0
nn,none,continuous,44,57,0.154386,0.000000,0.947971,3.0
nn,none,continuous,44,58,0.123501,0.000000,0.958377,3.0
nn,none,continuous,44,59,0.066640,0.000000,0.988554,3.0
nn,none,continuous,44,60,0.072001,0.000000,0.987513,2.9
nn,none,continuous,44,61,0.123248,0.000000,0.961498,3.0
nn,none,continuous,44,62,0.106499,0.000000,0.970864,2.9
nn,none,continuous,44,63,0.053273,0.000000,0.993757,3.0
nn,none,continuous,44,64,0.067422,0.000000,0.973985,2.9
nn,none,continuous,44,65,0.039581,0.000000,0.997919,3.0
nn,none,continuous,44,66,0.044565,0.000000,0.994797,2.9
nn,none,continuous,44,67,0.035486,0.000000,0.997919,3.0
nn,none,continuous,44,68,0.020947,0.000000,1.000000,2.9
nn,none,continuous,44,69,0.030531,0.000000,0.994797,3.0
nn,none,continuous,44,70,0.132698,0.000000,0.951093,2.9
nn,none,continuous,44,71,0.054520,0.000000,0.987513,3.0
nn,none,continuous,44,72,0.036565,0.000000,0.992716,3.0
nn,none,continuous,44,73,0.020496,0.000000,0.998959,2.9
nn,none,continuous,44,74,0.024157,0.000000,0.997919,3.0
nn,none,continuous,44,75,0.019700,0.000000,0.997919,2.9
nn,none,continuous,44,76,0.035080,0.000000,0.995838,3.0
nn,none,continuous,44,77,0.021891,0.000000,0.997919,2.9
nn,none,continuous,44,78,0.011981,0.000000,1.000000,3.0
nn,none,continuous,44,79,0.018026,0.000000,0.997919,3.0
nn,none,continuous,44,80,0.097756,0.000000,0.958377,3.0
nn,none,continuous,44,81,0.056973,0.000000,0.988554,2.9
nn,none,continuous,44,82,0.076715,0.000000,0.976067,3.0
nn,none,continuous,44,83,0.025905,0.000000,0.992716,2.9
nn,none,continuous,44,84,0.092939,0.000000,0.967742,3.0
nn,none,continuous,44,85,0.076826,0.000000,0.972945,3.0
nn,none,continuous,44,86,0.027584,0.000000,0.995838,3.0
nn,none,continuous,44,87,0.021636,0.000000,0.998959,3.0
nn,none,continuous,44,88,0.015067,0.000000,1.000000,3.0
nn,none,continuous,44,89,0.030740,0.000000,0.992716,3.0
nn,none,continuous,44,90,0.016143,0.000000,1.000000,3.0
nn,none,continuous,44,91,0.011661,0.000000,1.000000,2.9
nn,none,continuous,44,92,0.099321,0.000000,0.970864,3.0
nn,none,continuous,44,93,0.080197,0.000000,0.976067,2.9
nn,none,continuous,44,94,0.028430,0.000000,0.994797,3.0
nn,none,continuous,44,95,0.014239,0.000000,1.000000,2.9
nn,none,continuous,44,96,0.016177,0.000000,0.998959,3.0
nn,none,continuous,44,97,0.018571,0.000000,0.997919,2.9
nn,none,continuous,44,98,0.015090,0.000000,1.000000,3.0
nn,none,continuous,44,99,0.008243,0.000000,1.000000,2.9
nn,none,continuous,44,100,0.020469,0.000000,0.998959,3.0
nn,none,continuous,45,1,0.711427,0.000000,0.555202,2.9
nn,none,continuous,45,2,0.671521,0.000000,0.593418,2.9
nn,none,continuous,45,3,0.670034,0.000000,0.590234,2.9
nn,none,continuous,45,4,0.652331,0.000000,0.627389,2.9
nn,none,continuous,45,5,0.651320,0.000000,0.624204,2.9
nn,none,continuous,45,6,0.640748,0.000000,0.635881,2.9
nn,none,continuous,45,7,0.642604,0.000000,0.642251,2.9
nn,none,continuous,45,8,0.619472,0.000000,0.656051,2.9
nn,none,continuous,45,9,0.607031,0.000000,0.679406,2.9
nn,none,continuous,45,10,0.591214,0.000000,0.701699,2.8
nn,none,continuous,45,11,0.582715,0.000000,0.699575,2.9
nn,none,continuous,45,12,0.588447,0.000000,0.694268,2.9
nn,none,continuous,45,13,0.562811,0.000000,0.725053,2.9
nn,none,continuous,45,14,0.549790,0.000000,0.748408,2.9
nn,none,continuous,45,15,0.504733,0.000000,0.760085,2.9
nn,none,continuous,45,16,0.511867,0.000000,0.751592,2.9
nn,none,continuous,45,17,0.491003,0.000000,0.769639,2.9
nn,none,continuous,45,18,0.496460,0.000000,0.761146,2.9
nn,none,continuous,45,19,0.482497,0.000000,0.768577,2.9
nn,none,continuous,45,20,0.456417,0.000000,0.791932,2.9
nn,none,continuous,45,21,0.466937,0.000000,0.780255,2.9
nn,none,continuous,45,22,0.450146,0.000000,0.797240,2.9
nn,none,continuous,45,23,0.425402,0.000000,0.814225,2.9
nn,none,continuous,45,24,0.397056,0.000000,0.831210,2.9
nn,none,continuous,45,25,0.423944,0.000000,0.807856,2.9
nn,none,continuous,45,26,0.396215,0.000000,0.830149,2.9
nn,none,continuous,45,27,0.388289,0.000000,0.841826,2.9
nn,none,continuous,45,28,0.375643,0.000000,0.835456,2.9
nn,none,continuous,45,29,0.372904,0.000000,0.842887,2.9
nn,none,continuous,45,30,0.356675,0.000000,0.851380,2.9
nn,none,continuous,45,31,0.358955,0.000000,0.851380,2.9
nn,none,continuous,45,32,0.335872,0.000000,0.850318,2.9
nn,none,continuous,45,33,0.310885,0.000000,0.881104,2.9
nn,none,continuous,45,34,0.322720,0.000000,0.876858,2.9
nn,none,continuous,45,35,0.308758,0.000000,0.876858,2.9
nn,none,continuous,45,36,0.299543,0.000000,0.884289,2.9
nn,none,continuous,45,37,0.288561,0.000000,0.884289,2.9
nn,none,continuous,45,38,0.252801,0.000000,0.902335,2.9
nn,none,continuous,45,39,0.241359,0.000000,0.912951,2.9
nn,none,continuous,45,40,0.239829,0.000000,0.924628,2.9
nn,none,continuous,45,41,0.227305,0.000000,0.935244,2.9
nn,none,continuous,45,42,0.213365,0.000000,0.926752,2.9
nn,none,continuous,45,43,0.198527,0.000000,0.934183,2.9
nn,none,continuous,45,44,0.188870,0.000000,0.928875,2.9
nn,none,continuous,45,45,0.193927,0.000000,0.937367,2.9
nn,none,continuous,45,46,0.171221,0.000000,0.946921,2.9
nn,none,continuous,45,47,0.167275,0.000000,0.949045,2.9
nn,none,continuous,45,48,0.162408,0.000000,0.951168,2.9
nn,none,continuous,45,49,0.128096,0.000000,0.968153,2.9
nn,none,continuous,45,50,0.128449,0.000000,0.966030,2.9
nn,none,continuous,45,51,0.141235,0.000000,0.957537,2.9
nn,none,continuous,45,52,0.124975,0.000000,0.969214,2.9
nn,none,continuous,45,53,0.124260,0.000000,0.966030,2.9
nn,none,continuous,45,54,0.080102,0.000000,0.986200,2.9
nn,none,continuous,45,55,0.070283,0.000000,0.989384,2.9
nn,none,continuous,45,56,0.085704,0.000000,0.979830,3.0
nn,none,continuous,45,57,0.070897,0.000000,0.989384,2.9
nn,none,continuous,45,58,0.066192,0.000000,0.988323,2.9
nn,none,continuous,45,59,0.062711,0.000000,0.988323,2.9
nn,none,continuous,45,60,0.045615,0.000000,0.997877,3.0
nn,none,continuous,45,61,0.053280,0.000000,0.989384,2.9
nn,none,continuous,45,62,0.074905,0.000000,0.985138,2.9
nn,none,continuous,45,63,0.040571,0.000000,0.995754,2.9
nn,none,continuous,45,64,0.034508,0.000000,0.997877,2.9
nn,none,continuous,45,65,0.036784,0.000000,0.993631,2.9
nn,none,continuous,45,66,0.033553,0.000000,0.994692,2.9
nn,none,continuous,45,67,0.039188,0.000000,0.992569,2.9
nn,none,continuous,45,68,0.031975,0.000000,0.995754,2.9
nn,none,continuous,45,69,0.047490,0.000000,0.993631,2.9
nn,none,continuous,45,70,0.036620,0.000000,0.996815,2.9
nn,none,continuous,45,71,0.040519,0.000000,0.991507,2.9
nn,none,continuous,45,72,0.049528,0.000000,0.990446,2.9
nn,none,continuous,45,73,0.023181,0.000000,1.000000,2.9
nn,none,continuous,45,74,0.021542,0.000000,0.996815,2.9
nn,none,continuous,45,75,0.026353,0.000000,0.997877,2.9
nn,none,continuous,45,76,0.021511,0.000000,0.996815,2.9
nn,none,continuous,45,77,0.015606,0.000000,1.000000,2.9
nn,none,continuous,45,78,0.015035,0.000000,0.998938,2.9
nn,none,continuous,45,79,0.013644,0.000000,0.997877,2.9
nn,none,continuous,45,80,0.014470,0.000000,0.997877,2.9
nn,none,continuous,45,81,0.010831,0.000000,1.000000,2.9
nn,none,continuous,45,82,0.007008,0.000000,1.000000,2.9
nn,none,continuous,45,83,0.010491,0.000000,0.998938,2.9
nn,none,continuous,45,84,0.021230,0.000000,0.997877,2.9
nn,none,continuous,45,85,0.028548,0.000000,0.991507,3.0
nn,none,continuous,45,86,0.066942,0.000000,0.974522,2.9
nn,none,continuous,45,87,0.057842,0.000000,0.990446,3.0
nn,none,continuous,45,88,0.048374,0.000000,0.984076,2.9
nn,none,continuous,45,89,0.031419,0.000000,0.995754,3.0
nn,none,continuous,45,90,0.016433,0.000000,0.997877,2.9
nn,none,continuous,45,91,0.010470,0.000000,1.000000,2.9
nn,none,continuous,45,92,0.023649,0.000000,0.995754,2.9
nn,none,continuous,45,93,0.057019,0.000000,0.981953,2.9
nn,none,continuous,45,94,0.021409,0.000000,0.995754,2.9
nn,none,continuous,45,95,0.017140,0.000000,0.997877,2.9
nn,none,continuous,45,96,0.009220,0.000000,1.000000,2.9
nn,none,continuous,45,97,0.004747,0.000000,1.000000,2.9
nn,none,continuous,45,98,0.004661,0.000000,1.000000,2.9
nn,none,continuous,45,99,0.003098,0.000000,1.000000,2.9
nn,none,continuous,45,100,0.004212,0.000000,1.000000,2.9
nn,none,continuous,46,1,0.694926,0.000000,0.561181,2.9
nn,none,continuous,46,2,0.671874,0.000000,0.583333,2.9
nn,none,continuous,46,3,0.660056,0.000000,0.612869,2.9
nn,none,continuous,46,4,0.637101,0.000000,0.632911,2.9
nn,none,continuous,46,5,0.626123,0.000000,0.657173,2.9
nn,none,continuous,46,6,0.620392,0.000000,0.645570,2.9
nn,none,continuous,46,7,0.603143,0.000000,0.654008,2.9
nn,none,continuous,46,8,0.598364,0.000000,0.679325,2.9
nn,none,continuous,46,9,0.579922,0.000000,0.682489,3.0
nn,none,continuous,46,10,0.574886,0.000000,0.701477,2.9
nn,none,continuous,46,11,0.549682,0.000000,0.735232,2.9
nn,none,continuous,46,12,0.529697,0.000000,0.748945,3.0
nn,none,continuous,46,13,0.539216,0.000000,0.740506,2.9
nn,none,continuous,46,14,0.497454,0.000000,0.765823,3.0
nn,none,continuous,46,15,0.495559,0.000000,0.767932,2.9
nn,none,continuous,46,16,0.480881,0.000000,0.778481,3.0
nn,none,continuous,46,17,0.482565,0.000000,0.770042,2.9
nn,none,continuous,46,18,0.472547,0.000000,0.777426,3.0
nn,none,continuous,46,19,0.440478,0.000000,0.798523,2.9
nn,none,continuous,46,20,0.449410,0.000000,0.796414,3.0
nn,none,continuous,46,21,0.423933,0.000000,0.817511,2.9
nn,none,continuous,46,22,0.418855,0.000000,0.815401,3.0
nn,none,continuous,46,23,0.400215,0.000000,0.814346,2.9
nn,none,continuous,46,24,0.423136,0.000000,0.806962,3.0
nn,none,continuous,46,25,0.385571,0.000000,0.836498,3.0
nn,none,continuous,46,26,0.399077,0.000000,0.825949,2.9
nn,none,continuous,46,27,0.349976,0.000000,0.858650,2.9
nn,none,continuous,46,28,0.341210,0.000000,0.857595,2.9
nn,none,continuous,46,29,0.325884,0.000000,0.876582,2.9
nn,none,continuous,46,30,0.319615,0.000000,0.881857,2.9
nn,none,continuous,46,31,0.301299,0.000000,0.878692,2.9
nn,none,continuous,46,32,0.292704,0.000000,0.888186,2.9
nn,none,continuous,46,33,0.281839,0.000000,0.889241,2.9
nn,none,continuous,46,34,0.298974,0.000000,0.880802,2.9
nn,none,continuous,46,35,0.279000,0.000000,0.899789,2.9
nn,none,continuous,46,36,0.262594,0.000000,0.906118,2.9
nn,none,continuous,46,37,0.226179,0.000000,0.912447,3.0
nn,none,continuous,46,38,0.230845,0.000000,0.918776,2.9
nn,none,continuous,46,39,0.188966,0.000000,0.940928,2.9
nn,none,continuous,46,40,0.174847,0.000000,0.953586,2.9
nn,none,continuous,46,41,0.179994,0.000000,0.951477,2.9
nn,none,continuous,46,42,0.167517,0.000000,0.939873,3.0
nn,none,continuous,46,43,0.155769,0.000000,0.955696,2.9
nn,none,continuous,46,44,0.171486,0.000000,0.944093,2.9
nn,none,continuous,46,45,0.158544,0.000000,0.944093,3.0
nn,none,continuous,46,46,0.144058,0.000000,0.954641,2.9
nn,none,continuous,46,47,0.126794,0.000000,0.960970,3.0
nn,none,continuous,46,48,0.089037,0.000000,0.984177,2.9
nn,none,continuous,46,49,0.119263,0.000000,0.968354,3.0
nn,none,continuous,46,50,0.088850,0.000000,0.982068,2.9
nn,none,continuous,46,51,0.062100,0.000000,0.993671,3.0
nn,none,continuous,46,52,0.050497,0.000000,0.996835,2.9
nn,none,continuous,46,53,0.053493,0.000000,0.993671,3.0
nn,none,continuous,46,54,0.147726,0.000000,0.939873,2.9
nn,none,continuous,46,55,0.080298,0.000000,0.988397,2.9
nn,none,continuous,46,56,0.044397,0.000000,0.997890,2.9
nn,none,continuous,46,57,0.032402,0.000000,1.000000,2.9
nn,none,continuous,46,58,0.025961,0.000000,0.997890,2.9
nn,none,continuous,46,59,0.035433,0.000000,0.994726,2.9
nn,none,continuous,46,60,0.026896,0.000000,1.000000,2.9
nn,none,continuous,46,61,0.050149,0.000000,0.992616,2.9
nn,none,continuous,46,62,0.039603,0.000000,0.991561,3.0
nn,none,continuous,46,63,0.033668,0.000000,0.992616,2.9
nn,none,continuous,46,64,0.070614,0.000000,0.979958,3.0
nn,none,continuous,46,65,0.047994,0.000000,0.987342,2.9
nn,none,continuous,46,66,0.044390,0.000000,0.989451,2.9
nn,none,continuous,46,67,0.031274,0.000000,0.995781,2.9
nn,none,continuous,46,68,0.024595,0.000000,0.996835,2.9
nn,none,continuous,46,69,0.015675,0.000000,1.000000,2.9
nn,none,continuous,46,70,0.012061,0.000000,1.000000,2.9
nn,none,continuous,46,71,0.007830,0.000000,1.000000,2.9
nn,none,continuous,46,72,0.008817,0.000000,1.000000,2.9
nn,none,continuous,46,73,0.010312,0.000000,1.000000,2.9
nn,none,continuous,46,74,0.016357,0.000000,0.996835,3.0
nn,none,continuous,46,75,0.034907,0.000000,0.991561,2.9
nn,none,continuous,46,76,0.086039,0.000000,0.973629,3.0
nn,none,continuous,46,77,0.054522,0.000000,0.988397,2.9
nn,none,continuous,46,78,0.013579,0.000000,1.000000,3.0
nn,none,continuous,46,79,0.022161,0.000000,0.998945,2.9
nn,none,continuous,46,80,0.010789,0.000000,1.000000,3.0
nn,none,continuous,46,81,0.007105,0.000000,1.000000,2.9
nn,none,continuous,46,82,0.006645,0.000000,1.000000,3.0
nn,none,continuous,46,83,0.005314,0.000000,1.000000,2.9
nn,none,continuous,46,84,0.006236,0.000000,1.000000,3.0
nn,none,continuous,46,85,0.005877,0.000000,1.000000,2.9
nn,none,continuous,46,86,0.006262,0.000000,1.000000,2.9
nn,none,continuous,46,87,0.006977,0.000000,1.000000,2.9
nn,none,continuous,46,88,0.005271,0.000000,1.000000,2.9
nn,none,continuous,46,89,0.003675,0.000000,1.000000,2.9
nn,none,continuous,46,90,0.002255,0.000000,1.000000,2.9
nn,none,continuous,46,91,0.002371,0.000000,1.000000,2.9
nn,none,continuous,46,92,0.004329,0.000000,1.000000,2.9
nn,none,continuous,46,93,0.002955,0.000000,1.000000,3.0
nn,none,continuous,46,94,0.001591,0.000000,1.000000,2.9
nn,none,continuous,46,95,0.007257,0.000000,0.997890,2.9
nn,none,continuous,46,96,0.160479,0.000000,0.943038,2.9
nn,none,continuous,46,97,0.217845,0.000000,0.916667,3.0
nn,none,continuous,46,98,0.052275,0.000000,0.988397,2.9
nn,none,continuous,46,99,0.045044,0.000000,0.988397,2.9
nn,none,continuous,46,100,0.023803,0.000000,0.996835,2.9
nn,none,continuous,47,1,0.696588,0.000000,0.563751,2.9
nn,none,continuous,47,2,0.665839,0.000000,0.604847,2.9
nn,none,continuous,47,3,0.659387,0.000000,0.621707,2.9
nn,none,continuous,47,4,0.641501,0.000000,0.640674,2.9
nn,none,continuous,47,5,0.656487,0.000000,0.622761,2.9
nn,none,continuous,47,6,0.627081,0.000000,0.657534,2.9
nn,none,continuous,47,7,0.625877,0.000000,0.671233,3.0
nn,none,continuous,47,8,0.618080,0.000000,0.652266,2.9
nn,none,continuous,47,9,0.582854,0.000000,0.683878,2.9
nn,none,continuous,47,10,0.577464,0.000000,0.702845,2.9
nn,none,continuous,47,11,0.552347,0.000000,0.720759,2.9
nn,none,continuous,47,12,0.527608,0.000000,0.735511,2.9
nn,none,continuous,47,13,0.529075,0.000000,0.746048,3.0
nn,none,continuous,47,14,0.518483,0.000000,0.753425,2.9
nn,none,continuous,47,15,0.491391,0.000000,0.773446,2.9
nn,none,continuous,47,16,0.494577,0.000000,0.754478,2.9
nn,none,continuous,47,17,0.451859,0.000000,0.804004,2.9
nn,none,continuous,47,18,0.447120,0.000000,0.809273,2.9
nn,none,continuous,47,19,0.420337,0.000000,0.829294,2.9
nn,none,continuous,47,20,0.429928,0.000000,0.820864,3.0
nn,none,continuous,47,21,0.415129,0.000000,0.820864,2.9
nn,none,continuous,47,22,0.394890,0.000000,0.842993,3.0
nn,none,continuous,47,23,0.393887,0.000000,0.825079,2.9
nn,none,continuous,47,24,0.357833,0.000000,0.853530,3.0
nn,none,continuous,47,25,0.362764,0.000000,0.851423,2.9
nn,none,continuous,47,26,0.325951,0.000000,0.873551,3.0
nn,none,continuous,47,27,0.332426,0.000000,0.873551,2.9
nn,none,continuous,47,28,0.301854,0.000000,0.885142,3.0
nn,none,continuous,47,29,0.330704,0.000000,0.866175,2.9
nn,none,continuous,47,30,0.287257,0.000000,0.884089,3.0
nn,none,continuous,47,31,0.276653,0.000000,0.903056,2.9
nn,none,continuous,47,32,0.294868,0.000000,0.877766,3.0
nn,none,continuous,47,33,0.271736,0.000000,0.907271,2.9
nn,none,continuous,47,34,0.237815,0.000000,0.915701,2.9
nn,none,continuous,47,35,0.242818,0.000000,0.911486,2.9
nn,none,continuous,47,36,0.230600,0.000000,0.917808,2.9
nn,none,continuous,47,37,0.208669,0.000000,0.934668,2.9
nn,none,continuous,47,38,0.202951,0.000000,0.923077,3.0
nn,none,continuous,47,39,0.194620,0.000000,0.931507,2.9
nn,none,continuous,47,40,0.189842,0.000000,0.938883,3.0
nn,none,continuous,47,41,0.166090,0.000000,0.948367,2.9
nn,none,continuous,47,42,0.174115,0.000000,0.954689,3.0
nn,none,continuous,47,43,0.158084,0.000000,0.953635,2.9
nn,none,continuous,47,44,0.134952,0.000000,0.961012,3.0
nn,none,continuous,47,45,0.123629,0.000000,0.965227,2.9
nn,none,continuous,47,46,0.116690,0.000000,0.965227,3.0
nn,none,continuous,47,47,0.111962,0.000000,0.967334,2.9
nn,none,continuous,47,48,0.114542,0.000000,0.967334,2.9
nn,none,continuous,47,49,0.076251,0.000000,0.988409,2.9
nn,none,continuous,47,50,0.080878,0.000000,0.982086,2.9
nn,none,continuous,47,51,0.078348,0.000000,0.982086,2.9
nn,none,continuous,47,52,0.064793,0.000000,0.988409,2.9
nn,none,continuous,47,53,0.063332,0.000000,0.988409,2.9
nn,none,continuous,47,54,0.047022,0.000000,0.995785,2.9
nn,none,continuous,47,55,0.048235,0.000000,0.995785,3.0
nn,none,continuous,47,56,0.059075,0.000000,0.988409,2.9
nn,none,continuous,47,57,0.048705,0.000000,0.992624,2.9
nn,none,continuous,47,58,0.034807,0.000000,0.998946,2.9
nn,none,continuous,47,59,0.027757,0.000000,1.000000,2.9
nn,none,continuous,47,60,0.019881,0.000000,0.998946,2.9
nn,none,continuous,47,61,0.018819,0.000000,1.000000,2.9
nn,none,continuous,47,62,0.052180,0.000000,0.989463,2.9
nn,none,continuous,47,63,0.058232,0.000000,0.981033,2.9
nn,none,continuous,47,64,0.059880,0.000000,0.987355,2.9
nn,none,continuous,47,65,0.028826,0.000000,0.994731,2.9
nn,none,continuous,47,66,0.033462,0.000000,0.993678,2.9
nn,none,continuous,47,67,0.034984,0.000000,0.992624,3.0
nn,none,continuous,47,68,0.020972,0.000000,1.000000,2.9
nn,none,continuous,47,69,0.016114,0.000000,1.000000,3.0
nn,none,continuous,47,70,0.010814,0.000000,1.000000,2.9
nn,none,continuous,47,71,0.008699,0.000000,1.000000,2.9
nn,none,continuous,47,72,0.008451,0.000000,1.000000,2.9
nn,none,continuous,47,73,0.009033,0.000000,1.000000,3.0
nn,none,continuous,47,74,0.005500,0.000000,1.000000,2.9
nn,none,continuous,47,75,0.008504,0.000000,1.000000,3.0
nn,none,continuous,47,76,0.013545,0.000000,1.000000,2.9
nn,none,continuous,47,77,0.033624,0.000000,0.993678,2.9
nn,none,continuous,47,78,0.022513,0.000000,0.996839,2.9
nn,none,continuous,47,79,0.023360,0.000000,0.998946,2.9
nn,none,continuous,47,80,0.033651,0.000000,0.991570,2.9
nn,none,continuous,47,81,0.033111,0.000000,0.994731,2.9
nn,none,continuous,47,82,0.063848,0.000000,0.977871,2.9
nn,none,continuous,47,83,0.091654,0.000000,0.967334,2.9
nn,none,continuous,47,84,0.041462,0.000000,0.989463,2.9
nn,none,continuous,47,85,0.029899,0.000000,0.993678,2.9
nn,none,continuous,47,86,0.020971,0.000000,0.994731,2.9
nn,none,continuous,47,87,0.008632,0.000000,1.000000,2.9
nn,none,continuous,47,88,0.006676,0.000000,0.998946,2.9
nn,none,continuous,47,89,0.005656,0.000000,1.000000,2.9
nn,none,continuous,47,90,0.004762,0.000000,1.000000,2.9
nn,none,continuous,47,91,0.003966,0.000000,1.000000,2.9
nn,none,continuous,47,92,0.004842,0.000000,1.000000,2.9
nn,none,continuous,47,93,0.002682,0.000000,1.000000,2.9
nn,none,continuous,47,94,0.002918,0.000000,1.000000,2.9
nn,none,continuous,47,95,0.002260,0.000000,1.000000,2.9
nn,none,continuous,47,96,0.002759,0.000000,1.000000,2.9
nn,none,continuous,47,97,0.002349,0.000000,1.000000,2.9
nn,none,continuous,47,98,0.001808,0.000000,1.000000,2.9
nn,none,continuous,47,99,0.002037,0.000000,1.000000,2.9
nn,none,continuous,47,100,0.002178,0.000000,1.000000,3.0
nn,none,continuous,48,1,0.704563,0.000000,0.531183,2.8
nn,none,continuous,48,2,0.673694,0.000000,0.578495,2.9
nn,none,continuous,48,3,0.671836,0.000000,0.601075,2.8
nn,none,continuous,48,4,0.666897,0.000000,0.606452,2.9
nn,none,continuous,48,5,0.654413,0.000000,0.612903,2.8
nn,none,continuous,48,6,0.645364,0.000000,0.637634,2.9
nn,none,continuous,48,7,0.646816,0.000000,0.626882,2.8
nn,none,continuous,48,8,0.643887,0.000000,0.619355,2.9
nn,none,continuous,48,9,0.634528,0.000000,0.647312,2.9
nn,none,continuous,48,10,0.612918,0.000000,0.678495,2.9
nn,none,continuous,48,11,0.601560,0.000000,0.682796,2.9
nn,none,continuous,48,12,0.594897,0.000000,0.690323,2.8
nn,none,continuous,48,13,0.586441,0.000000,0.695699,2.8
nn,none,continuous,48,14,0.558497,0.000000,0.724731,2.9
nn,none,continuous,48,15,0.567799,0.000000,0.712903,2.8
nn,none,continuous,48,16,0.551666,0.000000,0.719355,2.9
nn,none,continuous,48,17,0.537200,0.000000,0.748387,2.8
nn,none,continuous,48,18,0.512845,0.000000,0.767742,2.9
nn,none,continuous,48,19,0.523913,0.000000,0.744086,2.8
nn,none,continuous,48,20,0.517232,0.000000,0.745161,2.9
nn,none,continuous,48,21,0.494220,0.000000,0.774194,2.8
nn,none,continuous,48,22,0.488523,0.000000,0.781720,2.9
nn,none,continuous,48,23,0.468104,0.000000,0.796774,2.8
nn,none,continuous,48,24,0.458847,0.000000,0.791398,2.9
nn,none,continuous,48,25,0.455461,0.000000,0.798925,2.9
nn,none,continuous,48,26,0.459988,0.000000,0.786022,2.9
nn,none,continuous,48,27,0.468768,0.000000,0.790323,2.8
nn,none,continuous,48,28,0.431028,0.000000,0.808602,2.9
nn,none,continuous,48,29,0.388241,0.000000,0.839785,2.9
nn,none,continuous,48,30,0.401361,0.000000,0.824731,2.9
nn,none,continuous,48,31,0.409865,0.000000,0.822581,2.9
nn,none,continuous,48,32,0.370271,0.000000,0.844086,2.9
nn,none,continuous,48,33,0.358543,0.000000,0.840860,2.9
nn,none,continuous,48,34,0.344387,0.000000,0.859140,2.8
nn,none,continuous,48,35,0.346935,0.000000,0.865591,2.8
nn,none,continuous,48,36,0.313734,0.000000,0.873118,2.9
nn,none,continuous,48,37,0.320502,0.000000,0.867742,2.8
nn,none,continuous,48,38,0.323606,0.000000,0.876344,2.9
nn,none,continuous,48,39,0.366779,0.000000,0.831183,2.8
nn,none,continuous,48,40,0.293496,0.000000,0.898925,2.9
nn,none,continuous,48,41,0.256227,0.000000,0.913978,2.9
nn,none,continuous,48,42,0.289704,0.000000,0.883871,2.9
nn,none,continuous,48,43,0.256814,0.000000,0.908602,2.9
nn,none,continuous,48,44,0.236933,0.000000,0.908602,2.8
nn,none,continuous,48,45,0.262065,0.000000,0.903226,2.9
nn,none,continuous,48,46,0.208121,0.000000,0.922581,2.8
nn,none,continuous,48,47,0.196244,0.000000,0.931183,2.8
nn,none,continuous,48,48,0.182688,0.000000,0.948387,2.9
nn,none,continuous,48,49,0.168298,0.000000,0.952688,2.9
nn,none,continuous,48,50,0.145625,0.000000,0.962366,2.9
nn,none,continuous,48,51,0.128975,0.000000,0.968817,2.8
nn,none,continuous,48,52,0.113427,0.000000,0.974194,2.9
nn,none,continuous,48,53,0.104932,0.000000,0.973118,2.8
nn,none,continuous,48,54,0.094882,0.000000,0.982796,2.9
nn,none,continuous,48,55,0.229071,0.000000,0.920430,2.8
nn,none,continuous,48,56,0.135040,0.000000,0.961290,2.8
nn,none,continuous,48,57,0.099982,0.000000,0.975269,2.9
nn,none,continuous,48,58,0.089784,0.000000,0.979570,2.8
nn,none,continuous,48,59,0.062709,0.000000,0.995699,2.9
nn,none,continuous,48,60,0.057134,0.000000,0.993548,2.8
nn,none,continuous,48,61,0.044594,0.000000,0.997849,2.9
nn,none,continuous,48,62,0.060169,0.000000,0.988172,2.8
nn,none,continuous,48,63,0.164110,0.000000,0.937634,2.9
nn,none,continuous,48,64,0.093624,0.000000,0.978495,2.8
nn,none,continuous,48,65,0.080506,0.000000,0.979570,2.9
nn,none,continuous,48,66,0.142758,0.000000,0.945161,2.8
nn,none,continuous,48,67,0.056082,0.000000,0.991398,2.9
nn,none,continuous,48,68,0.051360,0.000000,0.993548,2.8
nn,none,continuous,48,69,0.027254,0.000000,1.000000,2.9
nn,none,continuous,48,70,0.042267,0.000000,0.995699,2.9
nn,none,continuous,48,71,0.026273,0.000000,0.995699,2.9
nn,none,continuous,48,72,0.093027,0.000000,0.973118,2.9
nn,none,continuous,48,73,0.060693,0.000000,0.981720,2.9
nn,none,continuous,48,74,0.044629,0.000000,0.991398,2.8
nn,none,continuous,48,75,0.027097,0.000000,0.996774,2.9
nn,none,continuous,48,76,0.072091,0.000000,0.979570,2.8
nn,none,continuous,48,77,0.024599,0.000000,1.000000,2.9
nn,none,continuous,48,78,0.018223,0.000000,1.000000,2.8
nn,none,continuous,48,79,0.027710,0.000000,0.994624,2.9
nn,none,continuous,48,80,0.114318,0.000000,0.956989,2.8
nn,none,continuous,48,81,0.030408,0.000000,0.998925,2.9
nn,none,continuous,48,82,0.040758,0.000000,0.993548,2.8
nn,none,continuous,48,83,0.021588,0.000000,1.000000,2.9
nn,none,continuous,48,84,0.016426,0.000000,0.998925,2.9
nn,none,continuous,48,85,0.014303,0.000000,1.000000,2.9
nn,none,continuous,48,86,0.015836,0.000000,1.000000,2.9
nn,none,continuous,48,87,0.008719,0.000000,1.000000,2.9
nn,none,continuous,48,88,0.007172,0.000000,1.000000,2.8
nn,none,continuous,48,89,0.024298,0.000000,0.996774,2.8
nn,none,continuous,48,90,0.011858,0.000000,1.000000,2.8
nn,none,continuous,48,91,0.006892,0.000000,0.998925,2.9
nn,none,continuous,48,92,0.070795,0.000000,0.970968,2.8
nn,none,continuous,48,93,0.037761,0.000000,0.991398,2.9
nn,none,continuous,48,94,0.015134,0.000000,1.000000,2.8
nn,none,continuous,48,95,0.010066,0.000000,0.998925,2.9
nn,none,continuous,48,96,0.113878,0.000000,0.952688,2.8
nn,none,continuous,48,97,0.077804,0.000000,0.975269,2.9
nn,none,continuous,48,98,0.014876,0.000000,0.998925,2.8
nn,none,continuous,48,99,0.010151,0.000000,1.000000,2.9
nn,none,continuous,48,100,0.007236,0.000000,1.000000,2.8
nn,none,continuous,49,1,0.717171,0.000000,0.528978,3.0
nn,none,continuous,49,2,0.669159,0.000000,0.583772,2.9
nn,none,continuous,49,3,0.672470,0.000000,0.593256,2.9
nn,none,continuous,49,4,0.671434,0.000000,0.597471,2.9
nn,none,continuous,49,5,0.653267,0.000000,0.628030,2.9
nn,none,continuous,49,6,0.648918,0.000000,0.633298,2.9
nn,none,continuous,49,7,0.633991,0.000000,0.656481,2.9
nn,none,continuous,49,8,0.627291,0.000000,0.656481,2.9
nn,none,continuous,49,9,0.617279,0.000000,0.664910,2.9
nn,none,continuous,49,10,0.607930,0.000000,0.675448,2.9
nn,none,continuous,49,11,0.581099,0.000000,0.697576,2.9
nn,none,continuous,49,12,0.584293,0.000000,0.688093,2.9
nn,none,continuous,49,13,0.555948,0.000000,0.704953,2.9
nn,none,continuous,49,14,0.560425,0.000000,0.709168,2.9
nn,none,continuous,49,15,0.544515,0.000000,0.724974,3.0
nn,none,continuous,49,16,0.554312,0.000000,0.726027,2.9
nn,none,continuous,49,17,0.501381,0.000000,0.770285,2.9
nn,none,continuous,49,18,0.488944,0.000000,0.767123,2.9
nn,none,continuous,49,19,0.472206,0.000000,0.780822,2.9
nn,none,continuous,49,20,0.452713,0.000000,0.789252,2.9
nn,none,continuous,49,21,0.439850,0.000000,0.788198,2.9
nn,none,continuous,49,22,0.425246,0.000000,0.824025,2.9
nn,none,continuous,49,23,0.432523,0.000000,0.805058,2.9
nn,none,continuous,49,24,0.412248,0.000000,0.819810,2.9
nn,none,continuous,49,25,0.396900,0.000000,0.820864,2.9
nn,none,continuous,49,26,0.376751,0.000000,0.852476,3.0
nn,none,continuous,49,27,0.367334,0.000000,0.854584,2.9
nn,none,continuous,49,28,0.393462,0.000000,0.834563,2.9
nn,none,continuous,49,29,0.372876,0.000000,0.841939,2.8
nn,none,continuous,49,30,0.343590,0.000000,0.853530,2.9
nn,none,continuous,49,31,0.324069,0.000000,0.861960,2.9
nn,none,continuous,49,32,0.326487,0.000000,0.870390,2.9
nn,none,continuous,49,33,0.326131,0.000000,0.863014,2.9
nn,none,continuous,49,34,0.295118,0.000000,0.887250,2.9
nn,none,continuous,49,35,0.292908,0.000000,0.893572,2.9
nn,none,continuous,49,36,0.264676,0.000000,0.893572,2.9
nn,none,continuous,49,37,0.254191,0.000000,0.910432,2.9
nn,none,continuous,49,38,0.241566,0.000000,0.910432,2.9
nn,none,continuous,49,39,0.235553,0.000000,0.914647,2.9
nn,none,continuous,49,40,0.224541,0.000000,0.911486,3.0
nn,none,continuous,49,41,0.213890,0.000000,0.915701,2.9
nn,none,continuous,49,42,0.193282,0.000000,0.937829,2.9
nn,none,continuous,49,43,0.206059,0.000000,0.926238,2.9
nn,none,continuous,49,44,0.179598,0.000000,0.945205,2.9
nn,none,continuous,49,45,0.198269,0.000000,0.930453,2.9
nn,none,continuous,49,46,0.181371,0.000000,0.927292,2.9
nn,none,continuous,49,47,0.134002,0.000000,0.966280,2.9
nn,none,continuous,49,48,0.161699,0.000000,0.935722,2.9
nn,none,continuous,49,49,0.123921,0.000000,0.967334,2.9
nn,none,continuous,49,50,0.129585,0.000000,0.948367,2.9
nn,none,continuous,49,51,0.113194,0.000000,0.962065,2.9
nn,none,continuous,49,52,0.104251,0.000000,0.974710,2.9
nn,none,continuous,49,53,0.097006,0.000000,0.975764,2.9
nn,none,continuous,49,54,0.119103,0.000000,0.965227,2.9
nn,none,continuous,49,55,0.084018,0.000000,0.986301,2.9
nn,none,continuous,49,56,0.068415,0.000000,0.990516,2.9
nn,none,continuous,49,57,0.073622,0.000000,0.983140,2.9
nn,none,continuous,49,58,0.064996,0.000000,0.989463,2.9
nn,none,continuous,49,59,0.098814,0.000000,0.975764,2.9
nn,none,continuous,49,60,0.083907,0.000000,0.975764,2.9
nn,none,continuous,49,61,0.062821,0.000000,0.989463,2.9
nn,none,continuous,49,62,0.040368,0.000000,0.996839,2.9
nn,none,continuous,49,63,0.047123,0.000000,0.990516,2.9
nn,none,continuous,49,64,0.044974,0.000000,0.992624,2.9
nn,none,continuous,49,65,0.031789,0.000000,1.000000,2.9
nn,none,continuous,49,66,0.025638,0.000000,0.998946,2.9
nn,none,continuous,49,67,0.018001,0.000000,1.000000,2.9
nn,none,continuous,49,68,0.021060,0.000000,0.998946,2.9
nn,none,continuous,49,69,0.020128,0.000000,0.998946,2.9
nn,none,continuous,49,70,0.012604,0.000000,1.000000,2.9
nn,none,continuous,49,71,0.010406,0.000000,1.000000,3.0
nn,none,continuous,49,72,0.022243,0.000000,0.996839,2.9
nn,none,continuous,49,73,0.135034,0.000000,0.951528,2.9
nn,none,continuous,49,74,0.054512,0.000000,0.985248,2.8
nn,none,continuous,49,75,0.031598,0.000000,0.994731,3.0
nn,none,continuous,49,76,0.076571,0.000000,0.973656,2.9
nn,none,continuous,49,77,0.031968,0.000000,0.993678,3.0
nn,none,continuous,49,78,0.019163,0.000000,0.998946,2.9
nn,none,continuous,49,79,0.023985,0.000000,0.997893,2.9
nn,none,continuous,49,80,0.021473,0.000000,0.997893,2.9
nn,none,continuous,49,81,0.024516,0.000000,0.994731,2.9
nn,none,continuous,49,82,0.034041,0.000000,0.991570,2.9
nn,none,continuous,49,83,0.023623,0.000000,0.994731,2.9
nn,none,continuous,49,84,0.021323,0.000000,0.995785,2.9
nn,none,continuous,49,85,0.010198,0.000000,1.000000,2.9
nn,none,continuous,49,86,0.005736,0.000000,1.000000,2.9
nn,none,continuous,49,87,0.005148,0.000000,1.000000,2.9
nn,none,continuous,49,88,0.005055,0.000000,1.000000,2.9
nn,none,continuous,49,89,0.004513,0.000000,1.000000,2.9
nn,none,continuous,49,90,0.003102,0.000000,1.000000,2.9
nn,none,continuous,49,91,0.004485,0.000000,1.000000,2.9
nn,none,continuous,49,92,0.003461,0.000000,1.000000,2.9
nn,none,continuous,49,93,0.006887,0.000000,0.998946,2.8
nn,none,continuous,49,94,0.005884,0.000000,1.000000,2.6
nn,none,continuous,49,95,0.003126,0.000000,1.000000,2.7
nn,none,continuous,49,96,0.003060,0.000000,1.000000,2.6
nn,none,continuous,49,97,0.003122,0.000000,1.000000,2.7
nn,none,continuous,49,98,0.003392,0.000000,1.000000,2.7
nn,none,continuous,49,99,0.003413,0.000000,1.000000,2.7
nn,none,continuous,49,100,0.022946,0.000000,0.995785,2.7
nn,none,continuous,50,1,0.710451,0.000000,0.549510,2.8
nn,none,continuous,50,2,0.662134,0.000000,0.616975,2.6
nn,none,continuous,50,3,0.657302,0.000000,0.626768,2.6
nn,none,continuous,50,4,0.644438,0.000000,0.638738,2.6
nn,none,continuous,50,5,0.648269,0.000000,0.636561,2.6
nn,none,continuous,50,6,0.638497,0.000000,0.639826,2.6
nn,none,continuous,50,7,0.621733,0.000000,0.652884,2.6
nn,none,continuous,50,8,0.608234,0.000000,0.682263,2.6
nn,none,continuous,50,9,0.595567,0.000000,0.693145,2.6
nn,none,continuous,50,10,0.576498,0.000000,0.708379,2.6
nn,none,continuous,50,11,0.609726,0.000000,0.671382,2.7
nn,none,continuous,50,12,0.567978,0.000000,0.699674,2.8
nn,none,continuous,50,13,0.538005,0.000000,0.732318,2.8
nn,none,continuous,50,14,0.535138,0.000000,0.745375,2.8
nn,none,continuous,50,15,0.508602,0.000000,0.759521,2.8
nn,none,continuous,50,16,0.495938,0.000000,0.774755,2.8
nn,none,continuous,50,17,0.484935,0.000000,0.771491,2.8
nn,none,continuous,50,18,0.475129,0.000000,0.764962,2.8
nn,none,continuous,50,19,0.442628,0.000000,0.804135,2.8
nn,none,continuous,50,20,0.457144,0.000000,0.789989,2.8
nn,none,continuous,50,21,0.410697,0.000000,0.835691,2.8
nn,none,continuous,50,22,0.404419,0.000000,0.822633,2.9
nn,none,continuous,50,23,0.393632,0.000000,0.830250,2.8
nn,none,continuous,50,24,0.390505,0.000000,0.856366,2.8
nn,none,continuous,50,25,0.362129,0.000000,0.854189,2.8
nn,none,continuous,50,26,0.372015,0.000000,0.843308,2.8
nn,none,continuous,50,27,0.354529,0.000000,0.847661,2.8
nn,none,continuous,50,28,0.344992,0.000000,0.860718,2.8
nn,none,continuous,50,29,0.331979,0.000000,0.858542,2.8
nn,none,continuous,50,30,0.304131,0.000000,0.881393,2.8
nn,none,continuous,50,31,0.285607,0.000000,0.893362,2.9
nn,none,continuous,50,32,0.279708,0.000000,0.891186,2.8
nn,none,continuous,50,33,0.276525,0.000000,0.893362,2.8
nn,none,continuous,50,34,0.264626,0.000000,0.894450,2.8
nn,none,continuous,50,35,0.239266,0.000000,0.920566,2.8
nn,none,continuous,50,36,0.208993,0.000000,0.924918,2.8
nn,none,continuous,50,37,0.214683,0.000000,0.923830,2.8
nn,none,continuous,50,38,0.212131,0.000000,0.927095,2.8
nn,none,continuous,50,39,0.166457,0.000000,0.949946,2.8
nn,none,continuous,50,40,0.176370,0.000000,0.944505,2.8
nn,none,continuous,50,41,0.172112,0.000000,0.942329,2.8
nn,none,continuous,50,42,0.138187,0.000000,0.967356,2.8
nn,none,continuous,50,43,0.169560,0.000000,0.948857,2.8
nn,none,continuous,50,44,0.158095,0.000000,0.956474,2.8
nn,none,continuous,50,45,0.095951,0.000000,0.981502,2.9
nn,none,continuous,50,46,0.068853,0.000000,0.991295,2.8
nn,none,continuous,50,47,0.074985,0.000000,0.989119,2.8
nn,none,continuous,50,48,0.075773,0.000000,0.983678,2.8
nn,none,continuous,50,49,0.071925,0.000000,0.988030,2.9
nn,none,continuous,50,50,0.060098,0.000000,0.992383,2.8
nn,none,continuous,50,51,0.056137,0.000000,0.992383,2.9
nn,none,continuous,50,52,0.043993,0.000000,0.998912,2.8
nn,none,continuous,50,53,0.042030,0.000000,0.993471,2.8
nn,none,continuous,50,54,0.061263,0.000000,0.985854,2.8
nn,none,continuous,50,55,0.066415,0.000000,0.986942,2.8
nn,none,continuous,50,56,0.033150,0.000000,0.998912,2.9
nn,none,continuous,50,57,0.027669,0.000000,0.996736,2.8
nn,none,continuous,50,58,0.021873,0.000000,0.996736,2.8
nn,none,continuous,50,59,0.026838,0.000000,0.998912,2.9
nn,none,continuous,50,60,0.021163,0.000000,1.000000,2.8
nn,none,continuous,50,61,0.014421,0.000000,1.000000,2.9
nn,none,continuous,50,62,0.011818,0.000000,1.000000,2.8
nn,none,continuous,50,63,0.009417,0.000000,1.000000,2.9
nn,none,continuous,50,64,0.010132,0.000000,1.000000,2.8
nn,none,continuous,50,65,0.008515,0.000000,1.000000,2.8
nn,none,continuous,50,66,0.014630,0.000000,1.000000,2.8
nn,none,continuous,50,67,0.008987,0.000000,1.000000,2.9
nn,none,continuous,50,68,0.018894,0.000000,0.998912,2.8
nn,none,continuous,50,69,0.137969,0.000000,0.948857,2.8
nn,none,continuous,50,70,0.141145,0.000000,0.945593,2.9
nn,none,continuous,50,71,0.077518,0.000000,0.979325,2.8
nn,none,continuous,50,72,0.039186,0.000000,0.995647,2.9
nn,none,continuous,50,73,0.019294,0.000000,0.997824,2.8
nn,none,continuous,50,74,0.019625,0.000000,0.998912,2.8
nn,none,continuous,50,75,0.008727,0.000000,1.000000,2.8
nn,none,continuous,50,76,0.007730,0.000000,1.000000,2.8
nn,none,continuous,50,77,0.005660,0.000000,1.000000,2.8
nn,none,continuous,50,78,0.004794,0.000000,1.000000,2.8
nn,none,continuous,50,79,0.007768,0.000000,1.000000,2.9
nn,none,continuous,50,80,0.003493,0.000000,1.000000,2.8
nn,none,continuous,50,81,0.004175,0.000000,1.000000,2.8
nn,none,continuous,50,82,0.004080,0.000000,1.000000,2.8
nn,none,continuous,50,83,0.004343,0.000000,1.000000,2.8
nn,none,continuous,50,84,0.002621,0.000000,1.000000,2.8
nn,none,continuous,50,85,0.002581,0.000000,1.000000,2.8
nn,none,continuous,50,86,0.003083,0.000000,1.000000,2.8
nn,none,continuous,50,87,0.002108,0.000000,1.000000,2.8
nn,none,continuous,50,88,0.002151,0.000000,1.000000,2.8
nn,none,continuous,50,89,0.002188,0.000000,1.000000,2.8
nn,none,continuous,50,90,0.004858,0.000000,1.000000,2.8
nn,none,continuous,50,91,0.007045,0.000000,0.998912,2.8
nn,none,continuous,50,92,0.036810,0.000000,0.991295,2.8
nn,none,continuous,50,93,0.132803,0.000000,0.948857,2.9
nn,none,continuous,50,94,0.090205,0.000000,0.974973,2.8
nn,none,continuous,50,95,0.041412,0.000000,0.990207,2.9
nn,none,continuous,50,96,0.006912,0.000000,1.000000,2.8
nn,none,continuous,50,97,0.008374,0.000000,1.000000,2.8
nn,none,continuous,50,98,0.006980,0.000000,1.000000,2.8
nn,none,continuous,50,99,0.004071,0.000000,1.000000,2.8
nn,none,continuous,50,100,0.003272,0.000000,1.000000,2.9
nn,none,continuous,51,1,0.726969,0.000000,0.535600,2.9
nn,none,continuous,51,2,0.668380,0.000000,0.580234,2.9
nn,none,continuous,51,3,0.674229,0.000000,0.598300,2.9
nn,none,continuous,51,4,0.656216,0.000000,0.603613,2.9
nn,none,continuous,51,5,0.647769,0.000000,0.617428,2.8
nn,none,continuous,51,6,0.642806,0.000000,0.631243,2.9
nn,none,continuous,51,7,0.630580,0.000000,0.649309,2.9
nn,none,continuous,51,8,0.629629,0.000000,0.656748,2.9
nn,none,continuous,51,9,0.615147,0.000000,0.672689,2.9
nn,none,continuous,51,10,0.595627,0.000000,0.698193,2.9
nn,none,continuous,51,11,0.591468,0.000000,0.671626,2.9
nn,none,continuous,51,12,0.581234,0.000000,0.717322,2.9
nn,none,continuous,51,13,0.585759,0.000000,0.703507,2.9
nn,none,continuous,51,14,0.550772,0.000000,0.731137,2.9
nn,none,continuous,51,15,0.531493,0.000000,0.744952,2.8
nn,none,continuous,51,16,0.527347,0.000000,0.743889,2.9
nn,none,continuous,51,17,0.498696,0.000000,0.764081,2.8
nn,none,continuous,51,18,0.523781,0.000000,0.759830,2.9
nn,none,continuous,51,19,0.490018,0.000000,0.758767,2.8
nn,none,continuous,51,20,0.462526,0.000000,0.803401,2.9
nn,none,continuous,51,21,0.464196,0.000000,0.791711,2.8
nn,none,continuous,51,22,0.456989,0.000000,0.789586,2.9
nn,none,continuous,51,23,0.432937,0.000000,0.808714,2.8
nn,none,continuous,51,24,0.437321,0.000000,0.797024,2.9
nn,none,continuous,51,25,0.433049,0.000000,0.809777,2.9
nn,none,continuous,51,26,0.398180,0.000000,0.841658,2.9
nn,none,continuous,51,27,0.421586,0.000000,0.815090,2.9
nn,none,continuous,51,28,0.391939,0.000000,0.840595,2.9
nn,none,continuous,51,29,0.375331,0.000000,0.839532,2.9
nn,none,continuous,51,30,0.356978,0.000000,0.845909,2.9
nn,none,continuous,51,31,0.356804,0.000000,0.867163,2.9
nn,none,continuous,51,32,0.331042,0.000000,0.873539,2.9
nn,none,continuous,51,33,0.336445,0.000000,0.867163,2.9
nn,none,continuous,51,34,0.330465,0.000000,0.859724,2.9
nn,none,continuous,51,35,0.319466,0.000000,0.879915,2.9
nn,none,continuous,51,36,0.299844,0.000000,0.887354,2.9
nn,none,continuous,51,37,0.277346,0.000000,0.889479,2.8
nn,none,continuous,51,38,0.268684,0.000000,0.900106,2.9
nn,none,continuous,51,39,0.276152,0.000000,0.893730,2.8
nn,none,continuous,51,40,0.288740,0.000000,0.885228,2.9
nn,none,continuous,51,41,0.236571,0.000000,0.918172,2.8
nn,none,continuous,51,42,0.224141,0.000000,0.924548,2.9
nn,none,continuous,51,43,0.235950,0.000000,0.910733,2.8
nn,none,continuous,51,44,0.226314,0.000000,0.916047,2.9
nn,none,continuous,51,45,0.202597,0.000000,0.934113,2.9
nn,none,continuous,51,46,0.173373,0.000000,0.941552,2.8
nn,none,continuous,51,47,0.191226,0.000000,0.933050,2.9
nn,none,continuous,51,48,0.182093,0.000000,0.945802,2.9
nn,none,continuous,51,49,0.140250,0.000000,0.960680,2.9
nn,none,continuous,51,50,0.149633,0.000000,0.959617,2.9
nn,none,continuous,51,51,0.148217,0.000000,0.945802,2.9
nn,none,continuous,51,52,0.137429,0.000000,0.960680,2.9
nn,none,continuous,51,53,0.138290,0.000000,0.960680,2.8
nn,none,continuous,51,54,0.124574,0.000000,0.962806,2.9
nn,none,continuous,51,55,0.104558,0.000000,0.973433,2.8
nn,none,continuous,51,56,0.100688,0.000000,0.982997,2.9
nn,none,continuous,51,57,0.098344,0.000000,0.971307,2.9
nn,none,continuous,51,58,0.086294,0.000000,0.978746,2.9
nn,none,continuous,51,59,0.072341,0.000000,0.987248,2.9
nn,none,continuous,51,60,0.072195,0.000000,0.986185,2.9
nn,none,continuous,51,61,0.071760,0.000000,0.981934,2.9
nn,none,continuous,51,62,0.069383,0.000000,0.982997,2.9
nn,none,continuous,51,63,0.050041,0.000000,0.993624,2.9
nn,none,continuous,51,64,0.038026,0.000000,0.997875,2.9
nn,none,continuous,51,65,0.038245,0.000000,0.996812,2.9
nn,none,continuous,51,66,0.068058,0.000000,0.978746,2.8
nn,none,continuous,51,67,0.037799,0.000000,0.995749,2.9
nn,none,continuous,51,68,0.027319,0.000000,0.997875,2.8
nn,none,continuous,51,69,0.035753,0.000000,0.994687,2.9
nn,none,continuous,51,70,0.028193,0.000000,0.998937,2.9
nn,none,continuous,51,71,0.030864,0.000000,0.994687,2.9
nn,none,continuous,51,72,0.023126,0.000000,0.997875,2.9
nn,none,continuous,51,73,0.028969,0.000000,0.996812,2.9
nn,none,continuous,51,74,0.021735,0.000000,1.000000,2.9
nn,none,continuous,51,75,0.011040,0.000000,1.000000,2.7
nn,none,continuous,51,76,0.012948,0.000000,1.000000,2.6
nn,none,continuous,51,77,0.019274,0.000000,0.996812,2.7
nn,none,continuous,51,78,0.026004,0.000000,0.995749,2.6
nn,none,continuous,51,79,0.032173,0.000000,0.994687,2.7
nn,none,continuous,51,80,0.049559,0.000000,0.985122,2.6
nn,none,continuous,51,81,0.025333,0.000000,0.997875,2.7
nn,none,continuous,51,82,0.012769,0.000000,1.000000,2.6
nn,none,continuous,51,83,0.009960,0.000000,1.000000,2.8
nn,none,continuous,51,84,0.008848,0.000000,1.000000,2.7
nn,none,continuous,51,85,0.013147,0.000000,1.000000,2.7
nn,none,continuous,51,86,0.008068,0.000000,1.000000,2.6
nn,none,continuous,51,87,0.005009,0.000000,1.000000,2.7
nn,none,continuous,51,88,0.007031,0.000000,1.000000,2.6
nn,none,continuous,51,89,0.017593,0.000000,0.998937,2.7
nn,none,continuous,51,90,0.028709,0.000000,0.994687,2.7
nn,none,continuous,51,91,0.092427,0.000000,0.965994,2.7
nn,none,continuous,51,92,0.132083,0.000000,0.942614,2.7
nn,none,continuous,51,93,0.099216,0.000000,0.962806,2.8
nn,none,continuous,51,94,0.024654,0.000000,0.998937,2.8
nn,none,continuous,51,95,0.017055,0.000000,0.998937,2.9
nn,none,continuous,51,96,0.009405,0.000000,1.000000,2.8
nn,none,continuous,51,97,0.006153,0.000000,1.000000,2.9
nn,none,continuous,51,98,0.004597,0.000000,1.000000,2.9
nn,none,continuous,51,99,0.003776,0.000000,1.000000,2.9
nn,none,continuous,51,100,0.004720,0.000000,1.000000,2.9
nn,none,continuous,52,1,0.692738,0.000000,0.587747,2.9
nn,none,continuous,52,2,0.663529,0.000000,0.601246,3.0
nn,none,continuous,52,3,0.644055,0.000000,0.657321,2.9
nn,none,continuous,52,4,0.641343,0.000000,0.639668,3.0
nn,none,continuous,52,5,0.614869,0.000000,0.693666,2.9
nn,none,continuous,52,6,0.604032,0.000000,0.679128,3.0
nn,none,continuous,52,7,0.576282,0.000000,0.711319,2.9
nn,none,continuous,52,8,0.557417,0.000000,0.734164,3.0
nn,none,continuous,52,9,0.533388,0.000000,0.737279,2.9
nn,none,continuous,52,10,0.501254,0.000000,0.772586,3.0
nn,none,continuous,52,11,0.498908,0.000000,0.778816,2.9
nn,none,continuous,52,12,0.476914,0.000000,0.789200,3.0
nn,none,continuous,52,13,0.454848,0.000000,0.807892,3.0
nn,none,continuous,52,14,0.443580,0.000000,0.803738,3.0
nn,none,continuous,52,15,0.427234,0.000000,0.829699,3.0
nn,none,continuous,52,16,0.422955,0.000000,0.818276,2.9
nn,none,continuous,52,17,0.400080,0.000000,0.846314,3.0
nn,none,continuous,52,18,0.442551,0.000000,0.823468,3.0
nn,none,continuous,52,19,0.384721,0.000000,0.833853,3.0
nn,none,continuous,52,20,0.370134,0.000000,0.854621,3.0
nn,none,continuous,52,21,0.330782,0.000000,0.874351,3.0
nn,none,continuous,52,22,0.337331,0.000000,0.856698,2.9
nn,none,continuous,52,23,0.325836,0.000000,0.869159,3.0
nn,none,continuous,52,24,0.313223,0.000000,0.873313,2.9
nn,none,continuous,52,25,0.306583,0.000000,0.880582,3.0
nn,none,continuous,52,26,0.284731,0.000000,0.895119,2.9
nn,none,continuous,52,27,0.257767,0.000000,0.904465,3.0
nn,none,continuous,52,28,0.271143,0.000000,0.894081,2.9
nn,none,continuous,52,29,0.254232,0.000000,0.907580,3.0
nn,none,continuous,52,30,0.247493,0.000000,0.910696,2.9
nn,none,continuous,52,31,0.243025,0.000000,0.909657,3.0
nn,none,continuous,52,32,0.232432,0.000000,0.912773,2.9
nn,none,continuous,52,33,0.215530,0.000000,0.927310,3.1
nn,none,continuous,52,34,0.205678,0.000000,0.935618,2.9
nn,none,continuous,52,35,0.211918,0.000000,0.930426,3.0
nn,none,continuous,52,36,0.185154,0.000000,0.941848,2.9
nn,none,continuous,52,37,0.184157,0.000000,0.937695,3.0
nn,none,continuous,52,38,0.177416,0.000000,0.940810,2.9
nn,none,continuous,52,39,0.160762,0.000000,0.944964,3.0
nn,none,continuous,52,40,0.154429,0.000000,0.953271,3.0
nn,none,continuous,52,41,0.147560,0.000000,0.955348,3.0
nn,none,continuous,52,42,0.112892,0.000000,0.973001,3.0
nn,none,continuous,52,43,0.124342,0.000000,0.963655,3.0
nn,none,continuous,52,44,0.121756,0.000000,0.965732,3.0
nn,none,continuous,52,45,0.079936,0.000000,0.984424,3.0
nn,none,continuous,52,46,0.168908,0.000000,0.936656,3.0
nn,none,continuous,52,47,0.113497,0.000000,0.966771,2.9
nn,none,continuous,52,48,0.124325,0.000000,0.963655,3.0
nn,none,continuous,52,49,0.084723,0.000000,0.981308,2.9
nn,none,continuous,52,50,0.056774,0.000000,0.992731,3.0
nn,none,continuous,52,51,0.053916,0.000000,0.994808,3.0
nn,none,continuous,52,52,0.055880,0.000000,0.993769,3.0
nn,none,continuous,52,53,0.047200,0.000000,0.994808,2.9
nn,none,continuous,52,54,0.046673,0.000000,0.990654,3.0
nn,none,continuous,52,55,0.042162,0.000000,0.995846,2.9
nn,none,continuous,52,56,0.035822,0.000000,0.995846,3.0
nn,none,continuous,52,57,0.031084,0.000000,0.996885,2.9
nn,none,continuous,52,58,0.031076,0.000000,0.997923,3.0
nn,none,continuous,52,59,0.041886,0.000000,0.992731,3.0
nn,none,continuous,52,60,0.160640,0.000000,0.932503,2.9
nn,none,continuous,52,61,0.100358,0.000000,0.976116,3.0
nn,none,continuous,52,62,0.030439,0.000000,0.996885,3.0
nn,none,continuous,52,63,0.032245,0.000000,0.994808,3.0
nn,none,continuous,52,64,0.018339,0.000000,1.000000,3.0
nn,none,continuous,52,65,0.015431,0.000000,1.000000,3.0
nn,none,continuous,52,66,0.012523,0.000000,1.000000,3.0
nn,none,continuous,52,67,0.012527,0.000000,1.000000,3.0
nn,none,continuous,52,68,0.021694,0.000000,0.995846,3.0
nn,none,continuous,52,69,0.033673,0.000000,0.989616,3.0
nn,none,continuous,52,70,0.014150,0.000000,1.000000,3.0
nn,none,continuous,52,71,0.041639,0.000000,0.990654,3.0
nn,none,continuous,52,72,0.017889,0.000000,0.998962,3.0
nn,none,continuous,52,73,0.019377,0.000000,0.998962,3.0
nn,none,continuous,52,74,0.059258,0.000000,0.982347,3.0
nn,none,continuous,52,75,0.029434,0.000000,0.995846,3.0
nn,none,continuous,52,76,0.025727,0.000000,0.994808,3.0
nn,none,continuous,52,77,0.011060,0.000000,1.000000,3.0
nn,none,continuous,52,78,0.017024,0.000000,0.995846,3.0
nn,none,continuous,52,79,0.060582,0.000000,0.985462,3.0
nn,none,continuous,52,80,0.022628,0.000000,0.995846,3.0
nn,none,continuous,52,81,0.022945,0.000000,0.997923,3.0
nn,none,continuous,52,82,0.116447,0.000000,0.961578,3.0
nn,none,continuous,52,83,0.075392,0.000000,0.968847,3.0
nn,none,continuous,52,84,0.021193,0.000000,0.997923,3.0
nn,none,continuous,52,85,0.040868,0.000000,0.990654,2.9
nn,none,continuous,52,86,0.012985,0.000000,1.000000,3.0
nn,none,continuous,52,87,0.006740,0.000000,1.000000,2.9
nn,none,continuous,52,88,0.007536,0.000000,1.000000,3.0
nn,none,continuous,52,89,0.009932,0.000000,0.998962,3.0
nn,none,continuous,52,90,0.006372,0.000000,1.000000,3.0
nn,none,continuous,52,91,0.005418,0.000000,1.000000,3.0
nn,none,continuous,52,92,0.003284,0.000000,1.000000,3.0
nn,none,continuous,52,93,0.003402,0.000000,1.000000,3.0
nn,none,continuous,52,94,0.003224,0.000000,1.000000,3.0
nn,none,continuous,52,95,0.002118,0.000000,1.000000,3.0
nn,none,continuous,52,96,0.002685,0.000000,1.000000,3.0
nn,none,continuous,52,97,0.003630,0.000000,1.000000,3.0
nn,none,continuous,52,98,0.003787,0.000000,1.000000,2.9
nn,none,continuous,52,99,0.002703,0.000000,1.000000,3.0
nn,none,continuous,52,100,0.002270,0.000000,1.000000,3.0
nn,none,continuous,53,1,0.715151,0.000000,0.555901,3.0
nn,none,continuous,53,2,0.676290,0.000000,0.578675,2.9
nn,none,continuous,53,3,0.670881,0.000000,0.582816,3.0
nn,none,continuous,53,4,0.664247,0.000000,0.602484,2.9
nn,none,continuous,53,5,0.654405,0.000000,0.596273,3.0
nn,none,continuous,53,6,0.649373,0.000000,0.635611,2.9
nn,none,continuous,53,7,0.648186,0.000000,0.623188,3.0
nn,none,continuous,53,8,0.639804,0.000000,0.637681,2.9
nn,none,continuous,53,9,0.631253,0.000000,0.649068,3.0
nn,none,continuous,53,10,0.617013,0.000000,0.659420,3.0
nn,none,continuous,53,11,0.628446,0.000000,0.641822,3.0
nn,none,continuous,53,12,0.613259,0.000000,0.661491,3.0
nn,none,continuous,53,13,0.606069,0.000000,0.653209,3.1
nn,none,continuous,53,14,0.593018,0.000000,0.689441,3.0
nn,none,continuous,53,15,0.569873,0.000000,0.709110,3.0
nn,none,continuous,53,16,0.556477,0.000000,0.699793,2.9
nn,none,continuous,53,17,0.541825,0.000000,0.743271,3.0
nn,none,continuous,53,18,0.530822,0.000000,0.742236,3.0
nn,none,continuous,53,19,0.503341,0.000000,0.757764,3.0
nn,none,continuous,53,20,0.476038,0.000000,0.780538,3.0
nn,none,continuous,53,21,0.473542,0.000000,0.778468,3.0
nn,none,continuous,53,22,0.442573,0.000000,0.811594,3.0
nn,none,continuous,53,23,0.455237,0.000000,0.809524,2.9
nn,none,continuous,53,24,0.435407,0.000000,0.812629,3.0
nn,none,continuous,53,25,0.400218,0.000000,0.826087,2.9
nn,none,continuous,53,26,0.396141,0.000000,0.827122,3.0
nn,none,continuous,53,27,0.359631,0.000000,0.860248,2.9
nn,none,continuous,53,28,0.365501,0.000000,0.858178,3.0
nn,none,continuous,53,29,0.352932,0.000000,0.850932,2.9
nn,none,continuous,53,30,0.350932,0.000000,0.849896,3.1
nn,none,continuous,53,31,0.347856,0.000000,0.862319,2.9
nn,none,continuous,53,32,0.332171,0.000000,0.856108,3.0
nn,none,continuous,53,33,0.314598,0.000000,0.881988,2.9
nn,none,continuous,53,34,0.284833,0.000000,0.884058,3.0
nn,none,continuous,53,35,0.279256,0.000000,0.886128,2.9
nn,none,continuous,53,36,0.283789,0.000000,0.888199,3.0
nn,none,continuous,53,37,0.254475,0.000000,0.894410,3.0
nn,none,continuous,53,38,0.243384,0.000000,0.922360,3.0
nn,none,continuous,53,39,0.243165,0.000000,0.899586,3.0
nn,none,continuous,53,40,0.222677,0.000000,0.915114,3.0
nn,none,continuous,53,41,0.196199,0.000000,0.936853,3.0
nn,none,continuous,53,42,0.191446,0.000000,0.933747,3.0
nn,none,continuous,53,43,0.189230,0.000000,0.934783,3.0
nn,none,continuous,53,44,0.172987,0.000000,0.956522,3.0
nn,none,continuous,53,45,0.158294,0.000000,0.954451,3.0
nn,none,continuous,53,46,0.140593,0.000000,0.956522,3.0
nn,none,continuous,53,47,0.139926,0.000000,0.955487,3.0
nn,none,continuous,53,48,0.132228,0.000000,0.959627,3.0
nn,none,continuous,53,49,0.135844,0.000000,0.954451,3.0
nn,none,continuous,53,50,0.116980,0.000000,0.971014,3.0
nn,none,continuous,53,51,0.108688,0.000000,0.967909,3.0
nn,none,continuous,53,52,0.121035,0.000000,0.965839,3.0
nn,none,continuous,53,53,0.070965,0.000000,0.987578,3.0
nn,none,continuous,53,54,0.069503,0.000000,0.987578,3.0
nn,none,continuous,53,55,0.061829,0.000000,0.989648,3.0
nn,none,continuous,53,56,0.048612,0.000000,0.993789,3.0
nn,none,continuous,53,57,0.046997,0.000000,0.995859,3.0
nn,none,continuous,53,58,0.059416,0.000000,0.985507,3.0
nn,none,continuous,53,59,0.085316,0.000000,0.976190,3.0
nn,none,continuous,53,60,0.049620,0.000000,0.994824,3.0
nn,none,continuous,53,61,0.040685,0.000000,0.997930,3.0
nn,none,continuous,53,62,0.022300,0.000000,0.998965,3.0
nn,none,continuous,53,63,0.018937,0.000000,0.998965,3.0
nn,none,continuous,53,64,0.022554,0.000000,0.998965,3.0
nn,none,continuous,53,65,0.022136,0.000000,1.000000,3.0
nn,none,continuous,53,66,0.018332,0.000000,1.000000,3.0
nn,none,continuous,53,67,0.037645,0.000000,0.989648,2.9
nn,none,continuous,53,68,0.077384,0.000000,0.968944,3.0
nn,none,continuous,53,69,0.070292,0.000000,0.980331,3.0
nn,none,continuous,53,70,0.045515,0.000000,0.992754,3.0
nn,none,continuous,53,71,0.067454,0.000000,0.976190,3.0
nn,none,continuous,53,72,0.034172,0.000000,0.992754,3.0
nn,none,continuous,53,73,0.023542,0.000000,0.996894,3.0
nn,none,continuous,53,74,0.013731,0.000000,0.998965,3.0
nn,none,continuous,53,75,0.018536,0.000000,0.998965,3.0
nn,none,continuous,53,76,0.016816,0.000000,0.997930,2.9
nn,none,continuous,53,77,0.014144,0.000000,1.000000,3.0
nn,none,continuous,53,78,0.009435,0.000000,1.000000,2.9
nn,none,continuous,53,79,0.010559,0.000000,1.000000,3.0
nn,none,continuous,53,80,0.010535,0.000000,0.998965,3.0
nn,none,continuous,53,81,0.008497,0.000000,1.000000,3.0
nn,none,continuous,53,82,0.007316,0.000000,1.000000,3.0
nn,none,continuous,53,83,0.006500,0.000000,1.000000,3.0
nn,none,continuous,53,84,0.008563,0.000000,1.000000,2.9
nn,none,continuous,53,85,0.017363,0.000000,0.996894,3.0
nn,none,continuous,53,86,0.058954,0.000000,0.979296,2.9
nn,none,continuous,53,87,0.069473,0.000000,0.978261,3.0
nn,none,continuous,53,88,0.071283,0.000000,0.976190,2.9
nn,none,continuous,53,89,0.040087,0.000000,0.987578,3.0
nn,none,continuous,53,90,0.023220,0.000000,0.995859,3.0
nn,none,continuous,53,91,0.011548,0.000000,0.997930,3.0
nn,none,continuous,53,92,0.014390,0.000000,0.996894,3.0
nn,none,continuous,53,93,0.008985,0.000000,1.000000,3.0
nn,none,continuous,53,94,0.003739,0.000000,1.000000,3.0
nn,none,continuous,53,95,0.003995,0.000000,1.000000,3.0
nn,none,continuous,53,96,0.004348,0.000000,1.000000,3.0
nn,none,continuous,53,97,0.002533,0.000000,1.000000,3.0
nn,none,continuous,53,98,0.002980,0.000000,1.000000,3.0
nn,none,continuous,53,99,0.012464,0.000000,0.997930,3.0
nn,none,continuous,53,100,0.006670,0.000000,1.000000,3.0
nn,none,continuous,54,1,0.701437,0.000000,0.539446,2.8
nn,none,continuous,54,2,0.691339,0.000000,0.549041,3.0
nn,none,continuous,54,3,0.669135,0.000000,0.577825,2.9
nn,none,continuous,54,4,0.668442,0.000000,0.609808,3.0
nn,none,continuous,54,5,0.657944,0.000000,0.607676,2.9
nn,none,continuous,54,6,0.638363,0.000000,0.638593,2.9
nn,none,continuous,54,7,0.628752,0.000000,0.652452,2.8
nn,none,continuous,54,8,0.632129,0.000000,0.648188,2.9
nn,none,continuous,54,9,0.622256,0.000000,0.664179,2.8
nn,none,continuous,54,10,0.601095,0.000000,0.656716,3.0
nn,none,continuous,54,11,0.563393,0.000000,0.719616,2.8
nn,none,continuous,54,12,0.560840,0.000000,0.712154,2.9
nn,none,continuous,54,13,0.544693,0.000000,0.731343,2.8
nn,none,continuous,54,14,0.536230,0.000000,0.739872,2.9
nn,none,continuous,54,15,0.506519,0.000000,0.759062,2.8
nn,none,continuous,54,16,0.487445,0.000000,0.775053,2.9
nn,none,continuous,54,17,0.486782,0.000000,0.778252,2.9
nn,none,continuous,54,18,0.476676,0.000000,0.784648,2.9
nn,none,continuous,54,19,0.456080,0.000000,0.786780,2.9
nn,none,continuous,54,20,0.460895,0.000000,0.786780,2.9
nn,none,continuous,54,21,0.468943,0.000000,0.784648,2.9
nn,none,continuous,54,22,0.397860,0.000000,0.840085,2.9
nn,none,continuous,54,23,0.401749,0.000000,0.835821,2.8
nn,none,continuous,54,24,0.382659,0.000000,0.835821,2.9
nn,none,continuous,54,25,0.385541,0.000000,0.834755,2.9
nn,none,continuous,54,26,0.370217,0.000000,0.835821,2.9
nn,none,continuous,54,27,0.347574,0.000000,0.853945,2.9
nn,none,continuous,54,28,0.335281,0.000000,0.862473,2.9
nn,none,continuous,54,29,0.324816,0.000000,0.869936,2.9
nn,none,continuous,54,30,0.320844,0.000000,0.858209,2.9
nn,none,continuous,54,31,0.335402,0.000000,0.861407,2.9
nn,none,continuous,54,32,0.307691,0.000000,0.881663,2.9
nn,none,continuous,54,33,0.301839,0.000000,0.874200,2.9
nn,none,continuous,54,34,0.263945,0.000000,0.911514,2.9
nn,none,continuous,54,35,0.260322,0.000000,0.908316,2.9
nn,none,continuous,54,36,0.245798,0.000000,0.908316,2.9
nn,none,continuous,54,37,0.227611,0.000000,0.910448,2.9
nn,none,continuous,54,38,0.200813,0.000000,0.922175,2.9
nn,none,continuous,54,39,0.188917,0.000000,0.945629,2.9
nn,none,continuous,54,40,0.195440,0.000000,0.926439,2.9
nn,none,continuous,54,41,0.169299,0.000000,0.944563,2.9
nn,none,continuous,54,42,0.172193,0.000000,0.943497,2.9
nn,none,continuous,54,43,0.145663,0.000000,0.952026,2.9
nn,none,continuous,54,44,0.141360,0.000000,0.956290,2.9
nn,none,continuous,54,45,0.133145,0.000000,0.959488,2.9
nn,none,continuous,54,46,0.117014,0.000000,0.965885,2.9
nn,none,continuous,54,47,0.090062,0.000000,0.987207,2.9
nn,none,continuous,54,48,0.105545,0.000000,0.975480,2.9
nn,none,continuous,54,49,0.082443,0.000000,0.981876,2.9
nn,none,continuous,54,50,0.078704,0.000000,0.981876,2.9
nn,none,continuous,54,51,0.081635,0.000000,0.981876,2.9
nn,none,continuous,54,52,0.090339,0.000000,0.972281,2.9
nn,none,continuous,54,53,0.067443,0.000000,0.988273,2.9
nn,none,continuous,54,54,0.065360,0.000000,0.980810,2.9
nn,none,continuous,54,55,0.059616,0.000000,0.990405,2.9
nn,none,continuous,54,56,0.043205,0.000000,0.995736,2.9
nn,none,continuous,54,57,0.045925,0.000000,0.990405,2.9
nn,none,continuous,54,58,0.028233,0.000000,0.997868,2.9
nn,none,continuous,54,59,0.027686,0.000000,0.998934,2.9
nn,none,continuous,54,60,0.031201,0.000000,0.996802,2.9
nn,none,continuous,54,61,0.025911,0.000000,0.996802,2.9
nn,none,continuous,54,62,0.074800,0.000000,0.975480,2.8
nn,none,continuous,54,63,0.083659,0.000000,0.976546,2.9
nn,none,continuous,54,64,0.088499,0.000000,0.974414,2.9
nn,none,continuous,54,65,0.053909,0.000000,0.986141,2.9
nn,none,continuous,54,66,0.048893,0.000000,0.988273,2.9
nn,none,continuous,54,67,0.027142,0.000000,0.997868,2.9
nn,none,continuous,54,68,0.031194,0.000000,0.995736,2.9
nn,none,continuous,54,69,0.022226,0.000000,1.000000,3.0
nn,none,continuous,54,70,0.013773,0.000000,1.000000,2.9
nn,none,continuous,54,71,0.012533,0.000000,1.000000,2.9
nn,none,continuous,54,72,0.006582,0.000000,1.000000,2.9
nn,none,continuous,54,73,0.006448,0.000000,1.000000,2.9
nn,none,continuous,54,74,0.009121,0.000000,1.000000,2.9
nn,none,continuous,54,75,0.005905,0.000000,1.000000,2.9
nn,none,continuous,54,76,0.007932,0.000000,1.000000,2.9
nn,none,continuous,54,77,0.007116,0.000000,1.000000,2.9
nn,none,continuous,54,78,0.004516,0.000000,1.000000,2.9
nn,none,continuous,54,79,0.003185,0.000000,1.000000,2.9
nn,none,continuous,54,80,0.005659,0.000000,1.000000,2.9
nn,none,continuous,54,81,0.003102,0.000000,1.000000,2.9
nn,none,continuous,54,82,0.006179,0.000000,1.000000,2.9
nn,none,continuous,54,83,0.005756,0.000000,1.000000,2.9
nn,none,continuous,54,84,0.004932,0.000000,1.000000,2.9
nn,none,continuous,54,85,0.016892,0.000000,0.994670,2.9
nn,none,continuous,54,86,0.113467,0.000000,0.957356,2.9
nn,none,continuous,54,87,0.067527,0.000000,0.978678,2.9
nn,none,continuous,54,88,0.038063,0.000000,0.990405,2.9
nn,none,continuous,54,89,0.027500,0.000000,0.992537,2.9
nn,none,continuous,54,90,0.027589,0.000000,0.993603,2.9
nn,none,continuous,54,91,0.026337,0.000000,0.993603,2.9
nn,none,continuous,54,92,0.033584,0.000000,0.990405,2.9
nn,none,continuous,54,93,0.027567,0.000000,0.993603,2.9
nn,none,continuous,54,94,0.020616,0.000000,0.997868,2.9
nn,none,continuous,54,95,0.008182,0.000000,1.000000,2.9
nn,none,continuous,54,96,0.005174,0.000000,1.000000,2.9
nn,none,continuous,54,97,0.006183,0.000000,1.000000,2.9
nn,none,continuous,54,98,0.003733,0.000000,1.000000,2.9
nn,none,continuous,54,99,0.003561,0.000000,1.000000,2.9
nn,none,continuous,54,100,0.004028,0.000000,1.000000,2.9
nn,none,continuous,55,1,0.705826,0.000000,0.540426,2.9
nn,none,continuous,55,2,0.677195,0.000000,0.577660,2.9
nn,none,continuous,55,3,0.668244,0.000000,0.568085,2.9
nn,none,continuous,55,4,0.654212,0.000000,0.618085,2.9
nn,none,continuous,55,5,0.647623,0.000000,0.607447,2.9
nn,none,continuous,55,6,0.649438,0.000000,0.617021,2.9
nn,none,continuous,55,7,0.643766,0.000000,0.617021,2.9
nn,none,continuous,55,8,0.630998,0.000000,0.625532,2.9
nn,none,continuous,55,9,0.648746,0.000000,0.609574,2.9
nn,none,continuous,55,10,0.624394,0.000000,0.655319,2.9
nn,none,continuous,55,11,0.621208,0.000000,0.647872,2.9
nn,none,continuous,55,12,0.614354,0.000000,0.659574,2.9
nn,none,continuous,55,13,0.597921,0.000000,0.656383,2.9
nn,none,continuous,55,14,0.578787,0.000000,0.692553,2.9
nn,none,continuous,55,15,0.570944,0.000000,0.690426,2.9
nn,none,continuous,55,16,0.569733,0.000000,0.695745,2.9
nn,none,continuous,55,17,0.554627,0.000000,0.704255,2.9
nn,none,continuous,55,18,0.548476,0.000000,0.714894,2.9
nn,none,continuous,55,19,0.533345,0.000000,0.728723,2.9
nn,none,continuous,55,20,0.496271,0.000000,0.754255,2.9
nn,none,continuous,55,21,0.474776,0.000000,0.779787,2.9
nn,none,continuous,55,22,0.462172,0.000000,0.774468,2.9
nn,none,continuous,55,23,0.451359,0.000000,0.781915,2.9
nn,none,continuous,55,24,0.430420,0.000000,0.802128,2.9
nn,none,continuous,55,25,0.424960,0.000000,0.806383,2.9
nn,none,continuous,55,26,0.418306,0.000000,0.808511,2.9
nn,none,continuous,55,27,0.402685,0.000000,0.822340,2.9
nn,none,continuous,55,28,0.377598,0.000000,0.844681,2.9
nn,none,continuous,55,29,0.374632,0.000000,0.847872,2.9
nn,none,continuous,55,30,0.362482,0.000000,0.845745,2.9
nn,none,continuous,55,31,0.341734,0.000000,0.858511,2.9
nn,none,continuous,55,32,0.342077,0.000000,0.879787,2.9
nn,none,continuous,55,33,0.325148,0.000000,0.856383,2.9
nn,none,continuous,55,34,0.322056,0.000000,0.876596,2.9
nn,none,continuous,55,35,0.300378,0.000000,0.881915,2.9
nn,none,continuous,55,36,0.304547,0.000000,0.876596,2.9
nn,none,continuous,55,37,0.249862,0.000000,0.901064,2.9
nn,none,continuous,55,38,0.272596,0.000000,0.890426,2.9
nn,none,continuous,55,39,0.261234,0.000000,0.893617,2.9
nn,none,continuous,55,40,0.253903,0.000000,0.906383,2.9
nn,none,continuous,55,41,0.235557,0.000000,0.909574,2.9
nn,none,continuous,55,42,0.217021,0.000000,0.917021,2.9
nn,none,continuous,55,43,0.238678,0.000000,0.903191,2.9
nn,none,continuous,55,44,0.200777,0.000000,0.931915,2.9
nn,none,continuous,55,45,0.188326,0.000000,0.932979,2.9
nn,none,continuous,55,46,0.156955,0.000000,0.950000,2.9
nn,none,continuous,55,47,0.174517,0.000000,0.946809,2.9
nn,none,continuous,55,48,0.165004,0.000000,0.943617,2.9
nn,none,continuous,55,49,0.160194,0.000000,0.943617,2.9
nn,none,continuous,55,50,0.162531,0.000000,0.944681,2.9
nn,none,continuous,55,51,0.130116,0.000000,0.956383,2.9
nn,none,continuous,55,52,0.111721,0.000000,0.974468,2.9
nn,none,continuous,55,53,0.138783,0.000000,0.963830,2.9
nn,none,continuous,55,54,0.098767,0.000000,0.973404,2.9
nn,none,continuous,55,55,0.094989,0.000000,0.977660,2.9
nn,none,continuous,55,56,0.103449,0.000000,0.972340,2.9
nn,none,continuous,55,57,0.135379,0.000000,0.953191,2.9
nn,none,continuous,55,58,0.093488,0.000000,0.973404,2.9
nn,none,continuous,55,59,0.069041,0.000000,0.987234,2.9
nn,none,continuous,55,60,0.055816,0.000000,0.991489,2.9
nn,none,continuous,55,61,0.040686,0.000000,0.993617,2.9
nn,none,continuous,55,62,0.070674,0.000000,0.978723,2.9
nn,none,continuous,55,63,0.074629,0.000000,0.976596,2.9
nn,none,continuous,55,64,0.064024,0.000000,0.986170,3.0
nn,none,continuous,55,65,0.053332,0.000000,0.987234,2.9
nn,none,continuous,55,66,0.031042,0.000000,1.000000,2.9
nn,none,continuous,55,67,0.030659,0.000000,0.997872,2.9
nn,none,continuous,55,68,0.053240,0.000000,0.993617,2.9
nn,none,continuous,55,69,0.035246,0.000000,0.997872,2.9
nn,none,continuous,55,70,0.037204,0.000000,0.994681,2.9
nn,none,continuous,55,71,0.030750,0.000000,0.995745,2.9
nn,none,continuous,55,72,0.044241,0.000000,0.990426,2.9
nn,none,continuous,55,73,0.023532,0.000000,1.000000,2.8
nn,none,continuous,55,74,0.014884,0.000000,0.998936,2.9
nn,none,continuous,55,75,0.021397,0.000000,1.000000,2.9
nn,none,continuous,55,76,0.016603,0.000000,1.000000,2.9
nn,none,continuous,55,77,0.015151,0.000000,1.000000,2.9
nn,none,continuous,55,78,0.011951,0.000000,0.998936,2.9
nn,none,continuous,55,79,0.062004,0.000000,0.979787,2.8
nn,none,continuous,55,80,0.149018,0.000000,0.939362,2.9
nn,none,continuous,55,81,0.061272,0.000000,0.978723,2.9
nn,none,continuous,55,82,0.025845,0.000000,0.997872,3.0
nn,none,continuous,55,83,0.023645,0.000000,0.993617,2.8
nn,none,continuous,55,84,0.082812,0.000000,0.970213,3.0
nn,none,continuous,55,85,0.051134,0.000000,0.987234,2.9
nn,none,continuous,55,86,0.029037,0.000000,0.995745,2.9
nn,none,continuous,55,87,0.015595,0.000000,0.998936,2.9
nn,none,continuous,55,88,0.007995,0.000000,1.000000,2.9
nn,none,continuous,55,89,0.009548,0.000000,1.000000,2.9
nn,none,continuous,55,90,0.008700,0.000000,1.000000,2.9
nn,none,continuous,55,91,0.006318,0.000000,1.000000,2.9
nn,none,continuous,55,92,0.007604,0.000000,1.000000,2.9
nn,none,continuous,55,93,0.005243,0.000000,1.000000,2.9
nn,none,continuous,55,94,0.016424,0.000000,0.993617,2.9
nn,none,continuous,55,95,0.015950,0.000000,0.998936,2.8
nn,none,continuous,55,96,0.007728,0.000000,1.000000,2.9
nn,none,continuous,55,97,0.006433,0.000000,1.000000,2.9
nn,none,continuous,55,98,0.004605,0.000000,1.000000,2.9
nn,none,continuous,55,99,0.004313,0.000000,1.000000,2.9
nn,none,continuous,55,100,0.005561,0.000000,1.000000,2.9
nn,none,continuous,56,1,0.709044,0.000000,0.518135,3.0
nn,none,continuous,56,2,0.681804,0.000000,0.581347,3.0
nn,none,continuous,56,3,0.671608,0.000000,0.584456,2.9
nn,none,continuous,56,4,0.677723,0.000000,0.574093,3.0
nn,none,continuous,56,5,0.663935,0.000000,0.600000,3.0
nn,none,continuous,56,6,0.643549,0.000000,0.618653,3.0
nn,none,continuous,56,7,0.649493,0.000000,0.639378,3.0
nn,none,continuous,56,8,0.630337,0.000000,0.649741,3.0
nn,none,continuous,56,9,0.601498,0.000000,0.686010,3.0
nn,none,continuous,56,10,0.594533,0.000000,0.681865,3.0
nn,none,continuous,56,11,0.596446,0.000000,0.690155,3.0
nn,none,continuous,56,12,0.592624,0.000000,0.706736,3.0
nn,none,continuous,56,13,0.546803,0.000000,0.732642,3.0
nn,none,continuous,56,14,0.537501,0.000000,0.743005,3.0
nn,none,continuous,56,15,0.515833,0.000000,0.768912,3.0
nn,none,continuous,56,16,0.501594,0.000000,0.749223,3.0
nn,none,continuous,56,17,0.480166,0.000000,0.774093,3.0
nn,none,continuous,56,18,0.486694,0.000000,0.777202,2.9
nn,none,continuous,56,19,0.466040,0.000000,0.804145,3.0
nn,none,continuous,56,20,0.442390,0.000000,0.808290,3.0
nn,none,continuous,56,21,0.448990,0.000000,0.802073,3.0
nn,none,continuous,56,22,0.438893,0.000000,0.801036,3.0
nn,none,continuous,56,23,0.426214,0.000000,0.814508,3.0
nn,none,continuous,56,24,0.394282,0.000000,0.830052,3.0
nn,none,continuous,56,25,0.380248,0.000000,0.844560,3.0
nn,none,continuous,56,26,0.363989,0.000000,0.854922,3.0
nn,none,continuous,56,27,0.351395,0.000000,0.850777,3.0
nn,none,continuous,56,28,0.346657,0.000000,0.871503,3.0
nn,none,continuous,56,29,0.345983,0.000000,0.862176,2.9
nn,none,continuous,56,30,0.368597,0.000000,0.834197,3.0
nn,none,continuous,56,31,0.340770,0.000000,0.862176,2.9
nn,none,continuous,56,32,0.313465,0.000000,0.878756,3.0
nn,none,continuous,56,33,0.286651,0.000000,0.892228,3.0
nn,none,continuous,56,34,0.267254,0.000000,0.896373,3.0
nn,none,continuous,56,35,0.262470,0.000000,0.899482,2.9
nn,none,continuous,56,36,0.267096,0.000000,0.895337,3.0
nn,none,continuous,56,37,0.235931,0.000000,0.921244,2.9
nn,none,continuous,56,38,0.239430,0.000000,0.925389,3.0
nn,none,continuous,56,39,0.236190,0.000000,0.903627,3.0
nn,none,continuous,56,40,0.220093,0.000000,0.927461,3.0
nn,none,continuous,56,41,0.190230,0.000000,0.935751,3.0
nn,none,continuous,56,42,0.184779,0.000000,0.932642,3.0
nn,none,continuous,56,43,0.181081,0.000000,0.950259,3.0
nn,none,continuous,56,44,0.173828,0.000000,0.939896,2.9
nn,none,continuous,56,45,0.147765,0.000000,0.960622,3.0
nn,none,continuous,56,46,0.148287,0.000000,0.956477,2.9
nn,none,continuous,56,47,0.126339,0.000000,0.958549,3.0
nn,none,continuous,56,48,0.121498,0.000000,0.968912,2.9
nn,none,continuous,56,49,0.132526,0.000000,0.960622,3.0
nn,none,continuous,56,50,0.095276,0.000000,0.979275,3.0
nn,none,continuous,56,51,0.081372,0.000000,0.984456,3.0
nn,none,continuous,56,52,0.084302,0.000000,0.984456,3.0
nn,none,continuous,56,53,0.063185,0.000000,0.991710,3.0
nn,none,continuous,56,54,0.069578,0.000000,0.981347,2.9
nn,none,continuous,56,55,0.081054,0.000000,0.981347,3.0
nn,none,continuous,56,56,0.067295,0.000000,0.984456,2.9
nn,none,continuous,56,57,0.053180,0.000000,0.991710,3.0
nn,none,continuous,56,58,0.072398,0.000000,0.982383,3.0
nn,none,continuous,56,59,0.039131,0.000000,0.995855,3.0
nn,none,continuous,56,60,0.033444,0.000000,0.994819,3.0
nn,none,continuous,56,61,0.027873,0.000000,0.996891,3.0
nn,none,continuous,56,62,0.025474,0.000000,0.996891,2.9
nn,none,continuous,56,63,0.020004,0.000000,1.000000,3.0
nn,none,continuous,56,64,0.042303,0.000000,0.993782,3.0
nn,none,continuous,56,65,0.087806,0.000000,0.974093,3.0
nn,none,continuous,56,66,0.041899,0.000000,0.993782,3.0
nn,none,continuous,56,67,0.022687,0.000000,1.000000,3.0
nn,none,continuous,56,68,0.012983,0.000000,1.000000,3.0
nn,none,continuous,56,69,0.012644,0.000000,1.000000,3.0
nn,none,continuous,56,70,0.016099,0.000000,1.000000,3.0
nn,none,continuous,56,71,0.012675,0.000000,1.000000,2.9
nn,none,continuous,56,72,0.008536,0.000000,1.000000,3.0
nn,none,continuous,56,73,0.014186,0.000000,1.000000,3.0
nn,none,continuous,56,74,0.009934,0.000000,1.000000,3.0
nn,none,continuous,56,75,0.008110,0.000000,1.000000,2.9
nn,none,continuous,56,76,0.006251,0.000000,1.000000,3.0
nn,none,continuous,56,77,0.006915,0.000000,1.000000,3.0
nn,none,continuous,56,78,0.007983,0.000000,0.998964,3.0
nn,none,continuous,56,79,0.226797,0.000000,0.909845,2.9
nn,none,continuous,56,80,0.134868,0.000000,0.952332,3.0
nn,none,continuous,56,81,0.064509,0.000000,0.987565,3.0
nn,none,continuous,56,82,0.038184,0.000000,0.991710,3.0
nn,none,continuous,56,83,0.026145,0.000000,0.996891,2.9
nn,none,continuous,56,84,0.086570,0.000000,0.974093,3.0
nn,none,continuous,56,85,0.015803,0.000000,1.000000,2.9
nn,none,continuous,56,86,0.009019,0.000000,1.000000,3.0
nn,none,continuous,56,87,0.008429,0.000000,1.000000,2.9
nn,none,continuous,56,88,0.008443,0.000000,1.000000,3.0
nn,none,continuous,56,89,0.006239,0.000000,1.000000,3.0
nn,none,continuous,56,90,0.006747,0.000000,1.000000,3.0
nn,none,continuous,56,91,0.006835,0.000000,1.000000,3.0
nn,none,continuous,56,92,0.008982,0.000000,0.998964,3.0
nn,none,continuous,56,93,0.007654,0.000000,1.000000,3.0
nn,none,continuous,56,94,0.048099,0.000000,0.985492,3.0
nn,none,continuous,56,95,0.013334,0.000000,0.997927,3.0
nn,none,continuous,56,96,0.012114,0.000000,1.000000,3.0
nn,none,continuous,56,97,0.006428,0.000000,1.000000,3.0
nn,none,continuous,56,98,0.004462,0.000000,1.000000,3.0
nn,none,continuous,56,99,0.003161,0.000000,1.000000,3.0
nn,none,continuous,56,100,0.005076,0.000000,1.000000,2.9
nn,none,continuous,57,1,0.701097,0.000000,0.551432,2.9
nn,none,continuous,57,2,0.672611,0.000000,0.573701,2.9
nn,none,continuous,57,3,0.673306,0.000000,0.594910,2.9
nn,none,continuous,57,4,0.661245,0.000000,0.589608,2.9
nn,none,continuous,57,5,0.651290,0.000000,0.640509,2.9
nn,none,continuous,57,6,0.651914,0.000000,0.621421,2.9
nn,none,continuous,57,7,0.635029,0.000000,0.653234,2.9
nn,none,continuous,57,8,0.620928,0.000000,0.670201,2.9
nn,none,continuous,57,9,0.593898,0.000000,0.706257,2.9
nn,none,continuous,57,10,0.599921,0.000000,0.695652,2.9
nn,none,continuous,57,11,0.585587,0.000000,0.704136,2.9
nn,none,continuous,57,12,0.576632,0.000000,0.720042,2.9
nn,none,continuous,57,13,0.544424,0.000000,0.728526,2.7
nn,none,continuous,57,14,0.541479,0.000000,0.728526,2.7
nn,none,continuous,57,15,0.521572,0.000000,0.755037,2.7
nn,none,continuous,57,16,0.501714,0.000000,0.769883,2.7
nn,none,continuous,57,17,0.487442,0.000000,0.781548,2.7
nn,none,continuous,57,18,0.497936,0.000000,0.765642,2.7
nn,none,continuous,57,19,0.469698,0.000000,0.788971,2.7
nn,none,continuous,57,20,0.460511,0.000000,0.793213,2.7
nn,none,continuous,57,21,0.442710,0.000000,0.808059,2.9
nn,none,continuous,57,22,0.410597,0.000000,0.819724,2.7
nn,none,continuous,57,23,0.416374,0.000000,0.818664,2.7
nn,none,continuous,57,24,0.390769,0.000000,0.839873,2.7
nn,none,continuous,57,25,0.388405,0.000000,0.835631,2.7
nn,none,continuous,57,26,0.368203,0.000000,0.847296,2.7
nn,none,continuous,57,27,0.356914,0.000000,0.862142,2.7
nn,none,continuous,57,28,0.355125,0.000000,0.852598,2.7
nn,none,continuous,57,29,0.338752,0.000000,0.861082,2.7
nn,none,continuous,57,30,0.340208,0.000000,0.873807,2.7
nn,none,continuous,57,31,0.303097,0.000000,0.885472,2.7
nn,none,continuous,57,32,0.313002,0.000000,0.872747,2.8
nn,none,continuous,57,33,0.316504,0.000000,0.864263,2.9
nn,none,continuous,57,34,0.260781,0.000000,0.902439,2.8
nn,none,continuous,57,35,0.253830,0.000000,0.918346,2.9
nn,none,continuous,57,36,0.269405,0.000000,0.901379,2.9
nn,none,continuous,57,37,0.248000,0.000000,0.907741,2.9
nn,none,continuous,57,38,0.241703,0.000000,0.909862,2.9
nn,none,continuous,57,39,0.237181,0.000000,0.914104,2.9
nn,none,continuous,57,40,0.221467,0.000000,0.910923,2.9
nn,none,continuous,57,41,0.176026,0.000000,0.943796,2.9
nn,none,continuous,57,42,0.191151,0.000000,0.937434,2.9
nn,none,continuous,57,43,0.164862,0.000000,0.950159,2.9
nn,none,continuous,57,44,0.169531,0.000000,0.941676,2.8
nn,none,continuous,57,45,0.150081,0.000000,0.956522,3.0
nn,none,continuous,57,46,0.131923,0.000000,0.959703,2.8
nn,none,continuous,57,47,0.123258,0.000000,0.972428,3.0
nn,none,continuous,57,48,0.141085,0.000000,0.959703,2.9
nn,none,continuous,57,49,0.104098,0.000000,0.977731,2.9
nn,none,continuous,57,50,0.090693,0.000000,0.985154,2.9
nn,none,continuous,57,51,0.111305,0.000000,0.967126,2.9
nn,none,continuous,57,52,0.116077,0.000000,0.966066,2.9
nn,none,continuous,57,53,0.094156,0.000000,0.970308,3.0
nn,none,continuous,57,54,0.097491,0.000000,0.972428,2.8
nn,none,continuous,57,55,0.081407,0.000000,0.981972,2.9
nn,none,continuous,57,56,0.110982,0.000000,0.967126,2.8
nn,none,continuous,57,57,0.060559,0.000000,0.991516,2.9
nn,none,continuous,57,58,0.062278,0.000000,0.988335,2.9
nn,none,continuous,57,59,0.057791,0.000000,0.989396,3.0
nn,none,continuous,57,60,0.040537,0.000000,0.996819,2.9
nn,none,continuous,57,61,0.038959,0.000000,0.997879,2.9
nn,none,continuous,57,62,0.032332,0.000000,0.996819,2.9
nn,none,continuous,57,63,0.023994,0.000000,0.997879,2.9
nn,none,continuous,57,64,0.024746,0.000000,0.997879,2.8
nn,none,continuous,57,65,0.021898,0.000000,0.998940,2.9
nn,none,continuous,57,66,0.024465,0.000000,0.997879,2.9
nn,none,continuous,57,67,0.025279,0.000000,0.996819,2.9
nn,none,continuous,57,68,0.028725,0.000000,0.996819,2.8
nn,none,continuous,57,69,0.047314,0.000000,0.989396,2.9
nn,none,continuous,57,70,0.031437,0.000000,0.995758,2.9
nn,none,continuous,57,71,0.032792,0.000000,0.993637,2.9
nn,none,continuous,57,72,0.041774,0.000000,0.991516,2.9
nn,none,continuous,57,73,0.022668,0.000000,0.997879,2.9
nn,none,continuous,57,74,0.016494,0.000000,1.000000,2.9
nn,none,continuous,57,75,0.010348,0.000000,1.000000,2.9
nn,none,continuous,57,76,0.019695,0.000000,0.997879,2.9
nn,none,continuous,57,77,0.012499,0.000000,1.000000,2.9
nn,none,continuous,57,78,0.009837,0.000000,1.000000,2.9
nn,none,continuous,57,79,0.006510,0.000000,1.000000,2.9
nn,none,continuous,57,80,0.006812,0.000000,1.000000,2.9
nn,none,continuous,57,81,0.005540,0.000000,1.000000,2.9
nn,none,continuous,57,82,0.005915,0.000000,1.000000,2.9
nn,none,continuous,57,83,0.005096,0.000000,1.000000,2.9
nn,none,continuous,57,84,0.005349,0.000000,1.000000,2.9
nn,none,continuous,57,85,0.003784,0.000000,1.000000,2.9
nn,none,continuous,57,86,0.004490,0.000000,1.000000,2.9
nn,none,continuous,57,87,0.003122,0.000000,1.000000,2.9
nn,none,continuous,57,88,0.003020,0.000000,1.000000,2.9
nn,none,continuous,57,89,0.006712,0.000000,0.998940,2.9
nn,none,continuous,57,90,0.005502,0.000000,1.000000,2.9
nn,none,continuous,57,91,0.012739,0.000000,0.998940,2.9
nn,none,continuous,57,92,0.159658,0.000000,0.936373,2.9
nn,none,continuous,57,93,0.269181,0.000000,0.896076,2.9
nn,none,continuous,57,94,0.098830,0.000000,0.970308,2.9
nn,none,continuous,57,95,0.042145,0.000000,0.991516,2.9
nn,none,continuous,57,96,0.026991,0.000000,0.994698,2.9
nn,none,continuous,57,97,0.013919,0.000000,1.000000,2.9
nn,none,continuous,57,98,0.009145,0.000000,1.000000,2.9
nn,none,continuous,57,99,0.005824,0.000000,1.000000,2.9
nn,none,continuous,57,100,0.016547,0.000000,0.998940,2.9
nn,none,continuous,58,1,0.715417,0.000000,0.541103,3.0
nn,none,continuous,58,2,0.678699,0.000000,0.588970,3.0
nn,none,continuous,58,3,0.666138,0.000000,0.600416,3.0
nn,none,continuous,58,4,0.672223,0.000000,0.603538,3.0
nn,none,continuous,58,5,0.659591,0.000000,0.601457,3.0
nn,none,continuous,58,6,0.646031,0.000000,0.608741,2.9
nn,none,continuous,58,7,0.632256,0.000000,0.665973,3.0
nn,none,continuous,58,8,0.633919,0.000000,0.621228,3.0
nn,none,continuous,58,9,0.617076,0.000000,0.648283,3.0
nn,none,continuous,58,10,0.611256,0.000000,0.679501,3.0
nn,none,continuous,58,11,0.627089,0.000000,0.654527,3.0
nn,none,continuous,58,12,0.603426,0.000000,0.664932,3.0
nn,none,continuous,58,13,0.592030,0.000000,0.685744,3.0
nn,none,continuous,58,14,0.575183,0.000000,0.704475,2.9
nn,none,continuous,58,15,0.568876,0.000000,0.706556,3.0
nn,none,continuous,58,16,0.555750,0.000000,0.709677,2.9
nn,none,continuous,58,17,0.555152,0.000000,0.716961,3.0
nn,none,continuous,58,18,0.524121,0.000000,0.742976,3.0
nn,none,continuous,58,19,0.522685,0.000000,0.749220,3.0
nn,none,continuous,58,20,0.522245,0.000000,0.744017,2.9
nn,none,continuous,58,21,0.508268,0.000000,0.747138,2.9
nn,none,continuous,58,22,0.495626,0.000000,0.773153,3.0
nn,none,continuous,58,23,0.481033,0.000000,0.772112,3.0
nn,none,continuous,58,24,0.461988,0.000000,0.786681,3.0
nn,none,continuous,58,25,0.453271,0.000000,0.782518,2.9
nn,none,continuous,58,26,0.412897,0.000000,0.827263,3.0
nn,none,continuous,58,27,0.432321,0.000000,0.819979,2.9
nn,none,continuous,58,28,0.420647,0.000000,0.815817,3.0
nn,none,continuous,58,29,0.434810,0.000000,0.803330,2.9
nn,none,continuous,58,30,0.406521,0.000000,0.827263,3.0
nn,none,continuous,58,31,0.367716,0.000000,0.852237,2.9
nn,none,continuous,58,32,0.359862,0.000000,0.853278,3.0
nn,none,continuous,58,33,0.336742,0.000000,0.865765,2.9
nn,none,continuous,58,34,0.376758,0.000000,0.841831,3.0
nn,none,continuous,58,35,0.338230,0.000000,0.860562,2.9
nn,none,continuous,58,36,0.334362,0.000000,0.865765,3.0
nn,none,continuous,58,37,0.319705,0.000000,0.872008,2.9
nn,none,continuous,58,38,0.303935,0.000000,0.883455,3.0
nn,none,continuous,58,39,0.286981,0.000000,0.901145,2.9
nn,none,continuous,58,40,0.266055,0.000000,0.907388,3.0
nn,none,continuous,58,41,0.271336,0.000000,0.898023,2.9
nn,none,continuous,58,42,0.277752,0.000000,0.896982,3.0
nn,none,continuous,58,43,0.259995,0.000000,0.907388,2.9
nn,none,continuous,58,44,0.278399,0.000000,0.886576,3.0
nn,none,continuous,58,45,0.255091,0.000000,0.896982,2.9
nn,none,continuous,58,46,0.219857,0.000000,0.928200,3.0
nn,none,continuous,58,47,0.220961,0.000000,0.910510,2.9
nn,none,continuous,58,48,0.210779,0.000000,0.933403,3.0
nn,none,continuous,58,49,0.195893,0.000000,0.940687,2.9
nn,none,continuous,58,50,0.181890,0.000000,0.938606,3.0
nn,none,continuous,58,51,0.147980,0.000000,0.959417,3.0
nn,none,continuous,58,52,0.153675,0.000000,0.954214,2.9
nn,none,continuous,58,53,0.128332,0.000000,0.966701,3.0
nn,none,continuous,58,54,0.142421,0.000000,0.956296,2.9
nn,none,continuous,58,55,0.126045,0.000000,0.959417,3.0
nn,none,continuous,58,56,0.098253,0.000000,0.980229,3.0
nn,none,continuous,58,57,0.174901,0.000000,0.936524,2.9
nn,none,continuous,58,58,0.122636,0.000000,0.968783,2.9
nn,none,continuous,58,59,0.100848,0.000000,0.970864,3.0
nn,none,continuous,58,60,0.084234,0.000000,0.984391,2.9
nn,none,continuous,58,61,0.062068,0.000000,0.993757,3.0
nn,none,continuous,58,62,0.106137,0.000000,0.963580,2.9
nn,none,continuous,58,63,0.152495,0.000000,0.943809,3.0
nn,none,continuous,58,64,0.076697,0.000000,0.979188,2.9
nn,none,continuous,58,65,0.051798,0.000000,0.990635,3.0
nn,none,continuous,58,66,0.053638,0.000000,0.992716,2.9
nn,none,continuous,58,67,0.038825,0.000000,0.996878,3.0
nn,none,continuous,58,68,0.118915,0.000000,0.958377,2.9
nn,none,continuous,58,69,0.119108,0.000000,0.957336,3.0
nn,none,continuous,58,70,0.064527,0.000000,0.982310,2.9
nn,none,continuous,58,71,0.057272,0.000000,0.989594,3.0
nn,none,continuous,58,72,0.027333,0.000000,0.998959,3.0
nn,none,continuous,58,73,0.027269,0.000000,0.998959,3.0
nn,none,continuous,58,74,0.022420,0.000000,1.000000,2.9
nn,none,continuous,58,75,0.016938,0.000000,0.997919,3.0
nn,none,continuous,58,76,0.016934,0.000000,1.000000,2.9
nn,none,continuous,58,77,0.015684,0.000000,1.000000,3.0
nn,none,continuous,58,78,0.013871,0.000000,1.000000,3.0
nn,none,continuous,58,79,0.020247,0.000000,0.998959,3.0
nn,none,continuous,58,80,0.058026,0.000000,0.983351,2.9
nn,none,continuous,58,81,0.038595,0.000000,0.991675,3.0
nn,none,continuous,58,82,0.061274,0.000000,0.978148,2.9
nn,none,continuous,58,83,0.032678,0.000000,0.990635,3.0
nn,none,continuous,58,84,0.021514,0.000000,0.998959,2.9
nn,none,continuous,58,85,0.050958,0.000000,0.988554,2.9
nn,none,continuous,58,86,0.028763,0.000000,0.996878,3.0
nn,none,continuous,58,87,0.145319,0.000000,0.939646,3.0
nn,none,continuous,58,88,0.048880,0.000000,0.990635,3.0
nn,none,continuous,58,89,0.045838,0.000000,0.990635,3.0
nn,none,continuous,58,90,0.021227,0.000000,0.996878,3.0
nn,none,continuous,58,91,0.015186,0.000000,1.000000,2.9
nn,none,continuous,58,92,0.012033,0.000000,1.000000,2.9
nn,none,continuous,58,93,0.009135,0.000000,1.000000,2.9
nn,none,continuous,58,94,0.007342,0.000000,0.998959,2.9
nn,none,continuous,58,95,0.006326,0.000000,1.000000,3.0
nn,none,continuous,58,96,0.008614,0.000000,0.998959,3.0
nn,none,continuous,58,97,0.006147,0.000000,1.000000,2.9
nn,none,continuous,58,98,0.005420,0.000000,1.000000,3.0
nn,none,continuous,58,99,0.005166,0.000000,1.000000,2.9
nn,none,continuous,58,100,0.006524,0.000000,1.000000,2.9
nn,none,continuous,59,1,0.705336,0.000000,0.528785,2.9
nn,none,continuous,59,2,0.675566,0.000000,0.581023,2.9
nn,none,continuous,59,3,0.673515,0.000000,0.592751,2.9
nn,none,continuous,59,4,0.660296,0.000000,0.610874,2.9
nn,none,continuous,59,5,0.665723,0.000000,0.613006,2.9
nn,none,continuous,59,6,0.654533,0.000000,0.618337,2.9
nn,none,continuous,59,7,0.641679,0.000000,0.643923,2.9
nn,none,continuous,59,8,0.642205,0.000000,0.634328,2.9
nn,none,continuous,59,9,0.623721,0.000000,0.657783,2.9
nn,none,continuous,59,10,0.621050,0.000000,0.667377,2.9
nn,none,continuous,59,11,0.609836,0.000000,0.663113,2.9
nn,none,continuous,59,12,0.590236,0.000000,0.705757,2.9
nn,none,continuous,59,13,0.582677,0.000000,0.687633,2.9
nn,none,continuous,59,14,0.578623,0.000000,0.686567,2.8
nn,none,continuous,59,15,0.590299,0.000000,0.697228,2.9
nn,none,continuous,59,16,0.538968,0.000000,0.734542,2.8
nn,none,continuous,59,17,0.541039,0.000000,0.727079,2.9
nn,none,continuous,59,18,0.528275,0.000000,0.748401,2.9
nn,none,continuous,59,19,0.515958,0.000000,0.738806,2.9
nn,none,continuous,59,20,0.493179,0.000000,0.749467,2.9
nn,none,continuous,59,21,0.479331,0.000000,0.785714,3.0
nn,none,continuous,59,22,0.479107,0.000000,0.788913,2.8
nn,none,continuous,59,23,0.480030,0.000000,0.765458,3.0
nn,none,continuous,59,24,0.452297,0.000000,0.785714,2.9
nn,none,continuous,59,25,0.448379,0.000000,0.809168,2.9
nn,none,continuous,59,26,0.433482,0.000000,0.795309,2.8
nn,none,continuous,59,27,0.428831,0.000000,0.808102,2.9
nn,none,continuous,59,28,0.406509,0.000000,0.824094,2.9
nn,none,continuous,59,29,0.403145,0.000000,0.826226,2.9
nn,none,continuous,59,30,0.396638,0.000000,0.818763,2.9
nn,none,continuous,59,31,0.381051,0.000000,0.847548,2.9
nn,none,continuous,59,32,0.379009,0.000000,0.832623,2.8
nn,none,continuous,59,33,0.363577,0.000000,0.834755,2.9
nn,none,continuous,59,34,0.345441,0.000000,0.853945,2.9
nn,none,continuous,59,35,0.327943,0.000000,0.877399,2.9
nn,none,continuous,59,36,0.328461,0.000000,0.871002,2.8
nn,none,continuous,59,37,0.323857,0.000000,0.855011,2.9
nn,none,continuous,59,38,0.302000,0.000000,0.877399,2.9
nn,none,continuous,59,39,0.292732,0.000000,0.884861,2.9
nn,none,continuous,59,40,0.285391,0.000000,0.886994,2.9
nn,none,continuous,59,41,0.292413,0.000000,0.893390,2.9
nn,none,continuous,59,42,0.259773,0.000000,0.900853,2.9
nn,none,continuous,59,43,0.261503,0.000000,0.898721,2.9
nn,none,continuous,59,44,0.236991,0.000000,0.900853,2.9
nn,none,continuous,59,45,0.255667,0.000000,0.899787,2.9
nn,none,continuous,59,46,0.231629,0.000000,0.908316,2.8
nn,none,continuous,59,47,0.236977,0.000000,0.912580,2.9
nn,none,continuous,59,48,0.176563,0.000000,0.942431,2.9
nn,none,continuous,59,49,0.222938,0.000000,0.916844,2.9
nn,none,continuous,59,50,0.179731,0.000000,0.941365,2.9
nn,none,continuous,59,51,0.159226,0.000000,0.956290,2.9
nn,none,continuous,59,52,0.167922,0.000000,0.940299,2.9
nn,none,continuous,59,53,0.136885,0.000000,0.964819,2.9
nn,none,continuous,59,54,0.141702,0.000000,0.958422,2.9
nn,none,continuous,59,55,0.131418,0.000000,0.958422,2.9
nn,none,continuous,59,56,0.116551,0.000000,0.976546,2.9
nn,none,continuous,59,57,0.116099,0.000000,0.962687,2.9
nn,none,continuous,59,58,0.099487,0.000000,0.981876,2.9
nn,none,continuous,59,59,0.090751,0.000000,0.982942,2.9
nn,none,continuous,59,60,0.097560,0.000000,0.981876,2.9
nn,none,continuous,59,61,0.105718,0.000000,0.961620,2.9
nn,none,continuous,59,62,0.088024,0.000000,0.979744,2.9
nn,none,continuous,59,63,0.064611,0.000000,0.991471,2.9
nn,none,continuous,59,64,0.074701,0.000000,0.984009,2.9
nn,none,continuous,59,65,0.058808,0.000000,0.985075,2.9
nn,none,continuous,59,66,0.077343,0.000000,0.982942,2.9
nn,none,continuous,59,67,0.038926,0.000000,0.998934,2.9
nn,none,continuous,59,68,0.050599,0.000000,0.991471,2.9
nn,none,continuous,59,69,0.033403,0.000000,0.998934,2.9
nn,none,continuous,59,70,0.030710,0.000000,1.000000,2.9
nn,none,continuous,59,71,0.028729,0.000000,0.997868,2.9
nn,none,continuous,59,72,0.026005,0.000000,0.996802,2.9
nn,none,continuous,59,73,0.029128,0.000000,0.995736,2.9
nn,none,continuous,59,74,0.024544,0.000000,0.998934,2.9
nn,none,continuous,59,75,0.029906,0.000000,0.997868,2.9
nn,none,continuous,59,76,0.031095,0.000000,0.996802,2.9
nn,none,continuous,59,77,0.016687,0.000000,1.000000,2.9
nn,none,continuous,59,78,0.014042,0.000000,1.000000,2.9
nn,none,continuous,59,79,0.016635,0.000000,0.998934,2.9
nn,none,continuous,59,80,0.024947,0.000000,0.994670,2.9
nn,none,continuous,59,81,0.031706,0.000000,0.994670,2.9
nn,none,continuous,59,82,0.032368,0.000000,0.994670,2.9
nn,none,continuous,59,83,0.053592,0.000000,0.985075,2.7
nn,none,continuous,59,84,0.143468,0.000000,0.940299,2.5
nn,none,continuous,59,85,0.098362,0.000000,0.961620,2.5
nn,none,continuous,59,86,0.087963,0.000000,0.971215,2.5
nn,none,continuous,59,87,0.026877,0.000000,0.997868,2.5
nn,none,continuous,59,88,0.010969,0.000000,1.000000,2.5
nn,none,continuous,59,89,0.008817,0.000000,1.000000,2.5
nn,none,continuous,59,90,0.007973,0.000000,1.000000,2.5
nn,none,continuous,59,91,0.007126,0.000000,1.000000,2.6
nn,none,continuous,59,92,0.005724,0.000000,1.000000,2.6
nn,none,continuous,59,93,0.004441,0.000000,1.000000,2.6
nn,none,continuous,59,94,0.006874,0.000000,1.000000,2.6
nn,none,continuous,59,95,0.004865,0.000000,1.000000,2.5
nn,none,continuous,59,96,0.005734,0.000000,1.000000,2.5
nn,none,continuous,59,97,0.006409,0.000000,1.000000,2.6
nn,none,continuous,59,98,0.007521,0.000000,1.000000,2.5
nn,none,continuous,59,99,0.005100,0.000000,1.000000,2.5
nn,none,continuous,59,100,0.005960,0.000000,1.000000,2.5
nn,none,continuous,60,1,0.715624,0.000000,0.519833,2.6
nn,none,continuous,60,2,0.677050,0.000000,0.581420,2.9
nn,none,continuous,60,3,0.671867,0.000000,0.576200,2.8
nn,none,continuous,60,4,0.667713,0.000000,0.596033,2.9
nn,none,continuous,60,5,0.655799,0.000000,0.603340,2.9
nn,none,continuous,60,6,0.643297,0.000000,0.622129,2.8
nn,none,continuous,60,7,0.647424,0.000000,0.612735,2.9
nn,none,continuous,60,8,0.624469,0.000000,0.655532,3.0
nn,none,continuous,60,9,0.626918,0.000000,0.651357,2.9
nn,none,continuous,60,10,0.611497,0.000000,0.688935,2.9
nn,none,continuous,60,11,0.590688,0.000000,0.689979,3.0
nn,none,continuous,60,12,0.584330,0.000000,0.702505,3.0
nn,none,continuous,60,13,0.579586,0.000000,0.685804,2.9
nn,none,continuous,60,14,0.565823,0.000000,0.720251,3.0
nn,none,continuous,60,15,0.521754,0.000000,0.751566,2.9
nn,none,continuous,60,16,0.524490,0.000000,0.748434,2.9
nn,none,continuous,60,17,0.502999,0.000000,0.758873,2.9
nn,none,continuous,60,18,0.478470,0.000000,0.781837,3.0
nn,none,continuous,60,19,0.464094,0.000000,0.777662,2.9
nn,none,continuous,60,20,0.476627,0.000000,0.790188,3.0
nn,none,continuous,60,21,0.479829,0.000000,0.781837,2.9
nn,none,continuous,60,22,0.430941,0.000000,0.808977,2.9
nn,none,continuous,60,23,0.439909,0.000000,0.807933,3.0
nn,none,continuous,60,24,0.403895,0.000000,0.834029,2.9
nn,none,continuous,60,25,0.388721,0.000000,0.842380,3.0
nn,none,continuous,60,26,0.360541,0.000000,0.855950,3.0
nn,none,continuous,60,27,0.369940,0.000000,0.855950,2.9
nn,none,continuous,60,28,0.372486,0.000000,0.846555,3.0
nn,none,continuous,60,29,0.321749,0.000000,0.870564,3.0
nn,none,continuous,60,30,0.327970,0.000000,0.865344,2.9
nn,none,continuous,60,31,0.347314,0.000000,0.850731,3.0
nn,none,continuous,60,32,0.306618,0.000000,0.878914,3.0
nn,none,continuous,60,33,0.291605,0.000000,0.896660,2.9
nn,none,continuous,60,34,0.288654,0.000000,0.894572,3.0
nn,none,continuous,60,35,0.293545,0.000000,0.885177,2.9
nn,none,continuous,60,36,0.254165,0.000000,0.909186,3.0
nn,none,continuous,60,37,0.239784,0.000000,0.915449,2.9
nn,none,continuous,60,38,0.249176,0.000000,0.899791,3.0
nn,none,continuous,60,39,0.214980,0.000000,0.933194,2.9
nn,none,continuous,60,40,0.195983,0.000000,0.941545,3.0
nn,none,continuous,60,41,0.203006,0.000000,0.927975,3.0
nn,none,continuous,60,42,0.178770,0.000000,0.940501,2.9
nn,none,continuous,60,43,0.205483,0.000000,0.924843,3.0
nn,none,continuous,60,44,0.156786,0.000000,0.956159,2.9
nn,none,continuous,60,45,0.141863,0.000000,0.950939,2.9
nn,none,continuous,60,46,0.154495,0.000000,0.950939,3.0
nn,none,continuous,60,47,0.112141,0.000000,0.972860,2.9
nn,none,continuous,60,48,0.117301,0.000000,0.963466,2.9
nn,none,continuous,60,49,0.167536,0.000000,0.944676,3.0
nn,none,continuous,60,50,0.104706,0.000000,0.975992,2.9
nn,none,continuous,60,51,0.091534,0.000000,0.973904,2.9
nn,none,continuous,60,52,0.064768,0.000000,0.992693,3.0
nn,none,continuous,60,53,0.077598,0.000000,0.983299,2.9
nn,none,continuous,60,54,0.052595,0.000000,0.993737,3.0
nn,none,continuous,60,55,0.058876,0.000000,0.988518,2.9
nn,none,continuous,60,56,0.071764,0.000000,0.988518,3.0
nn,none,continuous,60,57,0.055873,0.000000,0.992693,2.9
nn,none,continuous,60,58,0.063385,0.000000,0.989562,3.0
nn,none,continuous,60,59,0.038792,0.000000,0.995825,2.9
nn,none,continuous,60,60,0.051374,0.000000,0.990605,2.9
nn,none,continuous,60,61,0.039381,0.000000,0.994781,2.9
nn,none,continuous,60,62,0.021351,0.000000,0.998956,2.9
nn,none,continuous,60,63,0.029417,0.000000,0.996868,2.9
nn,none,continuous,60,64,0.027201,0.000000,0.996868,2.9
nn,none,continuous,60,65,0.018570,0.000000,1.000000,2.9
nn,none,continuous,60,66,0.012573,0.000000,1.000000,2.9
nn,none,continuous,60,67,0.015666,0.000000,1.000000,3.0
nn,none,continuous,60,68,0.012048,0.000000,1.000000,2.9
nn,none,continuous,60,69,0.011763,0.000000,1.000000,3.0
nn,none,continuous,60,70,0.012845,0.000000,1.000000,2.9
nn,none,continuous,60,71,0.011333,0.000000,1.000000,2.9
nn,none,continuous,60,72,0.023483,0.000000,0.994781,3.0
nn,none,continuous,60,73,0.113581,0.000000,0.958246,2.9
nn,none,continuous,60,74,0.063517,0.000000,0.981211,2.9
nn,none,continuous,60,75,0.026959,0.000000,0.997912,3.0
nn,none,continuous,60,76,0.021272,0.000000,0.996868,2.9
nn,none,continuous,60,77,0.014952,0.000000,0.998956,2.9
nn,none,continuous,60,78,0.020631,0.000000,0.998956,3.0
nn,none,continuous,60,79,0.013701,0.000000,1.000000,2.9
nn,none,continuous,60,80,0.008156,0.000000,1.000000,2.9
nn,none,continuous,60,81,0.004382,0.000000,1.000000,2.9
nn,none,continuous,60,82,0.004637,0.000000,1.000000,3.0
nn,none,continuous,60,83,0.006494,0.000000,1.000000,2.9
nn,none,continuous,60,84,0.004251,0.000000,1.000000,3.0
nn,none,continuous,60,85,0.004723,0.000000,1.000000,2.9
nn,none,continuous,60,86,0.003970,0.000000,1.000000,2.9
nn,none,continuous,60,87,0.005551,0.000000,1.000000,3.0
nn,none,continuous,60,88,0.005713,0.000000,1.000000,2.9
nn,none,continuous,60,89,0.004013,0.000000,1.000000,3.0
nn,none,continuous,60,90,0.003930,0.000000,1.000000,2.9
nn,none,continuous,60,91,0.003791,0.000000,1.000000,3.0
nn,none,continuous,60,92,0.002527,0.000000,1.000000,2.9
nn,none,continuous,60,93,0.002552,0.000000,1.000000,3.0
nn,none,continuous,60,94,0.002537,0.000000,1.000000,2.9
nn,none,continuous,60,95,0.002326,0.000000,1.000000,3.0
nn,none,continuous,60,96,0.002565,0.000000,1.000000,3.0
nn,none,continuous,60,97,0.002697,0.000000,1.000000,2.9
nn,none,continuous,60,98,0.003723,0.000000,1.000000,3.0
nn,none,continuous,60,99,0.002024,0.000000,1.000000,2.9
nn,none,continuous,60,100,0.002369,0.000000,1.000000,2.9
nn,none,continuous,61,1,0.706589,0.000000,0.545935,2.9
nn,none,continuous,61,2,0.683093,0.000000,0.571278,2.9
nn,none,continuous,61,3,0.678134,0.000000,0.595565,2.9
nn,none,continuous,61,4,0.653565,0.000000,0.612460,3.0
nn,none,continuous,61,5,0.660257,0.000000,0.623020,2.9
nn,none,continuous,61,6,0.648333,0.000000,0.618796,2.9
nn,none,continuous,61,7,0.640514,0.000000,0.642027,3.0
nn,none,continuous,61,8,0.627503,0.000000,0.659979,2.9
nn,none,continuous,61,9,0.618288,0.000000,0.664203,2.9
nn,none,continuous,61,10,0.628174,0.000000,0.657867,2.9
nn,none,continuous,61,11,0.603697,0.000000,0.688490,2.9
nn,none,continuous,61,12,0.599054,0.000000,0.668427,2.9
nn,none,continuous,61,13,0.574355,0.000000,0.723337,3.0
nn,none,continuous,61,14,0.544599,0.000000,0.729673,2.9
nn,none,continuous,61,15,0.550267,0.000000,0.710665,2.9
nn,none,continuous,61,16,0.534579,0.000000,0.722281,2.9
nn,none,continuous,61,17,0.503191,0.000000,0.742344,2.9
nn,none,continuous,61,18,0.515242,0.000000,0.749736,2.9
nn,none,continuous,61,19,0.497540,0.000000,0.772967,3.0
nn,none,continuous,61,20,0.476439,0.000000,0.767687,2.9
nn,none,continuous,61,21,0.474199,0.000000,0.767687,2.9
nn,none,continuous,61,22,0.453838,0.000000,0.787751,3.0
nn,none,continuous,61,23,0.451191,0.000000,0.791975,2.9
nn,none,continuous,61,24,0.447287,0.000000,0.808870,2.9
nn,none,continuous,61,25,0.410563,0.000000,0.814150,2.9
nn,none,continuous,61,26,0.416962,0.000000,0.815206,2.9
nn,none,continuous,61,27,0.409852,0.000000,0.829989,2.9
nn,none,continuous,61,28,0.389455,0.000000,0.839493,3.0
nn,none,continuous,61,29,0.391587,0.000000,0.824710,2.9
nn,none,continuous,61,30,0.357084,0.000000,0.853221,2.9
nn,none,continuous,61,31,0.350579,0.000000,0.856389,2.9
nn,none,continuous,61,32,0.338071,0.000000,0.869060,2.9
nn,none,continuous,61,33,0.324186,0.000000,0.870116,3.0
nn,none,continuous,61,34,0.328592,0.000000,0.861668,2.9
nn,none,continuous,61,35,0.293592,0.000000,0.880676,2.9
nn,none,continuous,61,36,0.311676,0.000000,0.874340,2.9
nn,none,continuous,61,37,0.291603,0.000000,0.890180,2.9
nn,none,continuous,61,38,0.284071,0.000000,0.893347,2.9
nn,none,continuous,61,39,0.262502,0.000000,0.899683,2.9
nn,none,continuous,61,40,0.246580,0.000000,0.913411,2.9
nn,none,continuous,61,41,0.242050,0.000000,0.907075,2.9
nn,none,continuous,61,42,0.238817,0.000000,0.907075,3.0
nn,none,continuous,61,43,0.204507,0.000000,0.937698,2.9
nn,none,continuous,61,44,0.186325,0.000000,0.935586,2.9
nn,none,continuous,61,45,0.194959,0.000000,0.932418,3.0
nn,none,continuous,61,46,0.153897,0.000000,0.961985,2.9
nn,none,continuous,61,47,0.187007,0.000000,0.927138,2.9
nn,none,continuous,61,48,0.184479,0.000000,0.935586,2.9
nn,none,continuous,61,49,0.177667,0.000000,0.936642,2.9
nn,none,continuous,61,50,0.139551,0.000000,0.956705,2.9
nn,none,continuous,61,51,0.119181,0.000000,0.965153,3.0
nn,none,continuous,61,52,0.117036,0.000000,0.964097,2.9
nn,none,continuous,61,53,0.115210,0.000000,0.967265,2.9
nn,none,continuous,61,54,0.153168,0.000000,0.947202,2.9
nn,none,continuous,61,55,0.107437,0.000000,0.972545,2.9
nn,none,continuous,61,56,0.070652,0.000000,0.986272,2.9
nn,none,continuous,61,57,0.081372,0.000000,0.977825,3.0
nn,none,continuous,61,58,0.069409,0.000000,0.989440,2.9
nn,none,continuous,61,59,0.067777,0.000000,0.989440,2.9
nn,none,continuous,61,60,0.101898,0.000000,0.964097,2.9
nn,none,continuous,61,61,0.089906,0.000000,0.973601,2.9
nn,none,continuous,61,62,0.063673,0.000000,0.986272,2.9
nn,none,continuous,61,63,0.054325,0.000000,0.984161,2.9
nn,none,continuous,61,64,0.059853,0.000000,0.983105,2.9
nn,none,continuous,61,65,0.048955,0.000000,0.992608,2.9
nn,none,continuous,61,66,0.106562,0.000000,0.963041,3.0
nn,none,continuous,61,67,0.044987,0.000000,0.990496,2.9
nn,none,continuous,61,68,0.039977,0.000000,0.995776,2.9
nn,none,continuous,61,69,0.039760,0.000000,0.991552,2.9
nn,none,continuous,61,70,0.065983,0.000000,0.979937,2.9
nn,none,continuous,61,71,0.031362,0.000000,0.996832,2.9
nn,none,continuous,61,72,0.038590,0.000000,0.994720,2.9
nn,none,continuous,61,73,0.025725,0.000000,0.996832,2.9
nn,none,continuous,61,74,0.022386,0.000000,0.996832,2.9
nn,none,continuous,61,75,0.103361,0.000000,0.963041,2.9
nn,none,continuous,61,76,0.025007,0.000000,0.998944,2.9
nn,none,continuous,61,77,0.017976,0.000000,0.998944,2.9
nn,none,continuous,61,78,0.013311,0.000000,1.000000,2.9
nn,none,continuous,61,79,0.017066,0.000000,1.000000,2.9
nn,none,continuous,61,80,0.011445,0.000000,1.000000,2.9
nn,none,continuous,61,81,0.013067,0.000000,0.998944,2.9
nn,none,continuous,61,82,0.082614,0.000000,0.973601,2.9
nn,none,continuous,61,83,0.029302,0.000000,0.995776,2.9
nn,none,continuous,61,84,0.022028,0.000000,0.997888,2.9
nn,none,continuous,61,85,0.018659,0.000000,0.997888,2.9
nn,none,continuous,61,86,0.015262,0.000000,0.994720,2.9
nn,none,continuous,61,87,0.014865,0.000000,1.000000,2.9
nn,none,continuous,61,88,0.007449,0.000000,0.998944,2.9
nn,none,continuous,61,89,0.052471,0.000000,0.988384,2.9
nn,none,continuous,61,90,0.070116,0.000000,0.976769,2.9
nn,none,continuous,61,91,0.033340,0.000000,0.992608,2.9
nn,none,continuous,61,92,0.014236,0.000000,0.998944,2.9
nn,none,continuous,61,93,0.022320,0.000000,0.995776,2.9
nn,none,continuous,61,94,0.004758,0.000000,1.000000,2.9
nn,none,continuous,61,95,0.004183,0.000000,1.000000,3.0
nn,none,continuous,61,96,0.005328,0.000000,1.000000,2.9
nn,none,continuous,61,97,0.003610,0.000000,1.000000,2.9
nn,none,continuous,61,98,0.003846,0.000000,1.000000,2.9
nn,none,continuous,61,99,0.006208,0.000000,1.000000,2.9
nn,none,continuous,61,100,0.008389,0.000000,1.000000,2.9
nn,none,continuous,62,1,0.713351,0.000000,0.534319,2.9
nn,none,continuous,62,2,0.681116,0.000000,0.574446,2.9
nn,none,continuous,62,3,0.674972,0.000000,0.583949,2.9
nn,none,continuous,62,4,0.658957,0.000000,0.606125,3.0
nn,none,continuous,62,5,0.651793,0.000000,0.614572,2.9
nn,none,continuous,62,6,0.640336,0.000000,0.643083,2.9
nn,none,continuous,62,7,0.640558,0.000000,0.634636,2.9
nn,none,continuous,62,8,0.616878,0.000000,0.661035,2.9
nn,none,continuous,62,9,0.617506,0.000000,0.671595,2.9
nn,none,continuous,62,10,0.599512,0.000000,0.681098,2.9
nn,none,continuous,62,11,0.574729,0.000000,0.703273,2.9
nn,none,continuous,62,12,0.571484,0.000000,0.699050,2.9
nn,none,continuous,62,13,0.550101,0.000000,0.721225,2.9
nn,none,continuous,62,14,0.544505,0.000000,0.705385,2.9
nn,none,continuous,62,15,0.524147,0.000000,0.753960,3.0
nn,none,continuous,62,16,0.522032,0.000000,0.752904,2.9
nn,none,continuous,62,17,0.451724,0.000000,0.795143,2.9
nn,none,continuous,62,18,0.470555,0.000000,0.783527,2.9
nn,none,continuous,62,19,0.444273,0.000000,0.809926,2.9
nn,none,continuous,62,20,0.424593,0.000000,0.814150,2.9
nn,none,continuous,62,21,0.441239,0.000000,0.798310,2.9
nn,none,continuous,62,22,0.388727,0.000000,0.828933,2.9
nn,none,continuous,62,23,0.399751,0.000000,0.825766,2.9
nn,none,continuous,62,24,0.389057,0.000000,0.828933,2.9
nn,none,continuous,62,25,0.370073,0.000000,0.844773,2.9
nn,none,continuous,62,26,0.365838,0.000000,0.843717,2.9
nn,none,continuous,62,27,0.346169,0.000000,0.854277,2.9
nn,none,continuous,62,28,0.354208,0.000000,0.852165,2.9
nn,none,continuous,62,29,0.331599,0.000000,0.875396,2.9
nn,none,continuous,62,30,0.327256,0.000000,0.866948,2.9
nn,none,continuous,62,31,0.301989,0.000000,0.876452,2.9
nn,none,continuous,62,32,0.284758,0.000000,0.880676,2.9
nn,none,continuous,62,33,0.299126,0.000000,0.884900,2.9
nn,none,continuous,62,34,0.266253,0.000000,0.899683,2.9
nn,none,continuous,62,35,0.242556,0.000000,0.910243,2.9
nn,none,continuous,62,36,0.230938,0.000000,0.922914,2.9
nn,none,continuous,62,37,0.214883,0.000000,0.927138,2.9
nn,none,continuous,62,38,0.230953,0.000000,0.910243,2.9
nn,none,continuous,62,39,0.214181,0.000000,0.916579,2.9
nn,none,continuous,62,40,0.184287,0.000000,0.945090,2.9
nn,none,continuous,62,41,0.170052,0.000000,0.953537,2.9
nn,none,continuous,62,42,0.196510,0.000000,0.928194,3.0
nn,none,continuous,62,43,0.174221,0.000000,0.933474,2.9
nn,none,continuous,62,44,0.156241,0.000000,0.945090,2.9
nn,none,continuous,62,45,0.197306,0.000000,0.928194,2.9
nn,none,continuous,62,46,0.140469,0.000000,0.958817,2.9
nn,none,continuous,62,47,0.119484,0.000000,0.973601,2.9
nn,none,continuous,62,48,0.116429,0.000000,0.969377,3.0
nn,none,continuous,62,49,0.182157,0.000000,0.922914,2.9
nn,none,continuous,62,50,0.148304,0.000000,0.955649,2.9
nn,none,continuous,62,51,0.087978,0.000000,0.978881,2.9
nn,none,continuous,62,52,0.071427,0.000000,0.985216,2.9
nn,none,continuous,62,53,0.057223,0.000000,0.994720,2.9
nn,none,continuous,62,54,0.055524,0.000000,0.993664,2.9
nn,none,continuous,62,55,0.073405,0.000000,0.983105,2.9
nn,none,continuous,62,56,0.093311,0.000000,0.971489,2.9
nn,none,continuous,62,57,0.086619,0.000000,0.978881,3.0
nn,none,continuous,62,58,0.058139,0.000000,0.988384,2.9
nn,none,continuous,62,59,0.045975,0.000000,0.996832,2.9
nn,none,continuous,62,60,0.053231,0.000000,0.987328,3.0
nn,none,continuous,62,61,0.048470,0.000000,0.992608,2.9
nn,none,continuous,62,62,0.063664,0.000000,0.983105,2.9
nn,none,continuous,62,63,0.047013,0.000000,0.989440,2.9
nn,none,continuous,62,64,0.080311,0.000000,0.976769,2.9
nn,none,continuous,62,65,0.040189,0.000000,0.997888,2.9
nn,none,continuous,62,66,0.048549,0.000000,0.989440,2.9
nn,none,continuous,62,67,0.029599,0.000000,0.995776,2.9
nn,none,continuous,62,68,0.029827,0.000000,0.996832,2.9
nn,none,continuous,62,69,0.015119,0.000000,0.998944,2.9
nn,none,continuous,62,70,0.011799,0.000000,0.998944,2.9
nn,none,continuous,62,71,0.036532,0.000000,0.995776,3.0
nn,none,continuous,62,72,0.014030,0.000000,1.000000,2.9
nn,none,continuous,62,73,0.015329,0.000000,1.000000,2.9
nn,none,continuous,62,74,0.009810,0.000000,1.000000,2.9
nn,none,continuous,62,75,0.009006,0.000000,1.000000,2.9
nn,none,continuous,62,76,0.017729,0.000000,1.000000,2.8
nn,none,continuous,62,77,0.011677,0.000000,0.998944,2.9
nn,none,continuous,62,78,0.245005,0.000000,0.906019,2.9
nn,none,continuous,62,79,0.091777,0.000000,0.971489,2.9
nn,none,continuous,62,80,0.039799,0.000000,0.996832,2.9
nn,none,continuous,62,81,0.015717,0.000000,1.000000,2.9
nn,none,continuous,62,82,0.010251,0.000000,1.000000,2.9
nn,none,continuous,62,83,0.009804,0.000000,1.000000,2.9
nn,none,continuous,62,84,0.008278,0.000000,1.000000,2.9
nn,none,continuous,62,85,0.009888,0.000000,1.000000,2.8
nn,none,continuous,62,86,0.011143,0.000000,1.000000,3.0
nn,none,continuous,62,87,0.007270,0.000000,1.000000,2.9
nn,none,continuous,62,88,0.023305,0.000000,0.996832,2.9
nn,none,continuous,62,89,0.022853,0.000000,0.996832,2.9
nn,none,continuous,62,90,0.008416,0.000000,1.000000,2.9
nn,none,continuous,62,91,0.015905,0.000000,0.998944,2.9
nn,none,continuous,62,92,0.020118,0.000000,0.997888,3.0
nn,none,continuous,62,93,0.008066,0.000000,1.000000,2.9
nn,none,continuous,62,94,0.005948,0.000000,1.000000,2.9
nn,none,continuous,62,95,0.003663,0.000000,1.000000,3.0
nn,none,continuous,62,96,0.004368,0.000000,1.000000,2.9
nn,none,continuous,62,97,0.007083,0.000000,0.996832,2.9
nn,none,continuous,62,98,0.007551,0.000000,1.000000,2.9
nn,none,continuous,62,99,0.003045,0.000000,1.000000,2.9
nn,none,continuous,62,100,0.003168,0.000000,1.000000,2.9
nn,none,continuous,63,1,0.722777,0.000000,0.532359,3.0
nn,none,continuous,63,2,0.684013,0.000000,0.567850,2.9
nn,none,continuous,63,3,0.668179,0.000000,0.592902,2.9
nn,none,continuous,63,4,0.670757,0.000000,0.593946,3.0
nn,none,continuous,63,5,0.658554,0.000000,0.605428,2.9
nn,none,continuous,63,6,0.645128,0.000000,0.637787,3.0
nn,none,continuous,63,7,0.635976,0.000000,0.636743,2.9
nn,none,continuous,63,8,0.620774,0.000000,0.668058,2.9
nn,none,continuous,63,9,0.613671,0.000000,0.673278,2.9
nn,none,continuous,63,10,0.591437,0.000000,0.687891,3.0
nn,none,continuous,63,11,0.586941,0.000000,0.691023,2.9
nn,none,continuous,63,12,0.584402,0.000000,0.722338,2.9
nn,none,continuous,63,13,0.548313,0.000000,0.735908,3.0
nn,none,continuous,63,14,0.551159,0.000000,0.730689,2.9
nn,none,continuous,63,15,0.516366,0.000000,0.749478,3.0
nn,none,continuous,63,16,0.489294,0.000000,0.778706,2.9
nn,none,continuous,63,17,0.497393,0.000000,0.772443,2.9
nn,none,continuous,63,18,0.473616,0.000000,0.792276,2.9
nn,none,continuous,63,19,0.474079,0.000000,0.784969,3.0
nn,none,continuous,63,20,0.470318,0.000000,0.782881,2.9
nn,none,continuous,63,21,0.452881,0.000000,0.793319,3.0
nn,none,continuous,63,22,0.416619,0.000000,0.818372,2.9
nn,none,continuous,63,23,0.428309,0.000000,0.810021,2.9
nn,none,continuous,63,24,0.438634,0.000000,0.805846,3.0
nn,none,continuous,63,25,0.381886,0.000000,0.824635,2.9
nn,none,continuous,63,26,0.372535,0.000000,0.845511,2.9
nn,none,continuous,63,27,0.360028,0.000000,0.862213,3.0
nn,none,continuous,63,28,0.336508,0.000000,0.864301,2.9
nn,none,continuous,63,29,0.359315,0.000000,0.849687,2.9
nn,none,continuous,63,30,0.345481,0.000000,0.846555,3.0
nn,none,continuous,63,31,0.327527,0.000000,0.856994,2.9
nn,none,continuous,63,32,0.314021,0.000000,0.874739,2.9
nn,none,continuous,63,33,0.294092,0.000000,0.892484,2.9
nn,none,continuous,63,34,0.291581,0.000000,0.886221,2.9
nn,none,continuous,63,35,0.257611,0.000000,0.908142,3.0
nn,none,continuous,63,36,0.234615,0.000000,0.912317,2.9
nn,none,continuous,63,37,0.240667,0.000000,0.915449,3.0
nn,none,continuous,63,38,0.241063,0.000000,0.916493,2.9
nn,none,continuous,63,39,0.221975,0.000000,0.909186,3.0
nn,none,continuous,63,40,0.200656,0.000000,0.933194,2.9
nn,none,continuous,63,41,0.191043,0.000000,0.927975,3.0
nn,none,continuous,63,42,0.171314,0.000000,0.948852,2.9
nn,none,continuous,63,43,0.179931,0.000000,0.934238,2.9
nn,none,continuous,63,44,0.176095,0.000000,0.934238,3.0
nn,none,continuous,63,45,0.166170,0.000000,0.942589,3.0
nn,none,continuous,63,46,0.153771,0.000000,0.949896,2.9
nn,none,continuous,63,47,0.128900,0.000000,0.961378,2.9
nn,none,continuous,63,48,0.125464,0.000000,0.963466,3.0
nn,none,continuous,63,49,0.121710,0.000000,0.965553,2.9
nn,none,continuous,63,50,0.114925,0.000000,0.970772,3.0
nn,none,continuous,63,51,0.088108,0.000000,0.979123,2.9
nn,none,continuous,63,52,0.079289,0.000000,0.983299,3.0
nn,none,continuous,63,53,0.081579,0.000000,0.977035,3.0
nn,none,continuous,63,54,0.063369,0.000000,0.992693,3.0
nn,none,continuous,63,55,0.065649,0.000000,0.985386,2.9
nn,none,continuous,63,56,0.046579,0.000000,0.998956,3.0
nn,none,continuous,63,57,0.069890,0.000000,0.980167,2.9
nn,none,continuous,63,58,0.053018,0.000000,0.991649,2.9
nn,none,continuous,63,59,0.039560,0.000000,0.994781,3.0
nn,none,continuous,63,60,0.059141,0.000000,0.986430,2.9
nn,none,continuous,63,61,0.044722,0.000000,0.993737,2.9
nn,none,continuous,63,62,0.047206,0.000000,0.988518,3.0
nn,none,continuous,63,63,0.046199,0.000000,0.994781,2.9
nn,none,continuous,63,64,0.039585,0.000000,0.991649,2.9
nn,none,continuous,63,65,0.050639,0.000000,0.992693,3.0
nn,none,continuous,63,66,0.029096,0.000000,0.997912,2.9
nn,none,continuous,63,67,0.055595,0.000000,0.981211,2.9
nn,none,continuous,63,68,0.042054,0.000000,0.990605,3.0
nn,none,continuous,63,69,0.037978,0.000000,0.991649,2.9
nn,none,continuous,63,70,0.025868,0.000000,0.998956,3.0
nn,none,continuous,63,71,0.020558,0.000000,0.997912,2.9
nn,none,continuous,63,72,0.010267,0.000000,1.000000,3.0
nn,none,continuous,63,73,0.010063,0.000000,1.000000,2.9
nn,none,continuous,63,74,0.010223,0.000000,1.000000,3.0
nn,none,continuous,63,75,0.006446,0.000000,1.000000,2.9
nn,none,continuous,63,76,0.006270,0.000000,1.000000,2.9
nn,none,continuous,63,77,0.008263,0.000000,1.000000,3.0
nn,none,continuous,63,78,0.009009,0.000000,1.000000,2.9
nn,none,continuous,63,79,0.008193,0.000000,0.998956,3.0
nn,none,continuous,63,80,0.018215,0.000000,0.998956,2.9
nn,none,continuous,63,81,0.012296,0.000000,1.000000,2.9
nn,none,continuous,63,82,0.014060,0.000000,0.998956,3.0
nn,none,continuous,63,83,0.014253,0.000000,1.000000,3.0
nn,none,continuous,63,84,0.017411,0.000000,0.998956,2.9
nn,none,continuous,63,85,0.030701,0.000000,0.996868,3.0
nn,none,continuous,63,86,0.037278,0.000000,0.990605,2.9
nn,none,continuous,63,87,0.125566,0.000000,0.954071,2.9
nn,none,continuous,63,88,0.142155,0.000000,0.936326,3.0
nn,none,continuous,63,89,0.056986,0.000000,0.981211,2.9
nn,none,continuous,63,90,0.036482,0.000000,0.989562,2.9
nn,none,continuous,63,91,0.027936,0.000000,0.994781,3.0
nn,none,continuous,63,92,0.012801,0.000000,0.998956,2.9
nn,none,continuous,63,93,0.006944,0.000000,1.000000,2.9
nn,none,continuous,63,94,0.005334,0.000000,1.000000,3.0
nn,none,continuous,63,95,0.004529,0.000000,1.000000,2.9
nn,none,continuous,63,96,0.003651,0.000000,1.000000,3.0
nn,none,continuous,63,97,0.004405,0.000000,1.000000,3.0
nn,none,continuous,63,98,0.004337,0.000000,1.000000,3.0
nn,none,continuous,63,99,0.003959,0.000000,1.000000,2.9
nn,none,continuous,63,100,0.008810,0.000000,0.998956,3.0
nn,none,continuous,64,1,0.696101,0.000000,0.548691,2.9
nn,none,continuous,64,2,0.660348,0.000000,0.621990,2.9
nn,none,continuous,64,3,0.650091,0.000000,0.629319,3.0
nn,none,continuous,64,4,0.655371,0.000000,0.608377,2.9
nn,none,continuous,64,5,0.633369,0.000000,0.629319,3.0
nn,none,continuous,64,6,0.634205,0.000000,0.643979,2.9
nn,none,continuous,64,7,0.602191,0.000000,0.674346,2.9
nn,none,continuous,64,8,0.600678,0.000000,0.680628,2.9
nn,none,continuous,64,9,0.589155,0.000000,0.690052,2.9
nn,none,continuous,64,10,0.591055,0.000000,0.677487,2.9
nn,none,continuous,64,11,0.571845,0.000000,0.701571,3.0
nn,none,continuous,64,12,0.557866,0.000000,0.717277,2.9
nn,none,continuous,64,13,0.547784,0.000000,0.714136,2.9
nn,none,continuous,64,14,0.540721,0.000000,0.742408,3.0
nn,none,continuous,64,15,0.506537,0.000000,0.748691,2.9
nn,none,continuous,64,16,0.500101,0.000000,0.767539,2.9
nn,none,continuous,64,17,0.483996,0.000000,0.773822,2.9
nn,none,continuous,64,18,0.469607,0.000000,0.784293,2.9
nn,none,continuous,64,19,0.468411,0.000000,0.791623,2.9
nn,none,continuous,64,20,0.457847,0.000000,0.795812,3.0
nn,none,continuous,64,21,0.439158,0.000000,0.803141,2.9
nn,none,continuous,64,22,0.443048,0.000000,0.808377,2.9
nn,none,continuous,64,23,0.401725,0.000000,0.823037,3.0
nn,none,continuous,64,24,0.407861,0.000000,0.830366,2.9
nn,none,continuous,64,25,0.413523,0.000000,0.821990,2.9
nn,none,continuous,64,26,0.391196,0.000000,0.830366,3.0
nn,none,continuous,64,27,0.368946,0.000000,0.842932,2.9
nn,none,continuous,64,28,0.372224,0.000000,0.840838,2.9
nn,none,continuous,64,29,0.355379,0.000000,0.862827,3.0
nn,none,continuous,64,30,0.350461,0.000000,0.865969,2.9
nn,none,continuous,64,31,0.349022,0.000000,0.850262,2.9
nn,none,continuous,64,32,0.339446,0.000000,0.870157,2.9
nn,none,continuous,64,33,0.341754,0.000000,0.870157,2.9
nn,none,continuous,64,34,0.313868,0.000000,0.873298,2.9
nn,none,continuous,64,35,0.279508,0.000000,0.891099,2.9
nn,none,continuous,64,36,0.310641,0.000000,0.877487,2.9
nn,none,continuous,64,37,0.270930,0.000000,0.903665,2.9
nn,none,continuous,64,38,0.290021,0.000000,0.882723,3.0
nn,none,continuous,64,39,0.260654,0.000000,0.897382,2.9
nn,none,continuous,64,40,0.247909,0.000000,0.910995,3.0
nn,none,continuous,64,41,0.241309,0.000000,0.914136,2.9
nn,none,continuous,64,42,0.220339,0.000000,0.924607,3.0
nn,none,continuous,64,43,0.224478,0.000000,0.916230,2.9
nn,none,continuous,64,44,0.201918,0.000000,0.932984,2.9
nn,none,continuous,64,45,0.221492,0.000000,0.917277,2.9
nn,none,continuous,64,46,0.193428,0.000000,0.931937,3.0
nn,none,continuous,64,47,0.171378,0.000000,0.948691,2.9
nn,none,continuous,64,48,0.159990,0.000000,0.958115,2.9
nn,none,continuous,64,49,0.148361,0.000000,0.951832,3.0
nn,none,continuous,64,50,0.142370,0.000000,0.958115,2.9
nn,none,continuous,64,51,0.124992,0.000000,0.963351,3.0
nn,none,continuous,64,52,0.141197,0.000000,0.961257,3.0
nn,none,continuous,64,53,0.106393,0.000000,0.971728,2.9
nn,none,continuous,64,54,0.084782,0.000000,0.985340,2.9
nn,none,continuous,64,55,0.078862,0.000000,0.983246,3.0
nn,none,continuous,64,56,0.073855,0.000000,0.986387,2.9
nn,none,continuous,64,57,0.090494,0.000000,0.976963,2.9
nn,none,continuous,64,58,0.084111,0.000000,0.979058,3.0
nn,none,continuous,64,59,0.066028,0.000000,0.991623,2.9
nn,none,continuous,64,60,0.068672,0.000000,0.988482,3.0
nn,none,continuous,64,61,0.057467,0.000000,0.992670,3.0
nn,none,continuous,64,62,0.049418,0.000000,0.991623,2.9
nn,none,continuous,64,63,0.038192,0.000000,0.995812,2.9
nn,none,continuous,64,64,0.026947,0.000000,1.000000,3.0
nn,none,continuous,64,65,0.023143,0.000000,1.000000,2.9
nn,none,continuous,64,66,0.049324,0.000000,0.989529,2.9
nn,none,continuous,64,67,0.025994,0.000000,0.997906,3.0
nn,none,continuous,64,68,0.037295,0.000000,0.996859,3.0
nn,none,continuous,64,69,0.026966,0.000000,0.997906,2.9
nn,none,continuous,64,70,0.015176,0.000000,0.998953,3.0
nn,none,continuous,64,71,0.013789,0.000000,1.000000,2.9
nn,none,continuous,64,72,0.089220,0.000000,0.970681,2.9
nn,none,continuous,64,73,0.097014,0.000000,0.964398,3.0
nn,none,continuous,64,74,0.058234,0.000000,0.982199,2.9
nn,none,continuous,64,75,0.028870,0.000000,0.998953,3.0
nn,none,continuous,64,76,0.027045,0.000000,0.997906,2.9
nn,none,continuous,64,77,0.023775,0.000000,0.995812,2.9
nn,none,continuous,64,78,0.015644,0.000000,0.998953,3.0
nn,none,continuous,64,79,0.016370,0.000000,0.997906,2.9
nn,none,continuous,64,80,0.016868,0.000000,1.000000,3.0
nn,none,continuous,64,81,0.015835,0.000000,0.998953,3.0
nn,none,continuous,64,82,0.012350,0.000000,1.000000,2.9
nn,none,continuous,64,83,0.016255,0.000000,0.998953,2.9
nn,none,continuous,64,84,0.010250,0.000000,1.000000,3.0
nn,none,continuous,64,85,0.007295,0.000000,1.000000,2.9
nn,none,continuous,64,86,0.004952,0.000000,1.000000,2.9
nn,none,continuous,64,87,0.003683,0.000000,1.000000,3.0
nn,none,continuous,64,88,0.003388,0.000000,1.000000,2.9
nn,none,continuous,64,89,0.002753,0.000000,1.000000,2.9
nn,none,continuous,64,90,0.003096,0.000000,1.000000,2.9
nn,none,continuous,64,91,0.003795,0.000000,1.000000,2.9
nn,none,continuous,64,92,0.005392,0.000000,1.000000,2.9
nn,none,continuous,64,93,0.059998,0.000000,0.975916,3.0
nn,none,continuous,64,94,0.185503,0.000000,0.925654,2.9
nn,none,continuous,64,95,0.092225,0.000000,0.970681,3.0
nn,none,continuous,64,96,0.026379,0.000000,0.996859,2.9
nn,none,continuous,64,97,0.025956,0.000000,0.994764,2.9
nn,none,continuous,64,98,0.007132,0.000000,1.000000,2.9
nn,none,continuous,64,99,0.005881,0.000000,1.000000,3.0
nn,none,continuous,64,100,0.005769,0.000000,1.000000,2.9
nn,none,continuous,65,1,0.712268,0.000000,0.520747,3.0
nn,none,continuous,65,2,0.675308,0.000000,0.606846,3.0
nn,none,continuous,65,3,0.691686,0.000000,0.560166,2.9
nn,none,continuous,65,4,0.665907,0.000000,0.606846,3.0
nn,none,continuous,65,5,0.644573,0.000000,0.633817,2.9
nn,none,continuous,65,6,0.646840,0.000000,0.623444,3.0
nn,none,continuous,65,7,0.653696,0.000000,0.640041,3.0
nn,none,continuous,65,8,0.630804,0.000000,0.661826,3.0
nn,none,continuous,65,9,0.599606,0.000000,0.677386,2.9
nn,none,continuous,65,10,0.606526,0.000000,0.685685,3.0
nn,none,continuous,65,11,0.596069,0.000000,0.693983,2.9
nn,none,continuous,65,12,0.584771,0.000000,0.706432,3.0
nn,none,continuous,65,13,0.571522,0.000000,0.718880,3.0
nn,none,continuous,65,14,0.557499,0.000000,0.711618,3.0
nn,none,continuous,65,15,0.551444,0.000000,0.738589,2.9
nn,none,continuous,65,16,0.545865,0.000000,0.736515,3.0
nn,none,continuous,65,17,0.531317,0.000000,0.750000,3.0
nn,none,continuous,65,18,0.515801,0.000000,0.751037,2.9
nn,none,continuous,65,19,0.511629,0.000000,0.756224,3.0
nn,none,continuous,65,20,0.500188,0.000000,0.769710,2.9
nn,none,continuous,65,21,0.453152,0.000000,0.810166,3.0
nn,none,continuous,65,22,0.466740,0.000000,0.785270,3.0
nn,none,continuous,65,23,0.455590,0.000000,0.782158,2.9
nn,none,continuous,65,24,0.454766,0.000000,0.794606,3.0
nn,none,continuous,65,25,0.416828,0.000000,0.819502,3.0
nn,none,continuous,65,26,0.392835,0.000000,0.828838,3.0
nn,none,continuous,65,27,0.400459,0.000000,0.825726,3.0
nn,none,continuous,65,28,0.395586,0.000000,0.826763,3.0
nn,none,continuous,65,29,0.364341,0.000000,0.847510,2.9
nn,none,continuous,65,30,0.359916,0.000000,0.844398,3.0
nn,none,continuous,65,31,0.341903,0.000000,0.864108,2.9
nn,none,continuous,65,32,0.344751,0.000000,0.857884,3.0
nn,none,continuous,65,33,0.331284,0.000000,0.867220,3.0
nn,none,continuous,65,34,0.303045,0.000000,0.877593,2.9
nn,none,continuous,65,35,0.302455,0.000000,0.874481,2.9
nn,none,continuous,65,36,0.324697,0.000000,0.860996,3.0
nn,none,continuous,65,37,0.290859,0.000000,0.891079,3.0
nn,none,continuous,65,38,0.252933,0.000000,0.909751,2.9
nn,none,continuous,65,39,0.248337,0.000000,0.907676,3.0
nn,none,continuous,65,40,0.242502,0.000000,0.904564,3.0
nn,none,continuous,65,41,0.216379,0.000000,0.938797,3.0
nn,none,continuous,65,42,0.214647,0.000000,0.913900,3.0
nn,none,continuous,65,43,0.195781,0.000000,0.935685,3.0
nn,none,continuous,65,44,0.169080,0.000000,0.954357,2.9
nn,none,continuous,65,45,0.176527,0.000000,0.946058,3.0
nn,none,continuous,65,46,0.210011,0.000000,0.915975,2.9
nn,none,continuous,65,47,0.169976,0.000000,0.946058,3.0
nn,none,continuous,65,48,0.143462,0.000000,0.959544,3.0
nn,none,continuous,65,49,0.128904,0.000000,0.963693,2.9
nn,none,continuous,65,50,0.130619,0.000000,0.961618,3.0
nn,none,continuous,65,51,0.110586,0.000000,0.969917,2.9
nn,none,continuous,65,52,0.133031,0.000000,0.962656,3.0
nn,none,continuous,65,53,0.089895,0.000000,0.978216,2.9
nn,none,continuous,65,54,0.076341,0.000000,0.984440,3.0
nn,none,continuous,65,55,0.072432,0.000000,0.984440,2.9
nn,none,continuous,65,56,0.106857,0.000000,0.968880,3.0
nn,none,continuous,65,57,0.073657,0.000000,0.988589,3.0
nn,none,continuous,65,58,0.065943,0.000000,0.986515,3.0
nn,none,continuous,65,59,0.066348,0.000000,0.988589,3.0
nn,none,continuous,65,60,0.045563,0.000000,0.993776,2.9
nn,none,continuous,65,61,0.043952,0.000000,0.995851,2.9
nn,none,continuous,65,62,0.037550,0.000000,0.996888,3.0
nn,none,continuous,65,63,0.023867,0.000000,1.000000,2.9
nn,none,continuous,65,64,0.034015,0.000000,0.995851,2.9
nn,none,continuous,65,65,0.024597,0.000000,0.998963,3.0
nn,none,continuous,65,66,0.065258,0.000000,0.985477,2.9
nn,none,continuous,65,67,0.075285,0.000000,0.976141,3.0
nn,none,continuous,65,68,0.065805,0.000000,0.986515,3.0
nn,none,continuous,65,69,0.056995,0.000000,0.983402,3.0
nn,none,continuous,65,70,0.039293,0.000000,0.989627,3.0
nn,none,continuous,65,71,0.068312,0.000000,0.981328,3.0
nn,none,continuous,65,72,0.045154,0.000000,0.990664,2.9
nn,none,continuous,65,73,0.058669,0.000000,0.981328,3.0
nn,none,continuous,65,74,0.029181,0.000000,0.996888,3.0
nn,none,continuous,65,75,0.030329,0.000000,0.994813,3.0
nn,none,continuous,65,76,0.018263,0.000000,0.998963,3.0
nn,none,continuous,65,77,0.010314,0.000000,1.000000,2.9
nn,none,continuous,65,78,0.009155,0.000000,1.000000,3.0
nn,none,continuous,65,79,0.009559,0.000000,1.000000,2.9
nn,none,continuous,65,80,0.008699,0.000000,1.000000,3.0
nn,none,continuous,65,81,0.010193,0.000000,1.000000,2.9
nn,none,continuous,65,82,0.007663,0.000000,0.998963,3.0
nn,none,continuous,65,83,0.096828,0.000000,0.967842,3.0
nn,none,continuous,65,84,0.038653,0.000000,0.991701,2.9
nn,none,continuous,65,85,0.017444,0.000000,0.997925,3.0
nn,none,continuous,65,86,0.011813,0.000000,1.000000,2.9
nn,none,continuous,65,87,0.006998,0.000000,1.000000,2.9
nn,none,continuous,65,88,0.012611,0.000000,0.996888,3.0
nn,none,continuous,65,89,0.013507,0.000000,1.000000,3.0
nn,none,continuous,65,90,0.007617,0.000000,1.000000,2.9
nn,none,continuous,65,91,0.004262,0.000000,1.000000,3.0
nn,none,continuous,65,92,0.015060,0.000000,0.998963,2.9
nn,none,continuous,65,93,0.005741,0.000000,1.000000,3.0
nn,none,continuous,65,94,0.003156,0.000000,1.000000,3.0
nn,none,continuous,65,95,0.003139,0.000000,1.000000,2.9
nn,none,continuous,65,96,0.003221,0.000000,1.000000,3.0
nn,none,continuous,65,97,0.002953,0.000000,1.000000,3.0
nn,none,continuous,65,98,0.005303,0.000000,1.000000,3.0
nn,none,continuous,65,99,0.005483,0.000000,1.000000,2.9
nn,none,continuous,65,100,0.003063,0.000000,1.000000,3.0
nn,none,continuous,66,1,0.701346,0.000000,0.545552,2.8
nn,none,continuous,66,2,0.683744,0.000000,0.540193,2.9
nn,none,continuous,66,3,0.684184,0.000000,0.574491,2.9
nn,none,continuous,66,4,0.664425,0.000000,0.599143,2.9
nn,none,continuous,66,5,0.669926,0.000000,0.585209,2.8
nn,none,continuous,66,6,0.651375,0.000000,0.615220,2.9
nn,none,continuous,66,7,0.662853,0.000000,0.587353,2.8
nn,none,continuous,66,8,0.647343,0.000000,0.613076,2.9
nn,none,continuous,66,9,0.629881,0.000000,0.627010,2.9
nn,none,continuous,66,10,0.613344,0.000000,0.670954,2.8
nn,none,continuous,66,11,0.614349,0.000000,0.667738,2.9
nn,none,continuous,66,12,0.586480,0.000000,0.692390,2.8
nn,none,continuous,66,13,0.564952,0.000000,0.708467,2.9
nn,none,continuous,66,14,0.538059,0.000000,0.729904,2.9
nn,none,continuous,66,15,0.539786,0.000000,0.729904,2.9
nn,none,continuous,66,16,0.510155,0.000000,0.757771,2.9
nn,none,continuous,66,17,0.494505,0.000000,0.755627,2.8
nn,none,continuous,66,18,0.507988,0.000000,0.743837,2.9
nn,none,continuous,66,19,0.485744,0.000000,0.763130,2.8
nn,none,continuous,66,20,0.457714,0.000000,0.787781,2.9
nn,none,continuous,66,21,0.450097,0.000000,0.798499,2.8
nn,none,continuous,66,22,0.465870,0.000000,0.786710,2.9
nn,none,continuous,66,23,0.418799,0.000000,0.802787,2.9
nn,none,continuous,66,24,0.414507,0.000000,0.826367,2.8
nn,none,continuous,66,25,0.391505,0.000000,0.822079,2.9
nn,none,continuous,66,26,0.384428,0.000000,0.848875,2.9
nn,none,continuous,66,27,0.369145,0.000000,0.847803,2.9
nn,none,continuous,66,28,0.357796,0.000000,0.853162,2.8
nn,none,continuous,66,29,0.338383,0.000000,0.862808,2.9
nn,none,continuous,66,30,0.334591,0.000000,0.863880,2.9
nn,none,continuous,66,31,0.328860,0.000000,0.860665,2.9
nn,none,continuous,66,32,0.325065,0.000000,0.861736,2.9
nn,none,continuous,66,33,0.301631,0.000000,0.888532,2.9
nn,none,continuous,66,34,0.300831,0.000000,0.882101,2.8
nn,none,continuous,66,35,0.253895,0.000000,0.908896,2.9
nn,none,continuous,66,36,0.252181,0.000000,0.904609,2.9
nn,none,continuous,66,37,0.274758,0.000000,0.887460,2.8
nn,none,continuous,66,38,0.248797,0.000000,0.900322,2.9
nn,none,continuous,66,39,0.216753,0.000000,0.922830,2.8
nn,none,continuous,66,40,0.198255,0.000000,0.931404,2.9
nn,none,continuous,66,41,0.191438,0.000000,0.939979,2.9
nn,none,continuous,66,42,0.184728,0.000000,0.941050,2.9
nn,none,continuous,66,43,0.158114,0.000000,0.952840,2.9
nn,none,continuous,66,44,0.157911,0.000000,0.946409,2.8
nn,none,continuous,66,45,0.140118,0.000000,0.962487,2.9
nn,none,continuous,66,46,0.179859,0.000000,0.947481,2.8
nn,none,continuous,66,47,0.154684,0.000000,0.946409,2.9
nn,none,continuous,66,48,0.148228,0.000000,0.959271,2.8
nn,none,continuous,66,49,0.129013,0.000000,0.963558,2.9
nn,none,continuous,66,50,0.087288,0.000000,0.983923,2.9
nn,none,continuous,66,51,0.116556,0.000000,0.963558,2.8
nn,none,continuous,66,52,0.155949,0.000000,0.944266,2.9
nn,none,continuous,66,53,0.106055,0.000000,0.972133,2.9
nn,none,continuous,66,54,0.094192,0.000000,0.976420,2.9
nn,none,continuous,66,55,0.070817,0.000000,0.980707,2.8
nn,none,continuous,66,56,0.122849,0.000000,0.957128,2.9
nn,none,continuous,66,57,0.067499,0.000000,0.986066,2.8
nn,none,continuous,66,58,0.047285,0.000000,0.995713,2.9
nn,none,continuous,66,59,0.047201,0.000000,0.994641,2.9
nn,none,continuous,66,60,0.057523,0.000000,0.989282,2.8
nn,none,continuous,66,61,0.037572,0.000000,0.994641,2.9
nn,none,continuous,66,62,0.041087,0.000000,0.994641,2.9
nn,none,continuous,66,63,0.049056,0.000000,0.987138,2.9
nn,none,continuous,66,64,0.048242,0.000000,0.989282,2.8
nn,none,continuous,66,65,0.055869,0.000000,0.989282,2.9
nn,none,continuous,66,66,0.045957,0.000000,0.992497,2.8
nn,none,continuous,66,67,0.054888,0.000000,0.989282,2.9
nn,none,continuous,66,68,0.030695,0.000000,0.994641,2.9
nn,none,continuous,66,69,0.025775,0.000000,0.997856,2.8
nn,none,continuous,66,70,0.021680,0.000000,0.997856,2.9
nn,none,continuous,66,71,0.018368,0.000000,0.998928,2.9
nn,none,continuous,66,72,0.017328,0.000000,0.998928,2.9
nn,none,continuous,66,73,0.009582,0.000000,1.000000,2.8
nn,none,continuous,66,74,0.011513,0.000000,1.000000,2.9
nn,none,continuous,66,75,0.036727,0.000000,0.987138,2.8
nn,none,continuous,66,76,0.043183,0.000000,0.991426,2.8
nn,none,continuous,66,77,0.020283,0.000000,0.997856,2.9
nn,none,continuous,66,78,0.010516,0.000000,1.000000,2.8
nn,none,continuous,66,79,0.012835,0.000000,1.000000,2.8
nn,none,continuous,66,80,0.008240,0.000000,1.000000,2.9
nn,none,continuous,66,81,0.015717,0.000000,0.998928,2.9
nn,none,continuous,66,82,0.071670,0.000000,0.975348,2.9
nn,none,continuous,66,83,0.132852,0.000000,0.954984,3.0
nn,none,continuous,66,84,0.071113,0.000000,0.974277,2.9
nn,none,continuous,66,85,0.023643,0.000000,0.995713,2.8
nn,none,continuous,66,86,0.061524,0.000000,0.983923,2.9
nn,none,continuous,66,87,0.021897,0.000000,0.994641,2.8
nn,none,continuous,66,88,0.017825,0.000000,0.996785,2.9
nn,none,continuous,66,89,0.011699,0.000000,1.000000,2.9
nn,none,continuous,66,90,0.010338,0.000000,0.998928,2.9
nn,none,continuous,66,91,0.006504,0.000000,1.000000,2.9
nn,none,continuous,66,92,0.008598,0.000000,0.998928,2.9
nn,none,continuous,66,93,0.007539,0.000000,1.000000,2.8
nn,none,continuous,66,94,0.004243,0.000000,1.000000,2.9
nn,none,continuous,66,95,0.003414,0.000000,1.000000,2.9
nn,none,continuous,66,96,0.003688,0.000000,1.000000,2.9
nn,none,continuous,66,97,0.004297,0.000000,1.000000,2.8
nn,none,continuous,66,98,0.003256,0.000000,1.000000,2.9
nn,none,continuous,66,99,0.003382,0.000000,1.000000,2.9
nn,none,continuous,66,100,0.003982,0.000000,1.000000,2.8
nn,none,continuous,67,1,0.710749,0.000000,0.550647,2.9
nn,none,continuous,67,2,0.675157,0.000000,0.592672,2.8
nn,none,continuous,67,3,0.664509,0.000000,0.614224,2.9
nn,none,continuous,67,4,0.649287,0.000000,0.644397,2.9
nn,none,continuous,67,5,0.643518,0.000000,0.618534,2.8
nn,none,continuous,67,6,0.645299,0.000000,0.628233,2.9
nn,none,continuous,67,7,0.625666,0.000000,0.642241,2.9
nn,none,continuous,67,8,0.631122,0.000000,0.637931,2.8
nn,none,continuous,67,9,0.613272,0.000000,0.670259,2.8
nn,none,continuous,67,10,0.606047,0.000000,0.675647,2.9
nn,none,continuous,67,11,0.583036,0.000000,0.701509,2.8
nn,none,continuous,67,12,0.565954,0.000000,0.713362,2.9
nn,none,continuous,67,13,0.554953,0.000000,0.723060,2.9
nn,none,continuous,67,14,0.544347,0.000000,0.740302,2.8
nn,none,continuous,67,15,0.556459,0.000000,0.712284,2.9
nn,none,continuous,67,16,0.515912,0.000000,0.758621,2.9
nn,none,continuous,67,17,0.499404,0.000000,0.770474,2.9
nn,none,continuous,67,18,0.478331,0.000000,0.779095,2.8
nn,none,continuous,67,19,0.456041,0.000000,0.795259,2.9
nn,none,continuous,67,20,0.445009,0.000000,0.799569,2.8
nn,none,continuous,67,21,0.439344,0.000000,0.812500,2.8
nn,none,continuous,67,22,0.423884,0.000000,0.807112,2.9
nn,none,continuous,67,23,0.416050,0.000000,0.806034,2.9
nn,none,continuous,67,24,0.406617,0.000000,0.811422,2.9
nn,none,continuous,67,25,0.400751,0.000000,0.825431,2.9
nn,none,continuous,67,26,0.384220,0.000000,0.834052,2.9
nn,none,continuous,67,27,0.345508,0.000000,0.862069,2.8
nn,none,continuous,67,28,0.343237,0.000000,0.862069,2.9
nn,none,continuous,67,29,0.338430,0.000000,0.866379,2.8
nn,none,continuous,67,30,0.323852,0.000000,0.869612,2.8
nn,none,continuous,67,31,0.331513,0.000000,0.859914,2.9
nn,none,continuous,67,32,0.279306,0.000000,0.896552,2.8
nn,none,continuous,67,33,0.256103,0.000000,0.908405,2.9
nn,none,continuous,67,34,0.242111,0.000000,0.924569,2.9
nn,none,continuous,67,35,0.230845,0.000000,0.912716,2.9
nn,none,continuous,67,36,0.248206,0.000000,0.909483,2.8
nn,none,continuous,67,37,0.212189,0.000000,0.927802,2.9
nn,none,continuous,67,38,0.211167,0.000000,0.921336,2.9
nn,none,continuous,67,39,0.218638,0.000000,0.919181,2.8
nn,none,continuous,67,40,0.186058,0.000000,0.941810,2.9
nn,none,continuous,67,41,0.182171,0.000000,0.928879,2.8
nn,none,continuous,67,42,0.146273,0.000000,0.962284,2.9
nn,none,continuous,67,43,0.132966,0.000000,0.964440,2.9
nn,none,continuous,67,44,0.167725,0.000000,0.939655,2.9
nn,none,continuous,67,45,0.153804,0.000000,0.952586,2.8
nn,none,continuous,67,46,0.132001,0.000000,0.963362,2.9
nn,none,continuous,67,47,0.133242,0.000000,0.956897,2.8
nn,none,continuous,67,48,0.114273,0.000000,0.971983,2.8
nn,none,continuous,67,49,0.122719,0.000000,0.967672,2.9
nn,none,continuous,67,50,0.107267,0.000000,0.969828,2.8
nn,none,continuous,67,51,0.087470,0.000000,0.985991,2.8
nn,none,continuous,67,52,0.092265,0.000000,0.977371,2.9
nn,none,continuous,67,53,0.083017,0.000000,0.977371,2.9
nn,none,continuous,67,54,0.071113,0.000000,0.985991,2.8
nn,none,continuous,67,55,0.061106,0.000000,0.985991,2.9
nn,none,continuous,67,56,0.047931,0.000000,0.994612,2.8
nn,none,continuous,67,57,0.032924,0.000000,0.998922,2.8
nn,none,continuous,67,58,0.038665,0.000000,0.995690,2.9
nn,none,continuous,67,59,0.037987,0.000000,0.996767,2.8
nn,none,continuous,67,60,0.049718,0.000000,0.990302,2.9
nn,none,continuous,67,61,0.034811,0.000000,0.997845,2.9
nn,none,continuous,67,62,0.032681,0.000000,0.994612,2.8
nn,none,continuous,67,63,0.021606,0.000000,0.997845,2.8
nn,none,continuous,67,64,0.047890,0.000000,0.988147,2.9
nn,none,continuous,67,65,0.048914,0.000000,0.989224,2.8
nn,none,continuous,67,66,0.045543,0.000000,0.991379,2.9
nn,none,continuous,67,67,0.029419,0.000000,0.995690,2.9
nn,none,continuous,67,68,0.026925,0.000000,0.997845,2.8
nn,none,continuous,67,69,0.023221,0.000000,0.996767,2.9
nn,none,continuous,67,70,0.036643,0.000000,0.989224,2.9
nn,none,continuous,67,71,0.037092,0.000000,0.993534,2.9
nn,none,continuous,67,72,0.018552,0.000000,1.000000,2.9
nn,none,continuous,67,73,0.022002,0.000000,0.996767,2.9
nn,none,continuous,67,74,0.012680,0.000000,1.000000,2.9
nn,none,continuous,67,75,0.008478,0.000000,1.000000,2.8
nn,none,continuous,67,76,0.007388,0.000000,1.000000,2.9
nn,none,continuous,67,77,0.011661,0.000000,1.000000,2.8
nn,none,continuous,67,78,0.005990,0.000000,1.000000,2.9
nn,none,continuous,67,79,0.005114,0.000000,1.000000,2.9
nn,none,continuous,67,80,0.005450,0.000000,1.000000,2.8
nn,none,continuous,67,81,0.004284,0.000000,1.000000,2.8
nn,none,continuous,67,82,0.003734,0.000000,1.000000,2.9
nn,none,continuous,67,83,0.003409,0.000000,1.000000,2.8
nn,none,continuous,67,84,0.003412,0.000000,1.000000,2.8
nn,none,continuous,67,85,0.003664,0.000000,1.000000,2.9
nn,none,continuous,67,86,0.003361,0.000000,1.000000,2.8
nn,none,continuous,67,87,0.002893,0.000000,1.000000,2.9
nn,none,continuous,67,88,0.002711,0.000000,1.000000,2.9
nn,none,continuous,67,89,0.002229,0.000000,1.000000,2.8
nn,none,continuous,67,90,0.002482,0.000000,1.000000,2.9
nn,none,continuous,67,91,0.008580,0.000000,1.000000,2.9
nn,none,continuous,67,92,0.013297,0.000000,1.000000,2.8
nn,none,continuous,67,93,0.065180,0.000000,0.979526,2.8
nn,none,continuous,67,94,0.130323,0.000000,0.949353,2.9
nn,none,continuous,67,95,0.167676,0.000000,0.935345,2.8
nn,none,continuous,67,96,0.079306,0.000000,0.966595,2.9
nn,none,continuous,67,97,0.029971,0.000000,0.993534,2.8
nn,none,continuous,67,98,0.014823,0.000000,1.000000,2.8
nn,none,continuous,67,99,0.010327,0.000000,0.998922,2.8
nn,none,continuous,67,100,0.007102,0.000000,1.000000,2.9
nn,none,continuous,68,1,0.715795,0.000000,0.536920,2.9
nn,none,continuous,68,2,0.673408,0.000000,0.587553,2.9
nn,none,continuous,68,3,0.670156,0.000000,0.588608,3.0
nn,none,continuous,68,4,0.653972,0.000000,0.621308,2.9
nn,none,continuous,68,5,0.648072,0.000000,0.644515,3.0
nn,none,continuous,68,6,0.639741,0.000000,0.632911,2.9
nn,none,continuous,68,7,0.640285,0.000000,0.629747,2.9
nn,none,continuous,68,8,0.624184,0.000000,0.670886,2.9
nn,none,continuous,68,9,0.608418,0.000000,0.675105,2.9
nn,none,continuous,68,10,0.589944,0.000000,0.678270,2.9
nn,none,continuous,68,11,0.609977,0.000000,0.661392,2.9
nn,none,continuous,68,12,0.562932,0.000000,0.702532,2.9
nn,none,continuous,68,13,0.562357,0.000000,0.708861,2.9
nn,none,continuous,68,14,0.550034,0.000000,0.741561,2.9
nn,none,continuous,68,15,0.520622,0.000000,0.744726,2.9
nn,none,continuous,68,16,0.520917,0.000000,0.727848,2.9
nn,none,continuous,68,17,0.508136,0.000000,0.761603,2.9
nn,none,continuous,68,18,0.523905,0.000000,0.740506,2.9
nn,none,continuous,68,19,0.473132,0.000000,0.782700,2.9
nn,none,continuous,68,20,0.464689,0.000000,0.791139,2.9
nn,none,continuous,68,21,0.450270,0.000000,0.801688,2.9
nn,none,continuous,68,22,0.432263,0.000000,0.811181,2.9
nn,none,continuous,68,23,0.439287,0.000000,0.812236,3.0
nn,none,continuous,68,24,0.407692,0.000000,0.829114,2.8
nn,none,continuous,68,25,0.392670,0.000000,0.837553,2.9
nn,none,continuous,68,26,0.374592,0.000000,0.848101,2.9
nn,none,continuous,68,27,0.402562,0.000000,0.824895,2.9
nn,none,continuous,68,28,0.353028,0.000000,0.859705,2.9
nn,none,continuous,68,29,0.344350,0.000000,0.855485,2.9
nn,none,continuous,68,30,0.314083,0.000000,0.881857,2.9
nn,none,continuous,68,31,0.283936,0.000000,0.888186,2.9
nn,none,continuous,68,32,0.302313,0.000000,0.886076,3.0
nn,none,continuous,68,33,0.310041,0.000000,0.870253,2.9
nn,none,continuous,68,34,0.267535,0.000000,0.904008,2.9
nn,none,continuous,68,35,0.241676,0.000000,0.916667,2.9
nn,none,continuous,68,36,0.211721,0.000000,0.928270,2.9
nn,none,continuous,68,37,0.225109,0.000000,0.921941,2.9
nn,none,continuous,68,38,0.232904,0.000000,0.914557,3.0
nn,none,continuous,68,39,0.211340,0.000000,0.916667,2.9
nn,none,continuous,68,40,0.198681,0.000000,0.932489,2.9
nn,none,continuous,68,41,0.194446,0.000000,0.938819,2.9
nn,none,continuous,68,42,0.180094,0.000000,0.950422,2.9
nn,none,continuous,68,43,0.151670,0.000000,0.960970,3.0
nn,none,continuous,68,44,0.179965,0.000000,0.927215,2.9
nn,none,continuous,68,45,0.157786,0.000000,0.935654,2.9
nn,none,continuous,68,46,0.100572,0.000000,0.979958,2.9
nn,none,continuous,68,47,0.086453,0.000000,0.981013,2.9
nn,none,continuous,68,48,0.068551,0.000000,0.987342,2.9
nn,none,continuous,68,49,0.082884,0.000000,0.978903,2.9
nn,none,continuous,68,50,0.057480,0.000000,0.993671,2.9
nn,none,continuous,68,51,0.045380,0.000000,0.996835,2.9
nn,none,continuous,68,52,0.047301,0.000000,0.990506,2.9
nn,none,continuous,68,53,0.057962,0.000000,0.990506,2.9
nn,none,continuous,68,54,0.044013,0.000000,0.996835,2.9
nn,none,continuous,68,55,0.036090,0.000000,0.996835,2.9
nn,none,continuous,68,56,0.025947,0.000000,1.000000,2.9
nn,none,continuous,68,57,0.031208,0.000000,0.996835,2.9
nn,none,continuous,68,58,0.044425,0.000000,0.993671,2.9
nn,none,continuous,68,59,0.046149,0.000000,0.992616,2.9
nn,none,continuous,68,60,0.027124,0.000000,0.997890,2.9
nn,none,continuous,68,61,0.014886,0.000000,1.000000,2.9
nn,none,continuous,68,62,0.025342,0.000000,0.998945,2.9
nn,none,continuous,68,63,0.018300,0.000000,0.998945,3.0
nn,none,continuous,68,64,0.010131,0.000000,1.000000,2.9
nn,none,continuous,68,65,0.009186,0.000000,1.000000,2.9
nn,none,continuous,68,66,0.010056,0.000000,1.000000,2.9
nn,none,continuous,68,67,0.129381,0.000000,0.953586,2.9
nn,none,continuous,68,68,0.146010,0.000000,0.947257,2.9
nn,none,continuous,68,69,0.075719,0.000000,0.973629,2.9
nn,none,continuous,68,70,0.030107,0.000000,0.994726,3.0
nn,none,continuous,68,71,0.018387,0.000000,1.000000,2.9
nn,none,continuous,68,72,0.010081,0.000000,1.000000,2.9
nn,none,continuous,68,73,0.007635,0.000000,1.000000,2.9
nn,none,continuous,68,74,0.008051,0.000000,1.000000,2.9
nn,none,continuous,68,75,0.007510,0.000000,1.000000,2.9
nn,none,continuous,68,76,0.005964,0.000000,1.000000,3.0
nn,none,continuous,68,77,0.005696,0.000000,1.000000,2.9
nn,none,continuous,68,78,0.005179,0.000000,1.000000,2.9
nn,none,continuous,68,79,0.004773,0.000000,1.000000,3.0
nn,none,continuous,68,80,0.003636,0.000000,1.000000,2.9
nn,none,continuous,68,81,0.009103,0.000000,1.000000,2.9
nn,none,continuous,68,82,0.008597,0.000000,0.998945,2.9
nn,none,continuous,68,83,0.004449,0.000000,1.000000,2.9
nn,none,continuous,68,84,0.004444,0.000000,1.000000,2.8
nn,none,continuous,68,85,0.003132,0.000000,1.000000,3.0
nn,none,continuous,68,86,0.002273,0.000000,1.000000,2.9
nn,none,continuous,68,87,0.002378,0.000000,1.000000,3.0
nn,none,continuous,68,88,0.002296,0.000000,1.000000,2.9
nn,none,continuous,68,89,0.002479,0.000000,1.000000,2.9
nn,none,continuous,68,90,0.002365,0.000000,1.000000,2.8
nn,none,continuous,68,91,0.002234,0.000000,1.000000,2.7
nn,none,continuous,68,92,0.001494,0.000000,1.000000,2.6
nn,none,continuous,68,93,0.001990,0.000000,1.000000,2.6
nn,none,continuous,68,94,0.001406,0.000000,1.000000,2.7
nn,none,continuous,68,95,0.001329,0.000000,1.000000,2.7
nn,none,continuous,68,96,0.002004,0.000000,1.000000,2.7
nn,none,continuous,68,97,0.003888,0.000000,1.000000,2.7
nn,none,continuous,68,98,0.146204,0.000000,0.937764,2.7
nn,none,continuous,68,99,0.260483,0.000000,0.890295,2.8
nn,none,continuous,68,100,0.104497,0.000000,0.963080,2.7
nn,none,continuous,69,1,0.703319,0.000000,0.573248,2.7
nn,none,continuous,69,2,0.672908,0.000000,0.595541,2.7
nn,none,continuous,69,3,0.665047,0.000000,0.621019,2.7
nn,none,continuous,69,4,0.658547,0.000000,0.629512,2.6
nn,none,continuous,69,5,0.648395,0.000000,0.638004,2.7
nn,none,continuous,69,6,0.649937,0.000000,0.625265,2.7
nn,none,continuous,69,7,0.628934,0.000000,0.660297,2.7
nn,none,continuous,69,8,0.616371,0.000000,0.662420,2.9
nn,none,continuous,69,9,0.611762,0.000000,0.682590,2.8
nn,none,continuous,69,10,0.582645,0.000000,0.697452,2.9
nn,none,continuous,69,11,0.571783,0.000000,0.707006,2.8
nn,none,continuous,69,12,0.547541,0.000000,0.742038,2.9
nn,none,continuous,69,13,0.546791,0.000000,0.729299,2.9
nn,none,continuous,69,14,0.518023,0.000000,0.754777,3.0
nn,none,continuous,69,15,0.507444,0.000000,0.762208,2.9
nn,none,continuous,69,16,0.479592,0.000000,0.785563,2.9
nn,none,continuous,69,17,0.485380,0.000000,0.769639,3.0
nn,none,continuous,69,18,0.469372,0.000000,0.791932,2.9
nn,none,continuous,69,19,0.462651,0.000000,0.797240,2.9
nn,none,continuous,69,20,0.440935,0.000000,0.792994,2.9
nn,none,continuous,69,21,0.454644,0.000000,0.805732,2.9
nn,none,continuous,69,22,0.422114,0.000000,0.815287,2.9
nn,none,continuous,69,23,0.426765,0.000000,0.801486,2.9
nn,none,continuous,69,24,0.393232,0.000000,0.830149,2.9
nn,none,continuous,69,25,0.384664,0.000000,0.835456,2.9
nn,none,continuous,69,26,0.375890,0.000000,0.835456,2.9
nn,none,continuous,69,27,0.367691,0.000000,0.840764,2.9
nn,none,continuous,69,28,0.353083,0.000000,0.860934,2.9
nn,none,continuous,69,29,0.349267,0.000000,0.859873,2.9
nn,none,continuous,69,30,0.337533,0.000000,0.871550,2.9
nn,none,continuous,69,31,0.333134,0.000000,0.859873,2.9
nn,none,continuous,69,32,0.314588,0.000000,0.876858,2.9
nn,none,continuous,69,33,0.310918,0.000000,0.878981,2.9
nn,none,continuous,69,34,0.277920,0.000000,0.891720,2.9
nn,none,continuous,69,35,0.266304,0.000000,0.905520,2.9
nn,none,continuous,69,36,0.280412,0.000000,0.895966,2.9
nn,none,continuous,69,37,0.241884,0.000000,0.917197,2.9
nn,none,continuous,69,38,0.237307,0.000000,0.916136,2.9
nn,none,continuous,69,39,0.202046,0.000000,0.935244,2.9
nn,none,continuous,69,40,0.207690,0.000000,0.917197,2.9
nn,none,continuous,69,41,0.200729,0.000000,0.932059,2.9
nn,none,continuous,69,42,0.194363,0.000000,0.939490,2.9
nn,none,continuous,69,43,0.179893,0.000000,0.935244,2.9
nn,none,continuous,69,44,0.181679,0.000000,0.933121,2.9
nn,none,continuous,69,45,0.141859,0.000000,0.961783,2.9
nn,none,continuous,69,46,0.124118,0.000000,0.972399,2.9
nn,none,continuous,69,47,0.116501,0.000000,0.973461,2.9
nn,none,continuous,69,48,0.131681,0.000000,0.962845,2.9
nn,none,continuous,69,49,0.096586,0.000000,0.977707,3.0
nn,none,continuous,69,50,0.142650,0.000000,0.952229,2.9
nn,none,continuous,69,51,0.094118,0.000000,0.977707,2.9
nn,none,continuous,69,52,0.108148,0.000000,0.972399,2.9
nn,none,continuous,69,53,0.087150,0.000000,0.980892,2.9
nn,none,continuous,69,54,0.090867,0.000000,0.975584,2.9
nn,none,continuous,69,55,0.062729,0.000000,0.990446,3.0
nn,none,continuous,69,56,0.044947,0.000000,0.994692,2.9
nn,none,continuous,69,57,0.053500,0.000000,0.989384,2.9
nn,none,continuous,69,58,0.062455,0.000000,0.989384,2.9
nn,none,continuous,69,59,0.064771,0.000000,0.984076,2.9
nn,none,continuous,69,60,0.071239,0.000000,0.980892,2.9
nn,none,continuous,69,61,0.031212,0.000000,0.997877,2.9
nn,none,continuous,69,62,0.033969,0.000000,0.994692,2.9
nn,none,continuous,69,63,0.038594,0.000000,0.995754,2.9
nn,none,continuous,69,64,0.030327,0.000000,0.997877,3.0
nn,none,continuous,69,65,0.013258,0.000000,1.000000,2.9
nn,none,continuous,69,66,0.015873,0.000000,1.000000,2.9
nn,none,continuous,69,67,0.011407,0.000000,1.000000,2.9
nn,none,continuous,69,68,0.011298,0.000000,1.000000,2.9
nn,none,continuous,69,69,0.016507,0.000000,1.000000,2.9
nn,none,continuous,69,70,0.014865,0.000000,1.000000,2.9
nn,none,continuous,69,71,0.010327,0.000000,1.000000,2.9
nn,none,continuous,69,72,0.011276,0.000000,0.998938,2.9
nn,none,continuous,69,73,0.049292,0.000000,0.992569,2.9
nn,none,continuous,69,74,0.045937,0.000000,0.989384,2.9
nn,none,continuous,69,75,0.096758,0.000000,0.964968,2.9
nn,none,continuous,69,76,0.063570,0.000000,0.981953,2.9
nn,none,continuous,69,77,0.030416,0.000000,0.994692,2.9
nn,none,continuous,69,78,0.017976,0.000000,0.998938,2.9
nn,none,continuous,69,79,0.019648,0.000000,0.996815,2.9
nn,none,continuous,69,80,0.022553,0.000000,0.996815,2.9
nn,none,continuous,69,81,0.021368,0.000000,0.994692,2.9
nn,none,continuous,69,82,0.045062,0.000000,0.988323,2.9
nn,none,continuous,69,83,0.025764,0.000000,0.996815,2.9
nn,none,continuous,69,84,0.009287,0.000000,1.000000,2.9
nn,none,continuous,69,85,0.005053,0.000000,1.000000,2.9
nn,none,continuous,69,86,0.005286,0.000000,1.000000,2.9
nn,none,continuous,69,87,0.007329,0.000000,1.000000,2.9
nn,none,continuous,69,88,0.006605,0.000000,1.000000,2.9
nn,none,continuous,69,89,0.006789,0.000000,1.000000,2.9
nn,none,continuous,69,90,0.005567,0.000000,1.000000,2.9
nn,none,continuous,69,91,0.007792,0.000000,1.000000,2.9
nn,none,continuous,69,92,0.017067,0.000000,0.995754,2.9
nn,none,continuous,69,93,0.028441,0.000000,0.990446,2.9
nn,none,continuous,69,94,0.014140,0.000000,0.998938,2.9
nn,none,continuous,69,95,0.004757,0.000000,1.000000,2.9
nn,none,continuous,69,96,0.005546,0.000000,1.000000,2.9
nn,none,continuous,69,97,0.006213,0.000000,1.000000,2.9
nn,none,continuous,69,98,0.002932,0.000000,1.000000,2.9
nn,none,continuous,69,99,0.002664,0.000000,1.000000,2.9
nn,none,continuous,69,100,0.002093,0.000000,1.000000,2.9
nn,none,continuous,70,1,0.711292,0.000000,0.522105,2.9
nn,none,continuous,70,2,0.678429,0.000000,0.586316,3.0
nn,none,continuous,70,3,0.668108,0.000000,0.607368,2.9
nn,none,continuous,70,4,0.658223,0.000000,0.614737,3.0
nn,none,continuous,70,5,0.654131,0.000000,0.640000,3.0
nn,none,continuous,70,6,0.633193,0.000000,0.646316,2.9
nn,none,continuous,70,7,0.623768,0.000000,0.662105,2.9
nn,none,continuous,70,8,0.606808,0.000000,0.671579,3.0
nn,none,continuous,70,9,0.596363,0.000000,0.698947,2.9
nn,none,continuous,70,10,0.579217,0.000000,0.708421,2.9
nn,none,continuous,70,11,0.547629,0.000000,0.714737,3.0
nn,none,continuous,70,12,0.563750,0.000000,0.714737,2.9
nn,none,continuous,70,13,0.534094,0.000000,0.747368,2.9
nn,none,continuous,70,14,0.503929,0.000000,0.777895,3.0
nn,none,continuous,70,15,0.518309,0.000000,0.764211,2.9
nn,none,continuous,70,16,0.489503,0.000000,0.785263,2.9
nn,none,continuous,70,17,0.464598,0.000000,0.783158,2.9
nn,none,continuous,70,18,0.454056,0.000000,0.787368,2.9
nn,none,continuous,70,19,0.449148,0.000000,0.787368,2.9
nn,none,continuous,70,20,0.440774,0.000000,0.794737,3.0
nn,none,continuous,70,21,0.442772,0.000000,0.798947,2.9
nn,none,continuous,70,22,0.434763,0.000000,0.812632,2.9
nn,none,continuous,70,23,0.411206,0.000000,0.812632,3.0
nn,none,continuous,70,24,0.414685,0.000000,0.820000,2.9
nn,none,continuous,70,25,0.386010,0.000000,0.833684,2.9
nn,none,continuous,70,26,0.354309,0.000000,0.854737,3.0
nn,none,continuous,70,27,0.365656,0.000000,0.837895,2.9
nn,none,continuous,70,28,0.367087,0.000000,0.844211,2.9
nn,none,continuous,70,29,0.337305,0.000000,0.861053,2.9
nn,none,continuous,70,30,0.332473,0.000000,0.857895,2.9
nn,none,continuous,70,31,0.321839,0.000000,0.857895,2.9
nn,none,continuous,70,32,0.313539,0.000000,0.875789,3.0
nn,none,continuous,70,33,0.312340,0.000000,0.878947,2.9
nn,none,continuous,70,34,0.291101,0.000000,0.886316,2.9
nn,none,continuous,70,35,0.284835,0.000000,0.892632,2.9
nn,none,continuous,70,36,0.286149,0.000000,0.883158,2.9
nn,none,continuous,70,37,0.291384,0.000000,0.884211,2.9
nn,none,continuous,70,38,0.241081,0.000000,0.924211,2.9
nn,none,continuous,70,39,0.249161,0.000000,0.902105,2.9
nn,none,continuous,70,40,0.242054,0.000000,0.909474,3.0
nn,none,continuous,70,41,0.216051,0.000000,0.926316,2.9
nn,none,continuous,70,42,0.198370,0.000000,0.925263,2.9
nn,none,continuous,70,43,0.185365,0.000000,0.944211,2.9
nn,none,continuous,70,44,0.198679,0.000000,0.928421,2.9
nn,none,continuous,70,45,0.171730,0.000000,0.936842,2.9
nn,none,continuous,70,46,0.186110,0.000000,0.932632,3.0
nn,none,continuous,70,47,0.164408,0.000000,0.946316,2.9
nn,none,continuous,70,48,0.142328,0.000000,0.963158,2.9
nn,none,continuous,70,49,0.129134,0.000000,0.965263,3.0
nn,none,continuous,70,50,0.120493,0.000000,0.967368,3.0
nn,none,continuous,70,51,0.136233,0.000000,0.961053,2.9
nn,none,continuous,70,52,0.115299,0.000000,0.969474,2.9
nn,none,continuous,70,53,0.111238,0.000000,0.969474,2.9
nn,none,continuous,70,54,0.149506,0.000000,0.948421,2.9
nn,none,continuous,70,55,0.087892,0.000000,0.981053,3.0
nn,none,continuous,70,56,0.091491,0.000000,0.972632,2.9
nn,none,continuous,70,57,0.079876,0.000000,0.983158,2.9
nn,none,continuous,70,58,0.054369,0.000000,0.993684,2.9
nn,none,continuous,70,59,0.055712,0.000000,0.990526,2.9
nn,none,continuous,70,60,0.043826,0.000000,0.993684,2.9
nn,none,continuous,70,61,0.043705,0.000000,0.992632,2.9
nn,none,continuous,70,62,0.048460,0.000000,0.989474,2.9
nn,none,continuous,70,63,0.032305,0.000000,0.997895,2.9
nn,none,continuous,70,64,0.024059,0.000000,1.000000,2.9
nn,none,continuous,70,65,0.037500,0.000000,0.994737,2.9
nn,none,continuous,70,66,0.039393,0.000000,0.993684,2.9
nn,none,continuous,70,67,0.092597,0.000000,0.970526,2.9
nn,none,continuous,70,68,0.048270,0.000000,0.988421,2.9
nn,none,continuous,70,69,0.035284,0.000000,0.995789,2.9
nn,none,continuous,70,70,0.024124,0.000000,0.997895,2.9
nn,none,continuous,70,71,0.015497,0.000000,1.000000,2.9
nn,none,continuous,70,72,0.012248,0.000000,1.000000,2.9
nn,none,continuous,70,73,0.009444,0.000000,1.000000,3.0
nn,none,continuous,70,74,0.011263,0.000000,1.000000,2.9
nn,none,continuous,70,75,0.019910,0.000000,0.997895,2.9
nn,none,continuous,70,76,0.053546,0.000000,0.986316,2.9
nn,none,continuous,70,77,0.052943,0.000000,0.981053,2.9
nn,none,continuous,70,78,0.068699,0.000000,0.978947,2.9
nn,none,continuous,70,79,0.040796,0.000000,0.994737,2.9
nn,none,continuous,70,80,0.015548,0.000000,0.998947,2.9
nn,none,continuous,70,81,0.017596,0.000000,0.998947,3.0
nn,none,continuous,70,82,0.010517,0.000000,1.000000,2.9
nn,none,continuous,70,83,0.010582,0.000000,1.000000,2.9
nn,none,continuous,70,84,0.007449,0.000000,1.000000,2.9
nn,none,continuous,70,85,0.004502,0.000000,1.000000,2.9
nn,none,continuous,70,86,0.004778,0.000000,1.000000,2.9
nn,none,continuous,70,87,0.005546,0.000000,1.000000,3.0
nn,none,continuous,70,88,0.014015,0.000000,0.997895,2.9
nn,none,continuous,70,89,0.014105,0.000000,0.998947,2.9
nn,none,continuous,70,90,0.005411,0.000000,1.000000,2.9
nn,none,continuous,70,91,0.004365,0.000000,1.000000,2.9
nn,none,continuous,70,92,0.004456,0.000000,1.000000,2.9
nn,none,continuous,70,93,0.007589,0.000000,1.000000,3.0
nn,none,continuous,70,94,0.005079,0.000000,1.000000,2.9
nn,none,continuous,70,95,0.004775,0.000000,1.000000,2.9
nn,none,continuous,70,96,0.003354,0.000000,1.000000,3.0
nn,none,continuous,70,97,0.002936,0.000000,1.000000,2.9
nn,none,continuous,70,98,0.002568,0.000000,1.000000,2.9
nn,none,continuous,70,99,0.003140,0.000000,1.000000,3.0
nn,none,continuous,70,100,0.102420,0.000000,0.965263,2.9
