variant,bottleneck,concept_mode,seed,epoch,task_loss,concept_loss,train_acc,seconds
categorical,categorical,categorical,41,1,0.733044,1.172257,0.583421,3.7
categorical,categorical,categorical,41,2,0.648788,0.922928,0.598111,3.2
categorical,categorical,categorical,41,3,0.641976,0.918909,0.602308,3.2
categorical,categorical,categorical,41,4,0.676251,0.919143,0.557188,3.2
categorical,categorical,categorical,41,5,0.642907,0.914353,0.575026,3.2
categorical,categorical,categorical,41,6,0.630937,0.912232,0.602308,3.2
categorical,categorical,categorical,41,7,0.640581,0.914841,0.630640,3.2
categorical,categorical,categorical,41,8,0.621924,0.918317,0.634837,3.2
categorical,categorical,categorical,41,9,0.649311,0.910258,0.573977,3.2
categorical,categorical,categorical,41,10,0.650029,0.910881,0.593914,3.2
categorical,categorical,categorical,41,11,0.599032,0.906209,0.646380,3.2
categorical,categorical,categorical,41,12,0.625701,0.909535,0.623295,3.2
categorical,categorical,categorical,41,13,0.656244,0.908449,0.567681,3.2
categorical,categorical,categorical,41,14,0.635184,0.910963,0.612802,3.3
categorical,categorical,categorical,41,15,0.632252,0.908306,0.613851,3.2
categorical,categorical,categorical,41,16,0.626854,0.907950,0.599161,3.2
categorical,categorical,categorical,41,17,0.620789,0.910441,0.635887,3.5
categorical,categorical,categorical,41,18,0.617184,0.907470,0.629591,3.2
categorical,categorical,categorical,41,19,0.640249,0.901628,0.602308,3.2
categorical,categorical,categorical,41,20,0.616608,0.903353,0.631689,3.3
categorical,categorical,categorical,41,21,0.624202,0.904128,0.608604,3.2
categorical,categorical,categorical,41,22,0.594359,0.906059,0.641133,3.2
categorical,categorical,categorical,41,23,0.626316,0.902113,0.616999,3.2
categorical,categorical,categorical,41,24,0.601587,0.898254,0.651626,3.3
categorical,categorical,categorical,41,25,0.597484,0.902370,0.646380,3.2
categorical,categorical,categorical,41,26,0.610749,0.905175,0.615950,3.2
categorical,categorical,categorical,41,27,0.598582,0.901251,0.643232,3.2
categorical,categorical,categorical,41,28,0.617024,0.898031,0.645331,3.2
categorical,categorical,categorical,41,29,0.616090,0.904596,0.633788,3.2
categorical,categorical,categorical,41,30,0.598307,0.895194,0.654774,3.2
categorical,categorical,categorical,41,31,0.603608,0.900025,0.642183,3.2
categorical,categorical,categorical,41,32,0.564314,0.895850,0.683106,3.3
categorical,categorical,categorical,41,33,0.622806,0.904853,0.622246,3.3
categorical,categorical,categorical,41,34,0.615428,0.894911,0.647429,3.3
categorical,categorical,categorical,41,35,0.584348,0.890008,0.673662,3.2
categorical,categorical,categorical,41,36,0.600907,0.896751,0.660021,3.2
categorical,categorical,categorical,41,37,0.596943,0.899107,0.650577,3.2
categorical,categorical,categorical,41,38,0.555151,0.890317,0.687303,3.3
categorical,categorical,categorical,41,39,0.584091,0.892279,0.661070,3.2
categorical,categorical,categorical,41,40,0.629660,0.885367,0.630640,3.3
categorical,categorical,categorical,41,41,0.590350,0.887307,0.671563,3.2
categorical,categorical,categorical,41,42,0.596268,0.885100,0.674711,3.2
categorical,categorical,categorical,41,43,0.568125,0.882729,0.685205,3.2
categorical,categorical,categorical,41,44,0.591747,0.886675,0.676810,3.2
categorical,categorical,categorical,41,45,0.581171,0.881520,0.682057,3.2
categorical,categorical,categorical,41,46,0.576381,0.874038,0.674711,3.2
categorical,categorical,categorical,41,47,0.610806,0.875358,0.668416,3.2
categorical,categorical,categorical,41,48,0.580562,0.870987,0.697796,3.2
categorical,categorical,categorical,41,49,0.564999,0.868911,0.709339,3.2
categorical,categorical,categorical,41,50,0.564110,0.869631,0.693599,3.2
categorical,categorical,categorical,41,51,0.560109,0.869893,0.716684,3.2
categorical,categorical,categorical,41,52,0.569067,0.859362,0.714586,3.2
categorical,categorical,categorical,41,53,0.568926,0.844670,0.705142,3.2
categorical,categorical,categorical,41,54,0.527501,0.850149,0.741868,3.2
categorical,categorical,categorical,41,55,0.529429,0.852230,0.732424,3.2
categorical,categorical,categorical,41,56,0.521420,0.840901,0.746065,3.2
categorical,categorical,categorical,41,57,0.532224,0.840068,0.722980,3.2
categorical,categorical,categorical,41,58,0.494751,0.839683,0.761805,3.2
categorical,categorical,categorical,41,59,0.505696,0.834862,0.757608,3.3
categorical,categorical,categorical,41,60,0.507434,0.837817,0.756558,3.2
categorical,categorical,categorical,41,61,0.504233,0.827471,0.760756,3.2
categorical,categorical,categorical,41,62,0.527398,0.833908,0.738720,3.2
categorical,categorical,categorical,41,63,0.521617,0.835611,0.743966,3.2
categorical,categorical,categorical,41,64,0.514459,0.828105,0.754460,3.2
categorical,categorical,categorical,41,65,0.498049,0.831360,0.769150,3.2
categorical,categorical,categorical,41,66,0.520567,0.837775,0.759706,3.3
categorical,categorical,categorical,41,67,0.489655,0.818896,0.778594,3.2
categorical,categorical,categorical,41,68,0.474918,0.817307,0.784890,3.3
categorical,categorical,categorical,41,69,0.461764,0.822637,0.773347,3.2
categorical,categorical,categorical,41,70,0.531122,0.829968,0.755509,3.3
categorical,categorical,categorical,41,71,0.500639,0.821396,0.767051,3.2
categorical,categorical,categorical,41,72,0.498803,0.814329,0.752361,3.2
categorical,categorical,categorical,41,73,0.510955,0.812519,0.756558,3.2
categorical,categorical,categorical,41,74,0.500885,0.814011,0.778594,3.3
categorical,categorical,categorical,41,75,0.489857,0.807644,0.764953,3.2
categorical,categorical,categorical,41,76,0.480089,0.812025,0.786988,3.2
categorical,categorical,categorical,41,77,0.461524,0.811097,0.797482,3.2
categorical,categorical,categorical,41,78,0.509982,0.823191,0.764953,3.2
categorical,categorical,categorical,41,79,0.444366,0.806844,0.791186,3.2
categorical,categorical,categorical,41,80,0.468252,0.803665,0.780693,3.3
categorical,categorical,categorical,41,81,0.481086,0.809851,0.781742,3.3
categorical,categorical,categorical,41,82,0.480426,0.812751,0.777545,3.2
categorical,categorical,categorical,41,83,0.449086,0.809483,0.798531,3.2
categorical,categorical,categorical,41,84,0.485332,0.805105,0.779643,3.2
categorical,categorical,categorical,41,85,0.467660,0.807770,0.782791,3.2
categorical,categorical,categorical,41,86,0.458063,0.802631,0.795383,3.2
categorical,categorical,categorical,41,87,0.453144,0.798017,0.796432,3.2
categorical,categorical,categorical,41,88,0.467244,0.801397,0.792235,3.2
categorical,categorical,categorical,41,89,0.463299,0.804155,0.802728,3.3
categorical,categorical,categorical,41,90,0.445464,0.802560,0.804827,3.3
categorical,categorical,categorical,41,91,0.473001,0.802327,0.793284,3.2
categorical,categorical,categorical,41,92,0.469355,0.800759,0.784890,3.2
categorical,categorical,categorical,41,93,0.445240,0.800919,0.798531,3.3
categorical,categorical,categorical,41,94,0.471185,0.800756,0.783841,3.2
categorical,categorical,categorical,41,95,0.450107,0.791363,0.790136,3.2
categorical,categorical,categorical,41,96,0.439408,0.798743,0.800630,3.2
categorical,categorical,categorical,41,97,0.456187,0.802918,0.793284,3.2
categorical,categorical,categorical,41,98,0.436039,0.798619,0.816369,3.2
categorical,categorical,categorical,41,99,0.467535,0.790580,0.794334,3.2
categorical,categorical,categorical,41,100,0.456823,0.793795,0.799580,3.2
categorical,categorical,categorical,41,101,0.441947,0.790533,0.815320,3.2
categorical,categorical,categorical,41,102,0.464314,0.789200,0.797482,3.4
categorical,categorical,categorical,41,103,0.500204,0.810391,0.762854,3.2
categorical,categorical,categorical,41,104,0.453051,0.795000,0.804827,3.2
categorical,categorical,categorical,41,105,0.455466,0.797064,0.802728,3.2
categorical,categorical,categorical,41,106,0.433939,0.782565,0.815320,3.2
categorical,categorical,categorical,41,107,0.439821,0.790716,0.801679,3.3
categorical,categorical,categorical,41,108,0.427393,0.785105,0.806925,3.2
categorical,categorical,categorical,41,109,0.454543,0.784655,0.806925,3.2
categorical,categorical,categorical,41,110,0.426897,0.780942,0.810073,3.2
categorical,categorical,categorical,41,111,0.423403,0.789640,0.817419,3.2
categorical,categorical,categorical,41,112,0.398450,0.779367,0.843652,3.2
categorical,categorical,categorical,41,113,0.429262,0.792300,0.814271,3.2
categorical,categorical,categorical,41,114,0.429134,0.791473,0.819517,3.3
categorical,categorical,categorical,41,115,0.421822,0.786542,0.824764,3.2
categorical,categorical,categorical,41,116,0.425993,0.781325,0.814271,3.2
categorical,categorical,categorical,41,117,0.450870,0.784503,0.801679,3.3
categorical,categorical,categorical,41,118,0.423197,0.781720,0.823715,3.2
categorical,categorical,categorical,41,119,0.430768,0.786745,0.816369,3.3
categorical,categorical,categorical,41,120,0.411567,0.782912,0.823715,3.3
categorical,categorical,categorical,41,121,0.406873,0.785081,0.826863,3.2
categorical,categorical,categorical,41,122,0.419337,0.780842,0.819517,3.2
categorical,categorical,categorical,41,123,0.394209,0.780049,0.838405,3.3
categorical,categorical,categorical,41,124,0.427375,0.773048,0.818468,3.2
categorical,categorical,categorical,41,125,0.426357,0.783785,0.820567,3.2
categorical,categorical,categorical,41,126,0.409489,0.776187,0.831060,3.2
categorical,categorical,categorical,41,127,0.415415,0.772903,0.824764,3.2
categorical,categorical,categorical,41,128,0.417410,0.773970,0.827912,3.2
categorical,categorical,categorical,41,129,0.426402,0.776886,0.830010,3.2
categorical,categorical,categorical,41,130,0.435574,0.778825,0.812172,3.2
categorical,categorical,categorical,41,131,0.402232,0.778481,0.837356,3.3
categorical,categorical,categorical,41,132,0.420779,0.779267,0.823715,3.2
categorical,categorical,categorical,41,133,0.391749,0.773957,0.835257,3.3
categorical,categorical,categorical,41,134,0.402742,0.777761,0.831060,3.2
categorical,categorical,categorical,41,135,0.413447,0.778148,0.825813,3.3
categorical,categorical,categorical,41,136,0.393090,0.773573,0.835257,3.2
categorical,categorical,categorical,41,137,0.413906,0.769676,0.826863,3.2
categorical,categorical,categorical,41,138,0.384810,0.770580,0.834208,3.2
categorical,categorical,categorical,41,139,0.379036,0.778706,0.854145,3.2
categorical,categorical,categorical,41,140,0.394651,0.773840,0.844701,3.3
categorical,categorical,categorical,41,141,0.419940,0.773958,0.826863,3.3
categorical,categorical,categorical,41,142,0.412387,0.769484,0.823715,3.2
categorical,categorical,categorical,41,143,0.385099,0.761975,0.841553,3.2
categorical,categorical,categorical,41,144,0.404458,0.770943,0.838405,3.2
categorical,categorical,categorical,41,145,0.380381,0.761897,0.837356,3.3
categorical,categorical,categorical,41,146,0.413726,0.763349,0.820567,3.2
categorical,categorical,categorical,41,147,0.399343,0.763660,0.844701,3.3
categorical,categorical,categorical,41,148,0.396510,0.758010,0.832109,3.2
categorical,categorical,categorical,41,149,0.392154,0.768255,0.839454,3.2
categorical,categorical,categorical,41,150,0.417838,0.766158,0.822665,3.2
categorical,categorical,categorical,41,151,0.379287,0.768952,0.840504,3.2
categorical,categorical,categorical,41,152,0.398265,0.767893,0.837356,3.2
categorical,categorical,categorical,41,153,0.377487,0.763224,0.834208,3.2
categorical,categorical,categorical,41,154,0.376966,0.761149,0.835257,3.2
categorical,categorical,categorical,41,155,0.381925,0.760860,0.834208,3.3
categorical,categorical,categorical,41,156,0.352427,0.754608,0.849948,3.2
categorical,categorical,categorical,41,157,0.399460,0.761630,0.831060,3.2
categorical,categorical,categorical,41,158,0.398473,0.763071,0.840504,3.2
categorical,categorical,categorical,41,159,0.382562,0.760943,0.836306,3.2
categorical,categorical,categorical,41,160,0.383125,0.763635,0.844701,3.3
categorical,categorical,categorical,41,161,0.376586,0.755114,0.844701,3.2
categorical,categorical,categorical,41,162,0.354848,0.749123,0.855194,3.2
categorical,categorical,categorical,41,163,0.397128,0.764400,0.833158,3.2
categorical,categorical,categorical,41,164,0.366054,0.752185,0.852046,3.2
categorical,categorical,categorical,41,165,0.377019,0.751503,0.833158,3.2
categorical,categorical,categorical,41,166,0.364388,0.753902,0.845750,3.3
categorical,categorical,categorical,41,167,0.358848,0.754397,0.847849,3.2
categorical,categorical,categorical,41,168,0.358008,0.754462,0.864638,3.2
categorical,categorical,categorical,41,169,0.384884,0.763474,0.838405,3.2
categorical,categorical,categorical,41,170,0.380504,0.761715,0.841553,3.3
categorical,categorical,categorical,41,171,0.363985,0.755776,0.855194,3.2
categorical,categorical,categorical,41,172,0.385037,0.752868,0.834208,3.2
categorical,categorical,categorical,41,173,0.363274,0.748410,0.847849,3.2
categorical,categorical,categorical,41,174,0.395694,0.750247,0.825813,3.2
categorical,categorical,categorical,41,175,0.383586,0.749098,0.843652,3.2
categorical,categorical,categorical,41,176,0.382627,0.747439,0.845750,3.2
categorical,categorical,categorical,41,177,0.363754,0.749482,0.863589,3.2
categorical,categorical,categorical,41,178,0.370108,0.744785,0.854145,3.3
categorical,categorical,categorical,41,179,0.378590,0.745175,0.845750,3.2
categorical,categorical,categorical,41,180,0.363019,0.752070,0.859391,3.2
categorical,categorical,categorical,41,181,0.357178,0.747226,0.860441,3.2
categorical,categorical,categorical,41,182,0.365596,0.750353,0.846800,3.2
categorical,categorical,categorical,41,183,0.356382,0.748094,0.845750,3.2
categorical,categorical,categorical,41,184,0.377605,0.745586,0.856243,3.2
categorical,categorical,categorical,41,185,0.358067,0.743157,0.855194,3.3
categorical,categorical,categorical,41,186,0.345603,0.752584,0.858342,3.2
categorical,categorical,categorical,41,187,0.368666,0.750310,0.847849,3.3
categorical,categorical,categorical,41,188,0.352175,0.743672,0.857293,3.4
categorical,categorical,categorical,41,189,0.366725,0.749558,0.845750,3.2
categorical,categorical,categorical,41,190,0.389195,0.746374,0.831060,3.2
categorical,categorical,categorical,41,191,0.360268,0.745499,0.847849,3.2
categorical,categorical,categorical,41,192,0.363514,0.735678,0.844701,3.2
categorical,categorical,categorical,41,193,0.352933,0.739561,0.855194,3.2
categorical,categorical,categorical,41,194,0.361425,0.737943,0.857293,3.2
categorical,categorical,categorical,41,195,0.353795,0.738796,0.855194,3.2
categorical,categorical,categorical,41,196,0.365887,0.739239,0.863589,3.2
categorical,categorical,categorical,41,197,0.373183,0.744344,0.833158,3.2
categorical,categorical,categorical,41,198,0.377759,0.742596,0.843652,3.2
categorical,categorical,categorical,41,199,0.353373,0.735134,0.857293,3.2
categorical,categorical,categorical,41,200,0.365542,0.737610,0.844701,3.2
categorical,categorical,categorical,41,201,0.369955,0.735561,0.850997,3.2
categorical,categorical,categorical,41,202,0.356535,0.741150,0.849948,3.2
categorical,categorical,categorical,41,203,0.351572,0.736981,0.847849,3.2
categorical,categorical,categorical,41,204,0.364139,0.734221,0.843652,3.2
categorical,categorical,categorical,41,205,0.362394,0.738420,0.857293,3.3
categorical,categorical,categorical,41,206,0.367620,0.740242,0.846800,3.2
categorical,categorical,categorical,41,207,0.355664,0.737773,0.860441,3.3
categorical,categorical,categorical,41,208,0.360769,0.740852,0.847849,3.3
categorical,categorical,categorical,41,209,0.365257,0.732464,0.852046,3.3
categorical,categorical,categorical,41,210,0.345502,0.735758,0.863589,3.2
categorical,categorical,categorical,41,211,0.349049,0.737276,0.844701,3.2
categorical,categorical,categorical,41,212,0.338061,0.733104,0.867786,3.2
categorical,categorical,categorical,41,213,0.370839,0.736798,0.844701,3.2
categorical,categorical,categorical,41,214,0.371049,0.733448,0.848898,3.2
categorical,categorical,categorical,41,215,0.358248,0.733741,0.850997,3.2
categorical,categorical,categorical,41,216,0.350548,0.736100,0.865687,3.2
categorical,categorical,categorical,41,217,0.343507,0.730311,0.853095,3.3
categorical,categorical,categorical,41,218,0.354782,0.725715,0.846800,3.2
categorical,categorical,categorical,41,219,0.344071,0.739609,0.853095,3.2
categorical,categorical,categorical,41,220,0.338278,0.732178,0.866737,3.2
categorical,categorical,categorical,41,221,0.336112,0.732827,0.855194,3.2
categorical,categorical,categorical,41,222,0.337795,0.731189,0.854145,3.2
categorical,categorical,categorical,41,223,0.341564,0.723726,0.861490,3.2
categorical,categorical,categorical,41,224,0.355136,0.731518,0.853095,3.2
categorical,categorical,categorical,41,225,0.325777,0.727685,0.868835,3.3
categorical,categorical,categorical,41,226,0.343463,0.726674,0.856243,3.2
categorical,categorical,categorical,41,227,0.326116,0.731589,0.871983,3.2
categorical,categorical,categorical,41,228,0.362962,0.734594,0.854145,3.3
categorical,categorical,categorical,41,229,0.346593,0.725761,0.867786,3.2
categorical,categorical,categorical,41,230,0.348438,0.728964,0.862539,3.3
categorical,categorical,categorical,41,231,0.356533,0.724922,0.855194,3.2
categorical,categorical,categorical,41,232,0.336238,0.720836,0.868835,3.2
categorical,categorical,categorical,41,233,0.343510,0.726576,0.860441,3.3
categorical,categorical,categorical,41,234,0.337821,0.720508,0.869885,3.2
categorical,categorical,categorical,41,235,0.343048,0.730573,0.859391,3.3
categorical,categorical,categorical,41,236,0.338035,0.724652,0.871983,3.2
categorical,categorical,categorical,41,237,0.343344,0.723566,0.857293,3.2
categorical,categorical,categorical,41,238,0.326767,0.725401,0.863589,3.3
categorical,categorical,categorical,41,239,0.339002,0.726668,0.862539,3.2
categorical,categorical,categorical,41,240,0.342771,0.724446,0.858342,3.2
categorical,categorical,categorical,41,241,0.337055,0.722936,0.859391,3.2
categorical,categorical,categorical,41,242,0.336174,0.726200,0.860441,3.3
categorical,categorical,categorical,41,243,0.331626,0.721104,0.858342,3.2
categorical,categorical,categorical,41,244,0.343180,0.727548,0.860441,3.2
categorical,categorical,categorical,41,245,0.356274,0.713706,0.849948,3.2
categorical,categorical,categorical,41,246,0.329337,0.719531,0.870934,3.2
categorical,categorical,categorical,41,247,0.324852,0.718135,0.866737,3.2
categorical,categorical,categorical,41,248,0.316111,0.714350,0.867786,3.2
categorical,categorical,categorical,41,249,0.332449,0.722188,0.860441,3.3
categorical,categorical,categorical,41,250,0.307315,0.716352,0.877230,3.2
categorical,categorical,categorical,42,1,0.677143,1.202024,0.594681,3.2
categorical,categorical,categorical,42,2,0.705020,0.935183,0.538298,3.2
categorical,categorical,categorical,42,3,0.609267,0.925948,0.641489,3.2
categorical,categorical,categorical,42,4,0.642829,0.926508,0.602128,3.3
categorical,categorical,categorical,42,5,0.630288,0.927782,0.624468,3.1
categorical,categorical,categorical,42,6,0.634845,0.923229,0.602128,3.2
categorical,categorical,categorical,42,7,0.649955,0.920971,0.563830,3.2
categorical,categorical,categorical,42,8,0.636388,0.922807,0.588298,3.3
categorical,categorical,categorical,42,9,0.592220,0.922599,0.641489,3.1
categorical,categorical,categorical,42,10,0.646494,0.920971,0.568085,3.2
categorical,categorical,categorical,42,11,0.607180,0.917748,0.617021,3.2
categorical,categorical,categorical,42,12,0.626202,0.923629,0.610638,3.2
categorical,categorical,categorical,42,13,0.641292,0.919571,0.617021,3.2
categorical,categorical,categorical,42,14,0.639150,0.920995,0.610638,3.2
categorical,categorical,categorical,42,15,0.616117,0.921567,0.631915,3.1
categorical,categorical,categorical,42,16,0.659425,0.918732,0.574468,3.2
categorical,categorical,categorical,42,17,0.615647,0.921847,0.613830,3.2
categorical,categorical,categorical,42,18,0.578000,0.922217,0.661702,3.1
categorical,categorical,categorical,42,19,0.611023,0.915791,0.636170,3.2
categorical,categorical,categorical,42,20,0.603002,0.915533,0.634043,3.2
categorical,categorical,categorical,42,21,0.605493,0.919039,0.640426,3.2
categorical,categorical,categorical,42,22,0.615628,0.915941,0.614894,3.3
categorical,categorical,categorical,42,23,0.637036,0.914383,0.617021,3.2
categorical,categorical,categorical,42,24,0.595982,0.918552,0.662766,3.1
categorical,categorical,categorical,42,25,0.647232,0.916669,0.601064,3.2
categorical,categorical,categorical,42,26,0.637155,0.914650,0.605319,3.1
categorical,categorical,categorical,42,27,0.616516,0.911671,0.637234,3.1
categorical,categorical,categorical,42,28,0.614576,0.913776,0.628723,3.2
categorical,categorical,categorical,42,29,0.637766,0.908797,0.608511,3.1
categorical,categorical,categorical,42,30,0.611074,0.910046,0.628723,3.2
categorical,categorical,categorical,42,31,0.618192,0.909404,0.627660,3.2
categorical,categorical,categorical,42,32,0.612501,0.909040,0.614894,3.1
categorical,categorical,categorical,42,33,0.584592,0.908810,0.652128,3.2
categorical,categorical,categorical,42,34,0.598413,0.907686,0.651064,3.1
categorical,categorical,categorical,42,35,0.627893,0.904547,0.619149,3.1
categorical,categorical,categorical,42,36,0.617355,0.908780,0.628723,3.3
categorical,categorical,categorical,42,37,0.573458,0.905298,0.675532,3.2
categorical,categorical,categorical,42,38,0.609381,0.902003,0.642553,3.1
categorical,categorical,categorical,42,39,0.619795,0.902471,0.643617,3.1
categorical,categorical,categorical,42,40,0.613403,0.899338,0.639362,3.1
categorical,categorical,categorical,42,41,0.591303,0.903371,0.660638,3.2
categorical,categorical,categorical,42,42,0.578373,0.900601,0.681915,3.2
categorical,categorical,categorical,42,43,0.612914,0.895186,0.650000,3.1
categorical,categorical,categorical,42,44,0.571357,0.901785,0.705319,3.4
categorical,categorical,categorical,42,45,0.609219,0.897569,0.648936,3.1
categorical,categorical,categorical,42,46,0.586354,0.899074,0.676596,3.1
categorical,categorical,categorical,42,47,0.608762,0.890212,0.654255,3.2
categorical,categorical,categorical,42,48,0.570034,0.882254,0.691489,3.2
categorical,categorical,categorical,42,49,0.576202,0.887899,0.685106,3.2
categorical,categorical,categorical,42,50,0.598039,0.890054,0.663830,3.1
categorical,categorical,categorical,42,51,0.566327,0.885246,0.703191,3.2
categorical,categorical,categorical,42,52,0.527673,0.884917,0.729787,3.1
categorical,categorical,categorical,42,53,0.627561,0.885130,0.653191,3.1
categorical,categorical,categorical,42,54,0.561602,0.884139,0.701064,3.2
categorical,categorical,categorical,42,55,0.596420,0.879937,0.673404,3.2
categorical,categorical,categorical,42,56,0.587251,0.879079,0.656383,3.1
categorical,categorical,categorical,42,57,0.553762,0.870968,0.697872,3.2
categorical,categorical,categorical,42,58,0.528092,0.868145,0.712766,3.1
categorical,categorical,categorical,42,59,0.574188,0.878482,0.680851,3.1
categorical,categorical,categorical,42,60,0.548576,0.869021,0.713830,3.2
categorical,categorical,categorical,42,61,0.557245,0.863653,0.718085,3.2
categorical,categorical,categorical,42,62,0.586151,0.861179,0.679787,3.2
categorical,categorical,categorical,42,63,0.540506,0.856499,0.721277,3.2
categorical,categorical,categorical,42,64,0.560105,0.855006,0.724468,3.1
categorical,categorical,categorical,42,65,0.553040,0.859410,0.708511,3.1
categorical,categorical,categorical,42,66,0.568191,0.850749,0.710638,3.4
categorical,categorical,categorical,42,67,0.539682,0.858491,0.731915,3.1
categorical,categorical,categorical,42,68,0.506270,0.847421,0.742553,3.2
categorical,categorical,categorical,42,69,0.563113,0.849627,0.706383,3.3
categorical,categorical,categorical,42,70,0.511109,0.855346,0.747872,3.1
categorical,categorical,categorical,42,71,0.543027,0.851091,0.721277,3.3
categorical,categorical,categorical,42,72,0.517062,0.842158,0.747872,3.3
categorical,categorical,categorical,42,73,0.529640,0.846252,0.731915,3.1
categorical,categorical,categorical,42,74,0.535400,0.843437,0.708511,3.2
categorical,categorical,categorical,42,75,0.513154,0.840469,0.743617,3.2
categorical,categorical,categorical,42,76,0.513845,0.843920,0.740426,3.1
categorical,categorical,categorical,42,77,0.519979,0.845731,0.750000,3.2
categorical,categorical,categorical,42,78,0.514032,0.839899,0.725532,3.3
categorical,categorical,categorical,42,79,0.515972,0.836076,0.741489,3.2
categorical,categorical,categorical,42,80,0.497924,0.827959,0.746809,3.3
categorical,categorical,categorical,42,81,0.505554,0.831919,0.752128,3.1
categorical,categorical,categorical,42,82,0.509646,0.829467,0.758511,3.2
categorical,categorical,categorical,42,83,0.535762,0.825234,0.727660,3.1
categorical,categorical,categorical,42,84,0.508547,0.823680,0.759574,3.2
categorical,categorical,categorical,42,85,0.511048,0.823782,0.746809,3.1
categorical,categorical,categorical,42,86,0.536091,0.829803,0.724468,3.1
categorical,categorical,categorical,42,87,0.491204,0.814328,0.751064,3.3
categorical,categorical,categorical,42,88,0.515715,0.825606,0.744681,3.1
categorical,categorical,categorical,42,89,0.510013,0.819808,0.762766,3.2
categorical,categorical,categorical,42,90,0.503309,0.825653,0.768085,3.2
categorical,categorical,categorical,42,91,0.498681,0.819510,0.774468,3.2
categorical,categorical,categorical,42,92,0.504583,0.823718,0.765957,3.4
categorical,categorical,categorical,42,93,0.510966,0.818577,0.755319,3.2
categorical,categorical,categorical,42,94,0.490712,0.816065,0.778723,3.1
categorical,categorical,categorical,42,95,0.496772,0.817007,0.762766,3.2
categorical,categorical,categorical,42,96,0.486344,0.821666,0.770213,3.1
categorical,categorical,categorical,42,97,0.473181,0.815631,0.789362,3.2
categorical,categorical,categorical,42,98,0.507194,0.820859,0.742553,3.3
categorical,categorical,categorical,42,99,0.519415,0.815083,0.745745,3.1
categorical,categorical,categorical,42,100,0.488907,0.824327,0.773404,3.1
categorical,categorical,categorical,42,101,0.495062,0.822185,0.768085,3.2
categorical,categorical,categorical,42,102,0.491032,0.812976,0.780851,3.2
categorical,categorical,categorical,42,103,0.498815,0.817911,0.768085,3.2
categorical,categorical,categorical,42,104,0.453632,0.811760,0.806383,3.2
categorical,categorical,categorical,42,105,0.495120,0.814140,0.762766,3.1
categorical,categorical,categorical,42,106,0.518337,0.810851,0.761702,3.3
categorical,categorical,categorical,42,107,0.502868,0.809962,0.761702,3.2
categorical,categorical,categorical,42,108,0.472423,0.809624,0.795745,3.2
categorical,categorical,categorical,42,109,0.509007,0.808771,0.764894,3.3
categorical,categorical,categorical,42,110,0.492606,0.815765,0.769149,3.1
categorical,categorical,categorical,42,111,0.444279,0.801963,0.803191,3.1
categorical,categorical,categorical,42,112,0.462683,0.811033,0.785106,3.2
categorical,categorical,categorical,42,113,0.460612,0.807396,0.789362,3.3
categorical,categorical,categorical,42,114,0.446640,0.795294,0.794681,3.2
categorical,categorical,categorical,42,115,0.467072,0.800485,0.788298,3.2
categorical,categorical,categorical,42,116,0.479753,0.803421,0.788298,3.2
categorical,categorical,categorical,42,117,0.470072,0.807834,0.791489,3.2
categorical,categorical,categorical,42,118,0.477210,0.805464,0.774468,3.1
categorical,categorical,categorical,42,119,0.465193,0.797227,0.791489,3.3
categorical,categorical,categorical,42,120,0.480602,0.805787,0.765957,3.2
categorical,categorical,categorical,42,121,0.447563,0.797745,0.795745,3.2
categorical,categorical,categorical,42,122,0.481043,0.805088,0.784043,3.3
categorical,categorical,categorical,42,123,0.484322,0.801227,0.784043,3.1
categorical,categorical,categorical,42,124,0.448395,0.800168,0.794681,3.1
categorical,categorical,categorical,42,125,0.441461,0.801893,0.797872,3.2
categorical,categorical,categorical,42,126,0.454715,0.793004,0.792553,3.2
categorical,categorical,categorical,42,127,0.429499,0.791262,0.819149,3.2
categorical,categorical,categorical,42,128,0.470849,0.798707,0.789362,3.1
categorical,categorical,categorical,42,129,0.478927,0.790432,0.779787,3.1
categorical,categorical,categorical,42,130,0.467804,0.799897,0.782979,3.1
categorical,categorical,categorical,42,131,0.451974,0.789269,0.791489,3.3
categorical,categorical,categorical,42,132,0.418707,0.786644,0.815957,3.1
categorical,categorical,categorical,42,133,0.473325,0.802891,0.781915,3.1
categorical,categorical,categorical,42,134,0.442377,0.788996,0.802128,3.1
categorical,categorical,categorical,42,135,0.458362,0.790033,0.790426,3.1
categorical,categorical,categorical,42,136,0.457385,0.790088,0.801064,3.1
categorical,categorical,categorical,42,137,0.447212,0.795079,0.813830,3.1
categorical,categorical,categorical,42,138,0.428738,0.796899,0.828723,3.2
categorical,categorical,categorical,42,139,0.453203,0.799553,0.802128,3.2
categorical,categorical,categorical,42,140,0.460865,0.790496,0.791489,3.1
categorical,categorical,categorical,42,141,0.435198,0.786796,0.807447,3.1
categorical,categorical,categorical,42,142,0.451491,0.788818,0.782979,3.2
categorical,categorical,categorical,42,143,0.447306,0.784123,0.801064,3.1
categorical,categorical,categorical,42,144,0.455822,0.793557,0.800000,3.1
categorical,categorical,categorical,42,145,0.402803,0.779325,0.832979,3.1
categorical,categorical,categorical,42,146,0.418674,0.786267,0.817021,3.2
categorical,categorical,categorical,42,147,0.438697,0.785183,0.806383,3.2
categorical,categorical,categorical,42,148,0.414190,0.786145,0.809574,3.3
categorical,categorical,categorical,42,149,0.401513,0.784431,0.827660,3.2
categorical,categorical,categorical,42,150,0.418664,0.786455,0.824468,3.2
categorical,categorical,categorical,42,151,0.429441,0.776606,0.813830,3.3
categorical,categorical,categorical,42,152,0.413420,0.778475,0.831915,3.1
categorical,categorical,categorical,42,153,0.420959,0.777848,0.821277,3.2
categorical,categorical,categorical,42,154,0.411746,0.787501,0.836170,3.2
categorical,categorical,categorical,42,155,0.466283,0.784384,0.789362,3.1
categorical,categorical,categorical,42,156,0.427613,0.779195,0.819149,3.2
categorical,categorical,categorical,42,157,0.417746,0.781789,0.822340,3.1
categorical,categorical,categorical,42,158,0.430403,0.791855,0.817021,3.2
categorical,categorical,categorical,42,159,0.423315,0.785972,0.823404,3.2
categorical,categorical,categorical,42,160,0.409082,0.781612,0.831915,3.2
categorical,categorical,categorical,42,161,0.419962,0.777543,0.805319,3.2
categorical,categorical,categorical,42,162,0.417080,0.775777,0.815957,3.1
categorical,categorical,categorical,42,163,0.411327,0.770877,0.812766,3.1
categorical,categorical,categorical,42,164,0.426064,0.772626,0.819149,3.2
categorical,categorical,categorical,42,165,0.422063,0.790214,0.827660,3.2
categorical,categorical,categorical,42,166,0.410165,0.772510,0.824468,3.2
categorical,categorical,categorical,42,167,0.411379,0.774663,0.824468,3.2
categorical,categorical,categorical,42,168,0.452021,0.779724,0.798936,3.1
categorical,categorical,categorical,42,169,0.423855,0.781296,0.827660,3.2
categorical,categorical,categorical,42,170,0.404986,0.775300,0.828723,3.2
categorical,categorical,categorical,42,171,0.420475,0.776622,0.817021,3.2
categorical,categorical,categorical,42,172,0.392892,0.764667,0.838298,3.2
categorical,categorical,categorical,42,173,0.410120,0.770124,0.815957,3.3
categorical,categorical,categorical,42,174,0.393326,0.766899,0.831915,3.3
categorical,categorical,categorical,42,175,0.404804,0.769445,0.823404,3.2
categorical,categorical,categorical,42,176,0.438571,0.766756,0.809574,3.1
categorical,categorical,categorical,42,177,0.396474,0.770296,0.835106,3.1
categorical,categorical,categorical,42,178,0.422939,0.772527,0.823404,3.2
categorical,categorical,categorical,42,179,0.395261,0.764557,0.836170,3.2
categorical,categorical,categorical,42,180,0.403834,0.763071,0.821277,3.2
categorical,categorical,categorical,42,181,0.433143,0.760513,0.814894,3.1
categorical,categorical,categorical,42,182,0.402172,0.760338,0.820213,3.1
categorical,categorical,categorical,42,183,0.425304,0.778553,0.837234,3.3
categorical,categorical,categorical,42,184,0.385874,0.769372,0.832979,3.1
categorical,categorical,categorical,42,185,0.387541,0.765009,0.823404,3.2
categorical,categorical,categorical,42,186,0.401425,0.764660,0.821277,3.2
categorical,categorical,categorical,42,187,0.415159,0.760624,0.832979,3.2
categorical,categorical,categorical,42,188,0.413809,0.769378,0.826596,3.2
categorical,categorical,categorical,42,189,0.407800,0.754551,0.820213,3.2
categorical,categorical,categorical,42,190,0.405172,0.764964,0.820213,3.1
categorical,categorical,categorical,42,191,0.398785,0.759367,0.838298,3.2
categorical,categorical,categorical,42,192,0.391047,0.767124,0.844681,3.1
categorical,categorical,categorical,42,193,0.405420,0.765266,0.830851,3.2
categorical,categorical,categorical,42,194,0.396061,0.763084,0.845745,3.2
categorical,categorical,categorical,42,195,0.383108,0.759410,0.831915,3.2
categorical,categorical,categorical,42,196,0.403691,0.771810,0.823404,3.3
categorical,categorical,categorical,42,197,0.394801,0.759102,0.844681,3.3
categorical,categorical,categorical,42,198,0.387373,0.755759,0.831915,3.2
categorical,categorical,categorical,42,199,0.389086,0.757333,0.832979,3.1
categorical,categorical,categorical,42,200,0.399356,0.758810,0.826596,3.1
categorical,categorical,categorical,42,201,0.387062,0.762643,0.840426,3.3
categorical,categorical,categorical,42,202,0.395939,0.755703,0.848936,3.2
categorical,categorical,categorical,42,203,0.407689,0.763038,0.827660,3.2
categorical,categorical,categorical,42,204,0.417593,0.767928,0.823404,3.2
categorical,categorical,categorical,42,205,0.399426,0.757137,0.832979,3.2
categorical,categorical,categorical,42,206,0.377158,0.754215,0.845745,3.2
categorical,categorical,categorical,42,207,0.375104,0.752237,0.848936,3.2
categorical,categorical,categorical,42,208,0.375987,0.744158,0.837234,3.2
categorical,categorical,categorical,42,209,0.391728,0.754675,0.844681,3.1
categorical,categorical,categorical,42,210,0.376213,0.752992,0.842553,3.3
categorical,categorical,categorical,42,211,0.417600,0.757648,0.819149,3.2
categorical,categorical,categorical,42,212,0.398279,0.760757,0.836170,3.2
categorical,categorical,categorical,42,213,0.387752,0.753158,0.842553,3.2
categorical,categorical,categorical,42,214,0.389404,0.756158,0.832979,3.1
categorical,categorical,categorical,42,215,0.403473,0.743609,0.825532,3.2
categorical,categorical,categorical,42,216,0.350065,0.750659,0.852128,3.1
categorical,categorical,categorical,42,217,0.382316,0.748865,0.845745,3.3
categorical,categorical,categorical,42,218,0.376211,0.754835,0.843617,3.2
categorical,categorical,categorical,42,219,0.369302,0.747651,0.841489,3.1
categorical,categorical,categorical,42,220,0.366664,0.742999,0.845745,3.1
categorical,categorical,categorical,42,221,0.403003,0.757533,0.827660,3.2
categorical,categorical,categorical,42,222,0.378607,0.749563,0.852128,3.2
categorical,categorical,categorical,42,223,0.370590,0.750245,0.832979,3.1
categorical,categorical,categorical,42,224,0.370579,0.754465,0.832979,3.2
categorical,categorical,categorical,42,225,0.360933,0.750866,0.839362,3.1
categorical,categorical,categorical,42,226,0.348636,0.750697,0.853191,3.2
categorical,categorical,categorical,42,227,0.387747,0.749864,0.846809,3.2
categorical,categorical,categorical,42,228,0.366505,0.749646,0.858511,3.2
categorical,categorical,categorical,42,229,0.370593,0.746056,0.846809,3.2
categorical,categorical,categorical,42,230,0.365326,0.746692,0.836170,3.2
categorical,categorical,categorical,42,231,0.401404,0.747356,0.831915,3.2
categorical,categorical,categorical,42,232,0.356648,0.747118,0.852128,3.1
categorical,categorical,categorical,42,233,0.387797,0.743008,0.837234,3.2
categorical,categorical,categorical,42,234,0.355874,0.738786,0.848936,3.2
categorical,categorical,categorical,42,235,0.362017,0.747534,0.845745,3.2
categorical,categorical,categorical,42,236,0.369597,0.761144,0.853191,3.3
categorical,categorical,categorical,42,237,0.367607,0.747488,0.834043,3.2
categorical,categorical,categorical,42,238,0.378009,0.748211,0.839362,3.2
categorical,categorical,categorical,42,239,0.365682,0.745345,0.850000,3.3
categorical,categorical,categorical,42,240,0.364850,0.737872,0.854255,3.2
categorical,categorical,categorical,42,241,0.370666,0.739947,0.848936,3.2
categorical,categorical,categorical,42,242,0.374306,0.741505,0.836170,3.1
categorical,categorical,categorical,42,243,0.367411,0.746602,0.842553,3.2
categorical,categorical,categorical,42,244,0.383366,0.738383,0.843617,3.1
categorical,categorical,categorical,42,245,0.361743,0.743536,0.837234,3.2
categorical,categorical,categorical,42,246,0.363404,0.737164,0.846809,3.2
categorical,categorical,categorical,42,247,0.370920,0.739220,0.853191,3.2
categorical,categorical,categorical,42,248,0.361451,0.746444,0.843617,3.2
categorical,categorical,categorical,42,249,0.355734,0.739852,0.852128,3.2
categorical,categorical,categorical,42,250,0.356652,0.740439,0.850000,3.2
categorical,categorical,categorical,43,1,0.741656,1.212892,0.540084,3.2
categorical,categorical,categorical,43,2,0.637981,0.938654,0.610759,3.2
categorical,categorical,categorical,43,3,0.633896,0.932075,0.590717,3.3
categorical,categorical,categorical,43,4,0.637928,0.925562,0.601266,3.2
categorical,categorical,categorical,43,5,0.615517,0.930926,0.609705,3.2
categorical,categorical,categorical,43,6,0.602321,0.925958,0.633966,3.2
categorical,categorical,categorical,43,7,0.644967,0.925308,0.564346,3.2
categorical,categorical,categorical,43,8,0.645799,0.925871,0.570675,3.2
categorical,categorical,categorical,43,9,0.650250,0.927283,0.585443,3.3
categorical,categorical,categorical,43,10,0.621227,0.923157,0.617089,3.2
categorical,categorical,categorical,43,11,0.587243,0.922373,0.663502,3.2
categorical,categorical,categorical,43,12,0.641619,0.922172,0.592827,3.2
categorical,categorical,categorical,43,13,0.616339,0.921076,0.617089,3.2
categorical,categorical,categorical,43,14,0.591303,0.921544,0.629747,3.2
categorical,categorical,categorical,43,15,0.622533,0.920139,0.603376,3.2
categorical,categorical,categorical,43,16,0.635356,0.923646,0.607595,3.2
categorical,categorical,categorical,43,17,0.645936,0.920271,0.574895,3.2
categorical,categorical,categorical,43,18,0.616357,0.920791,0.611814,3.2
categorical,categorical,categorical,43,19,0.597739,0.920527,0.651899,3.2
categorical,categorical,categorical,43,20,0.658485,0.919292,0.573840,3.2
categorical,categorical,categorical,43,21,0.647307,0.918449,0.597046,3.2
categorical,categorical,categorical,43,22,0.635217,0.917068,0.608650,3.2
categorical,categorical,categorical,43,23,0.647842,0.919575,0.598101,3.2
categorical,categorical,categorical,43,24,0.560659,0.916418,0.678270,3.2
categorical,categorical,categorical,43,25,0.597510,0.922129,0.644515,3.3
categorical,categorical,categorical,43,26,0.618262,0.918985,0.626582,3.2
categorical,categorical,categorical,43,27,0.616323,0.916435,0.631857,3.2
categorical,categorical,categorical,43,28,0.599401,0.918892,0.627637,3.2
categorical,categorical,categorical,43,29,0.605030,0.912146,0.632911,3.2
categorical,categorical,categorical,43,30,0.583548,0.915978,0.658228,3.2
categorical,categorical,categorical,43,31,0.576829,0.912101,0.645570,3.4
categorical,categorical,categorical,43,32,0.635834,0.918394,0.601266,3.3
categorical,categorical,categorical,43,33,0.615574,0.913004,0.610759,3.3
categorical,categorical,categorical,43,34,0.665207,0.908462,0.591772,3.2
categorical,categorical,categorical,43,35,0.613792,0.912201,0.625527,3.2
categorical,categorical,categorical,43,36,0.619458,0.917141,0.608650,3.2
categorical,categorical,categorical,43,37,0.553618,0.909811,0.677215,3.2
categorical,categorical,categorical,43,38,0.583474,0.910749,0.659283,3.2
categorical,categorical,categorical,43,39,0.600683,0.910464,0.645570,3.2
categorical,categorical,categorical,43,40,0.619661,0.909739,0.624473,3.3
categorical,categorical,categorical,43,41,0.614478,0.908369,0.635021,3.2
categorical,categorical,categorical,43,42,0.594807,0.908965,0.655063,3.2
categorical,categorical,categorical,43,43,0.625111,0.908822,0.623418,3.2
categorical,categorical,categorical,43,44,0.616109,0.905109,0.651899,3.2
categorical,categorical,categorical,43,45,0.603044,0.900167,0.654008,3.2
categorical,categorical,categorical,43,46,0.577613,0.902200,0.668776,3.2
categorical,categorical,categorical,43,47,0.611738,0.910770,0.642405,3.2
categorical,categorical,categorical,43,48,0.610435,0.906379,0.647679,3.3
categorical,categorical,categorical,43,49,0.604065,0.907926,0.627637,3.3
categorical,categorical,categorical,43,50,0.594045,0.904074,0.649789,3.5
categorical,categorical,categorical,43,51,0.602969,0.901930,0.647679,3.6
categorical,categorical,categorical,43,52,0.593017,0.895961,0.679325,3.7
categorical,categorical,categorical,43,53,0.625284,0.899323,0.626582,3.2
categorical,categorical,categorical,43,54,0.606856,0.896208,0.639241,3.2
categorical,categorical,categorical,43,55,0.616009,0.895751,0.650844,3.2
categorical,categorical,categorical,43,56,0.590791,0.895245,0.667722,3.2
categorical,categorical,categorical,43,57,0.580317,0.881674,0.669831,3.2
categorical,categorical,categorical,43,58,0.595558,0.888881,0.659283,3.2
categorical,categorical,categorical,43,59,0.565407,0.880377,0.703586,3.2
categorical,categorical,categorical,43,60,0.593546,0.880022,0.669831,3.2
categorical,categorical,categorical,43,61,0.562675,0.883401,0.688819,3.2
categorical,categorical,categorical,43,62,0.575620,0.882561,0.676160,3.3
categorical,categorical,categorical,43,63,0.579167,0.875824,0.685654,3.2
categorical,categorical,categorical,43,64,0.552999,0.869747,0.713080,3.3
categorical,categorical,categorical,43,65,0.561030,0.877975,0.718354,3.3
categorical,categorical,categorical,43,66,0.567893,0.869952,0.699367,3.2
categorical,categorical,categorical,43,67,0.552279,0.861081,0.710970,3.2
categorical,categorical,categorical,43,68,0.534019,0.860258,0.739451,3.2
categorical,categorical,categorical,43,69,0.524045,0.862042,0.741561,3.2
categorical,categorical,categorical,43,70,0.480487,0.856177,0.765823,3.3
categorical,categorical,categorical,43,71,0.539878,0.844280,0.719409,3.2
categorical,categorical,categorical,43,72,0.521082,0.855392,0.751055,3.2
categorical,categorical,categorical,43,73,0.508255,0.846350,0.729958,3.3
categorical,categorical,categorical,43,74,0.530254,0.842456,0.743671,3.3
categorical,categorical,categorical,43,75,0.517988,0.835440,0.742616,3.2
categorical,categorical,categorical,43,76,0.530971,0.843147,0.737342,3.3
categorical,categorical,categorical,43,77,0.546958,0.837695,0.720464,3.3
categorical,categorical,categorical,43,78,0.534405,0.839361,0.727848,3.2
categorical,categorical,categorical,43,79,0.509457,0.845860,0.747890,3.2
categorical,categorical,categorical,43,80,0.504345,0.832167,0.773207,3.2
categorical,categorical,categorical,43,81,0.518596,0.834950,0.759494,3.2
categorical,categorical,categorical,43,82,0.521204,0.842821,0.738397,3.2
categorical,categorical,categorical,43,83,0.476622,0.832102,0.773207,3.3
categorical,categorical,categorical,43,84,0.502723,0.835430,0.755274,3.2
categorical,categorical,categorical,43,85,0.477165,0.833147,0.775316,3.2
categorical,categorical,categorical,43,86,0.517302,0.830968,0.757384,3.2
categorical,categorical,categorical,43,87,0.477400,0.823404,0.765823,3.2
categorical,categorical,categorical,43,88,0.499684,0.823278,0.764768,3.2
categorical,categorical,categorical,43,89,0.487899,0.823854,0.774262,3.2
categorical,categorical,categorical,43,90,0.483396,0.812887,0.778481,3.2
categorical,categorical,categorical,43,91,0.488948,0.818905,0.778481,3.2
categorical,categorical,categorical,43,92,0.499042,0.828571,0.767932,3.2
categorical,categorical,categorical,43,93,0.477315,0.818581,0.774262,3.2
categorical,categorical,categorical,43,94,0.492555,0.834550,0.760549,3.3
categorical,categorical,categorical,43,95,0.482415,0.823285,0.799578,3.3
categorical,categorical,categorical,43,96,0.486597,0.812701,0.774262,3.2
categorical,categorical,categorical,43,97,0.462997,0.820771,0.790084,3.2
categorical,categorical,categorical,43,98,0.445519,0.816277,0.790084,3.2
categorical,categorical,categorical,43,99,0.483670,0.810214,0.773207,3.2
categorical,categorical,categorical,43,100,0.450708,0.815270,0.791139,3.2
categorical,categorical,categorical,43,101,0.487719,0.824301,0.778481,3.2
categorical,categorical,categorical,43,102,0.449705,0.812631,0.798523,3.2
categorical,categorical,categorical,43,103,0.424912,0.814128,0.818565,3.3
categorical,categorical,categorical,43,104,0.459709,0.817381,0.783755,3.2
categorical,categorical,categorical,43,105,0.471369,0.809090,0.784810,3.2
categorical,categorical,categorical,43,106,0.467175,0.809298,0.797468,3.2
categorical,categorical,categorical,43,107,0.440830,0.798370,0.814346,3.2
categorical,categorical,categorical,43,108,0.451046,0.813207,0.806962,3.3
categorical,categorical,categorical,43,109,0.445246,0.806997,0.796414,3.2
categorical,categorical,categorical,43,110,0.435046,0.806320,0.813291,3.2
categorical,categorical,categorical,43,111,0.450304,0.805247,0.802743,3.2
categorical,categorical,categorical,43,112,0.426050,0.800043,0.809072,3.2
categorical,categorical,categorical,43,113,0.459228,0.801452,0.796414,3.2
categorical,categorical,categorical,43,114,0.461623,0.797381,0.790084,3.2
categorical,categorical,categorical,43,115,0.418477,0.806449,0.829114,3.2
categorical,categorical,categorical,43,116,0.440318,0.797250,0.803797,3.3
categorical,categorical,categorical,43,117,0.429865,0.802268,0.803797,3.3
categorical,categorical,categorical,43,118,0.445052,0.796682,0.797468,3.2
categorical,categorical,categorical,43,119,0.444979,0.808382,0.813291,3.2
categorical,categorical,categorical,43,120,0.431610,0.798579,0.818565,3.2
categorical,categorical,categorical,43,121,0.426177,0.803786,0.815401,3.2
categorical,categorical,categorical,43,122,0.466179,0.796459,0.799578,3.2
categorical,categorical,categorical,43,123,0.429341,0.796121,0.809072,3.2
categorical,categorical,categorical,43,124,0.444101,0.791593,0.806962,3.2
categorical,categorical,categorical,43,125,0.452608,0.803621,0.795359,3.2
categorical,categorical,categorical,43,126,0.438097,0.789323,0.808017,3.3
categorical,categorical,categorical,43,127,0.417888,0.797254,0.816456,3.2
categorical,categorical,categorical,43,128,0.412672,0.801216,0.831224,3.2
categorical,categorical,categorical,43,129,0.426738,0.787966,0.809072,3.2
categorical,categorical,categorical,43,130,0.410424,0.793223,0.829114,3.3
categorical,categorical,categorical,43,131,0.431711,0.796681,0.802743,3.2
categorical,categorical,categorical,43,132,0.420448,0.784609,0.818565,3.3
categorical,categorical,categorical,43,133,0.413922,0.796466,0.812236,3.2
categorical,categorical,categorical,43,134,0.425726,0.790098,0.811181,3.2
categorical,categorical,categorical,43,135,0.415407,0.793717,0.829114,3.2
categorical,categorical,categorical,43,136,0.407997,0.792357,0.816456,3.2
categorical,categorical,categorical,43,137,0.413914,0.790893,0.819620,3.2
categorical,categorical,categorical,43,138,0.392932,0.789536,0.828059,3.5
categorical,categorical,categorical,43,139,0.377288,0.796019,0.843882,3.2
categorical,categorical,categorical,43,140,0.424476,0.789695,0.813291,3.2
categorical,categorical,categorical,43,141,0.420730,0.779681,0.818565,3.2
categorical,categorical,categorical,43,142,0.425228,0.785046,0.830169,3.2
categorical,categorical,categorical,43,143,0.414645,0.780033,0.820675,3.2
categorical,categorical,categorical,43,144,0.415436,0.784262,0.819620,3.2
categorical,categorical,categorical,43,145,0.408920,0.787881,0.834388,3.3
categorical,categorical,categorical,43,146,0.401732,0.781553,0.828059,3.2
categorical,categorical,categorical,43,147,0.402288,0.783107,0.832278,3.2
categorical,categorical,categorical,43,148,0.395189,0.786856,0.830169,3.2
categorical,categorical,categorical,43,149,0.394204,0.790589,0.827004,3.2
categorical,categorical,categorical,43,150,0.424062,0.785344,0.831224,3.2
categorical,categorical,categorical,43,151,0.416546,0.778037,0.817511,3.2
categorical,categorical,categorical,43,152,0.436585,0.779169,0.828059,3.2
categorical,categorical,categorical,43,153,0.406939,0.778098,0.832278,3.2
categorical,categorical,categorical,43,154,0.392851,0.782052,0.825949,3.2
categorical,categorical,categorical,43,155,0.418330,0.779407,0.825949,3.2
categorical,categorical,categorical,43,156,0.401183,0.777865,0.838608,3.2
categorical,categorical,categorical,43,157,0.400997,0.784349,0.820675,3.2
categorical,categorical,categorical,43,158,0.420932,0.778144,0.817511,3.3
categorical,categorical,categorical,43,159,0.357508,0.775441,0.853376,3.3
categorical,categorical,categorical,43,160,0.393868,0.770443,0.821730,3.2
categorical,categorical,categorical,43,161,0.387158,0.776284,0.835443,3.3
categorical,categorical,categorical,43,162,0.355890,0.772840,0.853376,3.2
categorical,categorical,categorical,43,163,0.412865,0.777220,0.828059,3.2
categorical,categorical,categorical,43,164,0.398422,0.775449,0.831224,3.2
categorical,categorical,categorical,43,165,0.381786,0.762242,0.839662,3.3
categorical,categorical,categorical,43,166,0.369715,0.769502,0.848101,3.2
categorical,categorical,categorical,43,167,0.407563,0.777561,0.825949,3.2
categorical,categorical,categorical,43,168,0.389213,0.775734,0.836498,3.2
categorical,categorical,categorical,43,169,0.388422,0.769569,0.829114,3.1
categorical,categorical,categorical,43,170,0.354890,0.767725,0.853376,3.2
categorical,categorical,categorical,43,171,0.383895,0.763939,0.833333,3.2
categorical,categorical,categorical,43,172,0.386743,0.771409,0.833333,3.3
categorical,categorical,categorical,43,173,0.365347,0.767897,0.862869,3.3
categorical,categorical,categorical,43,174,0.383282,0.769766,0.842827,3.2
categorical,categorical,categorical,43,175,0.381375,0.771150,0.839662,3.2
categorical,categorical,categorical,43,176,0.378587,0.766950,0.839662,3.2
categorical,categorical,categorical,43,177,0.376450,0.771276,0.845992,3.2
categorical,categorical,categorical,43,178,0.390998,0.760495,0.843882,3.2
categorical,categorical,categorical,43,179,0.365886,0.757668,0.839662,3.2
categorical,categorical,categorical,43,180,0.370066,0.759201,0.851266,3.2
categorical,categorical,categorical,43,181,0.377556,0.754885,0.838608,3.4
categorical,categorical,categorical,43,182,0.389907,0.767454,0.836498,3.2
categorical,categorical,categorical,43,183,0.364690,0.753583,0.854430,3.2
categorical,categorical,categorical,43,184,0.383868,0.761345,0.833333,3.2
categorical,categorical,categorical,43,185,0.335270,0.761308,0.854430,3.2
categorical,categorical,categorical,43,186,0.372237,0.764421,0.848101,3.2
categorical,categorical,categorical,43,187,0.374648,0.761295,0.837553,3.2
categorical,categorical,categorical,43,188,0.357724,0.760773,0.854430,3.2
categorical,categorical,categorical,43,189,0.339952,0.756312,0.863924,3.3
categorical,categorical,categorical,43,190,0.374443,0.757205,0.843882,3.3
categorical,categorical,categorical,43,191,0.380792,0.760292,0.832278,3.2
categorical,categorical,categorical,43,192,0.373324,0.750810,0.834388,3.2
categorical,categorical,categorical,43,193,0.362095,0.751657,0.853376,3.2
categorical,categorical,categorical,43,194,0.374443,0.756688,0.835443,3.2
categorical,categorical,categorical,43,195,0.353586,0.751557,0.854430,3.3
categorical,categorical,categorical,43,196,0.373485,0.751038,0.838608,3.2
categorical,categorical,categorical,43,197,0.349966,0.750349,0.855485,3.2
categorical,categorical,categorical,43,198,0.363274,0.747792,0.844937,3.2
categorical,categorical,categorical,43,199,0.372035,0.756187,0.852321,3.3
categorical,categorical,categorical,43,200,0.368628,0.749263,0.830169,3.2
categorical,categorical,categorical,43,201,0.333152,0.753655,0.869198,3.2
categorical,categorical,categorical,43,202,0.340353,0.742599,0.850211,3.2
categorical,categorical,categorical,43,203,0.358687,0.747894,0.847046,3.3
categorical,categorical,categorical,43,204,0.349196,0.742632,0.855485,3.2
categorical,categorical,categorical,43,205,0.337783,0.749821,0.861814,3.2
categorical,categorical,categorical,43,206,0.356987,0.746924,0.840717,3.2
categorical,categorical,categorical,43,207,0.340101,0.746019,0.852321,3.2
categorical,categorical,categorical,43,208,0.366779,0.747121,0.844937,3.3
categorical,categorical,categorical,43,209,0.349890,0.739263,0.859705,3.2
categorical,categorical,categorical,43,210,0.373965,0.751741,0.844937,3.3
categorical,categorical,categorical,43,211,0.332809,0.746080,0.858650,3.3
categorical,categorical,categorical,43,212,0.333117,0.747676,0.868143,3.2
categorical,categorical,categorical,43,213,0.352029,0.750682,0.845992,3.2
categorical,categorical,categorical,43,214,0.345240,0.745586,0.856540,3.2
categorical,categorical,categorical,43,215,0.373437,0.744509,0.845992,3.3
categorical,categorical,categorical,43,216,0.355363,0.749230,0.844937,3.3
categorical,categorical,categorical,43,217,0.353006,0.740823,0.860759,3.3
categorical,categorical,categorical,43,218,0.355119,0.749469,0.847046,3.2
categorical,categorical,categorical,43,219,0.342413,0.738291,0.862869,3.3
categorical,categorical,categorical,43,220,0.384674,0.738701,0.834388,3.3
categorical,categorical,categorical,43,221,0.340737,0.734555,0.854430,3.2
categorical,categorical,categorical,43,222,0.345320,0.735430,0.848101,3.3
categorical,categorical,categorical,43,223,0.339418,0.746575,0.866034,3.3
categorical,categorical,categorical,43,224,0.361085,0.738562,0.843882,3.3
categorical,categorical,categorical,43,225,0.330976,0.742819,0.870253,3.3
categorical,categorical,categorical,43,226,0.349228,0.736050,0.849156,3.2
categorical,categorical,categorical,43,227,0.352011,0.742059,0.848101,3.2
categorical,categorical,categorical,43,228,0.336118,0.733009,0.853376,3.2
categorical,categorical,categorical,43,229,0.323043,0.742635,0.868143,3.2
categorical,categorical,categorical,43,230,0.337002,0.739001,0.854430,3.3
categorical,categorical,categorical,43,231,0.329371,0.738243,0.860759,3.3
categorical,categorical,categorical,43,232,0.354297,0.740660,0.850211,3.2
categorical,categorical,categorical,43,233,0.344915,0.737292,0.849156,3.2
categorical,categorical,categorical,43,234,0.344733,0.733063,0.853376,3.2
categorical,categorical,categorical,43,235,0.328361,0.739860,0.860759,3.2
categorical,categorical,categorical,43,236,0.347054,0.735928,0.854430,3.2
categorical,categorical,categorical,43,237,0.352759,0.739057,0.847046,3.3
categorical,categorical,categorical,43,238,0.336697,0.731026,0.861814,3.2
categorical,categorical,categorical,43,239,0.355253,0.729327,0.851266,3.2
categorical,categorical,categorical,43,240,0.333609,0.734484,0.857595,3.2
categorical,categorical,categorical,43,241,0.330980,0.726798,0.862869,3.2
categorical,categorical,categorical,43,242,0.324694,0.737028,0.861814,3.2
categorical,categorical,categorical,43,243,0.344057,0.727779,0.857595,3.3
categorical,categorical,categorical,43,244,0.345191,0.732531,0.852321,3.3
categorical,categorical,categorical,43,245,0.354072,0.738475,0.854430,3.3
categorical,categorical,categorical,43,246,0.328994,0.732208,0.864979,3.3
categorical,categorical,categorical,43,247,0.312142,0.726453,0.880802,3.2
categorical,categorical,categorical,43,248,0.343666,0.732555,0.847046,3.3
categorical,categorical,categorical,43,249,0.355209,0.733768,0.860759,3.2
categorical,categorical,categorical,43,250,0.328623,0.721910,0.863924,3.3
categorical,categorical,categorical,44,1,0.721620,1.202797,0.577523,3.4
categorical,categorical,categorical,44,2,0.637099,0.925415,0.586889,3.2
categorical,categorical,categorical,44,3,0.631000,0.920426,0.598335,3.2
categorical,categorical,categorical,44,4,0.639780,0.919929,0.594173,3.3
categorical,categorical,categorical,44,5,0.613835,0.926596,0.632674,3.2
categorical,categorical,categorical,44,6,0.630276,0.916539,0.587929,3.3
categorical,categorical,categorical,44,7,0.599231,0.920392,0.629553,3.2
categorical,categorical,categorical,44,8,0.616587,0.916023,0.603538,3.3
categorical,categorical,categorical,44,9,0.653325,0.918823,0.590010,3.3
categorical,categorical,categorical,44,10,0.601716,0.913128,0.657648,3.2
categorical,categorical,categorical,44,11,0.647241,0.919006,0.582726,3.3
categorical,categorical,categorical,44,12,0.603080,0.913846,0.639958,3.2
categorical,categorical,categorical,44,13,0.643607,0.918231,0.584807,3.2
categorical,categorical,categorical,44,14,0.639926,0.911325,0.583767,3.3
categorical,categorical,categorical,44,15,0.573481,0.910834,0.652445,3.3
categorical,categorical,categorical,44,16,0.614313,0.912159,0.634755,3.3
categorical,categorical,categorical,44,17,0.635115,0.906637,0.609781,3.2
categorical,categorical,categorical,44,18,0.630150,0.909110,0.630593,3.2
categorical,categorical,categorical,44,19,0.609953,0.908056,0.627471,3.2
categorical,categorical,categorical,44,20,0.598000,0.906240,0.628512,3.2
categorical,categorical,categorical,44,21,0.608401,0.903201,0.647242,3.2
categorical,categorical,categorical,44,22,0.553887,0.902861,0.680541,3.3
categorical,categorical,categorical,44,23,0.599295,0.904535,0.645161,3.3
categorical,categorical,categorical,44,24,0.610711,0.910362,0.628512,3.4
categorical,categorical,categorical,44,25,0.616442,0.900931,0.650364,3.2
categorical,categorical,categorical,44,26,0.614746,0.901969,0.631634,3.2
categorical,categorical,categorical,44,27,0.598590,0.903469,0.639958,3.3
categorical,categorical,categorical,44,28,0.620022,0.900494,0.627471,3.3
categorical,categorical,categorical,44,29,0.607190,0.903632,0.629553,3.4
categorical,categorical,categorical,44,30,0.624025,0.901956,0.624350,3.3
categorical,categorical,categorical,44,31,0.561019,0.893253,0.681582,3.3
categorical,categorical,categorical,44,32,0.622493,0.906913,0.628512,3.2
categorical,categorical,categorical,44,33,0.553606,0.895872,0.694069,3.2
categorical,categorical,categorical,44,34,0.594058,0.896497,0.649324,3.3
categorical,categorical,categorical,44,35,0.611233,0.894848,0.637877,3.2
categorical,categorical,categorical,44,36,0.614652,0.891295,0.640999,3.4
categorical,categorical,categorical,44,37,0.568223,0.888467,0.672216,3.3
categorical,categorical,categorical,44,38,0.604449,0.889217,0.650364,3.2
categorical,categorical,categorical,44,39,0.553248,0.886807,0.691988,3.3
categorical,categorical,categorical,44,40,0.587255,0.883777,0.661811,3.2
categorical,categorical,categorical,44,41,0.560278,0.890178,0.679501,3.2
categorical,categorical,categorical,44,42,0.569719,0.881240,0.709677,3.3
categorical,categorical,categorical,44,43,0.573357,0.885550,0.690947,3.2
categorical,categorical,categorical,44,44,0.520597,0.882523,0.722164,3.3
categorical,categorical,categorical,44,45,0.556822,0.884989,0.710718,3.3
categorical,categorical,categorical,44,46,0.592916,0.883164,0.660770,3.3
categorical,categorical,categorical,44,47,0.571831,0.876660,0.707596,3.2
categorical,categorical,categorical,44,48,0.573355,0.879508,0.674298,3.3
categorical,categorical,categorical,44,49,0.556800,0.869537,0.721124,3.2
categorical,categorical,categorical,44,50,0.533250,0.868582,0.730489,3.3
categorical,categorical,categorical,44,51,0.573300,0.867766,0.700312,3.3
categorical,categorical,categorical,44,52,0.557081,0.855334,0.715921,3.4
categorical,categorical,categorical,44,53,0.561781,0.862787,0.703434,3.2
categorical,categorical,categorical,44,54,0.585860,0.856800,0.691988,3.2
categorical,categorical,categorical,44,55,0.546032,0.864903,0.723205,3.3
categorical,categorical,categorical,44,56,0.530765,0.860274,0.733611,3.3
categorical,categorical,categorical,44,57,0.545448,0.846369,0.724246,3.4
categorical,categorical,categorical,44,58,0.553003,0.851747,0.715921,3.2
categorical,categorical,categorical,44,59,0.523691,0.849789,0.753382,3.3
categorical,categorical,categorical,44,60,0.532700,0.846610,0.731530,3.3
categorical,categorical,categorical,44,61,0.501488,0.842972,0.758585,3.2
categorical,categorical,categorical,44,62,0.545594,0.848514,0.736733,3.4
categorical,categorical,categorical,44,63,0.520057,0.840243,0.748179,3.2
categorical,categorical,categorical,44,64,0.499093,0.842964,0.760666,3.2
categorical,categorical,categorical,44,65,0.521352,0.839640,0.745057,3.3
categorical,categorical,categorical,44,66,0.507609,0.840077,0.750260,3.2
categorical,categorical,categorical,44,67,0.510068,0.829714,0.739854,3.3
categorical,categorical,categorical,44,68,0.471926,0.831721,0.773153,3.2
categorical,categorical,categorical,44,69,0.499224,0.834756,0.780437,3.3
categorical,categorical,categorical,44,70,0.493749,0.825947,0.767950,3.2
categorical,categorical,categorical,44,71,0.529809,0.832430,0.739854,3.3
categorical,categorical,categorical,44,72,0.503833,0.828646,0.733611,3.2
categorical,categorical,categorical,44,73,0.477173,0.821969,0.781478,3.3
categorical,categorical,categorical,44,74,0.483657,0.823260,0.762747,3.2
categorical,categorical,categorical,44,75,0.484017,0.821569,0.772112,3.2
categorical,categorical,categorical,44,76,0.466277,0.816745,0.787721,3.2
categorical,categorical,categorical,44,77,0.500038,0.816358,0.768991,3.2
categorical,categorical,categorical,44,78,0.501030,0.836767,0.773153,3.3
categorical,categorical,categorical,44,79,0.525744,0.830696,0.724246,3.2
categorical,categorical,categorical,44,80,0.478676,0.817767,0.770031,3.2
categorical,categorical,categorical,44,81,0.492613,0.819793,0.771072,3.2
categorical,categorical,categorical,44,82,0.477206,0.825434,0.774194,3.2
categorical,categorical,categorical,44,83,0.481260,0.826530,0.770031,3.2
categorical,categorical,categorical,44,84,0.511425,0.823627,0.744017,3.2
categorical,categorical,categorical,44,85,0.469641,0.817468,0.771072,3.3
categorical,categorical,categorical,44,86,0.468848,0.812261,0.774194,3.4
categorical,categorical,categorical,44,87,0.465001,0.806598,0.782518,3.2
categorical,categorical,categorical,44,88,0.470640,0.811082,0.779396,3.2
categorical,categorical,categorical,44,89,0.468147,0.811054,0.795005,3.3
categorical,categorical,categorical,44,90,0.477212,0.812025,0.779396,3.2
categorical,categorical,categorical,44,91,0.444244,0.810424,0.792924,3.2
categorical,categorical,categorical,44,92,0.481443,0.804821,0.776275,3.2
categorical,categorical,categorical,44,93,0.462162,0.797732,0.790843,3.2
categorical,categorical,categorical,44,94,0.459682,0.804994,0.793965,3.2
categorical,categorical,categorical,44,95,0.464492,0.797427,0.791883,3.2
categorical,categorical,categorical,44,96,0.455249,0.802267,0.799168,3.3
categorical,categorical,categorical,44,97,0.435324,0.806401,0.807492,3.2
categorical,categorical,categorical,44,98,0.437421,0.804565,0.806452,3.2
categorical,categorical,categorical,44,99,0.454423,0.804532,0.789802,3.3
categorical,categorical,categorical,44,100,0.443954,0.795090,0.813736,3.2
categorical,categorical,categorical,44,101,0.451681,0.794196,0.787721,3.4
categorical,categorical,categorical,44,102,0.481414,0.810218,0.768991,3.3
categorical,categorical,categorical,44,103,0.452659,0.800512,0.789802,3.2
categorical,categorical,categorical,44,104,0.468508,0.796170,0.780437,3.2
categorical,categorical,categorical,44,105,0.440524,0.794443,0.798127,3.2
categorical,categorical,categorical,44,106,0.474421,0.804485,0.765869,3.2
categorical,categorical,categorical,44,107,0.447834,0.802851,0.798127,3.2
categorical,categorical,categorical,44,108,0.439831,0.788813,0.804370,3.2
categorical,categorical,categorical,44,109,0.462148,0.811810,0.793965,3.2
categorical,categorical,categorical,44,110,0.419260,0.789880,0.817898,3.2
categorical,categorical,categorical,44,111,0.458825,0.793032,0.798127,3.3
categorical,categorical,categorical,44,112,0.446011,0.783181,0.795005,3.2
categorical,categorical,categorical,44,113,0.427589,0.786616,0.809573,3.2
categorical,categorical,categorical,44,114,0.426022,0.792805,0.818939,3.3
categorical,categorical,categorical,44,115,0.448881,0.789966,0.807492,3.3
categorical,categorical,categorical,44,116,0.454617,0.777154,0.796046,3.2
categorical,categorical,categorical,44,117,0.425743,0.788178,0.810614,3.2
categorical,categorical,categorical,44,118,0.414451,0.778912,0.806452,3.3
categorical,categorical,categorical,44,119,0.449118,0.794019,0.806452,3.3
categorical,categorical,categorical,44,120,0.452091,0.781235,0.800208,3.3
categorical,categorical,categorical,44,121,0.430222,0.800899,0.819979,3.2
categorical,categorical,categorical,44,122,0.458989,0.794531,0.786681,3.2
categorical,categorical,categorical,44,123,0.438885,0.798328,0.797086,3.2
categorical,categorical,categorical,44,124,0.425285,0.786981,0.797086,3.2
categorical,categorical,categorical,44,125,0.436023,0.794466,0.813736,3.2
categorical,categorical,categorical,44,126,0.394964,0.791839,0.826223,3.3
categorical,categorical,categorical,44,127,0.440017,0.781022,0.815817,3.3
categorical,categorical,categorical,44,128,0.411208,0.781286,0.818939,3.2
categorical,categorical,categorical,44,129,0.407754,0.786285,0.825182,3.3
categorical,categorical,categorical,44,130,0.425727,0.785523,0.813736,3.3
categorical,categorical,categorical,44,131,0.405994,0.783152,0.821020,3.3
categorical,categorical,categorical,44,132,0.408341,0.783133,0.810614,3.2
categorical,categorical,categorical,44,133,0.419539,0.783639,0.818939,3.3
categorical,categorical,categorical,44,134,0.378745,0.776892,0.838710,3.2
categorical,categorical,categorical,44,135,0.433625,0.788046,0.804370,3.2
categorical,categorical,categorical,44,136,0.403727,0.776968,0.822060,3.2
categorical,categorical,categorical,44,137,0.428911,0.783110,0.808533,3.2
categorical,categorical,categorical,44,138,0.418642,0.782329,0.823101,3.2
categorical,categorical,categorical,44,139,0.391004,0.777143,0.830385,3.2
categorical,categorical,categorical,44,140,0.396373,0.772850,0.823101,3.3
categorical,categorical,categorical,44,141,0.398767,0.773263,0.824142,3.4
categorical,categorical,categorical,44,142,0.424112,0.785332,0.817898,3.2
categorical,categorical,categorical,44,143,0.394774,0.770319,0.824142,3.3
categorical,categorical,categorical,44,144,0.411568,0.772885,0.811655,3.2
categorical,categorical,categorical,44,145,0.418548,0.780764,0.822060,3.2
categorical,categorical,categorical,44,146,0.391315,0.764225,0.841831,3.3
categorical,categorical,categorical,44,147,0.401258,0.777663,0.821020,3.2
categorical,categorical,categorical,44,148,0.432901,0.776533,0.803330,3.3
categorical,categorical,categorical,44,149,0.411111,0.780141,0.824142,3.3
categorical,categorical,categorical,44,150,0.384162,0.765533,0.838710,3.2
categorical,categorical,categorical,44,151,0.404711,0.777593,0.837669,3.3
categorical,categorical,categorical,44,152,0.404293,0.771421,0.830385,3.2
categorical,categorical,categorical,44,153,0.375263,0.766681,0.837669,3.2
categorical,categorical,categorical,44,154,0.366408,0.762660,0.852237,3.2
categorical,categorical,categorical,44,155,0.390002,0.770610,0.830385,3.3
categorical,categorical,categorical,44,156,0.372507,0.762873,0.834547,3.3
categorical,categorical,categorical,44,157,0.394717,0.769959,0.819979,3.3
categorical,categorical,categorical,44,158,0.401744,0.769304,0.835588,3.2
categorical,categorical,categorical,44,159,0.406312,0.774394,0.834547,3.2
categorical,categorical,categorical,44,160,0.404988,0.772332,0.824142,3.2
categorical,categorical,categorical,44,161,0.402079,0.774544,0.827263,3.2
categorical,categorical,categorical,44,162,0.378699,0.771185,0.836629,3.4
categorical,categorical,categorical,44,163,0.394640,0.760389,0.830385,3.2
categorical,categorical,categorical,44,164,0.400658,0.759298,0.840791,3.3
categorical,categorical,categorical,44,165,0.380126,0.762844,0.841831,3.3
categorical,categorical,categorical,44,166,0.364705,0.760389,0.840791,3.2
categorical,categorical,categorical,44,167,0.410304,0.766070,0.822060,3.3
categorical,categorical,categorical,44,168,0.398074,0.759854,0.827263,3.2
categorical,categorical,categorical,44,169,0.374498,0.752850,0.835588,3.2
categorical,categorical,categorical,44,170,0.386067,0.759941,0.836629,3.3
categorical,categorical,categorical,44,171,0.382326,0.749499,0.833507,3.2
categorical,categorical,categorical,44,172,0.377279,0.761164,0.831426,3.2
categorical,categorical,categorical,44,173,0.375866,0.763601,0.839750,3.2
categorical,categorical,categorical,44,174,0.371991,0.757666,0.851197,3.2
categorical,categorical,categorical,44,175,0.373040,0.757386,0.848075,3.3
categorical,categorical,categorical,44,176,0.384052,0.757493,0.832466,3.2
categorical,categorical,categorical,44,177,0.356634,0.759464,0.851197,3.2
categorical,categorical,categorical,44,178,0.391855,0.761780,0.842872,3.2
categorical,categorical,categorical,44,179,0.396092,0.762389,0.830385,3.2
categorical,categorical,categorical,44,180,0.369351,0.756899,0.837669,3.3
categorical,categorical,categorical,44,181,0.371808,0.761733,0.840791,3.2
categorical,categorical,categorical,44,182,0.391596,0.764219,0.830385,3.2
categorical,categorical,categorical,44,183,0.373093,0.763968,0.848075,3.4
categorical,categorical,categorical,44,184,0.395055,0.763801,0.842872,3.2
categorical,categorical,categorical,44,185,0.368129,0.759180,0.855359,3.2
categorical,categorical,categorical,44,186,0.377434,0.759919,0.847034,3.3
categorical,categorical,categorical,44,187,0.377942,0.754210,0.855359,3.2
categorical,categorical,categorical,44,188,0.369022,0.750843,0.850156,3.3
categorical,categorical,categorical,44,189,0.371509,0.756408,0.844953,3.2
categorical,categorical,categorical,44,190,0.378198,0.752610,0.840791,3.3
categorical,categorical,categorical,44,191,0.349494,0.747663,0.850156,3.3
categorical,categorical,categorical,44,192,0.390962,0.762397,0.825182,3.2
categorical,categorical,categorical,44,193,0.373424,0.749313,0.848075,3.3
categorical,categorical,categorical,44,194,0.385682,0.755907,0.838710,3.2
categorical,categorical,categorical,44,195,0.374981,0.749556,0.852237,3.2
categorical,categorical,categorical,44,196,0.348978,0.750542,0.849116,3.3
categorical,categorical,categorical,44,197,0.378039,0.749613,0.836629,3.3
categorical,categorical,categorical,44,198,0.363004,0.752816,0.840791,3.2
categorical,categorical,categorical,44,199,0.374420,0.751283,0.851197,3.2
categorical,categorical,categorical,44,200,0.346373,0.752188,0.862643,3.3
categorical,categorical,categorical,44,201,0.354099,0.743727,0.854318,3.3
categorical,categorical,categorical,44,202,0.350129,0.750143,0.844953,3.3
categorical,categorical,categorical,44,203,0.369104,0.752460,0.848075,3.2
categorical,categorical,categorical,44,204,0.344935,0.738653,0.859521,3.3
categorical,categorical,categorical,44,205,0.368568,0.762523,0.849116,3.2
categorical,categorical,categorical,44,206,0.349440,0.744207,0.851197,3.2
categorical,categorical,categorical,44,207,0.374079,0.745263,0.838710,3.2
categorical,categorical,categorical,44,208,0.354612,0.744005,0.858481,3.2
categorical,categorical,categorical,44,209,0.352294,0.747295,0.857440,3.3
categorical,categorical,categorical,44,210,0.362623,0.746031,0.854318,3.2
categorical,categorical,categorical,44,211,0.348355,0.750084,0.855359,3.3
categorical,categorical,categorical,44,212,0.375141,0.751747,0.832466,3.2
categorical,categorical,categorical,44,213,0.330877,0.737267,0.859521,3.2
categorical,categorical,categorical,44,214,0.347394,0.740942,0.857440,3.4
categorical,categorical,categorical,44,215,0.345415,0.741684,0.852237,3.2
categorical,categorical,categorical,44,216,0.342707,0.735966,0.847034,3.2
categorical,categorical,categorical,44,217,0.335286,0.737734,0.853278,3.2
categorical,categorical,categorical,44,218,0.344885,0.741330,0.858481,3.3
categorical,categorical,categorical,44,219,0.345283,0.740683,0.844953,3.3
categorical,categorical,categorical,44,220,0.344755,0.736982,0.850156,3.2
categorical,categorical,categorical,44,221,0.357579,0.737535,0.854318,3.2
categorical,categorical,categorical,44,222,0.355158,0.740049,0.859521,3.2
categorical,categorical,categorical,44,223,0.357357,0.739600,0.857440,3.2
categorical,categorical,categorical,44,224,0.361627,0.737557,0.835588,3.2
categorical,categorical,categorical,44,225,0.340100,0.744328,0.868887,3.3
categorical,categorical,categorical,44,226,0.356677,0.743695,0.842872,3.4
categorical,categorical,categorical,44,227,0.347186,0.739275,0.853278,3.2
categorical,categorical,categorical,44,228,0.359027,0.736588,0.844953,3.3
categorical,categorical,categorical,44,229,0.340644,0.747444,0.858481,3.3
categorical,categorical,categorical,44,230,0.356022,0.739257,0.842872,3.3
categorical,categorical,categorical,44,231,0.380851,0.740859,0.835588,3.3
categorical,categorical,categorical,44,232,0.367899,0.738378,0.843913,3.3
categorical,categorical,categorical,44,233,0.359218,0.735634,0.845994,3.2
categorical,categorical,categorical,44,234,0.350847,0.730117,0.847034,3.3
categorical,categorical,categorical,44,235,0.339504,0.735074,0.852237,3.3
categorical,categorical,categorical,44,236,0.352858,0.733352,0.840791,3.2
categorical,categorical,categorical,44,237,0.345976,0.740073,0.860562,3.2
categorical,categorical,categorical,44,238,0.349954,0.742684,0.849116,3.3
categorical,categorical,categorical,44,239,0.342588,0.731222,0.855359,3.3
categorical,categorical,categorical,44,240,0.332862,0.736670,0.850156,3.2
categorical,categorical,categorical,44,241,0.354280,0.735468,0.857440,3.2
categorical,categorical,categorical,44,242,0.331330,0.732747,0.859521,3.2
categorical,categorical,categorical,44,243,0.371130,0.743803,0.848075,3.3
categorical,categorical,categorical,44,244,0.345526,0.735648,0.853278,3.2
categorical,categorical,categorical,44,245,0.346356,0.730695,0.856400,3.2
categorical,categorical,categorical,44,246,0.328128,0.730374,0.865765,3.2
categorical,categorical,categorical,44,247,0.339147,0.731367,0.860562,3.3
categorical,categorical,categorical,44,248,0.336790,0.728001,0.863684,3.3
categorical,categorical,categorical,44,249,0.318947,0.732195,0.863684,3.3
categorical,categorical,categorical,44,250,0.381320,0.740663,0.838710,3.2
categorical,categorical,categorical,45,1,0.736975,1.221188,0.546709,3.1
categorical,categorical,categorical,45,2,0.667122,0.934991,0.558386,3.2
categorical,categorical,categorical,45,3,0.633263,0.932610,0.613588,3.2
categorical,categorical,categorical,45,4,0.650273,0.926656,0.599788,3.2
categorical,categorical,categorical,45,5,0.622233,0.924031,0.596603,3.1
categorical,categorical,categorical,45,6,0.625441,0.929942,0.610403,3.1
categorical,categorical,categorical,45,7,0.675993,0.928077,0.545648,3.2
categorical,categorical,categorical,45,8,0.621743,0.923007,0.608280,3.1
categorical,categorical,categorical,45,9,0.627101,0.921227,0.622081,3.2
categorical,categorical,categorical,45,10,0.622899,0.925028,0.625265,3.1
categorical,categorical,categorical,45,11,0.613469,0.917010,0.611465,3.1
categorical,categorical,categorical,45,12,0.586016,0.925937,0.625265,3.2
categorical,categorical,categorical,45,13,0.614038,0.922307,0.622081,3.1
categorical,categorical,categorical,45,14,0.614824,0.923722,0.627389,3.2
categorical,categorical,categorical,45,15,0.633475,0.916902,0.612527,3.1
categorical,categorical,categorical,45,16,0.607976,0.917815,0.649682,3.3
categorical,categorical,categorical,45,17,0.587690,0.918388,0.639066,3.1
categorical,categorical,categorical,45,18,0.596169,0.915996,0.664544,3.3
categorical,categorical,categorical,45,19,0.591486,0.918739,0.659236,3.2
categorical,categorical,categorical,45,20,0.597120,0.915615,0.644374,3.1
categorical,categorical,categorical,45,21,0.577108,0.916805,0.667728,3.2
categorical,categorical,categorical,45,22,0.625654,0.917326,0.618896,3.2
categorical,categorical,categorical,45,23,0.597357,0.917313,0.644374,3.3
categorical,categorical,categorical,45,24,0.613388,0.917671,0.638004,3.2
categorical,categorical,categorical,45,25,0.641327,0.912328,0.578556,3.2
categorical,categorical,categorical,45,26,0.613444,0.911994,0.607219,3.2
categorical,categorical,categorical,45,27,0.610629,0.916842,0.623142,3.2
categorical,categorical,categorical,45,28,0.610983,0.910843,0.641189,3.1
categorical,categorical,categorical,45,29,0.592784,0.908607,0.648620,3.2
categorical,categorical,categorical,45,30,0.570599,0.910603,0.694268,3.2
categorical,categorical,categorical,45,31,0.569322,0.909233,0.665605,3.2
categorical,categorical,categorical,45,32,0.641916,0.911310,0.615711,3.1
categorical,categorical,categorical,45,33,0.572334,0.912592,0.656051,3.3
categorical,categorical,categorical,45,34,0.602939,0.908073,0.645435,3.2
categorical,categorical,categorical,45,35,0.640521,0.906894,0.622081,3.2
categorical,categorical,categorical,45,36,0.589387,0.907935,0.661359,3.1
categorical,categorical,categorical,45,37,0.603383,0.904479,0.645435,3.2
categorical,categorical,categorical,45,38,0.590925,0.903240,0.657113,3.3
categorical,categorical,categorical,45,39,0.618199,0.905174,0.638004,3.2
categorical,categorical,categorical,45,40,0.589827,0.907578,0.665605,3.2
categorical,categorical,categorical,45,41,0.605673,0.898138,0.646497,3.2
categorical,categorical,categorical,45,42,0.584899,0.903154,0.682590,3.2
categorical,categorical,categorical,45,43,0.596491,0.900910,0.649682,3.1
categorical,categorical,categorical,45,44,0.598504,0.901068,0.668790,3.2
categorical,categorical,categorical,45,45,0.592700,0.900009,0.652866,3.2
categorical,categorical,categorical,45,46,0.608978,0.894483,0.654989,3.2
categorical,categorical,categorical,45,47,0.590697,0.896732,0.665605,3.2
categorical,categorical,categorical,45,48,0.587146,0.892750,0.687898,3.2
categorical,categorical,categorical,45,49,0.577998,0.891599,0.686837,3.1
categorical,categorical,categorical,45,50,0.617890,0.890189,0.633758,3.2
categorical,categorical,categorical,45,51,0.584184,0.891057,0.670913,3.2
categorical,categorical,categorical,45,52,0.573331,0.882274,0.680467,3.1
categorical,categorical,categorical,45,53,0.590009,0.886601,0.673036,3.2
categorical,categorical,categorical,45,54,0.593155,0.882828,0.667728,3.2
categorical,categorical,categorical,45,55,0.561403,0.888774,0.694268,3.2
categorical,categorical,categorical,45,56,0.571982,0.883453,0.682590,3.2
categorical,categorical,categorical,45,57,0.590057,0.881292,0.681529,3.1
categorical,categorical,categorical,45,58,0.548135,0.878523,0.711253,3.2
categorical,categorical,categorical,45,59,0.563100,0.877521,0.705945,3.2
categorical,categorical,categorical,45,60,0.531150,0.870564,0.732484,3.3
categorical,categorical,categorical,45,61,0.565031,0.863561,0.703822,3.2
categorical,categorical,categorical,45,62,0.552156,0.871884,0.708068,3.2
categorical,categorical,categorical,45,63,0.534277,0.872064,0.725053,3.2
categorical,categorical,categorical,45,64,0.554670,0.864741,0.710191,3.2
categorical,categorical,categorical,45,65,0.522779,0.868633,0.736730,3.2
categorical,categorical,categorical,45,66,0.557340,0.859758,0.708068,3.2
categorical,categorical,categorical,45,67,0.507827,0.855571,0.731423,3.2
categorical,categorical,categorical,45,68,0.504937,0.854319,0.756900,3.2
categorical,categorical,categorical,45,69,0.561856,0.859014,0.699575,3.2
categorical,categorical,categorical,45,70,0.571885,0.856816,0.701699,3.2
categorical,categorical,categorical,45,71,0.569415,0.857378,0.700637,3.2
categorical,categorical,categorical,45,72,0.541067,0.845951,0.736730,3.2
categorical,categorical,categorical,45,73,0.524384,0.850688,0.742038,3.2
categorical,categorical,categorical,45,74,0.560418,0.851300,0.713376,3.2
categorical,categorical,categorical,45,75,0.517941,0.853360,0.745223,3.1
categorical,categorical,categorical,45,76,0.509556,0.844390,0.759023,3.2
categorical,categorical,categorical,45,77,0.541834,0.842362,0.719745,3.2
categorical,categorical,categorical,45,78,0.545990,0.834388,0.731423,3.2
categorical,categorical,categorical,45,79,0.506124,0.829297,0.744161,3.2
categorical,categorical,categorical,45,80,0.498543,0.832495,0.764331,3.2
categorical,categorical,categorical,45,81,0.514004,0.837932,0.746285,3.2
categorical,categorical,categorical,45,82,0.514580,0.830665,0.746285,3.4
categorical,categorical,categorical,45,83,0.504506,0.840196,0.745223,3.2
categorical,categorical,categorical,45,84,0.482091,0.821921,0.772824,3.2
categorical,categorical,categorical,45,85,0.490453,0.825738,0.766454,3.2
categorical,categorical,categorical,45,86,0.520766,0.832876,0.740977,3.2
categorical,categorical,categorical,45,87,0.487426,0.834055,0.756900,3.2
categorical,categorical,categorical,45,88,0.501912,0.823315,0.747346,3.1
categorical,categorical,categorical,45,89,0.484261,0.824847,0.771762,3.2
categorical,categorical,categorical,45,90,0.487409,0.826299,0.768577,3.1
categorical,categorical,categorical,45,91,0.513406,0.829561,0.749469,3.2
categorical,categorical,categorical,45,92,0.513086,0.832120,0.772824,3.3
categorical,categorical,categorical,45,93,0.501268,0.814165,0.761146,3.2
categorical,categorical,categorical,45,94,0.482976,0.815234,0.771762,3.2
categorical,categorical,categorical,45,95,0.507942,0.833658,0.753715,3.2
categorical,categorical,categorical,45,96,0.484711,0.819605,0.761146,3.1
categorical,categorical,categorical,45,97,0.471343,0.816069,0.783439,3.1
categorical,categorical,categorical,45,98,0.485984,0.822904,0.752654,3.2
categorical,categorical,categorical,45,99,0.467647,0.817067,0.784501,3.2
categorical,categorical,categorical,45,100,0.496981,0.816378,0.765393,3.2
categorical,categorical,categorical,45,101,0.496651,0.817696,0.740977,3.1
categorical,categorical,categorical,45,102,0.461314,0.815822,0.787686,3.1
categorical,categorical,categorical,45,103,0.453273,0.810356,0.804671,3.3
categorical,categorical,categorical,45,104,0.453561,0.810975,0.795117,3.2
categorical,categorical,categorical,45,105,0.465350,0.814406,0.780255,3.2
categorical,categorical,categorical,45,106,0.491703,0.820728,0.773885,3.2
categorical,categorical,categorical,45,107,0.459470,0.818325,0.777070,3.1
categorical,categorical,categorical,45,108,0.484085,0.800565,0.766454,3.1
categorical,categorical,categorical,45,109,0.447548,0.805567,0.790870,3.2
categorical,categorical,categorical,45,110,0.496025,0.805846,0.792994,3.2
categorical,categorical,categorical,45,111,0.458496,0.808488,0.783439,3.2
categorical,categorical,categorical,45,112,0.460195,0.801386,0.774947,3.2
categorical,categorical,categorical,45,113,0.465145,0.804321,0.788747,3.2
categorical,categorical,categorical,45,114,0.464074,0.806577,0.791932,3.2
categorical,categorical,categorical,45,115,0.459661,0.810188,0.786624,3.1
categorical,categorical,categorical,45,116,0.464457,0.813404,0.784501,3.2
categorical,categorical,categorical,45,117,0.445952,0.807856,0.809979,3.2
categorical,categorical,categorical,45,118,0.442959,0.802059,0.788747,3.2
categorical,categorical,categorical,45,119,0.456182,0.797293,0.796178,3.2
categorical,categorical,categorical,45,120,0.419638,0.796271,0.808917,3.2
categorical,categorical,categorical,45,121,0.459636,0.801616,0.787686,3.2
categorical,categorical,categorical,45,122,0.429589,0.793267,0.809979,3.2
categorical,categorical,categorical,45,123,0.439610,0.802133,0.802548,3.1
categorical,categorical,categorical,45,124,0.445753,0.803252,0.806794,3.2
categorical,categorical,categorical,45,125,0.453959,0.800746,0.789809,3.3
categorical,categorical,categorical,45,126,0.431333,0.797328,0.802548,3.2
categorical,categorical,categorical,45,127,0.460739,0.802426,0.788747,3.2
categorical,categorical,categorical,45,128,0.423143,0.793862,0.808917,3.1
categorical,categorical,categorical,45,129,0.456921,0.803479,0.792994,3.1
categorical,categorical,categorical,45,130,0.416345,0.787286,0.806794,3.2
categorical,categorical,categorical,45,131,0.432610,0.788865,0.801486,3.2
categorical,categorical,categorical,45,132,0.445138,0.793108,0.798301,3.1
categorical,categorical,categorical,45,133,0.417006,0.797555,0.807856,3.2
categorical,categorical,categorical,45,134,0.415843,0.785765,0.816348,3.2
categorical,categorical,categorical,45,135,0.415556,0.793621,0.815287,3.3
categorical,categorical,categorical,45,136,0.415129,0.787666,0.824841,3.2
categorical,categorical,categorical,45,137,0.415070,0.788987,0.813163,3.2
categorical,categorical,categorical,45,138,0.409576,0.786692,0.812102,3.1
categorical,categorical,categorical,45,139,0.431408,0.790429,0.804671,3.1
categorical,categorical,categorical,45,140,0.419571,0.785307,0.808917,3.2
categorical,categorical,categorical,45,141,0.398046,0.792156,0.817410,3.1
categorical,categorical,categorical,45,142,0.450049,0.793521,0.800425,3.1
categorical,categorical,categorical,45,143,0.408465,0.788053,0.812102,3.2
categorical,categorical,categorical,45,144,0.420887,0.784452,0.815287,3.2
categorical,categorical,categorical,45,145,0.392000,0.773975,0.828025,3.3
categorical,categorical,categorical,45,146,0.407380,0.786944,0.823779,3.2
categorical,categorical,categorical,45,147,0.395182,0.780224,0.820594,3.3
categorical,categorical,categorical,45,148,0.407736,0.779894,0.815287,3.2
categorical,categorical,categorical,45,149,0.405954,0.789361,0.815287,3.1
categorical,categorical,categorical,45,150,0.391029,0.775431,0.823779,3.2
categorical,categorical,categorical,45,151,0.413307,0.787743,0.811040,3.2
categorical,categorical,categorical,45,152,0.391591,0.775146,0.825902,3.2
categorical,categorical,categorical,45,153,0.438965,0.778398,0.790870,3.1
categorical,categorical,categorical,45,154,0.422469,0.777900,0.809979,3.2
categorical,categorical,categorical,45,155,0.405880,0.770875,0.821656,3.2
categorical,categorical,categorical,45,156,0.397651,0.773330,0.814225,3.2
categorical,categorical,categorical,45,157,0.431285,0.774424,0.808917,3.2
categorical,categorical,categorical,45,158,0.396666,0.780620,0.828025,3.2
categorical,categorical,categorical,45,159,0.377990,0.777008,0.840764,3.2
categorical,categorical,categorical,45,160,0.402841,0.775288,0.817410,3.3
categorical,categorical,categorical,45,161,0.384987,0.776759,0.837580,3.2
categorical,categorical,categorical,45,162,0.402881,0.765542,0.822718,3.2
categorical,categorical,categorical,45,163,0.400852,0.781059,0.828025,3.2
categorical,categorical,categorical,45,164,0.372942,0.773418,0.830149,3.2
categorical,categorical,categorical,45,165,0.409707,0.776334,0.824841,3.2
categorical,categorical,categorical,45,166,0.387254,0.771750,0.836518,3.2
categorical,categorical,categorical,45,167,0.383357,0.765674,0.828025,3.2
categorical,categorical,categorical,45,168,0.397737,0.771806,0.825902,3.1
categorical,categorical,categorical,45,169,0.383772,0.766822,0.834395,3.3
categorical,categorical,categorical,45,170,0.381866,0.769125,0.834395,3.1
categorical,categorical,categorical,45,171,0.385516,0.766703,0.826964,3.2
categorical,categorical,categorical,45,172,0.385015,0.772654,0.836518,3.2
categorical,categorical,categorical,45,173,0.388305,0.772171,0.830149,3.2
categorical,categorical,categorical,45,174,0.392801,0.774891,0.840764,3.2
categorical,categorical,categorical,45,175,0.421654,0.765843,0.826964,3.3
categorical,categorical,categorical,45,176,0.387051,0.769410,0.828025,3.3
categorical,categorical,categorical,45,177,0.375837,0.770952,0.825902,3.2
categorical,categorical,categorical,45,178,0.377489,0.763286,0.839703,3.3
categorical,categorical,categorical,45,179,0.382048,0.769506,0.845011,3.2
categorical,categorical,categorical,45,180,0.376917,0.761566,0.840764,3.2
categorical,categorical,categorical,45,181,0.390963,0.763655,0.836518,3.2
categorical,categorical,categorical,45,182,0.377924,0.769124,0.835456,3.2
categorical,categorical,categorical,45,183,0.388943,0.762737,0.841826,3.2
categorical,categorical,categorical,45,184,0.390064,0.764436,0.838641,3.3
categorical,categorical,categorical,45,185,0.378479,0.774624,0.847134,3.2
categorical,categorical,categorical,45,186,0.394509,0.758334,0.828025,3.1
categorical,categorical,categorical,45,187,0.381313,0.756134,0.832272,3.2
categorical,categorical,categorical,45,188,0.366609,0.759805,0.843949,3.2
categorical,categorical,categorical,45,189,0.372681,0.767343,0.849257,3.2
categorical,categorical,categorical,45,190,0.391326,0.757437,0.834395,3.2
categorical,categorical,categorical,45,191,0.373984,0.758375,0.842887,3.3
categorical,categorical,categorical,45,192,0.375287,0.757967,0.849257,3.3
categorical,categorical,categorical,45,193,0.370683,0.758110,0.841826,3.1
categorical,categorical,categorical,45,194,0.389292,0.761515,0.820594,3.3
categorical,categorical,categorical,45,195,0.369136,0.756951,0.848195,3.1
categorical,categorical,categorical,45,196,0.354356,0.761421,0.842887,3.1
categorical,categorical,categorical,45,197,0.371591,0.753410,0.833333,3.2
categorical,categorical,categorical,45,198,0.379127,0.757740,0.843949,3.3
categorical,categorical,categorical,45,199,0.364912,0.753452,0.835456,3.2
categorical,categorical,categorical,45,200,0.348318,0.747140,0.864119,3.2
categorical,categorical,categorical,45,201,0.356865,0.754309,0.853503,3.1
categorical,categorical,categorical,45,202,0.365176,0.750991,0.843949,3.2
categorical,categorical,categorical,45,203,0.376503,0.755432,0.829087,3.1
categorical,categorical,categorical,45,204,0.357267,0.752624,0.839703,3.1
categorical,categorical,categorical,45,205,0.345715,0.746349,0.857749,3.3
categorical,categorical,categorical,45,206,0.375686,0.752221,0.845011,3.1
categorical,categorical,categorical,45,207,0.333062,0.755908,0.861996,3.2
categorical,categorical,categorical,45,208,0.326997,0.757520,0.854565,3.2
categorical,categorical,categorical,45,209,0.345436,0.752180,0.850318,3.1
categorical,categorical,categorical,45,210,0.359354,0.751228,0.850318,3.2
categorical,categorical,categorical,45,211,0.362079,0.745692,0.842887,3.1
categorical,categorical,categorical,45,212,0.360927,0.744089,0.842887,3.2
categorical,categorical,categorical,45,213,0.357713,0.746452,0.850318,3.4
categorical,categorical,categorical,45,214,0.348290,0.748665,0.854565,3.1
categorical,categorical,categorical,45,215,0.328995,0.750689,0.851380,3.2
categorical,categorical,categorical,45,216,0.347084,0.748612,0.852442,3.2
categorical,categorical,categorical,45,217,0.347436,0.757057,0.846072,3.2
categorical,categorical,categorical,45,218,0.368415,0.747466,0.829087,3.1
categorical,categorical,categorical,45,219,0.356007,0.746137,0.845011,3.1
categorical,categorical,categorical,45,220,0.373800,0.757015,0.831210,3.2
categorical,categorical,categorical,45,221,0.365688,0.745127,0.838641,3.1
categorical,categorical,categorical,45,222,0.341432,0.743722,0.848195,3.1
categorical,categorical,categorical,45,223,0.343891,0.740398,0.849257,3.2
categorical,categorical,categorical,45,224,0.354122,0.740189,0.842887,3.2
categorical,categorical,categorical,45,225,0.330773,0.745403,0.861996,3.3
categorical,categorical,categorical,45,226,0.340854,0.737303,0.854565,3.1
categorical,categorical,categorical,45,227,0.333658,0.737601,0.863057,3.1
categorical,categorical,categorical,45,228,0.348042,0.740681,0.850318,3.2
categorical,categorical,categorical,45,229,0.344115,0.732426,0.849257,3.1
categorical,categorical,categorical,45,230,0.357184,0.734784,0.838641,3.2
categorical,categorical,categorical,45,231,0.367800,0.747398,0.847134,3.2
categorical,categorical,categorical,45,232,0.330905,0.742528,0.860934,3.2
categorical,categorical,categorical,45,233,0.351238,0.740378,0.846072,3.1
categorical,categorical,categorical,45,234,0.335089,0.744360,0.849257,3.3
categorical,categorical,categorical,45,235,0.352279,0.739799,0.846072,3.1
categorical,categorical,categorical,45,236,0.339051,0.732940,0.861996,3.1
categorical,categorical,categorical,45,237,0.336051,0.732040,0.863057,3.1
categorical,categorical,categorical,45,238,0.364621,0.742503,0.846072,3.1
categorical,categorical,categorical,45,239,0.349865,0.740741,0.848195,3.2
categorical,categorical,categorical,45,240,0.341297,0.732937,0.860934,3.2
categorical,categorical,categorical,45,241,0.366483,0.739584,0.849257,3.2
categorical,categorical,categorical,45,242,0.365182,0.732553,0.847134,3.2
categorical,categorical,categorical,45,243,0.358357,0.742118,0.841826,3.2
categorical,categorical,categorical,45,244,0.331152,0.734575,0.852442,3.2
categorical,categorical,categorical,45,245,0.320134,0.741183,0.861996,3.1
categorical,categorical,categorical,45,246,0.348976,0.734601,0.846072,3.2
categorical,categorical,categorical,45,247,0.350910,0.739092,0.851380,3.1
categorical,categorical,categorical,45,248,0.337546,0.734020,0.857749,3.3
categorical,categorical,categorical,45,249,0.334835,0.730514,0.852442,3.3
categorical,categorical,categorical,45,250,0.349153,0.731960,0.840764,3.1
categorical,categorical,categorical,46,1,0.676366,1.199275,0.597046,3.2
categorical,categorical,categorical,46,2,0.638592,0.933410,0.597046,3.2
categorical,categorical,categorical,46,3,0.622799,0.930128,0.621308,3.2
categorical,categorical,categorical,46,4,0.599574,0.931920,0.602321,3.3
categorical,categorical,categorical,46,5,0.654343,0.926578,0.595992,3.2
categorical,categorical,categorical,46,6,0.632252,0.921017,0.581224,3.3
categorical,categorical,categorical,46,7,0.621689,0.926386,0.614979,3.2
categorical,categorical,categorical,46,8,0.646672,0.924714,0.588608,3.2
categorical,categorical,categorical,46,9,0.608815,0.923067,0.638186,3.3
categorical,categorical,categorical,46,10,0.585709,0.922999,0.661392,3.2
categorical,categorical,categorical,46,11,0.667917,0.927296,0.549578,3.2
categorical,categorical,categorical,46,12,0.629604,0.920938,0.643460,3.2
categorical,categorical,categorical,46,13,0.624279,0.922782,0.605485,3.2
categorical,categorical,categorical,46,14,0.628954,0.926596,0.616034,3.3
categorical,categorical,categorical,46,15,0.613864,0.923599,0.623418,3.2
categorical,categorical,categorical,46,16,0.611382,0.919960,0.627637,3.2
categorical,categorical,categorical,46,17,0.605467,0.918473,0.627637,3.2
categorical,categorical,categorical,46,18,0.622159,0.914674,0.612869,3.2
categorical,categorical,categorical,46,19,0.626442,0.921736,0.603376,3.2
categorical,categorical,categorical,46,20,0.633878,0.929788,0.622363,3.2
categorical,categorical,categorical,46,21,0.622900,0.914228,0.611814,3.2
categorical,categorical,categorical,46,22,0.612507,0.919589,0.618143,3.2
categorical,categorical,categorical,46,23,0.563481,0.918849,0.656118,3.2
categorical,categorical,categorical,46,24,0.586943,0.913485,0.664557,3.2
categorical,categorical,categorical,46,25,0.623494,0.915726,0.619198,3.3
categorical,categorical,categorical,46,26,0.611912,0.911072,0.627637,3.2
categorical,categorical,categorical,46,27,0.545645,0.908765,0.698312,3.2
categorical,categorical,categorical,46,28,0.604941,0.912129,0.630802,3.2
categorical,categorical,categorical,46,29,0.618955,0.910930,0.625527,3.2
categorical,categorical,categorical,46,30,0.607210,0.909799,0.644515,3.2
categorical,categorical,categorical,46,31,0.605322,0.914494,0.640295,3.2
categorical,categorical,categorical,46,32,0.567225,0.909625,0.680380,3.2
categorical,categorical,categorical,46,33,0.626783,0.906018,0.620253,3.2
categorical,categorical,categorical,46,34,0.592549,0.909432,0.659283,3.2
categorical,categorical,categorical,46,35,0.566897,0.903248,0.686709,3.2
categorical,categorical,categorical,46,36,0.579893,0.902729,0.685654,3.2
categorical,categorical,categorical,46,37,0.596329,0.902124,0.666667,3.2
categorical,categorical,categorical,46,38,0.595761,0.898930,0.666667,3.2
categorical,categorical,categorical,46,39,0.616771,0.903728,0.635021,3.2
categorical,categorical,categorical,46,40,0.616446,0.894328,0.644515,3.3
categorical,categorical,categorical,46,41,0.558868,0.888790,0.709916,3.2
categorical,categorical,categorical,46,42,0.594025,0.895838,0.665612,3.3
categorical,categorical,categorical,46,43,0.559347,0.894183,0.691983,3.2
categorical,categorical,categorical,46,44,0.613050,0.888452,0.647679,3.2
categorical,categorical,categorical,46,45,0.551650,0.882457,0.710970,3.2
categorical,categorical,categorical,46,46,0.583438,0.878562,0.691983,3.2
categorical,categorical,categorical,46,47,0.561619,0.881006,0.704641,3.4
categorical,categorical,categorical,46,48,0.583910,0.880528,0.689873,3.2
categorical,categorical,categorical,46,49,0.555025,0.881396,0.703586,3.2
categorical,categorical,categorical,46,50,0.570303,0.865133,0.717300,3.2
categorical,categorical,categorical,46,51,0.555347,0.872147,0.708861,3.2
categorical,categorical,categorical,46,52,0.527010,0.864417,0.737342,3.2
categorical,categorical,categorical,46,53,0.563983,0.867372,0.702532,3.2
categorical,categorical,categorical,46,54,0.558231,0.853265,0.703586,3.3
categorical,categorical,categorical,46,55,0.530253,0.861808,0.723629,3.2
categorical,categorical,categorical,46,56,0.571809,0.865945,0.691983,3.2
categorical,categorical,categorical,46,57,0.540171,0.859534,0.724684,3.3
categorical,categorical,categorical,46,58,0.543991,0.855499,0.725738,3.2
categorical,categorical,categorical,46,59,0.556184,0.863865,0.723629,3.1
categorical,categorical,categorical,46,60,0.547948,0.850540,0.716245,3.2
categorical,categorical,categorical,46,61,0.531529,0.840772,0.721519,3.2
categorical,categorical,categorical,46,62,0.516551,0.843387,0.748945,3.2
categorical,categorical,categorical,46,63,0.543659,0.845431,0.717300,3.2
categorical,categorical,categorical,46,64,0.499288,0.841560,0.776371,3.2
categorical,categorical,categorical,46,65,0.544309,0.837829,0.729958,3.2
categorical,categorical,categorical,46,66,0.479388,0.836591,0.780591,3.2
categorical,categorical,categorical,46,67,0.523722,0.840013,0.745781,3.2
categorical,categorical,categorical,46,68,0.523453,0.832167,0.743671,3.3
categorical,categorical,categorical,46,69,0.492551,0.833773,0.765823,3.2
categorical,categorical,categorical,46,70,0.497430,0.841603,0.771097,3.2
categorical,categorical,categorical,46,71,0.505750,0.828343,0.765823,3.2
categorical,categorical,categorical,46,72,0.532932,0.830584,0.736287,3.2
categorical,categorical,categorical,46,73,0.501882,0.836555,0.758439,3.2
categorical,categorical,categorical,46,74,0.474596,0.822795,0.780591,3.2
categorical,categorical,categorical,46,75,0.489413,0.820540,0.770042,3.2
categorical,categorical,categorical,46,76,0.493779,0.824933,0.759494,3.3
categorical,categorical,categorical,46,77,0.498184,0.818244,0.753165,3.2
categorical,categorical,categorical,46,78,0.489707,0.833369,0.775316,3.2
categorical,categorical,categorical,46,79,0.483856,0.822351,0.777426,3.3
categorical,categorical,categorical,46,80,0.476634,0.825771,0.765823,3.2
categorical,categorical,categorical,46,81,0.480600,0.820888,0.781646,3.2
categorical,categorical,categorical,46,82,0.474036,0.826459,0.777426,3.2
categorical,categorical,categorical,46,83,0.462745,0.818351,0.777426,3.2
categorical,categorical,categorical,46,84,0.462339,0.823089,0.796414,3.2
categorical,categorical,categorical,46,85,0.455541,0.818875,0.803797,3.2
categorical,categorical,categorical,46,86,0.508976,0.819815,0.758439,3.3
categorical,categorical,categorical,46,87,0.484608,0.837110,0.774262,3.2
categorical,categorical,categorical,46,88,0.477647,0.816202,0.771097,3.2
categorical,categorical,categorical,46,89,0.456433,0.813335,0.790084,3.3
categorical,categorical,categorical,46,90,0.449667,0.810272,0.805907,3.2
categorical,categorical,categorical,46,91,0.430756,0.810266,0.792194,3.2
categorical,categorical,categorical,46,92,0.456550,0.814127,0.798523,3.2
categorical,categorical,categorical,46,93,0.473577,0.818077,0.783755,3.2
categorical,categorical,categorical,46,94,0.457855,0.809833,0.803797,3.2
categorical,categorical,categorical,46,95,0.477780,0.813009,0.766878,3.2
categorical,categorical,categorical,46,96,0.468146,0.814405,0.786920,3.2
categorical,categorical,categorical,46,97,0.475211,0.808682,0.778481,3.2
categorical,categorical,categorical,46,98,0.445037,0.811588,0.787975,3.2
categorical,categorical,categorical,46,99,0.463477,0.804828,0.772152,3.2
categorical,categorical,categorical,46,100,0.472414,0.822250,0.794304,3.2
categorical,categorical,categorical,46,101,0.463167,0.816862,0.777426,3.2
categorical,categorical,categorical,46,102,0.437114,0.804034,0.811181,3.3
categorical,categorical,categorical,46,103,0.465535,0.801487,0.792194,3.2
categorical,categorical,categorical,46,104,0.459372,0.805184,0.778481,3.2
categorical,categorical,categorical,46,105,0.487495,0.813895,0.766878,3.2
categorical,categorical,categorical,46,106,0.444883,0.800821,0.789030,3.2
categorical,categorical,categorical,46,107,0.460501,0.805743,0.780591,3.2
categorical,categorical,categorical,46,108,0.445592,0.802789,0.785865,3.2
categorical,categorical,categorical,46,109,0.438000,0.797576,0.799578,3.2
categorical,categorical,categorical,46,110,0.457627,0.802171,0.780591,3.3
categorical,categorical,categorical,46,111,0.430409,0.797084,0.803797,3.3
categorical,categorical,categorical,46,112,0.440755,0.796314,0.799578,3.2
categorical,categorical,categorical,46,113,0.447338,0.796122,0.791139,3.2
categorical,categorical,categorical,46,114,0.424296,0.797339,0.815401,3.2
categorical,categorical,categorical,46,115,0.453586,0.794302,0.791139,3.2
categorical,categorical,categorical,46,116,0.453294,0.793589,0.800633,3.2
categorical,categorical,categorical,46,117,0.462236,0.793919,0.789030,3.2
categorical,categorical,categorical,46,118,0.449442,0.797093,0.797468,3.2
categorical,categorical,categorical,46,119,0.440139,0.801058,0.799578,3.2
categorical,categorical,categorical,46,120,0.431589,0.799029,0.801688,3.2
categorical,categorical,categorical,46,121,0.421808,0.797829,0.822785,3.2
categorical,categorical,categorical,46,122,0.449578,0.799524,0.791139,3.2
categorical,categorical,categorical,46,123,0.440864,0.800507,0.808017,3.2
categorical,categorical,categorical,46,124,0.459557,0.805407,0.793249,3.2
categorical,categorical,categorical,46,125,0.458095,0.798291,0.778481,3.2
categorical,categorical,categorical,46,126,0.432232,0.785868,0.801688,3.2
categorical,categorical,categorical,46,127,0.412024,0.789222,0.816456,3.2
categorical,categorical,categorical,46,128,0.440718,0.791817,0.796414,3.2
categorical,categorical,categorical,46,129,0.416123,0.788926,0.824895,3.2
categorical,categorical,categorical,46,130,0.427898,0.784596,0.806962,3.3
categorical,categorical,categorical,46,131,0.412305,0.787712,0.814346,3.2
categorical,categorical,categorical,46,132,0.403312,0.790738,0.824895,3.4
categorical,categorical,categorical,46,133,0.425227,0.787470,0.810127,3.2
categorical,categorical,categorical,46,134,0.415534,0.782865,0.814346,3.3
categorical,categorical,categorical,46,135,0.449886,0.787359,0.797468,3.2
categorical,categorical,categorical,46,136,0.410097,0.782790,0.820675,3.2
categorical,categorical,categorical,46,137,0.432297,0.790193,0.808017,3.2
categorical,categorical,categorical,46,138,0.448993,0.790055,0.795359,3.2
categorical,categorical,categorical,46,139,0.464588,0.792296,0.787975,3.2
categorical,categorical,categorical,46,140,0.397156,0.789758,0.821730,3.2
categorical,categorical,categorical,46,141,0.429427,0.777954,0.803797,3.2
categorical,categorical,categorical,46,142,0.422850,0.775132,0.821730,3.2
categorical,categorical,categorical,46,143,0.455396,0.789300,0.802743,3.2
categorical,categorical,categorical,46,144,0.407372,0.778112,0.830169,3.2
categorical,categorical,categorical,46,145,0.420638,0.790911,0.804852,3.2
categorical,categorical,categorical,46,146,0.440873,0.786706,0.816456,3.3
categorical,categorical,categorical,46,147,0.416192,0.784759,0.814346,3.3
categorical,categorical,categorical,46,148,0.416775,0.781354,0.824895,3.3
categorical,categorical,categorical,46,149,0.423850,0.782230,0.809072,3.2
categorical,categorical,categorical,46,150,0.399872,0.780310,0.822785,3.3
categorical,categorical,categorical,46,151,0.414430,0.775684,0.813291,3.2
categorical,categorical,categorical,46,152,0.414222,0.781042,0.812236,3.3
categorical,categorical,categorical,46,153,0.437064,0.775465,0.817511,3.2
categorical,categorical,categorical,46,154,0.426926,0.780927,0.815401,3.3
categorical,categorical,categorical,46,155,0.419518,0.787313,0.819620,3.3
categorical,categorical,categorical,46,156,0.396226,0.781632,0.834388,3.2
categorical,categorical,categorical,46,157,0.403034,0.774231,0.820675,3.2
categorical,categorical,categorical,46,158,0.414026,0.775860,0.834388,3.2
categorical,categorical,categorical,46,159,0.410811,0.782008,0.820675,3.3
categorical,categorical,categorical,46,160,0.414594,0.772501,0.825949,3.2
categorical,categorical,categorical,46,161,0.401919,0.766908,0.828059,3.2
categorical,categorical,categorical,46,162,0.405453,0.776950,0.819620,3.2
categorical,categorical,categorical,46,163,0.416752,0.768870,0.819620,3.2
categorical,categorical,categorical,46,164,0.385142,0.776593,0.836498,3.2
categorical,categorical,categorical,46,165,0.402242,0.782589,0.829114,3.2
categorical,categorical,categorical,46,166,0.387629,0.767662,0.830169,3.2
categorical,categorical,categorical,46,167,0.392912,0.771379,0.823840,3.2
categorical,categorical,categorical,46,168,0.392282,0.770713,0.837553,3.2
categorical,categorical,categorical,46,169,0.398852,0.766479,0.818565,3.2
categorical,categorical,categorical,46,170,0.388130,0.769074,0.835443,3.2
categorical,categorical,categorical,46,171,0.397159,0.761627,0.843882,3.2
categorical,categorical,categorical,46,172,0.378956,0.762941,0.839662,3.3
categorical,categorical,categorical,46,173,0.413376,0.778653,0.822785,3.2
categorical,categorical,categorical,46,174,0.385207,0.764316,0.842827,3.2
categorical,categorical,categorical,46,175,0.406679,0.763336,0.823840,3.3
categorical,categorical,categorical,46,176,0.392969,0.760916,0.834388,3.4
categorical,categorical,categorical,46,177,0.375892,0.769745,0.835443,3.2
categorical,categorical,categorical,46,178,0.406426,0.767506,0.819620,3.2
categorical,categorical,categorical,46,179,0.391756,0.768760,0.839662,3.2
categorical,categorical,categorical,46,180,0.385858,0.757661,0.832278,3.2
categorical,categorical,categorical,46,181,0.377126,0.756870,0.841772,3.2
categorical,categorical,categorical,46,182,0.377615,0.764791,0.839662,3.2
categorical,categorical,categorical,46,183,0.399611,0.772381,0.816456,3.2
categorical,categorical,categorical,46,184,0.406491,0.768071,0.825949,3.2
categorical,categorical,categorical,46,185,0.389846,0.764962,0.835443,3.2
categorical,categorical,categorical,46,186,0.383498,0.754076,0.844937,3.2
categorical,categorical,categorical,46,187,0.398024,0.759582,0.808017,3.2
categorical,categorical,categorical,46,188,0.389660,0.756151,0.825949,3.2
categorical,categorical,categorical,46,189,0.393426,0.763899,0.822785,3.2
categorical,categorical,categorical,46,190,0.396346,0.758181,0.824895,3.3
categorical,categorical,categorical,46,191,0.370328,0.756466,0.838608,3.2
categorical,categorical,categorical,46,192,0.392112,0.753328,0.849156,3.3
categorical,categorical,categorical,46,193,0.400346,0.756747,0.824895,3.3
categorical,categorical,categorical,46,194,0.388822,0.765877,0.842827,3.2
categorical,categorical,categorical,46,195,0.365211,0.750348,0.840717,3.3
categorical,categorical,categorical,46,196,0.397665,0.759683,0.811181,3.3
categorical,categorical,categorical,46,197,0.363438,0.750298,0.842827,3.2
categorical,categorical,categorical,46,198,0.400179,0.756341,0.833333,3.4
categorical,categorical,categorical,46,199,0.399174,0.749406,0.825949,3.3
categorical,categorical,categorical,46,200,0.373384,0.744802,0.837553,3.2
categorical,categorical,categorical,46,201,0.376570,0.745467,0.845992,3.2
categorical,categorical,categorical,46,202,0.363736,0.746965,0.851266,3.2
categorical,categorical,categorical,46,203,0.386279,0.760862,0.836498,3.2
categorical,categorical,categorical,46,204,0.375116,0.758707,0.842827,3.3
categorical,categorical,categorical,46,205,0.350886,0.747144,0.855485,3.2
categorical,categorical,categorical,46,206,0.363385,0.751913,0.835443,3.2
categorical,categorical,categorical,46,207,0.369304,0.750489,0.843882,3.2
categorical,categorical,categorical,46,208,0.366067,0.759134,0.838608,3.2
categorical,categorical,categorical,46,209,0.390810,0.751168,0.841772,3.3
categorical,categorical,categorical,46,210,0.355272,0.746184,0.853376,3.2
categorical,categorical,categorical,46,211,0.387999,0.756309,0.833333,3.2
categorical,categorical,categorical,46,212,0.392932,0.759340,0.825949,3.2
categorical,categorical,categorical,46,213,0.364668,0.742658,0.845992,3.2
categorical,categorical,categorical,46,214,0.381930,0.751585,0.836498,3.3
categorical,categorical,categorical,46,215,0.350701,0.753362,0.855485,3.2
categorical,categorical,categorical,46,216,0.387042,0.750332,0.833333,3.2
categorical,categorical,categorical,46,217,0.380890,0.741676,0.843882,3.1
categorical,categorical,categorical,46,218,0.384962,0.752155,0.848101,3.2
categorical,categorical,categorical,46,219,0.371149,0.747322,0.841772,3.3
categorical,categorical,categorical,46,220,0.382561,0.732738,0.840717,3.2
categorical,categorical,categorical,46,221,0.369863,0.738820,0.841772,3.2
categorical,categorical,categorical,46,222,0.375045,0.749780,0.841772,3.2
categorical,categorical,categorical,46,223,0.372477,0.740495,0.837553,3.2
categorical,categorical,categorical,46,224,0.376692,0.742183,0.835443,3.3
categorical,categorical,categorical,46,225,0.385235,0.747216,0.842827,3.2
categorical,categorical,categorical,46,226,0.357848,0.737986,0.854430,3.2
categorical,categorical,categorical,46,227,0.383401,0.741614,0.843882,3.2
categorical,categorical,categorical,46,228,0.359693,0.741007,0.842827,3.3
categorical,categorical,categorical,46,229,0.363961,0.740494,0.840717,3.2
categorical,categorical,categorical,46,230,0.357840,0.748095,0.840717,3.2
categorical,categorical,categorical,46,231,0.360763,0.740747,0.847046,3.2
categorical,categorical,categorical,46,232,0.369220,0.731694,0.840717,3.2
categorical,categorical,categorical,46,233,0.357642,0.737424,0.844937,3.2
categorical,categorical,categorical,46,234,0.337475,0.737437,0.861814,3.2
categorical,categorical,categorical,46,235,0.362372,0.738440,0.844937,3.2
categorical,categorical,categorical,46,236,0.339705,0.730590,0.852321,3.2
categorical,categorical,categorical,46,237,0.365949,0.732431,0.840717,3.2
categorical,categorical,categorical,46,238,0.348291,0.735564,0.851266,3.3
categorical,categorical,categorical,46,239,0.350180,0.731776,0.852321,3.2
categorical,categorical,categorical,46,240,0.341563,0.732284,0.854430,3.3
categorical,categorical,categorical,46,241,0.349259,0.734793,0.842827,3.2
categorical,categorical,categorical,46,242,0.369223,0.727923,0.841772,3.2
categorical,categorical,categorical,46,243,0.372238,0.740316,0.838608,3.2
categorical,categorical,categorical,46,244,0.377134,0.732198,0.836498,3.2
categorical,categorical,categorical,46,245,0.342192,0.727248,0.844937,3.2
categorical,categorical,categorical,46,246,0.342841,0.727422,0.847046,3.2
categorical,categorical,categorical,46,247,0.380438,0.749612,0.835443,3.2
categorical,categorical,categorical,46,248,0.353182,0.729835,0.850211,3.3
categorical,categorical,categorical,46,249,0.356032,0.739510,0.830169,3.2
categorical,categorical,categorical,46,250,0.364273,0.726119,0.853376,3.2
categorical,categorical,categorical,47,1,0.745422,1.178165,0.524763,3.2
categorical,categorical,categorical,47,2,0.658355,0.923876,0.591149,3.2
categorical,categorical,categorical,47,3,0.656300,0.919414,0.584826,3.2
categorical,categorical,categorical,47,4,0.655816,0.915721,0.557429,3.2
categorical,categorical,categorical,47,5,0.631595,0.914008,0.597471,3.2
categorical,categorical,categorical,47,6,0.639042,0.914630,0.602740,3.2
categorical,categorical,categorical,47,7,0.626874,0.914939,0.595364,3.2
categorical,categorical,categorical,47,8,0.614285,0.914198,0.640674,3.3
categorical,categorical,categorical,47,9,0.661263,0.914543,0.584826,3.2
categorical,categorical,categorical,47,10,0.633034,0.911767,0.590095,3.5
categorical,categorical,categorical,47,11,0.625638,0.908346,0.590095,3.2
categorical,categorical,categorical,47,12,0.650629,0.909868,0.572181,3.2
categorical,categorical,categorical,47,13,0.624973,0.907882,0.634352,3.2
categorical,categorical,categorical,47,14,0.611718,0.905598,0.630137,3.3
categorical,categorical,categorical,47,15,0.612278,0.911711,0.625922,3.3
categorical,categorical,categorical,47,16,0.628829,0.910505,0.614331,3.2
categorical,categorical,categorical,47,17,0.620754,0.909041,0.610116,3.3
categorical,categorical,categorical,47,18,0.634005,0.906353,0.608008,3.2
categorical,categorical,categorical,47,19,0.582488,0.906505,0.655427,3.2
categorical,categorical,categorical,47,20,0.596645,0.903741,0.645943,3.2
categorical,categorical,categorical,47,21,0.643454,0.900576,0.632244,3.3
categorical,categorical,categorical,47,22,0.636758,0.902501,0.583772,3.2
categorical,categorical,categorical,47,23,0.614098,0.908171,0.649104,3.2
categorical,categorical,categorical,47,24,0.621554,0.902482,0.600632,3.2
categorical,categorical,categorical,47,25,0.635279,0.899031,0.613277,3.2
categorical,categorical,categorical,47,26,0.590292,0.898624,0.640674,3.2
categorical,categorical,categorical,47,27,0.620747,0.905721,0.618546,3.2
categorical,categorical,categorical,47,28,0.623128,0.896797,0.617492,3.3
categorical,categorical,categorical,47,29,0.624451,0.897778,0.616438,3.2
categorical,categorical,categorical,47,30,0.611806,0.895337,0.631191,3.2
categorical,categorical,categorical,47,31,0.626107,0.893979,0.612223,3.3
categorical,categorical,categorical,47,32,0.606691,0.892933,0.642782,3.2
categorical,categorical,categorical,47,33,0.609289,0.896672,0.649104,3.2
categorical,categorical,categorical,47,34,0.600326,0.887995,0.665964,3.2
categorical,categorical,categorical,47,35,0.590418,0.888315,0.673340,3.2
categorical,categorical,categorical,47,36,0.584594,0.889651,0.689146,3.2
categorical,categorical,categorical,47,37,0.605851,0.886875,0.651212,3.2
categorical,categorical,categorical,47,38,0.602992,0.881195,0.656481,3.2
categorical,categorical,categorical,47,39,0.621493,0.882920,0.640674,3.2
categorical,categorical,categorical,47,40,0.575764,0.879461,0.687039,3.2
categorical,categorical,categorical,47,41,0.600785,0.884596,0.677555,3.2
categorical,categorical,categorical,47,42,0.599955,0.881270,0.660695,3.2
categorical,categorical,categorical,47,43,0.531868,0.867408,0.729189,3.2
categorical,categorical,categorical,47,44,0.597340,0.873818,0.659642,3.2
categorical,categorical,categorical,47,45,0.572515,0.873301,0.706006,3.2
categorical,categorical,categorical,47,46,0.563335,0.864882,0.715490,3.2
categorical,categorical,categorical,47,47,0.558810,0.866907,0.712329,3.2
categorical,categorical,categorical,47,48,0.543258,0.856691,0.717597,3.2
categorical,categorical,categorical,47,49,0.567046,0.859412,0.701791,3.2
categorical,categorical,categorical,47,50,0.540227,0.854059,0.717597,3.2
categorical,categorical,categorical,47,51,0.551763,0.869413,0.730242,3.2
categorical,categorical,categorical,47,52,0.525498,0.839436,0.744995,3.3
categorical,categorical,categorical,47,53,0.534581,0.852981,0.737619,3.2
categorical,categorical,categorical,47,54,0.548532,0.844433,0.726027,3.2
categorical,categorical,categorical,47,55,0.517943,0.841092,0.748156,3.3
categorical,categorical,categorical,47,56,0.521214,0.836742,0.753425,3.2
categorical,categorical,categorical,47,57,0.520950,0.833703,0.758693,3.2
categorical,categorical,categorical,47,58,0.542094,0.832959,0.736565,3.2
categorical,categorical,categorical,47,59,0.533540,0.840696,0.743941,3.3
categorical,categorical,categorical,47,60,0.510944,0.830710,0.768177,3.2
categorical,categorical,categorical,47,61,0.512769,0.833725,0.762908,3.2
categorical,categorical,categorical,47,62,0.495009,0.842272,0.797682,3.2
categorical,categorical,categorical,47,63,0.467626,0.819653,0.786091,3.3
categorical,categorical,categorical,47,64,0.502564,0.822230,0.771338,3.2
categorical,categorical,categorical,47,65,0.486366,0.814543,0.778714,3.2
categorical,categorical,categorical,47,66,0.500772,0.823605,0.772392,3.2
categorical,categorical,categorical,47,67,0.501930,0.812872,0.763962,3.3
categorical,categorical,categorical,47,68,0.511510,0.815268,0.761855,3.2
categorical,categorical,categorical,47,69,0.481281,0.811534,0.775553,3.2
categorical,categorical,categorical,47,70,0.483443,0.819723,0.791359,3.2
categorical,categorical,categorical,47,71,0.439264,0.807753,0.790306,3.2
categorical,categorical,categorical,47,72,0.484641,0.818737,0.773446,3.2
categorical,categorical,categorical,47,73,0.493741,0.803244,0.770285,3.2
categorical,categorical,categorical,47,74,0.498111,0.810843,0.777661,3.4
categorical,categorical,categorical,47,75,0.451122,0.797481,0.794521,3.2
categorical,categorical,categorical,47,76,0.467106,0.812817,0.791359,3.2
categorical,categorical,categorical,47,77,0.487490,0.810408,0.761855,3.3
categorical,categorical,categorical,47,78,0.470511,0.807333,0.793467,3.2
categorical,categorical,categorical,47,79,0.472671,0.805357,0.787144,3.2
categorical,categorical,categorical,47,80,0.452668,0.797609,0.797682,3.2
categorical,categorical,categorical,47,81,0.466400,0.802161,0.794521,3.2
categorical,categorical,categorical,47,82,0.485036,0.801065,0.780822,3.2
categorical,categorical,categorical,47,83,0.456250,0.795456,0.808219,3.2
categorical,categorical,categorical,47,84,0.440408,0.798914,0.810327,3.2
categorical,categorical,categorical,47,85,0.451438,0.799375,0.807165,3.2
categorical,categorical,categorical,47,86,0.442221,0.791064,0.809273,3.2
categorical,categorical,categorical,47,87,0.435858,0.790975,0.818757,3.3
categorical,categorical,categorical,47,88,0.479558,0.798636,0.793467,3.2
categorical,categorical,categorical,47,89,0.476374,0.789605,0.781876,3.2
categorical,categorical,categorical,47,90,0.463063,0.794011,0.794521,3.2
categorical,categorical,categorical,47,91,0.448119,0.794586,0.812434,3.2
categorical,categorical,categorical,47,92,0.459578,0.792794,0.799789,3.2
categorical,categorical,categorical,47,93,0.428949,0.789509,0.822972,3.2
categorical,categorical,categorical,47,94,0.455751,0.800386,0.791359,3.2
categorical,categorical,categorical,47,95,0.428820,0.784418,0.818757,3.3
categorical,categorical,categorical,47,96,0.424311,0.790330,0.814542,3.2
categorical,categorical,categorical,47,97,0.436360,0.793367,0.815595,3.2
categorical,categorical,categorical,47,98,0.446074,0.791719,0.802950,3.2
categorical,categorical,categorical,47,99,0.430521,0.792017,0.809273,3.2
categorical,categorical,categorical,47,100,0.426270,0.782465,0.818757,3.2
categorical,categorical,categorical,47,101,0.403414,0.787273,0.838778,3.2
categorical,categorical,categorical,47,102,0.425843,0.780301,0.822972,3.3
categorical,categorical,categorical,47,103,0.454584,0.790425,0.793467,3.3
categorical,categorical,categorical,47,104,0.406198,0.792368,0.830348,3.2
categorical,categorical,categorical,47,105,0.432881,0.792141,0.804004,3.3
categorical,categorical,categorical,47,106,0.427348,0.781134,0.814542,3.3
categorical,categorical,categorical,47,107,0.434336,0.788142,0.814542,3.2
categorical,categorical,categorical,47,108,0.421134,0.789478,0.831401,3.2
categorical,categorical,categorical,47,109,0.440196,0.784938,0.804004,3.2
categorical,categorical,categorical,47,110,0.417379,0.784739,0.814542,3.2
categorical,categorical,categorical,47,111,0.430941,0.787300,0.810327,3.2
categorical,categorical,categorical,47,112,0.418609,0.784821,0.813488,3.2
categorical,categorical,categorical,47,113,0.409853,0.778851,0.818757,3.2
categorical,categorical,categorical,47,114,0.414037,0.781800,0.832455,3.3
categorical,categorical,categorical,47,115,0.427357,0.780250,0.813488,3.3
categorical,categorical,categorical,47,116,0.429959,0.783245,0.815595,3.2
categorical,categorical,categorical,47,117,0.414611,0.778156,0.831401,3.5
categorical,categorical,categorical,47,118,0.417959,0.777451,0.819810,3.3
categorical,categorical,categorical,47,119,0.422864,0.776136,0.820864,3.2
categorical,categorical,categorical,47,120,0.428872,0.776698,0.812434,3.2
categorical,categorical,categorical,47,121,0.436838,0.790895,0.802950,3.3
categorical,categorical,categorical,47,122,0.406967,0.774139,0.828240,3.3
categorical,categorical,categorical,47,123,0.418368,0.790954,0.821918,3.2
categorical,categorical,categorical,47,124,0.403756,0.777019,0.819810,3.2
categorical,categorical,categorical,47,125,0.422112,0.773669,0.826133,3.2
categorical,categorical,categorical,47,126,0.387004,0.774496,0.834563,3.2
categorical,categorical,categorical,47,127,0.415015,0.769026,0.815595,3.3
categorical,categorical,categorical,47,128,0.390383,0.778877,0.835616,3.2
categorical,categorical,categorical,47,129,0.409586,0.778821,0.835616,3.2
categorical,categorical,categorical,47,130,0.412217,0.773094,0.818757,3.2
categorical,categorical,categorical,47,131,0.384767,0.767223,0.833509,3.2
categorical,categorical,categorical,47,132,0.373392,0.765528,0.838778,3.2
categorical,categorical,categorical,47,133,0.414580,0.779310,0.835616,3.2
categorical,categorical,categorical,47,134,0.392242,0.758467,0.830348,3.2
categorical,categorical,categorical,47,135,0.406550,0.779852,0.828240,3.2
categorical,categorical,categorical,47,136,0.389367,0.775410,0.834563,3.3
categorical,categorical,categorical,47,137,0.387066,0.772034,0.839831,3.3
categorical,categorical,categorical,47,138,0.387688,0.771133,0.832455,3.3
categorical,categorical,categorical,47,139,0.398996,0.767065,0.841939,3.2
categorical,categorical,categorical,47,140,0.374874,0.771175,0.842993,3.2
categorical,categorical,categorical,47,141,0.366091,0.761862,0.854584,3.2
categorical,categorical,categorical,47,142,0.414061,0.766418,0.825079,3.2
categorical,categorical,categorical,47,143,0.366835,0.764989,0.842993,3.2
categorical,categorical,categorical,47,144,0.396314,0.774694,0.840885,3.2
categorical,categorical,categorical,47,145,0.410599,0.772554,0.833509,3.2
categorical,categorical,categorical,47,146,0.383216,0.761496,0.849315,3.2
categorical,categorical,categorical,47,147,0.393518,0.770491,0.842993,3.2
categorical,categorical,categorical,47,148,0.369051,0.764993,0.847208,3.3
categorical,categorical,categorical,47,149,0.387230,0.757224,0.820864,3.2
categorical,categorical,categorical,47,150,0.403052,0.760976,0.834563,3.2
categorical,categorical,categorical,47,151,0.388682,0.765862,0.836670,3.3
categorical,categorical,categorical,47,152,0.384900,0.760762,0.839831,3.2
categorical,categorical,categorical,47,153,0.383884,0.759793,0.847208,3.2
categorical,categorical,categorical,47,154,0.378752,0.748675,0.841939,3.2
categorical,categorical,categorical,47,155,0.364917,0.757142,0.845100,3.2
categorical,categorical,categorical,47,156,0.383545,0.761877,0.836670,3.3
categorical,categorical,categorical,47,157,0.363600,0.758619,0.847208,3.2
categorical,categorical,categorical,47,158,0.375843,0.755804,0.851423,3.2
categorical,categorical,categorical,47,159,0.417466,0.762947,0.827187,3.3
categorical,categorical,categorical,47,160,0.376169,0.757071,0.852476,3.3
categorical,categorical,categorical,47,161,0.373095,0.752452,0.851423,3.2
categorical,categorical,categorical,47,162,0.377493,0.751907,0.846154,3.3
categorical,categorical,categorical,47,163,0.384098,0.750516,0.837724,3.2
categorical,categorical,categorical,47,164,0.380616,0.755794,0.837724,3.2
categorical,categorical,categorical,47,165,0.374604,0.758537,0.844046,3.2
categorical,categorical,categorical,47,166,0.394515,0.755273,0.845100,3.2
categorical,categorical,categorical,47,167,0.356160,0.750563,0.851423,3.2
categorical,categorical,categorical,47,168,0.376671,0.757958,0.828240,3.2
categorical,categorical,categorical,47,169,0.385029,0.755318,0.838778,3.2
categorical,categorical,categorical,47,170,0.382994,0.753274,0.849315,3.2
categorical,categorical,categorical,47,171,0.356201,0.742698,0.852476,3.2
categorical,categorical,categorical,47,172,0.361735,0.743550,0.858799,3.2
categorical,categorical,categorical,47,173,0.385751,0.747165,0.836670,3.2
categorical,categorical,categorical,47,174,0.367674,0.747027,0.847208,3.2
categorical,categorical,categorical,47,175,0.387838,0.738334,0.831401,3.2
categorical,categorical,categorical,47,176,0.377133,0.748606,0.832455,3.2
categorical,categorical,categorical,47,177,0.372378,0.743919,0.832455,3.2
categorical,categorical,categorical,47,178,0.380506,0.743157,0.847208,3.2
categorical,categorical,categorical,47,179,0.343032,0.739244,0.851423,3.2
categorical,categorical,categorical,47,180,0.359410,0.742754,0.837724,3.2
categorical,categorical,categorical,47,181,0.374207,0.744552,0.839831,3.4
categorical,categorical,categorical,47,182,0.370626,0.746602,0.847208,3.2
categorical,categorical,categorical,47,183,0.345364,0.749614,0.852476,3.2
categorical,categorical,categorical,47,184,0.375509,0.751643,0.838778,3.2
categorical,categorical,categorical,47,185,0.375294,0.740982,0.846154,3.2
categorical,categorical,categorical,47,186,0.353582,0.743095,0.848261,3.2
categorical,categorical,categorical,47,187,0.360502,0.736886,0.847208,3.2
categorical,categorical,categorical,47,188,0.363406,0.734050,0.850369,3.3
categorical,categorical,categorical,47,189,0.373019,0.745493,0.846154,3.2
categorical,categorical,categorical,47,190,0.353009,0.737511,0.845100,3.2
categorical,categorical,categorical,47,191,0.353530,0.739961,0.854584,3.2
categorical,categorical,categorical,47,192,0.349879,0.736625,0.857745,3.2
categorical,categorical,categorical,47,193,0.357472,0.748425,0.856691,3.2
categorical,categorical,categorical,47,194,0.364534,0.741429,0.848261,3.2
categorical,categorical,categorical,47,195,0.370037,0.733551,0.852476,3.2
categorical,categorical,categorical,47,196,0.358780,0.736456,0.851423,3.2
categorical,categorical,categorical,47,197,0.372258,0.734742,0.837724,3.2
categorical,categorical,categorical,47,198,0.340589,0.734386,0.852476,3.2
categorical,categorical,categorical,47,199,0.351226,0.729709,0.847208,3.2
categorical,categorical,categorical,47,200,0.362594,0.735638,0.851423,3.2
categorical,categorical,categorical,47,201,0.367050,0.741838,0.844046,3.2
categorical,categorical,categorical,47,202,0.367046,0.733173,0.856691,3.4
categorical,categorical,categorical,47,203,0.358325,0.738481,0.861960,3.2
categorical,categorical,categorical,47,204,0.371602,0.737150,0.848261,3.2
categorical,categorical,categorical,47,205,0.337973,0.740671,0.864067,3.2
categorical,categorical,categorical,47,206,0.334389,0.727724,0.859852,3.2
categorical,categorical,categorical,47,207,0.341985,0.732837,0.853530,3.2
categorical,categorical,categorical,47,208,0.336431,0.734522,0.865121,3.2
categorical,categorical,categorical,47,209,0.346939,0.726705,0.867229,3.2
categorical,categorical,categorical,47,210,0.348558,0.731416,0.855638,3.3
categorical,categorical,categorical,47,211,0.333858,0.726099,0.857745,3.2
categorical,categorical,categorical,47,212,0.358598,0.730287,0.858799,3.2
categorical,categorical,categorical,47,213,0.345510,0.729462,0.858799,3.2
categorical,categorical,categorical,47,214,0.313721,0.720090,0.874605,3.2
categorical,categorical,categorical,47,215,0.338011,0.732082,0.853530,3.2
categorical,categorical,categorical,47,216,0.322970,0.728258,0.879874,3.2
categorical,categorical,categorical,47,217,0.335241,0.730509,0.872497,3.2
categorical,categorical,categorical,47,218,0.353374,0.727834,0.853530,3.2
categorical,categorical,categorical,47,219,0.325229,0.722754,0.863014,3.2
categorical,categorical,categorical,47,220,0.325120,0.718061,0.866175,3.2
categorical,categorical,categorical,47,221,0.334632,0.727056,0.865121,3.2
categorical,categorical,categorical,47,222,0.330154,0.734386,0.856691,3.3
categorical,categorical,categorical,47,223,0.327181,0.731327,0.867229,3.2
categorical,categorical,categorical,47,224,0.333921,0.723510,0.864067,3.3
categorical,categorical,categorical,47,225,0.342103,0.723861,0.863014,3.3
categorical,categorical,categorical,47,226,0.357143,0.727599,0.855638,3.2
categorical,categorical,categorical,47,227,0.324664,0.720598,0.852476,3.2
categorical,categorical,categorical,47,228,0.318280,0.728109,0.875659,3.2
categorical,categorical,categorical,47,229,0.333769,0.716227,0.859852,3.2
categorical,categorical,categorical,47,230,0.355523,0.727704,0.844046,3.2
categorical,categorical,categorical,47,231,0.329344,0.720248,0.857745,3.3
categorical,categorical,categorical,47,232,0.334766,0.716238,0.856691,3.2
categorical,categorical,categorical,47,233,0.343593,0.719848,0.857745,3.2
categorical,categorical,categorical,47,234,0.323657,0.719246,0.872497,3.3
categorical,categorical,categorical,47,235,0.320644,0.719618,0.870390,3.2
categorical,categorical,categorical,47,236,0.336441,0.714208,0.885142,3.2
categorical,categorical,categorical,47,237,0.325658,0.717506,0.863014,3.2
categorical,categorical,categorical,47,238,0.325493,0.718952,0.861960,3.2
categorical,categorical,categorical,47,239,0.349464,0.718978,0.849315,3.2
categorical,categorical,categorical,47,240,0.332138,0.712753,0.859852,3.2
categorical,categorical,categorical,47,241,0.328470,0.722613,0.858799,3.2
categorical,categorical,categorical,47,242,0.319137,0.713808,0.863014,3.2
categorical,categorical,categorical,47,243,0.314962,0.708934,0.858799,3.2
categorical,categorical,categorical,47,244,0.334198,0.714643,0.872497,3.2
categorical,categorical,categorical,47,245,0.351741,0.723645,0.866175,3.2
categorical,categorical,categorical,47,246,0.312692,0.709564,0.864067,3.4
categorical,categorical,categorical,47,247,0.325525,0.717528,0.860906,3.2
categorical,categorical,categorical,47,248,0.318901,0.710722,0.861960,3.3
categorical,categorical,categorical,47,249,0.314800,0.711963,0.863014,3.2
categorical,categorical,categorical,47,250,0.319768,0.712701,0.868282,3.2
categorical,categorical,categorical,48,1,0.682055,1.217106,0.562366,3.2
categorical,categorical,categorical,48,2,0.662637,0.933047,0.567742,3.2
categorical,categorical,categorical,48,3,0.633633,0.927329,0.593548,3.1
categorical,categorical,categorical,48,4,0.662407,0.923684,0.587097,3.2
categorical,categorical,categorical,48,5,0.629965,0.919046,0.588172,3.2
categorical,categorical,categorical,48,6,0.622985,0.917548,0.627957,3.2
categorical,categorical,categorical,48,7,0.659457,0.923168,0.570968,3.1
categorical,categorical,categorical,48,8,0.633381,0.916952,0.618280,3.3
categorical,categorical,categorical,48,9,0.625445,0.924461,0.609677,3.3
categorical,categorical,categorical,48,10,0.615279,0.917224,0.623656,3.3
categorical,categorical,categorical,48,11,0.623801,0.923400,0.602151,3.1
categorical,categorical,categorical,48,12,0.619420,0.913416,0.634409,3.1
categorical,categorical,categorical,48,13,0.606727,0.915700,0.646237,3.1
categorical,categorical,categorical,48,14,0.624756,0.910714,0.631183,3.2
categorical,categorical,categorical,48,15,0.631688,0.915853,0.594624,3.2
categorical,categorical,categorical,48,16,0.615800,0.914874,0.611828,3.2
categorical,categorical,categorical,48,17,0.644602,0.912294,0.591398,3.2
categorical,categorical,categorical,48,18,0.590370,0.910133,0.663441,3.1
categorical,categorical,categorical,48,19,0.625476,0.916378,0.640860,3.1
categorical,categorical,categorical,48,20,0.628942,0.914617,0.621505,3.1
categorical,categorical,categorical,48,21,0.646385,0.908409,0.593548,3.2
categorical,categorical,categorical,48,22,0.614280,0.904877,0.652688,3.1
categorical,categorical,categorical,48,23,0.617054,0.913873,0.626882,3.1
categorical,categorical,categorical,48,24,0.643436,0.916326,0.582796,3.2
categorical,categorical,categorical,48,25,0.597309,0.908890,0.641935,3.1
categorical,categorical,categorical,48,26,0.636756,0.909651,0.632258,3.1
categorical,categorical,categorical,48,27,0.619269,0.913789,0.636559,3.2
categorical,categorical,categorical,48,28,0.612126,0.905871,0.631183,3.1
categorical,categorical,categorical,48,29,0.638347,0.908789,0.580645,3.1
categorical,categorical,categorical,48,30,0.630004,0.910256,0.618280,3.1
categorical,categorical,categorical,48,31,0.609835,0.898589,0.656989,3.2
categorical,categorical,categorical,48,32,0.593797,0.901941,0.646237,3.1
categorical,categorical,categorical,48,33,0.632621,0.904200,0.612903,3.1
categorical,categorical,categorical,48,34,0.625682,0.904028,0.654839,3.1
categorical,categorical,categorical,48,35,0.594469,0.902820,0.649462,3.1
categorical,categorical,categorical,48,36,0.578224,0.899894,0.662366,3.1
categorical,categorical,categorical,48,37,0.627228,0.898093,0.622581,3.1
categorical,categorical,categorical,48,38,0.595101,0.900703,0.655914,3.3
categorical,categorical,categorical,48,39,0.628377,0.900593,0.623656,3.1
categorical,categorical,categorical,48,40,0.592107,0.896519,0.669892,3.2
categorical,categorical,categorical,48,41,0.599690,0.888733,0.652688,3.1
categorical,categorical,categorical,48,42,0.595247,0.889102,0.647312,3.1
categorical,categorical,categorical,48,43,0.619263,0.892136,0.659140,3.1
categorical,categorical,categorical,48,44,0.601009,0.889906,0.663441,3.1
categorical,categorical,categorical,48,45,0.604825,0.888304,0.639785,3.1
categorical,categorical,categorical,48,46,0.615690,0.888889,0.641935,3.2
categorical,categorical,categorical,48,47,0.604226,0.887739,0.660215,3.1
categorical,categorical,categorical,48,48,0.590481,0.889119,0.674194,3.2
categorical,categorical,categorical,48,49,0.569094,0.889861,0.676344,3.2
categorical,categorical,categorical,48,50,0.570940,0.878065,0.676344,3.1
categorical,categorical,categorical,48,51,0.584991,0.874503,0.684946,3.2
categorical,categorical,categorical,48,52,0.617078,0.884574,0.680645,3.1
categorical,categorical,categorical,48,53,0.575666,0.867394,0.702151,3.2
categorical,categorical,categorical,48,54,0.567482,0.870651,0.704301,3.1
categorical,categorical,categorical,48,55,0.587306,0.878521,0.690323,3.1
categorical,categorical,categorical,48,56,0.561805,0.871212,0.707527,3.1
categorical,categorical,categorical,48,57,0.540644,0.868877,0.726882,3.1
categorical,categorical,categorical,48,58,0.569226,0.876288,0.704301,3.1
categorical,categorical,categorical,48,59,0.544884,0.857833,0.705376,3.2
categorical,categorical,categorical,48,60,0.546656,0.848205,0.719355,3.2
categorical,categorical,categorical,48,61,0.517235,0.875470,0.731183,3.1
categorical,categorical,categorical,48,62,0.579471,0.857248,0.702151,3.3
categorical,categorical,categorical,48,63,0.540940,0.848744,0.738710,3.1
categorical,categorical,categorical,48,64,0.534524,0.847874,0.749462,3.1
categorical,categorical,categorical,48,65,0.512904,0.850892,0.760215,3.3
categorical,categorical,categorical,48,66,0.541599,0.842855,0.720430,3.2
categorical,categorical,categorical,48,67,0.535022,0.843143,0.731183,3.1
categorical,categorical,categorical,48,68,0.539932,0.852769,0.731183,3.2
categorical,categorical,categorical,48,69,0.532355,0.841131,0.729032,3.2
categorical,categorical,categorical,48,70,0.552959,0.846294,0.731183,3.1
categorical,categorical,categorical,48,71,0.510574,0.824801,0.751613,3.2
categorical,categorical,categorical,48,72,0.523969,0.844054,0.746237,3.2
categorical,categorical,categorical,48,73,0.526173,0.827549,0.734409,3.2
categorical,categorical,categorical,48,74,0.527339,0.836496,0.745161,3.1
categorical,categorical,categorical,48,75,0.509213,0.823874,0.763441,3.1
categorical,categorical,categorical,48,76,0.521811,0.833613,0.746237,3.2
categorical,categorical,categorical,48,77,0.508318,0.823938,0.755914,3.2
categorical,categorical,categorical,48,78,0.514142,0.834533,0.753763,3.1
categorical,categorical,categorical,48,79,0.498054,0.827278,0.770968,3.2
categorical,categorical,categorical,48,80,0.506972,0.824880,0.756989,3.1
categorical,categorical,categorical,48,81,0.537958,0.828127,0.751613,3.3
categorical,categorical,categorical,48,82,0.497266,0.823477,0.768817,3.2
categorical,categorical,categorical,48,83,0.489385,0.819631,0.772043,3.2
categorical,categorical,categorical,48,84,0.504927,0.824299,0.770968,3.1
categorical,categorical,categorical,48,85,0.508731,0.817366,0.762366,3.3
categorical,categorical,categorical,48,86,0.508560,0.819378,0.748387,3.2
categorical,categorical,categorical,48,87,0.502028,0.813434,0.768817,3.1
categorical,categorical,categorical,48,88,0.490067,0.819446,0.780645,3.1
categorical,categorical,categorical,48,89,0.478777,0.825872,0.787097,3.2
categorical,categorical,categorical,48,90,0.519838,0.818647,0.743011,3.2
categorical,categorical,categorical,48,91,0.483993,0.809949,0.760215,3.1
categorical,categorical,categorical,48,92,0.502858,0.821668,0.763441,3.1
categorical,categorical,categorical,48,93,0.488252,0.819745,0.759140,3.1
categorical,categorical,categorical,48,94,0.488182,0.810874,0.760215,3.1
categorical,categorical,categorical,48,95,0.507274,0.820680,0.765591,3.1
categorical,categorical,categorical,48,96,0.462916,0.799052,0.796774,3.1
categorical,categorical,categorical,48,97,0.453961,0.803666,0.786022,3.1
categorical,categorical,categorical,48,98,0.477890,0.813881,0.786022,3.3
categorical,categorical,categorical,48,99,0.466507,0.816214,0.779570,3.2
categorical,categorical,categorical,48,100,0.460145,0.802014,0.791398,3.2
categorical,categorical,categorical,48,101,0.460956,0.805683,0.793548,3.1
categorical,categorical,categorical,48,102,0.478972,0.799698,0.778495,3.1
categorical,categorical,categorical,48,103,0.481947,0.813880,0.780645,3.3
categorical,categorical,categorical,48,104,0.495153,0.806622,0.772043,3.2
categorical,categorical,categorical,48,105,0.469990,0.811604,0.775269,3.2
categorical,categorical,categorical,48,106,0.473967,0.800897,0.801075,3.1
categorical,categorical,categorical,48,107,0.468351,0.798303,0.787097,3.2
categorical,categorical,categorical,48,108,0.473628,0.802296,0.788172,3.1
categorical,categorical,categorical,48,109,0.473137,0.805826,0.781720,3.3
categorical,categorical,categorical,48,110,0.428997,0.805684,0.809677,3.1
categorical,categorical,categorical,48,111,0.446316,0.805591,0.794624,3.2
categorical,categorical,categorical,48,112,0.490674,0.806048,0.789247,3.2
categorical,categorical,categorical,48,113,0.461530,0.801782,0.783871,3.2
categorical,categorical,categorical,48,114,0.453420,0.798562,0.794624,3.1
categorical,categorical,categorical,48,115,0.444343,0.795088,0.801075,3.2
categorical,categorical,categorical,48,116,0.480316,0.798183,0.787097,3.1
categorical,categorical,categorical,48,117,0.453605,0.801710,0.801075,3.1
categorical,categorical,categorical,48,118,0.424549,0.796198,0.803226,3.1
categorical,categorical,categorical,48,119,0.434378,0.793053,0.808602,3.1
categorical,categorical,categorical,48,120,0.465358,0.795370,0.798925,3.2
categorical,categorical,categorical,48,121,0.496466,0.814318,0.766667,3.1
categorical,categorical,categorical,48,122,0.450547,0.795983,0.800000,3.1
categorical,categorical,categorical,48,123,0.469658,0.787065,0.780645,3.1
categorical,categorical,categorical,48,124,0.434465,0.793658,0.816129,3.2
categorical,categorical,categorical,48,125,0.440412,0.795167,0.809677,3.5
categorical,categorical,categorical,48,126,0.480646,0.804807,0.786022,3.1
categorical,categorical,categorical,48,127,0.432215,0.793176,0.805376,3.2
categorical,categorical,categorical,48,128,0.432617,0.796041,0.804301,3.2
categorical,categorical,categorical,48,129,0.451969,0.799129,0.795699,3.1
categorical,categorical,categorical,48,130,0.444933,0.800570,0.806452,3.2
categorical,categorical,categorical,48,131,0.453445,0.798106,0.795699,3.1
categorical,categorical,categorical,48,132,0.457640,0.794603,0.801075,3.1
categorical,categorical,categorical,48,133,0.443506,0.787778,0.805376,3.2
categorical,categorical,categorical,48,134,0.457149,0.791793,0.804301,3.1
categorical,categorical,categorical,48,135,0.425916,0.790013,0.824731,3.1
categorical,categorical,categorical,48,136,0.436690,0.788361,0.805376,3.2
categorical,categorical,categorical,48,137,0.444015,0.793935,0.804301,3.1
categorical,categorical,categorical,48,138,0.440794,0.794892,0.813978,3.1
categorical,categorical,categorical,48,139,0.419419,0.791967,0.820430,3.1
categorical,categorical,categorical,48,140,0.418369,0.788177,0.819355,3.1
categorical,categorical,categorical,48,141,0.424872,0.787712,0.815054,3.2
categorical,categorical,categorical,48,142,0.430403,0.786685,0.809677,3.2
categorical,categorical,categorical,48,143,0.426816,0.788007,0.817204,3.1
categorical,categorical,categorical,48,144,0.433971,0.785990,0.818280,3.2
categorical,categorical,categorical,48,145,0.428283,0.793287,0.806452,3.1
categorical,categorical,categorical,48,146,0.428950,0.783404,0.826882,3.3
categorical,categorical,categorical,48,147,0.431511,0.784125,0.820430,3.1
categorical,categorical,categorical,48,148,0.427377,0.786465,0.792473,3.1
categorical,categorical,categorical,48,149,0.419159,0.782241,0.827957,3.1
categorical,categorical,categorical,48,150,0.428800,0.779851,0.823656,3.2
categorical,categorical,categorical,48,151,0.412505,0.784138,0.831183,3.1
categorical,categorical,categorical,48,152,0.425389,0.781586,0.822581,3.1
categorical,categorical,categorical,48,153,0.401612,0.783510,0.827957,3.1
categorical,categorical,categorical,48,154,0.444910,0.784797,0.817204,3.2
categorical,categorical,categorical,48,155,0.417627,0.781145,0.812903,3.2
categorical,categorical,categorical,48,156,0.382291,0.780376,0.843011,3.1
categorical,categorical,categorical,48,157,0.415236,0.788164,0.826882,3.1
categorical,categorical,categorical,48,158,0.405646,0.782562,0.822581,3.1
categorical,categorical,categorical,48,159,0.410405,0.778358,0.808602,3.2
categorical,categorical,categorical,48,160,0.401552,0.774736,0.832258,3.2
categorical,categorical,categorical,48,161,0.398705,0.777466,0.827957,3.2
categorical,categorical,categorical,48,162,0.425112,0.785392,0.813978,3.1
categorical,categorical,categorical,48,163,0.404584,0.776374,0.835484,3.1
categorical,categorical,categorical,48,164,0.440618,0.778720,0.810753,3.2
categorical,categorical,categorical,48,165,0.397144,0.771575,0.832258,3.1
categorical,categorical,categorical,48,166,0.418166,0.788334,0.818280,3.1
categorical,categorical,categorical,48,167,0.394160,0.776339,0.831183,3.1
categorical,categorical,categorical,48,168,0.386818,0.769743,0.830108,3.2
categorical,categorical,categorical,48,169,0.401928,0.770333,0.830108,3.2
categorical,categorical,categorical,48,170,0.380035,0.768762,0.843011,3.2
categorical,categorical,categorical,48,171,0.429173,0.774561,0.818280,3.1
categorical,categorical,categorical,48,172,0.377622,0.773470,0.850538,3.3
categorical,categorical,categorical,48,173,0.406232,0.767257,0.832258,3.1
categorical,categorical,categorical,48,174,0.383485,0.771542,0.837634,3.1
categorical,categorical,categorical,48,175,0.396152,0.786575,0.840860,3.2
categorical,categorical,categorical,48,176,0.386957,0.775000,0.838710,3.2
categorical,categorical,categorical,48,177,0.371726,0.773771,0.829032,3.1
categorical,categorical,categorical,48,178,0.404335,0.767778,0.831183,3.2
categorical,categorical,categorical,48,179,0.376097,0.773631,0.851613,3.2
categorical,categorical,categorical,48,180,0.392508,0.772719,0.833333,3.2
categorical,categorical,categorical,48,181,0.383306,0.758105,0.846237,3.1
categorical,categorical,categorical,48,182,0.409121,0.767795,0.821505,3.1
categorical,categorical,categorical,48,183,0.399541,0.772712,0.825806,3.2
categorical,categorical,categorical,48,184,0.385002,0.774602,0.834409,3.2
categorical,categorical,categorical,48,185,0.379238,0.765312,0.832258,3.1
categorical,categorical,categorical,48,186,0.386284,0.759826,0.834409,3.1
categorical,categorical,categorical,48,187,0.377338,0.761506,0.837634,3.1
categorical,categorical,categorical,48,188,0.384807,0.758460,0.838710,3.1
categorical,categorical,categorical,48,189,0.382241,0.763407,0.837634,3.1
categorical,categorical,categorical,48,190,0.384757,0.751124,0.840860,3.2
categorical,categorical,categorical,48,191,0.376139,0.756648,0.854839,3.1
categorical,categorical,categorical,48,192,0.378965,0.760680,0.840860,3.1
categorical,categorical,categorical,48,193,0.391778,0.772191,0.848387,3.2
categorical,categorical,categorical,48,194,0.392019,0.753918,0.830108,3.3
categorical,categorical,categorical,48,195,0.394616,0.752364,0.839785,3.1
categorical,categorical,categorical,48,196,0.381466,0.765404,0.838710,3.1
categorical,categorical,categorical,48,197,0.366442,0.755423,0.849462,3.1
categorical,categorical,categorical,48,198,0.365902,0.757613,0.843011,3.1
categorical,categorical,categorical,48,199,0.371085,0.762103,0.839785,3.1
categorical,categorical,categorical,48,200,0.365250,0.757344,0.840860,3.2
categorical,categorical,categorical,48,201,0.385144,0.753948,0.839785,3.2
categorical,categorical,categorical,48,202,0.370135,0.751999,0.851613,3.1
categorical,categorical,categorical,48,203,0.365608,0.753856,0.850538,3.2
categorical,categorical,categorical,48,204,0.387137,0.748982,0.822581,3.1
categorical,categorical,categorical,48,205,0.387880,0.761372,0.824731,3.2
categorical,categorical,categorical,48,206,0.382109,0.751519,0.841935,3.1
categorical,categorical,categorical,48,207,0.371169,0.754120,0.832258,3.1
categorical,categorical,categorical,48,208,0.374209,0.756722,0.848387,3.2
categorical,categorical,categorical,48,209,0.364873,0.747895,0.841935,3.1
categorical,categorical,categorical,48,210,0.359768,0.757389,0.848387,3.2
categorical,categorical,categorical,48,211,0.357929,0.754491,0.851613,3.1
categorical,categorical,categorical,48,212,0.395095,0.754069,0.830108,3.2
categorical,categorical,categorical,48,213,0.366386,0.747710,0.840860,3.2
categorical,categorical,categorical,48,214,0.378260,0.762580,0.851613,3.2
categorical,categorical,categorical,48,215,0.368528,0.750841,0.843011,3.2
categorical,categorical,categorical,48,216,0.368834,0.748502,0.837634,3.1
categorical,categorical,categorical,48,217,0.368697,0.748351,0.837634,3.2
categorical,categorical,categorical,48,218,0.357032,0.747178,0.861290,3.2
categorical,categorical,categorical,48,219,0.373849,0.750049,0.837634,3.2
categorical,categorical,categorical,48,220,0.388093,0.743478,0.834409,3.2
categorical,categorical,categorical,48,221,0.351836,0.743493,0.856989,3.1
categorical,categorical,categorical,48,222,0.359559,0.747326,0.850538,3.1
categorical,categorical,categorical,48,223,0.346854,0.744549,0.851613,3.1
categorical,categorical,categorical,48,224,0.372818,0.748140,0.844086,3.1
categorical,categorical,categorical,48,225,0.356294,0.744091,0.847312,3.1
categorical,categorical,categorical,48,226,0.353371,0.750215,0.852688,3.2
categorical,categorical,categorical,48,227,0.381639,0.743986,0.836559,3.1
categorical,categorical,categorical,48,228,0.358089,0.744369,0.849462,3.2
categorical,categorical,categorical,48,229,0.370438,0.750565,0.848387,3.1
categorical,categorical,categorical,48,230,0.349137,0.743637,0.852688,3.2
categorical,categorical,categorical,48,231,0.345978,0.748520,0.840860,3.2
categorical,categorical,categorical,48,232,0.353470,0.740343,0.859140,3.1
categorical,categorical,categorical,48,233,0.341457,0.749370,0.856989,3.1
categorical,categorical,categorical,48,234,0.357883,0.738530,0.835484,3.3
categorical,categorical,categorical,48,235,0.376744,0.751142,0.836559,3.3
categorical,categorical,categorical,48,236,0.353339,0.739466,0.855914,3.3
categorical,categorical,categorical,48,237,0.331315,0.739496,0.851613,3.2
categorical,categorical,categorical,48,238,0.363421,0.738310,0.843011,3.2
categorical,categorical,categorical,48,239,0.350872,0.738950,0.850538,3.1
categorical,categorical,categorical,48,240,0.358583,0.743639,0.844086,3.1
categorical,categorical,categorical,48,241,0.363319,0.744313,0.840860,3.1
categorical,categorical,categorical,48,242,0.345781,0.737439,0.847312,3.1
categorical,categorical,categorical,48,243,0.347054,0.738255,0.860215,3.2
categorical,categorical,categorical,48,244,0.360494,0.743008,0.843011,3.1
categorical,categorical,categorical,48,245,0.343072,0.744333,0.858065,3.1
categorical,categorical,categorical,48,246,0.347786,0.741149,0.848387,3.2
categorical,categorical,categorical,48,247,0.369256,0.738092,0.848387,3.1
categorical,categorical,categorical,48,248,0.370029,0.735252,0.841935,3.2
categorical,categorical,categorical,48,249,0.347722,0.739991,0.856989,3.1
categorical,categorical,categorical,48,250,0.352608,0.738313,0.843011,3.2
categorical,categorical,categorical,49,1,0.764636,1.227186,0.594310,3.2
categorical,categorical,categorical,49,2,0.656529,0.931479,0.590095,3.2
categorical,categorical,categorical,49,3,0.615034,0.926020,0.613277,3.3
categorical,categorical,categorical,49,4,0.634049,0.925377,0.616438,3.2
categorical,categorical,categorical,49,5,0.647536,0.922694,0.597471,3.2
categorical,categorical,categorical,49,6,0.630070,0.922273,0.613277,3.2
categorical,categorical,categorical,49,7,0.630713,0.921080,0.619600,3.2
categorical,categorical,categorical,49,8,0.594594,0.924525,0.646997,3.3
categorical,categorical,categorical,49,9,0.660870,0.923920,0.587987,3.2
categorical,categorical,categorical,49,10,0.636635,0.925904,0.599579,3.2
categorical,categorical,categorical,49,11,0.581936,0.916164,0.635406,3.2
categorical,categorical,categorical,49,12,0.652562,0.917835,0.598525,3.2
categorical,categorical,categorical,49,13,0.613706,0.920787,0.622761,3.2
categorical,categorical,categorical,49,14,0.587632,0.915304,0.664910,3.3
categorical,categorical,categorical,49,15,0.620646,0.916098,0.629083,3.2
categorical,categorical,categorical,49,16,0.602833,0.918062,0.613277,3.2
categorical,categorical,categorical,49,17,0.612231,0.914378,0.622761,3.3
categorical,categorical,categorical,49,18,0.597133,0.923555,0.638567,3.2
categorical,categorical,categorical,49,19,0.635137,0.914055,0.626976,3.2
categorical,categorical,categorical,49,20,0.627686,0.910377,0.632244,3.3
categorical,categorical,categorical,49,21,0.619251,0.916853,0.620653,3.3
categorical,categorical,categorical,49,22,0.622975,0.913377,0.634352,3.3
categorical,categorical,categorical,49,23,0.586963,0.912483,0.655427,3.2
categorical,categorical,categorical,49,24,0.589666,0.917456,0.648051,3.3
categorical,categorical,categorical,49,25,0.605710,0.908436,0.636459,3.2
categorical,categorical,categorical,49,26,0.571451,0.914352,0.673340,3.2
categorical,categorical,categorical,49,27,0.619771,0.913390,0.638567,3.3
categorical,categorical,categorical,49,28,0.572645,0.908131,0.667018,3.2
categorical,categorical,categorical,49,29,0.622252,0.907231,0.621707,3.2
categorical,categorical,categorical,49,30,0.600402,0.906490,0.653319,3.2
categorical,categorical,categorical,49,31,0.633737,0.911572,0.621707,3.2
categorical,categorical,categorical,49,32,0.593342,0.908220,0.674394,3.2
categorical,categorical,categorical,49,33,0.576027,0.906680,0.675448,3.2
categorical,categorical,categorical,49,34,0.611568,0.907494,0.643836,3.2
categorical,categorical,categorical,49,35,0.600081,0.903365,0.639621,3.2
categorical,categorical,categorical,49,36,0.610190,0.902255,0.644889,3.2
categorical,categorical,categorical,49,37,0.586790,0.903699,0.660695,3.2
categorical,categorical,categorical,49,38,0.604389,0.903450,0.656481,3.2
categorical,categorical,categorical,49,39,0.599492,0.899132,0.655427,3.2
categorical,categorical,categorical,49,40,0.569326,0.898041,0.698630,3.3
categorical,categorical,categorical,49,41,0.578905,0.909471,0.661749,3.2
categorical,categorical,categorical,49,42,0.584285,0.894491,0.670179,3.2
categorical,categorical,categorical,49,43,0.618352,0.891603,0.646997,3.2
categorical,categorical,categorical,49,44,0.611348,0.889037,0.652266,3.2
categorical,categorical,categorical,49,45,0.605691,0.894282,0.651212,3.3
categorical,categorical,categorical,49,46,0.587186,0.891767,0.658588,3.3
categorical,categorical,categorical,49,47,0.620133,0.888152,0.653319,3.2
categorical,categorical,categorical,49,48,0.557859,0.879626,0.697576,3.3
categorical,categorical,categorical,49,49,0.575347,0.879991,0.700738,3.3
categorical,categorical,categorical,49,50,0.564341,0.868857,0.700738,3.2
categorical,categorical,categorical,49,51,0.537432,0.875302,0.738672,3.2
categorical,categorical,categorical,49,52,0.587984,0.875793,0.685985,3.2
categorical,categorical,categorical,49,53,0.573210,0.870743,0.711275,3.2
categorical,categorical,categorical,49,54,0.557798,0.865545,0.697576,3.3
categorical,categorical,categorical,49,55,0.555004,0.864568,0.728135,3.2
categorical,categorical,categorical,49,56,0.542676,0.861043,0.720759,3.2
categorical,categorical,categorical,49,57,0.547520,0.856899,0.719705,3.2
categorical,categorical,categorical,49,58,0.541433,0.859510,0.711275,3.2
categorical,categorical,categorical,49,59,0.535719,0.855215,0.724974,3.2
categorical,categorical,categorical,49,60,0.505228,0.854990,0.759747,3.2
categorical,categorical,categorical,49,61,0.544735,0.857074,0.729189,3.2
categorical,categorical,categorical,49,62,0.508681,0.847432,0.751317,3.2
categorical,categorical,categorical,49,63,0.517838,0.851990,0.743941,3.2
categorical,categorical,categorical,49,64,0.527234,0.840497,0.734457,3.2
categorical,categorical,categorical,49,65,0.487531,0.838058,0.760801,3.2
categorical,categorical,categorical,49,66,0.521507,0.842467,0.737619,3.2
categorical,categorical,categorical,49,67,0.516946,0.837047,0.747102,3.4
categorical,categorical,categorical,49,68,0.522026,0.833657,0.742887,3.2
categorical,categorical,categorical,49,69,0.500385,0.833742,0.760801,3.2
categorical,categorical,categorical,49,70,0.496381,0.838798,0.752371,3.2
categorical,categorical,categorical,49,71,0.500247,0.834163,0.765016,3.2
categorical,categorical,categorical,49,72,0.472640,0.831181,0.780822,3.2
categorical,categorical,categorical,49,73,0.515505,0.835747,0.741834,3.2
categorical,categorical,categorical,49,74,0.516722,0.835216,0.754478,3.2
categorical,categorical,categorical,49,75,0.505229,0.825787,0.757640,3.2
categorical,categorical,categorical,49,76,0.526202,0.839855,0.742887,3.2
categorical,categorical,categorical,49,77,0.507801,0.834884,0.754478,3.1
categorical,categorical,categorical,49,78,0.508557,0.833592,0.759747,3.2
categorical,categorical,categorical,49,79,0.493054,0.827473,0.774499,3.2
categorical,categorical,categorical,49,80,0.487047,0.834122,0.776607,3.3
categorical,categorical,categorical,49,81,0.459352,0.821226,0.789252,3.2
categorical,categorical,categorical,49,82,0.499954,0.820683,0.766070,3.2
categorical,categorical,categorical,49,83,0.482209,0.815841,0.768177,3.2
categorical,categorical,categorical,49,84,0.500168,0.817695,0.752371,3.3
categorical,categorical,categorical,49,85,0.481502,0.820752,0.772392,3.2
categorical,categorical,categorical,49,86,0.492160,0.822490,0.770285,3.2
categorical,categorical,categorical,49,87,0.496288,0.815789,0.765016,3.2
categorical,categorical,categorical,49,88,0.485527,0.814336,0.763962,3.3
categorical,categorical,categorical,49,89,0.487626,0.834695,0.774499,3.5
categorical,categorical,categorical,49,90,0.476332,0.819256,0.769231,3.2
categorical,categorical,categorical,49,91,0.457349,0.807463,0.793467,3.2
categorical,categorical,categorical,49,92,0.480904,0.818431,0.769231,3.2
categorical,categorical,categorical,49,93,0.467011,0.811063,0.791359,3.2
categorical,categorical,categorical,49,94,0.461435,0.812114,0.795574,3.2
categorical,categorical,categorical,49,95,0.468857,0.815300,0.789252,3.2
categorical,categorical,categorical,49,96,0.459322,0.816744,0.782929,3.2
categorical,categorical,categorical,49,97,0.470135,0.813318,0.770285,3.2
categorical,categorical,categorical,49,98,0.467345,0.813561,0.782929,3.2
categorical,categorical,categorical,49,99,0.458336,0.801193,0.796628,3.2
categorical,categorical,categorical,49,100,0.439581,0.813626,0.798736,3.2
categorical,categorical,categorical,49,101,0.457567,0.812274,0.792413,3.2
categorical,categorical,categorical,49,102,0.452341,0.807183,0.799789,3.2
categorical,categorical,categorical,49,103,0.474529,0.807452,0.776607,3.3
categorical,categorical,categorical,49,104,0.442176,0.814958,0.796628,3.2
categorical,categorical,categorical,49,105,0.439189,0.798680,0.800843,3.2
categorical,categorical,categorical,49,106,0.486400,0.811763,0.768177,3.2
categorical,categorical,categorical,49,107,0.475889,0.805498,0.773446,3.2
categorical,categorical,categorical,49,108,0.441498,0.793915,0.807165,3.2
categorical,categorical,categorical,49,109,0.461716,0.800645,0.778714,3.3
categorical,categorical,categorical,49,110,0.467993,0.805888,0.789252,3.3
categorical,categorical,categorical,49,111,0.440526,0.802886,0.791359,3.3
categorical,categorical,categorical,49,112,0.456677,0.808141,0.795574,3.2
categorical,categorical,categorical,49,113,0.435713,0.796284,0.792413,3.2
categorical,categorical,categorical,49,114,0.434225,0.801664,0.810327,3.2
categorical,categorical,categorical,49,115,0.448757,0.794062,0.795574,3.2
categorical,categorical,categorical,49,116,0.466344,0.798432,0.782929,3.2
categorical,categorical,categorical,49,117,0.431978,0.800155,0.810327,3.2
categorical,categorical,categorical,49,118,0.422670,0.799875,0.811380,3.2
categorical,categorical,categorical,49,119,0.446878,0.794235,0.799789,3.2
categorical,categorical,categorical,49,120,0.450829,0.795869,0.795574,3.2
categorical,categorical,categorical,49,121,0.421490,0.798715,0.809273,3.2
categorical,categorical,categorical,49,122,0.419634,0.796962,0.816649,3.3
categorical,categorical,categorical,49,123,0.446378,0.794699,0.795574,3.3
categorical,categorical,categorical,49,124,0.413226,0.792515,0.825079,3.2
categorical,categorical,categorical,49,125,0.420097,0.797412,0.818757,3.2
categorical,categorical,categorical,49,126,0.427395,0.792659,0.811380,3.3
categorical,categorical,categorical,49,127,0.445820,0.791492,0.807165,3.2
categorical,categorical,categorical,49,128,0.418684,0.791284,0.818757,3.2
categorical,categorical,categorical,49,129,0.422875,0.781680,0.811380,3.2
categorical,categorical,categorical,49,130,0.405272,0.786889,0.815595,3.2
categorical,categorical,categorical,49,131,0.435436,0.780550,0.806112,3.2
categorical,categorical,categorical,49,132,0.409936,0.788478,0.814542,3.3
categorical,categorical,categorical,49,133,0.439056,0.793959,0.804004,3.3
categorical,categorical,categorical,49,134,0.416450,0.783633,0.807165,3.2
categorical,categorical,categorical,49,135,0.452276,0.785566,0.800843,3.2
categorical,categorical,categorical,49,136,0.425911,0.791913,0.813488,3.2
categorical,categorical,categorical,49,137,0.437930,0.789835,0.809273,3.2
categorical,categorical,categorical,49,138,0.411612,0.786361,0.806112,3.2
categorical,categorical,categorical,49,139,0.387828,0.789972,0.827187,3.2
categorical,categorical,categorical,49,140,0.428545,0.785606,0.802950,3.2
categorical,categorical,categorical,49,141,0.436791,0.781064,0.790306,3.3
categorical,categorical,categorical,49,142,0.423388,0.787017,0.816649,3.3
categorical,categorical,categorical,49,143,0.401537,0.783725,0.821918,3.2
categorical,categorical,categorical,49,144,0.406410,0.774346,0.816649,3.2
categorical,categorical,categorical,49,145,0.417248,0.773516,0.810327,3.2
categorical,categorical,categorical,49,146,0.406020,0.783267,0.833509,3.2
categorical,categorical,categorical,49,147,0.402930,0.782389,0.821918,3.2
categorical,categorical,categorical,49,148,0.395607,0.777836,0.830348,3.2
categorical,categorical,categorical,49,149,0.400582,0.782819,0.835616,3.2
categorical,categorical,categorical,49,150,0.396635,0.779040,0.824025,3.2
categorical,categorical,categorical,49,151,0.403864,0.781683,0.810327,3.3
categorical,categorical,categorical,49,152,0.388454,0.784769,0.836670,3.2
categorical,categorical,categorical,49,153,0.399791,0.774462,0.818757,3.2
categorical,categorical,categorical,49,154,0.393006,0.773308,0.831401,3.3
categorical,categorical,categorical,49,155,0.393365,0.781107,0.813488,3.2
categorical,categorical,categorical,49,156,0.407146,0.776042,0.829294,3.2
categorical,categorical,categorical,49,157,0.385855,0.769011,0.834563,3.3
categorical,categorical,categorical,49,158,0.377545,0.774293,0.838778,3.2
categorical,categorical,categorical,49,159,0.383103,0.771240,0.839831,3.3
categorical,categorical,categorical,49,160,0.398807,0.773295,0.820864,3.2
categorical,categorical,categorical,49,161,0.390570,0.772086,0.830348,3.2
categorical,categorical,categorical,49,162,0.385131,0.776673,0.846154,3.2
categorical,categorical,categorical,49,163,0.383546,0.782313,0.834563,3.2
categorical,categorical,categorical,49,164,0.394766,0.771132,0.824025,3.2
categorical,categorical,categorical,49,165,0.383142,0.772621,0.831401,3.3
categorical,categorical,categorical,49,166,0.376937,0.770453,0.838778,3.3
categorical,categorical,categorical,49,167,0.398902,0.768870,0.827187,3.2
categorical,categorical,categorical,49,168,0.377397,0.766536,0.835616,3.2
categorical,categorical,categorical,49,169,0.393601,0.766380,0.822972,3.2
categorical,categorical,categorical,49,170,0.379226,0.769565,0.830348,3.2
categorical,categorical,categorical,49,171,0.396835,0.772494,0.830348,3.2
categorical,categorical,categorical,49,172,0.390147,0.779655,0.841939,3.2
categorical,categorical,categorical,49,173,0.391057,0.769261,0.833509,3.3
categorical,categorical,categorical,49,174,0.400952,0.775785,0.822972,3.3
categorical,categorical,categorical,49,175,0.384064,0.763021,0.831401,3.3
categorical,categorical,categorical,49,176,0.362159,0.754852,0.834563,3.2
categorical,categorical,categorical,49,177,0.369068,0.760184,0.832455,3.2
categorical,categorical,categorical,49,178,0.357742,0.757451,0.847208,3.2
categorical,categorical,categorical,49,179,0.360752,0.759060,0.850369,3.3
categorical,categorical,categorical,49,180,0.349716,0.758550,0.856691,3.2
categorical,categorical,categorical,49,181,0.368986,0.757660,0.841939,3.2
categorical,categorical,categorical,49,182,0.358757,0.758657,0.841939,3.2
categorical,categorical,categorical,49,183,0.367096,0.759735,0.842993,3.2
categorical,categorical,categorical,49,184,0.375909,0.763351,0.830348,3.2
categorical,categorical,categorical,49,185,0.376630,0.763721,0.845100,3.3
categorical,categorical,categorical,49,186,0.379988,0.751538,0.838778,3.2
categorical,categorical,categorical,49,187,0.373345,0.758985,0.842993,3.2
categorical,categorical,categorical,49,188,0.360549,0.761626,0.844046,3.2
categorical,categorical,categorical,49,189,0.380691,0.764365,0.829294,3.2
categorical,categorical,categorical,49,190,0.371168,0.758491,0.838778,3.3
categorical,categorical,categorical,49,191,0.372868,0.756429,0.846154,3.2
categorical,categorical,categorical,49,192,0.373884,0.758211,0.845100,3.2
categorical,categorical,categorical,49,193,0.375590,0.758057,0.847208,3.2
categorical,categorical,categorical,49,194,0.354003,0.759277,0.844046,3.3
categorical,categorical,categorical,49,195,0.376061,0.755458,0.838778,3.2
categorical,categorical,categorical,49,196,0.366708,0.758024,0.844046,3.2
categorical,categorical,categorical,49,197,0.376198,0.763264,0.839831,3.4
categorical,categorical,categorical,49,198,0.375349,0.753399,0.842993,3.2
categorical,categorical,categorical,49,199,0.362829,0.752325,0.847208,3.2
categorical,categorical,categorical,49,200,0.382414,0.749355,0.839831,3.2
categorical,categorical,categorical,49,201,0.355907,0.750712,0.851423,3.2
categorical,categorical,categorical,49,202,0.361598,0.753945,0.846154,3.2
categorical,categorical,categorical,49,203,0.347670,0.758159,0.851423,3.2
categorical,categorical,categorical,49,204,0.320371,0.750650,0.867229,3.2
categorical,categorical,categorical,49,205,0.356384,0.761188,0.841939,3.2
categorical,categorical,categorical,49,206,0.326824,0.754755,0.863014,3.2
categorical,categorical,categorical,49,207,0.345628,0.757326,0.859852,3.2
categorical,categorical,categorical,49,208,0.365700,0.759440,0.828240,3.2
categorical,categorical,categorical,49,209,0.347667,0.756904,0.851423,3.2
categorical,categorical,categorical,49,210,0.346145,0.746573,0.857745,3.2
categorical,categorical,categorical,49,211,0.361946,0.751010,0.845100,3.3
categorical,categorical,categorical,49,212,0.355059,0.747310,0.846154,3.2
categorical,categorical,categorical,49,213,0.351936,0.755942,0.852476,3.2
categorical,categorical,categorical,49,214,0.336831,0.748861,0.859852,3.2
categorical,categorical,categorical,49,215,0.332177,0.750198,0.867229,3.2
categorical,categorical,categorical,49,216,0.358436,0.755430,0.849315,3.2
categorical,categorical,categorical,49,217,0.354419,0.743481,0.852476,3.2
categorical,categorical,categorical,49,218,0.365067,0.751906,0.839831,3.3
categorical,categorical,categorical,49,219,0.343026,0.745157,0.858799,3.3
categorical,categorical,categorical,49,220,0.353155,0.737385,0.846154,3.2
categorical,categorical,categorical,49,221,0.343823,0.745866,0.853530,3.3
categorical,categorical,categorical,49,222,0.357960,0.747642,0.849315,3.2
categorical,categorical,categorical,49,223,0.356298,0.740906,0.846154,3.3
categorical,categorical,categorical,49,224,0.341048,0.749694,0.858799,3.2
categorical,categorical,categorical,49,225,0.342467,0.743030,0.866175,3.3
categorical,categorical,categorical,49,226,0.352203,0.742751,0.846154,3.2
categorical,categorical,categorical,49,227,0.344726,0.749354,0.849315,3.2
categorical,categorical,categorical,49,228,0.364730,0.753617,0.835616,3.2
categorical,categorical,categorical,49,229,0.349537,0.744740,0.851423,3.2
categorical,categorical,categorical,49,230,0.354581,0.746515,0.850369,3.3
categorical,categorical,categorical,49,231,0.326357,0.750702,0.860906,3.2
categorical,categorical,categorical,49,232,0.338462,0.743301,0.864067,3.2
categorical,categorical,categorical,49,233,0.344007,0.742442,0.846154,3.3
categorical,categorical,categorical,49,234,0.350084,0.741804,0.838778,3.2
categorical,categorical,categorical,49,235,0.345205,0.749084,0.851423,3.2
categorical,categorical,categorical,49,236,0.330863,0.746530,0.853530,3.2
categorical,categorical,categorical,49,237,0.334151,0.739552,0.859852,3.2
categorical,categorical,categorical,49,238,0.330382,0.745535,0.858799,3.2
categorical,categorical,categorical,49,239,0.318695,0.741595,0.860906,3.2
categorical,categorical,categorical,49,240,0.347520,0.741441,0.850369,3.4
categorical,categorical,categorical,49,241,0.340339,0.737228,0.837724,3.3
categorical,categorical,categorical,49,242,0.344157,0.741667,0.856691,3.2
categorical,categorical,categorical,49,243,0.342827,0.744914,0.845100,3.2
categorical,categorical,categorical,49,244,0.350360,0.751346,0.836670,3.3
categorical,categorical,categorical,49,245,0.325809,0.733906,0.867229,3.2
categorical,categorical,categorical,49,246,0.346738,0.736942,0.860906,3.2
categorical,categorical,categorical,49,247,0.352786,0.742383,0.836670,3.2
categorical,categorical,categorical,49,248,0.322549,0.736664,0.866175,3.2
categorical,categorical,categorical,49,249,0.325322,0.746117,0.856691,3.2
categorical,categorical,categorical,49,250,0.320334,0.740322,0.865121,3.2
categorical,categorical,categorical,50,1,0.725285,1.211099,0.554951,3.1
categorical,categorical,categorical,50,2,0.626295,0.935924,0.618063,3.1
categorical,categorical,categorical,50,3,0.618851,0.923805,0.636561,3.1
categorical,categorical,categorical,50,4,0.613526,0.925492,0.631121,3.1
categorical,categorical,categorical,50,5,0.648597,0.922551,0.591948,3.2
categorical,categorical,categorical,50,6,0.647255,0.922693,0.599565,3.1
categorical,categorical,categorical,50,7,0.637707,0.921688,0.601741,3.1
categorical,categorical,categorical,50,8,0.629448,0.918954,0.611534,3.1
categorical,categorical,categorical,50,9,0.603639,0.921404,0.650707,3.2
categorical,categorical,categorical,50,10,0.621313,0.917494,0.633297,3.2
categorical,categorical,categorical,50,11,0.617259,0.914581,0.639826,3.1
categorical,categorical,categorical,50,12,0.595273,0.919600,0.632209,3.1
categorical,categorical,categorical,50,13,0.614033,0.916137,0.638738,3.1
categorical,categorical,categorical,50,14,0.624208,0.914972,0.631121,3.1
categorical,categorical,categorical,50,15,0.628375,0.916519,0.623504,3.2
categorical,categorical,categorical,50,16,0.640037,0.918973,0.607182,3.1
categorical,categorical,categorical,50,17,0.596968,0.915049,0.626768,3.1
categorical,categorical,categorical,50,18,0.604649,0.916823,0.628945,3.2
categorical,categorical,categorical,50,19,0.613143,0.916378,0.630033,3.1
categorical,categorical,categorical,50,20,0.615661,0.917462,0.631121,3.1
categorical,categorical,categorical,50,21,0.618650,0.915056,0.631121,3.1
categorical,categorical,categorical,50,22,0.598384,0.911715,0.645267,3.1
categorical,categorical,categorical,50,23,0.617388,0.909841,0.656148,3.1
categorical,categorical,categorical,50,24,0.634896,0.916183,0.630033,3.1
categorical,categorical,categorical,50,25,0.604986,0.908488,0.648531,3.2
categorical,categorical,categorical,50,26,0.613334,0.912763,0.645267,3.1
categorical,categorical,categorical,50,27,0.590913,0.907079,0.664853,3.1
categorical,categorical,categorical,50,28,0.619655,0.908290,0.620239,3.1
categorical,categorical,categorical,50,29,0.602116,0.907801,0.634385,3.1
categorical,categorical,categorical,50,30,0.622930,0.905694,0.625680,3.2
categorical,categorical,categorical,50,31,0.554699,0.898446,0.701850,3.3
categorical,categorical,categorical,50,32,0.591679,0.910697,0.667029,3.1
categorical,categorical,categorical,50,33,0.612167,0.905324,0.650707,3.1
categorical,categorical,categorical,50,34,0.598698,0.902232,0.663765,3.2
categorical,categorical,categorical,50,35,0.587462,0.906429,0.665941,3.1
categorical,categorical,categorical,50,36,0.576644,0.898908,0.673558,3.2
categorical,categorical,categorical,50,37,0.598817,0.899846,0.668118,3.1
categorical,categorical,categorical,50,38,0.600550,0.897723,0.673558,3.1
categorical,categorical,categorical,50,39,0.578715,0.891643,0.690968,3.1
categorical,categorical,categorical,50,40,0.620693,0.897537,0.627856,3.1
categorical,categorical,categorical,50,41,0.593824,0.894659,0.678999,3.1
categorical,categorical,categorical,50,42,0.576808,0.886662,0.686616,3.1
categorical,categorical,categorical,50,43,0.525767,0.887802,0.739935,3.2
categorical,categorical,categorical,50,44,0.611780,0.888380,0.656148,3.1
categorical,categorical,categorical,50,45,0.552761,0.880871,0.705114,3.1
categorical,categorical,categorical,50,46,0.543819,0.880711,0.707291,3.1
categorical,categorical,categorical,50,47,0.588409,0.878323,0.674646,3.1
categorical,categorical,categorical,50,48,0.569157,0.877582,0.705114,3.2
categorical,categorical,categorical,50,49,0.574934,0.871046,0.698585,3.1
categorical,categorical,categorical,50,50,0.562355,0.873114,0.699674,3.1
categorical,categorical,categorical,50,51,0.581361,0.866982,0.692057,3.1
categorical,categorical,categorical,50,52,0.536198,0.871158,0.736670,3.1
categorical,categorical,categorical,50,53,0.549618,0.861338,0.725789,3.1
categorical,categorical,categorical,50,54,0.497205,0.861659,0.752992,3.3
categorical,categorical,categorical,50,55,0.508299,0.858980,0.757345,3.1
categorical,categorical,categorical,50,56,0.535536,0.852865,0.732318,3.1
categorical,categorical,categorical,50,57,0.554927,0.861566,0.698585,3.1
categorical,categorical,categorical,50,58,0.535621,0.852260,0.734494,3.1
categorical,categorical,categorical,50,59,0.525445,0.859060,0.739935,3.2
categorical,categorical,categorical,50,60,0.522435,0.848488,0.756257,3.1
categorical,categorical,categorical,50,61,0.521993,0.851750,0.735582,3.1
categorical,categorical,categorical,50,62,0.509354,0.843051,0.762786,3.1
categorical,categorical,categorical,50,63,0.525729,0.846947,0.752992,3.1
categorical,categorical,categorical,50,64,0.515182,0.841485,0.734494,3.1
categorical,categorical,categorical,50,65,0.525675,0.849101,0.739935,3.1
categorical,categorical,categorical,50,66,0.481186,0.846184,0.763874,3.1
categorical,categorical,categorical,50,67,0.508228,0.844534,0.748640,3.1
categorical,categorical,categorical,50,68,0.486828,0.839363,0.772579,3.1
categorical,categorical,categorical,50,69,0.494456,0.841827,0.768226,3.1
categorical,categorical,categorical,50,70,0.498048,0.833488,0.747552,3.1
categorical,categorical,categorical,50,71,0.506521,0.827920,0.759521,3.1
categorical,categorical,categorical,50,72,0.538910,0.836194,0.713819,3.1
categorical,categorical,categorical,50,73,0.495543,0.831162,0.755169,3.1
categorical,categorical,categorical,50,74,0.517868,0.828119,0.758433,3.2
categorical,categorical,categorical,50,75,0.487933,0.830139,0.779108,3.1
categorical,categorical,categorical,50,76,0.470680,0.827909,0.771491,3.2
categorical,categorical,categorical,50,77,0.491701,0.825885,0.766050,3.1
categorical,categorical,categorical,50,78,0.483226,0.834530,0.762786,3.1
categorical,categorical,categorical,50,79,0.512047,0.827040,0.747552,3.1
categorical,categorical,categorical,50,80,0.496509,0.827598,0.759521,3.1
categorical,categorical,categorical,50,81,0.479235,0.818800,0.762786,3.1
categorical,categorical,categorical,50,82,0.462959,0.823685,0.796518,3.1
categorical,categorical,categorical,50,83,0.467676,0.815057,0.784548,3.1
categorical,categorical,categorical,50,84,0.496543,0.827020,0.766050,3.1
categorical,categorical,categorical,50,85,0.466537,0.823565,0.762786,3.1
categorical,categorical,categorical,50,86,0.468608,0.815700,0.797606,3.1
categorical,categorical,categorical,50,87,0.460488,0.815657,0.783460,3.1
categorical,categorical,categorical,50,88,0.463291,0.815525,0.797606,3.1
categorical,categorical,categorical,50,89,0.482322,0.813309,0.782372,3.1
categorical,categorical,categorical,50,90,0.464517,0.816731,0.779108,3.1
categorical,categorical,categorical,50,91,0.446303,0.814879,0.789989,3.1
categorical,categorical,categorical,50,92,0.449744,0.810555,0.822633,3.1
categorical,categorical,categorical,50,93,0.477424,0.806954,0.779108,3.2
categorical,categorical,categorical,50,94,0.466330,0.814533,0.791077,3.2
categorical,categorical,categorical,50,95,0.443045,0.814218,0.800871,3.1
categorical,categorical,categorical,50,96,0.458584,0.818757,0.794342,3.1
categorical,categorical,categorical,50,97,0.452976,0.806349,0.797606,3.2
categorical,categorical,categorical,50,98,0.460251,0.810374,0.783460,3.2
categorical,categorical,categorical,50,99,0.456670,0.816487,0.781284,3.1
categorical,categorical,categorical,50,100,0.468903,0.804590,0.787813,3.1
categorical,categorical,categorical,50,101,0.450266,0.813038,0.803047,3.2
categorical,categorical,categorical,50,102,0.429854,0.807638,0.804135,3.1
categorical,categorical,categorical,50,103,0.437859,0.806193,0.805223,3.1
categorical,categorical,categorical,50,104,0.435913,0.805789,0.797606,3.1
categorical,categorical,categorical,50,105,0.453728,0.813901,0.808487,3.1
categorical,categorical,categorical,50,106,0.437633,0.800235,0.810664,3.1
categorical,categorical,categorical,50,107,0.442590,0.806240,0.809576,3.1
categorical,categorical,categorical,50,108,0.427786,0.807927,0.809576,3.2
categorical,categorical,categorical,50,109,0.429324,0.806136,0.811752,3.1
categorical,categorical,categorical,50,110,0.437319,0.805191,0.810664,3.1
categorical,categorical,categorical,50,111,0.445094,0.801422,0.812840,3.1
categorical,categorical,categorical,50,112,0.429189,0.798137,0.816104,3.1
categorical,categorical,categorical,50,113,0.439252,0.799908,0.805223,3.1
categorical,categorical,categorical,50,114,0.455234,0.800309,0.795430,3.1
categorical,categorical,categorical,50,115,0.426547,0.800216,0.809576,3.2
categorical,categorical,categorical,50,116,0.433762,0.800357,0.809576,3.1
categorical,categorical,categorical,50,117,0.409756,0.795203,0.816104,3.1
categorical,categorical,categorical,50,118,0.448776,0.794916,0.787813,3.2
categorical,categorical,categorical,50,119,0.440811,0.801823,0.811752,3.1
categorical,categorical,categorical,50,120,0.413915,0.795609,0.825898,3.2
categorical,categorical,categorical,50,121,0.398494,0.792797,0.835691,3.1
categorical,categorical,categorical,50,122,0.430939,0.800065,0.811752,3.1
categorical,categorical,categorical,50,123,0.423772,0.793633,0.812840,3.2
categorical,categorical,categorical,50,124,0.419314,0.789340,0.811752,3.1
categorical,categorical,categorical,50,125,0.402401,0.780183,0.826986,3.2
categorical,categorical,categorical,50,126,0.381413,0.785831,0.832427,3.1
categorical,categorical,categorical,50,127,0.414330,0.791107,0.817193,3.1
categorical,categorical,categorical,50,128,0.400190,0.787441,0.819369,3.1
categorical,categorical,categorical,50,129,0.414072,0.794388,0.833515,3.1
categorical,categorical,categorical,50,130,0.421595,0.791636,0.817193,3.1
categorical,categorical,categorical,50,131,0.422636,0.792657,0.808487,3.1
categorical,categorical,categorical,50,132,0.402900,0.786852,0.831338,3.1
categorical,categorical,categorical,50,133,0.405195,0.795113,0.823721,3.1
categorical,categorical,categorical,50,134,0.423310,0.786803,0.809576,3.2
categorical,categorical,categorical,50,135,0.421382,0.789345,0.829162,3.1
categorical,categorical,categorical,50,136,0.389497,0.781113,0.832427,3.1
categorical,categorical,categorical,50,137,0.413419,0.790012,0.821545,3.2
categorical,categorical,categorical,50,138,0.408802,0.784401,0.826986,3.1
categorical,categorical,categorical,50,139,0.394157,0.792940,0.824810,3.1
categorical,categorical,categorical,50,140,0.393545,0.781444,0.826986,3.2
categorical,categorical,categorical,50,141,0.387181,0.791357,0.836779,3.1
categorical,categorical,categorical,50,142,0.401715,0.786620,0.829162,3.3
categorical,categorical,categorical,50,143,0.406137,0.784736,0.823721,3.1
categorical,categorical,categorical,50,144,0.392210,0.775300,0.837867,3.1
categorical,categorical,categorical,50,145,0.379876,0.785798,0.821545,3.2
categorical,categorical,categorical,50,146,0.427108,0.782275,0.813928,3.2
categorical,categorical,categorical,50,147,0.391100,0.780017,0.826986,3.1
categorical,categorical,categorical,50,148,0.399890,0.783221,0.830250,3.1
categorical,categorical,categorical,50,149,0.397759,0.784958,0.834603,3.1
categorical,categorical,categorical,50,150,0.403827,0.776045,0.825898,3.1
categorical,categorical,categorical,50,151,0.381460,0.775932,0.836779,3.1
categorical,categorical,categorical,50,152,0.377752,0.782604,0.840044,3.1
categorical,categorical,categorical,50,153,0.403127,0.783995,0.836779,3.1
categorical,categorical,categorical,50,154,0.388823,0.783286,0.837867,3.1
categorical,categorical,categorical,50,155,0.406774,0.777281,0.829162,3.1
categorical,categorical,categorical,50,156,0.396449,0.774910,0.826986,3.1
categorical,categorical,categorical,50,157,0.387676,0.780723,0.832427,3.1
categorical,categorical,categorical,50,158,0.389399,0.774104,0.838955,3.1
categorical,categorical,categorical,50,159,0.383059,0.785769,0.838955,3.2
categorical,categorical,categorical,50,160,0.388029,0.776132,0.836779,3.1
categorical,categorical,categorical,50,161,0.384419,0.784241,0.823721,3.2
categorical,categorical,categorical,50,162,0.406772,0.774968,0.820457,3.2
categorical,categorical,categorical,50,163,0.386629,0.773351,0.835691,3.1
categorical,categorical,categorical,50,164,0.370745,0.769252,0.842220,3.1
categorical,categorical,categorical,50,165,0.372773,0.768050,0.841132,3.3
categorical,categorical,categorical,50,166,0.387266,0.776904,0.840044,3.1
categorical,categorical,categorical,50,167,0.353945,0.774377,0.846572,3.1
categorical,categorical,categorical,50,168,0.383046,0.779780,0.843308,3.1
categorical,categorical,categorical,50,169,0.366363,0.768051,0.847661,3.1
categorical,categorical,categorical,50,170,0.395533,0.766037,0.823721,3.1
categorical,categorical,categorical,50,171,0.398352,0.771667,0.828074,3.1
categorical,categorical,categorical,50,172,0.360768,0.772552,0.862894,3.2
categorical,categorical,categorical,50,173,0.370940,0.772118,0.842220,3.2
categorical,categorical,categorical,50,174,0.350690,0.761476,0.852013,3.1
categorical,categorical,categorical,50,175,0.365699,0.773578,0.854189,3.1
categorical,categorical,categorical,50,176,0.345597,0.763962,0.855277,3.1
categorical,categorical,categorical,50,177,0.358136,0.768466,0.847661,3.1
categorical,categorical,categorical,50,178,0.385425,0.767274,0.844396,3.1
categorical,categorical,categorical,50,179,0.400605,0.764699,0.822633,3.2
categorical,categorical,categorical,50,180,0.367931,0.771463,0.847661,3.1
categorical,categorical,categorical,50,181,0.360923,0.760503,0.842220,3.2
categorical,categorical,categorical,50,182,0.361466,0.763551,0.855277,3.1
categorical,categorical,categorical,50,183,0.355249,0.764548,0.843308,3.2
categorical,categorical,categorical,50,184,0.366467,0.762903,0.842220,3.1
categorical,categorical,categorical,50,185,0.362876,0.758456,0.840044,3.1
categorical,categorical,categorical,50,186,0.389345,0.777907,0.830250,3.1
categorical,categorical,categorical,50,187,0.385110,0.761241,0.840044,3.2
categorical,categorical,categorical,50,188,0.365165,0.762887,0.836779,3.1
categorical,categorical,categorical,50,189,0.353394,0.755769,0.858542,3.1
categorical,categorical,categorical,50,190,0.360621,0.757088,0.846572,3.1
categorical,categorical,categorical,50,191,0.362820,0.761282,0.846572,3.1
categorical,categorical,categorical,50,192,0.345353,0.758095,0.858542,3.1
categorical,categorical,categorical,50,193,0.362166,0.764507,0.848749,3.1
categorical,categorical,categorical,50,194,0.357448,0.751492,0.843308,3.1
categorical,categorical,categorical,50,195,0.361133,0.756332,0.846572,3.1
categorical,categorical,categorical,50,196,0.377481,0.756127,0.832427,3.1
categorical,categorical,categorical,50,197,0.359608,0.755794,0.850925,3.2
categorical,categorical,categorical,50,198,0.344767,0.752081,0.860718,3.1
categorical,categorical,categorical,50,199,0.345523,0.757954,0.847661,3.1
categorical,categorical,categorical,50,200,0.357598,0.749496,0.845484,3.2
categorical,categorical,categorical,50,201,0.340639,0.757774,0.860718,3.1
categorical,categorical,categorical,50,202,0.345787,0.757779,0.846572,3.1
categorical,categorical,categorical,50,203,0.332998,0.751504,0.855277,3.1
categorical,categorical,categorical,50,204,0.364435,0.753999,0.848749,3.1
categorical,categorical,categorical,50,205,0.365569,0.763326,0.848749,3.1
categorical,categorical,categorical,50,206,0.332790,0.757691,0.865071,3.2
categorical,categorical,categorical,50,207,0.334474,0.751431,0.858542,3.1
categorical,categorical,categorical,50,208,0.331575,0.747705,0.867247,3.1
categorical,categorical,categorical,50,209,0.344253,0.745631,0.854189,3.2
categorical,categorical,categorical,50,210,0.358459,0.747441,0.848749,3.2
categorical,categorical,categorical,50,211,0.356005,0.760183,0.849837,3.1
categorical,categorical,categorical,50,212,0.342207,0.749548,0.862894,3.2
categorical,categorical,categorical,50,213,0.346912,0.748829,0.856366,3.1
categorical,categorical,categorical,50,214,0.352161,0.746239,0.859630,3.1
categorical,categorical,categorical,50,215,0.322768,0.747122,0.862894,3.1
categorical,categorical,categorical,50,216,0.342233,0.743609,0.854189,3.2
categorical,categorical,categorical,50,217,0.337566,0.748595,0.854189,3.1
categorical,categorical,categorical,50,218,0.343874,0.750256,0.856366,3.1
categorical,categorical,categorical,50,219,0.335204,0.752373,0.860718,3.1
categorical,categorical,categorical,50,220,0.358737,0.747303,0.852013,3.2
categorical,categorical,categorical,50,221,0.357081,0.742410,0.848749,3.1
categorical,categorical,categorical,50,222,0.321787,0.743047,0.872688,3.1
categorical,categorical,categorical,50,223,0.340362,0.752336,0.861806,3.2
categorical,categorical,categorical,50,224,0.316971,0.739509,0.867247,3.1
categorical,categorical,categorical,50,225,0.335137,0.749137,0.850925,3.1
categorical,categorical,categorical,50,226,0.338562,0.741702,0.860718,3.1
categorical,categorical,categorical,50,227,0.326550,0.744848,0.854189,3.1
categorical,categorical,categorical,50,228,0.319801,0.740346,0.879217,3.1
categorical,categorical,categorical,50,229,0.306392,0.736595,0.868335,3.1
categorical,categorical,categorical,50,230,0.345514,0.747756,0.849837,3.1
categorical,categorical,categorical,50,231,0.335040,0.737485,0.859630,3.3
categorical,categorical,categorical,50,232,0.330859,0.737582,0.866159,3.1
categorical,categorical,categorical,50,233,0.333720,0.741058,0.848749,3.1
categorical,categorical,categorical,50,234,0.320279,0.737919,0.866159,3.1
categorical,categorical,categorical,50,235,0.357430,0.745070,0.852013,3.1
categorical,categorical,categorical,50,236,0.343221,0.744932,0.847661,3.1
categorical,categorical,categorical,50,237,0.313934,0.741469,0.859630,3.1
categorical,categorical,categorical,50,238,0.320946,0.732951,0.877040,3.1
categorical,categorical,categorical,50,239,0.327114,0.727056,0.866159,3.1
categorical,categorical,categorical,50,240,0.334792,0.736553,0.860718,3.1
categorical,categorical,categorical,50,241,0.352209,0.736315,0.853101,3.2
categorical,categorical,categorical,50,242,0.306916,0.735464,0.872688,3.2
categorical,categorical,categorical,50,243,0.311847,0.737429,0.866159,3.1
categorical,categorical,categorical,50,244,0.324128,0.735761,0.854189,3.1
categorical,categorical,categorical,50,245,0.317412,0.721709,0.861806,3.1
categorical,categorical,categorical,50,246,0.332796,0.730627,0.847661,3.1
categorical,categorical,categorical,50,247,0.321448,0.731950,0.869423,3.1
categorical,categorical,categorical,50,248,0.321980,0.727279,0.874864,3.1
categorical,categorical,categorical,50,249,0.337330,0.725182,0.863983,3.2
categorical,categorical,categorical,50,250,0.323543,0.732442,0.857454,3.2
categorical,categorical,categorical,51,1,0.706162,1.189230,0.594049,3.3
categorical,categorical,categorical,51,2,0.667433,0.941931,0.549416,3.2
categorical,categorical,categorical,51,3,0.659019,0.939702,0.604676,3.2
categorical,categorical,categorical,51,4,0.597631,0.936685,0.624867,3.2
categorical,categorical,categorical,51,5,0.633442,0.940744,0.626993,3.2
categorical,categorical,categorical,51,6,0.643880,0.936180,0.596174,3.1
categorical,categorical,categorical,51,7,0.595255,0.934026,0.643996,3.2
categorical,categorical,categorical,51,8,0.619211,0.937702,0.616366,3.2
categorical,categorical,categorical,51,9,0.621097,0.934230,0.614240,3.1
categorical,categorical,categorical,51,10,0.606160,0.931335,0.617428,3.2
categorical,categorical,categorical,51,11,0.619040,0.934983,0.596174,3.2
categorical,categorical,categorical,51,12,0.619456,0.929903,0.622742,3.2
categorical,categorical,categorical,51,13,0.608629,0.929359,0.630181,3.1
categorical,categorical,categorical,51,14,0.614016,0.930795,0.622742,3.1
categorical,categorical,categorical,51,15,0.634702,0.928629,0.631243,3.2
categorical,categorical,categorical,51,16,0.630185,0.930235,0.611052,3.2
categorical,categorical,categorical,51,17,0.598469,0.928285,0.622742,3.2
categorical,categorical,categorical,51,18,0.580779,0.927130,0.654623,3.3
categorical,categorical,categorical,51,19,0.630451,0.927136,0.607864,3.1
categorical,categorical,categorical,51,20,0.574182,0.925825,0.659936,3.2
categorical,categorical,categorical,51,21,0.604412,0.923523,0.643996,3.2
categorical,categorical,categorical,51,22,0.614167,0.928324,0.637620,3.2
categorical,categorical,categorical,51,23,0.607202,0.923324,0.649309,3.3
categorical,categorical,categorical,51,24,0.606048,0.920237,0.664187,3.1
categorical,categorical,categorical,51,25,0.621385,0.925703,0.613177,3.2
categorical,categorical,categorical,51,26,0.601147,0.922060,0.658874,3.2
categorical,categorical,categorical,51,27,0.606212,0.919239,0.631243,3.2
categorical,categorical,categorical,51,28,0.598831,0.925944,0.640808,3.2
categorical,categorical,categorical,51,29,0.592302,0.918856,0.667375,3.1
categorical,categorical,categorical,51,30,0.602106,0.920202,0.651435,3.1
categorical,categorical,categorical,51,31,0.596080,0.917669,0.676939,3.1
categorical,categorical,categorical,51,32,0.654123,0.917509,0.600425,3.3
categorical,categorical,categorical,51,33,0.600030,0.915747,0.653560,3.2
categorical,categorical,categorical,51,34,0.619505,0.918010,0.624867,3.2
categorical,categorical,categorical,51,35,0.598582,0.915266,0.643996,3.2
categorical,categorical,categorical,51,36,0.580112,0.911585,0.674814,3.3
categorical,categorical,categorical,51,37,0.589285,0.912858,0.675877,3.1
categorical,categorical,categorical,51,38,0.568250,0.907972,0.671626,3.2
categorical,categorical,categorical,51,39,0.622763,0.907002,0.637620,3.1
categorical,categorical,categorical,51,40,0.593227,0.907155,0.671626,3.3
categorical,categorical,categorical,51,41,0.576102,0.905522,0.687566,3.2
categorical,categorical,categorical,51,42,0.608547,0.905332,0.647184,3.2
categorical,categorical,categorical,51,43,0.557629,0.895193,0.695005,3.2
categorical,categorical,categorical,51,44,0.542157,0.902350,0.712009,3.2
categorical,categorical,categorical,51,45,0.575927,0.900397,0.675877,3.4
categorical,categorical,categorical,51,46,0.566092,0.891499,0.697131,3.2
categorical,categorical,categorical,51,47,0.571859,0.890412,0.702444,3.2
categorical,categorical,categorical,51,48,0.587984,0.890393,0.683316,3.2
categorical,categorical,categorical,51,49,0.547584,0.872704,0.713071,3.2
categorical,categorical,categorical,51,50,0.548209,0.889457,0.719447,3.2
categorical,categorical,categorical,51,51,0.550947,0.878406,0.712009,3.2
categorical,categorical,categorical,51,52,0.529569,0.866565,0.744952,3.2
categorical,categorical,categorical,51,53,0.534051,0.872352,0.719447,3.3
categorical,categorical,categorical,51,54,0.511963,0.866950,0.736451,3.2
categorical,categorical,categorical,51,55,0.505572,0.880775,0.767269,3.1
categorical,categorical,categorical,51,56,0.556568,0.868639,0.725824,3.3
categorical,categorical,categorical,51,57,0.508398,0.860077,0.753454,3.2
categorical,categorical,categorical,51,58,0.518067,0.861805,0.760893,3.2
categorical,categorical,categorical,51,59,0.503949,0.864201,0.749203,3.1
categorical,categorical,categorical,51,60,0.523405,0.850598,0.741764,3.2
categorical,categorical,categorical,51,61,0.531794,0.853137,0.739639,3.2
categorical,categorical,categorical,51,62,0.536276,0.856003,0.733262,3.1
categorical,categorical,categorical,51,63,0.485358,0.838775,0.770457,3.2
categorical,categorical,categorical,51,64,0.554030,0.852630,0.716259,3.1
categorical,categorical,categorical,51,65,0.496239,0.845807,0.763018,3.2
categorical,categorical,categorical,51,66,0.491787,0.838761,0.775770,3.3
categorical,categorical,categorical,51,67,0.479837,0.842082,0.776833,3.2
categorical,categorical,categorical,51,68,0.488643,0.832443,0.774708,3.2
categorical,categorical,categorical,51,69,0.484536,0.839059,0.773645,3.2
categorical,categorical,categorical,51,70,0.489148,0.838693,0.765143,3.2
categorical,categorical,categorical,51,71,0.507739,0.840450,0.767269,3.1
categorical,categorical,categorical,51,72,0.473672,0.840259,0.778959,3.1
categorical,categorical,categorical,51,73,0.491711,0.827725,0.776833,3.1
categorical,categorical,categorical,51,74,0.479116,0.838509,0.775770,3.2
categorical,categorical,categorical,51,75,0.512745,0.838609,0.761955,3.1
categorical,categorical,categorical,51,76,0.484148,0.829649,0.781084,3.2
categorical,categorical,categorical,51,77,0.467877,0.834311,0.790648,3.2
categorical,categorical,categorical,51,78,0.464167,0.827731,0.785335,3.2
categorical,categorical,categorical,51,79,0.496836,0.829700,0.761955,3.1
categorical,categorical,categorical,51,80,0.479410,0.831161,0.784272,3.2
categorical,categorical,categorical,51,81,0.466092,0.822097,0.791711,3.1
categorical,categorical,categorical,51,82,0.471696,0.822237,0.788523,3.3
categorical,categorical,categorical,51,83,0.459920,0.819485,0.792774,3.1
categorical,categorical,categorical,51,84,0.467806,0.825382,0.782147,3.3
categorical,categorical,categorical,51,85,0.466232,0.826442,0.781084,3.1
categorical,categorical,categorical,51,86,0.455829,0.819615,0.788523,3.1
categorical,categorical,categorical,51,87,0.464976,0.820285,0.787460,3.2
categorical,categorical,categorical,51,88,0.476635,0.821795,0.777896,3.3
categorical,categorical,categorical,51,89,0.443200,0.814860,0.806589,3.2
categorical,categorical,categorical,51,90,0.463352,0.820945,0.793836,3.2
categorical,categorical,categorical,51,91,0.464672,0.813955,0.793836,3.2
categorical,categorical,categorical,51,92,0.459807,0.822075,0.786397,3.1
categorical,categorical,categorical,51,93,0.417286,0.820429,0.812965,3.2
categorical,categorical,categorical,51,94,0.499882,0.821286,0.772582,3.2
categorical,categorical,categorical,51,95,0.477018,0.821104,0.775770,3.2
categorical,categorical,categorical,51,96,0.436529,0.814870,0.819341,3.2
categorical,categorical,categorical,51,97,0.445455,0.816146,0.812965,3.2
categorical,categorical,categorical,51,98,0.432568,0.814330,0.818278,3.3
categorical,categorical,categorical,51,99,0.442960,0.821145,0.805526,3.2
categorical,categorical,categorical,51,100,0.463197,0.818541,0.788523,3.2
categorical,categorical,categorical,51,101,0.447009,0.809308,0.805526,3.3
categorical,categorical,categorical,51,102,0.444797,0.813212,0.808714,3.2
categorical,categorical,categorical,51,103,0.459080,0.817234,0.797024,3.2
categorical,categorical,categorical,51,104,0.436070,0.810004,0.803401,3.3
categorical,categorical,categorical,51,105,0.422408,0.814071,0.816153,3.1
categorical,categorical,categorical,51,106,0.443051,0.812859,0.806589,3.1
categorical,categorical,categorical,51,107,0.450211,0.811678,0.816153,3.2
categorical,categorical,categorical,51,108,0.453310,0.810980,0.798087,3.2
categorical,categorical,categorical,51,109,0.406941,0.802585,0.829968,3.1
categorical,categorical,categorical,51,110,0.416755,0.810530,0.820404,3.2
categorical,categorical,categorical,51,111,0.433798,0.811258,0.817216,3.2
categorical,categorical,categorical,51,112,0.422906,0.808267,0.829968,3.2
categorical,categorical,categorical,51,113,0.400691,0.805566,0.826780,3.1
categorical,categorical,categorical,51,114,0.427370,0.807310,0.803401,3.1
categorical,categorical,categorical,51,115,0.420697,0.792856,0.814028,3.2
categorical,categorical,categorical,51,116,0.426099,0.813367,0.819341,3.3
categorical,categorical,categorical,51,117,0.438990,0.804146,0.808714,3.3
categorical,categorical,categorical,51,118,0.414068,0.810501,0.817216,3.2
categorical,categorical,categorical,51,119,0.414880,0.799086,0.824655,3.1
categorical,categorical,categorical,51,120,0.414665,0.806436,0.829968,3.2
categorical,categorical,categorical,51,121,0.433623,0.803353,0.812965,3.2
categorical,categorical,categorical,51,122,0.419620,0.797902,0.831031,3.1
categorical,categorical,categorical,51,123,0.439761,0.800483,0.806589,3.1
categorical,categorical,categorical,51,124,0.384217,0.801867,0.838470,3.2
categorical,categorical,categorical,51,125,0.417457,0.804933,0.811902,3.2
categorical,categorical,categorical,51,126,0.434119,0.798295,0.818278,3.1
categorical,categorical,categorical,51,127,0.376691,0.796727,0.841658,3.1
categorical,categorical,categorical,51,128,0.401363,0.798032,0.825717,3.1
categorical,categorical,categorical,51,129,0.414677,0.797767,0.826780,3.2
categorical,categorical,categorical,51,130,0.383253,0.794240,0.846971,3.2
categorical,categorical,categorical,51,131,0.430729,0.798593,0.805526,3.1
categorical,categorical,categorical,51,132,0.390933,0.787387,0.835282,3.4
categorical,categorical,categorical,51,133,0.407677,0.794284,0.834219,3.1
categorical,categorical,categorical,51,134,0.394129,0.803882,0.841658,3.2
categorical,categorical,categorical,51,135,0.412449,0.795444,0.827843,3.3
categorical,categorical,categorical,51,136,0.390353,0.791813,0.837407,3.1
categorical,categorical,categorical,51,137,0.403476,0.790704,0.843783,3.2
categorical,categorical,categorical,51,138,0.403601,0.797504,0.827843,3.2
categorical,categorical,categorical,51,139,0.401831,0.792536,0.829968,3.3
categorical,categorical,categorical,51,140,0.406578,0.797540,0.824655,3.2
categorical,categorical,categorical,51,141,0.381988,0.789584,0.832094,3.1
categorical,categorical,categorical,51,142,0.406265,0.789055,0.834219,3.1
categorical,categorical,categorical,51,143,0.366115,0.793342,0.859724,3.2
categorical,categorical,categorical,51,144,0.374805,0.799866,0.824655,3.2
categorical,categorical,categorical,51,145,0.394150,0.786929,0.827843,3.1
categorical,categorical,categorical,51,146,0.394626,0.796524,0.834219,3.1
categorical,categorical,categorical,51,147,0.401087,0.784745,0.833156,3.2
categorical,categorical,categorical,51,148,0.387959,0.792695,0.839532,3.1
categorical,categorical,categorical,51,149,0.403310,0.795898,0.834219,3.3
categorical,categorical,categorical,51,150,0.398927,0.782113,0.845909,3.1
categorical,categorical,categorical,51,151,0.408212,0.796546,0.827843,3.2
categorical,categorical,categorical,51,152,0.414638,0.784949,0.815090,3.2
categorical,categorical,categorical,51,153,0.400247,0.790056,0.838470,3.3
categorical,categorical,categorical,51,154,0.373000,0.787049,0.845909,3.2
categorical,categorical,categorical,51,155,0.385482,0.782142,0.831031,3.2
categorical,categorical,categorical,51,156,0.399081,0.787411,0.837407,3.2
categorical,categorical,categorical,51,157,0.357478,0.787179,0.858661,3.2
categorical,categorical,categorical,51,158,0.368458,0.793119,0.851222,3.3
categorical,categorical,categorical,51,159,0.379047,0.786962,0.840595,3.3
categorical,categorical,categorical,51,160,0.391760,0.786059,0.843783,3.2
categorical,categorical,categorical,51,161,0.349444,0.785937,0.860786,3.1
categorical,categorical,categorical,51,162,0.405926,0.783649,0.827843,3.1
categorical,categorical,categorical,51,163,0.368814,0.779749,0.846971,3.1
categorical,categorical,categorical,51,164,0.386117,0.780727,0.836344,3.2
categorical,categorical,categorical,51,165,0.369416,0.781514,0.848034,3.2
categorical,categorical,categorical,51,166,0.378166,0.784005,0.841658,3.1
categorical,categorical,categorical,51,167,0.384004,0.781473,0.848034,3.1
categorical,categorical,categorical,51,168,0.420636,0.788290,0.821467,3.2
categorical,categorical,categorical,51,169,0.368641,0.781710,0.853348,3.2
categorical,categorical,categorical,51,170,0.383287,0.779227,0.835282,3.2
categorical,categorical,categorical,51,171,0.386026,0.785329,0.851222,3.2
categorical,categorical,categorical,51,172,0.344738,0.777409,0.861849,3.2
categorical,categorical,categorical,51,173,0.376694,0.789511,0.840595,3.2
categorical,categorical,categorical,51,174,0.385477,0.777458,0.854410,3.1
categorical,categorical,categorical,51,175,0.347959,0.781209,0.846971,3.3
categorical,categorical,categorical,51,176,0.363941,0.778591,0.854410,3.2
categorical,categorical,categorical,51,177,0.341142,0.772133,0.858661,3.3
categorical,categorical,categorical,51,178,0.368612,0.778603,0.842721,3.2
categorical,categorical,categorical,51,179,0.388954,0.774666,0.845909,3.2
categorical,categorical,categorical,51,180,0.365105,0.767997,0.850159,3.2
categorical,categorical,categorical,51,181,0.365891,0.788578,0.854410,3.2
categorical,categorical,categorical,51,182,0.393306,0.773212,0.833156,3.2
categorical,categorical,categorical,51,183,0.358501,0.763375,0.850159,3.1
categorical,categorical,categorical,51,184,0.350922,0.767874,0.856536,3.1
categorical,categorical,categorical,51,185,0.349199,0.771158,0.860786,3.2
categorical,categorical,categorical,51,186,0.375318,0.766239,0.841658,3.1
categorical,categorical,categorical,51,187,0.381605,0.780250,0.852285,3.2
categorical,categorical,categorical,51,188,0.361293,0.772910,0.850159,3.2
categorical,categorical,categorical,51,189,0.352140,0.770818,0.858661,3.2
categorical,categorical,categorical,51,190,0.372222,0.778138,0.861849,3.2
categorical,categorical,categorical,51,191,0.367642,0.771410,0.850159,3.2
categorical,categorical,categorical,51,192,0.360162,0.772212,0.859724,3.1
categorical,categorical,categorical,51,193,0.380482,0.768294,0.848034,3.1
categorical,categorical,categorical,51,194,0.368420,0.771484,0.852285,3.2
categorical,categorical,categorical,51,195,0.390322,0.772620,0.842721,3.3
categorical,categorical,categorical,51,196,0.369836,0.765505,0.854410,3.2
categorical,categorical,categorical,51,197,0.355261,0.761353,0.850159,3.4
categorical,categorical,categorical,51,198,0.351504,0.763972,0.866100,3.2
categorical,categorical,categorical,51,199,0.346373,0.766455,0.866100,3.2
categorical,categorical,categorical,51,200,0.354207,0.772653,0.849097,3.1
categorical,categorical,categorical,51,201,0.372901,0.766303,0.840595,3.1
categorical,categorical,categorical,51,202,0.342232,0.768701,0.861849,3.2
categorical,categorical,categorical,51,203,0.347166,0.760213,0.857598,3.1
categorical,categorical,categorical,51,204,0.336701,0.767412,0.871413,3.1
categorical,categorical,categorical,51,205,0.343770,0.762225,0.867163,3.2
categorical,categorical,categorical,51,206,0.368486,0.757975,0.840595,3.2
categorical,categorical,categorical,51,207,0.354623,0.764665,0.859724,3.2
categorical,categorical,categorical,51,208,0.368089,0.769169,0.846971,3.2
categorical,categorical,categorical,51,209,0.364341,0.758175,0.843783,3.1
categorical,categorical,categorical,51,210,0.355497,0.762640,0.859724,3.2
categorical,categorical,categorical,51,211,0.337700,0.757146,0.870351,3.2
categorical,categorical,categorical,51,212,0.333919,0.767376,0.865037,3.1
categorical,categorical,categorical,51,213,0.357798,0.773249,0.851222,3.2
categorical,categorical,categorical,51,214,0.356061,0.761792,0.860786,3.1
categorical,categorical,categorical,51,215,0.365970,0.765800,0.841658,3.2
categorical,categorical,categorical,51,216,0.352530,0.758330,0.853348,3.2
categorical,categorical,categorical,51,217,0.337770,0.751345,0.865037,3.2
categorical,categorical,categorical,51,218,0.395553,0.764032,0.836344,3.1
categorical,categorical,categorical,51,219,0.351110,0.761410,0.854410,3.2
categorical,categorical,categorical,51,220,0.358395,0.761062,0.861849,3.2
categorical,categorical,categorical,51,221,0.348168,0.751835,0.856536,3.2
categorical,categorical,categorical,51,222,0.336731,0.754599,0.869288,3.2
categorical,categorical,categorical,51,223,0.355366,0.755023,0.860786,3.1
categorical,categorical,categorical,51,224,0.349874,0.750639,0.850159,3.2
categorical,categorical,categorical,51,225,0.334924,0.751925,0.859724,3.1
categorical,categorical,categorical,51,226,0.333114,0.752039,0.865037,3.2
categorical,categorical,categorical,51,227,0.309660,0.751660,0.883103,3.2
categorical,categorical,categorical,51,228,0.330915,0.751367,0.866100,3.2
categorical,categorical,categorical,51,229,0.343287,0.748232,0.871413,3.2
categorical,categorical,categorical,51,230,0.348622,0.762965,0.862912,3.2
categorical,categorical,categorical,51,231,0.336927,0.754772,0.857598,3.2
categorical,categorical,categorical,51,232,0.342024,0.745239,0.865037,3.2
categorical,categorical,categorical,51,233,0.354688,0.752642,0.849097,3.2
categorical,categorical,categorical,51,234,0.343530,0.758558,0.861849,3.1
categorical,categorical,categorical,51,235,0.312847,0.748004,0.873539,3.3
categorical,categorical,categorical,51,236,0.357497,0.754015,0.855473,3.1
categorical,categorical,categorical,51,237,0.347107,0.754587,0.861849,3.2
categorical,categorical,categorical,51,238,0.340685,0.744534,0.862912,3.3
categorical,categorical,categorical,51,239,0.350466,0.749527,0.861849,3.2
categorical,categorical,categorical,51,240,0.339703,0.751320,0.857598,3.1
categorical,categorical,categorical,51,241,0.343287,0.745061,0.865037,3.4
categorical,categorical,categorical,51,242,0.328311,0.759247,0.859724,3.2
categorical,categorical,categorical,51,243,0.327610,0.751644,0.882040,3.2
categorical,categorical,categorical,51,244,0.341915,0.749835,0.874601,3.2
categorical,categorical,categorical,51,245,0.308175,0.754087,0.878852,3.2
categorical,categorical,categorical,51,246,0.333139,0.746454,0.854410,3.1
categorical,categorical,categorical,51,247,0.335784,0.753324,0.867163,3.1
categorical,categorical,categorical,51,248,0.330578,0.747189,0.859724,3.2
categorical,categorical,categorical,51,249,0.323216,0.744647,0.872476,3.2
categorical,categorical,categorical,51,250,0.331811,0.741423,0.865037,3.2
categorical,categorical,categorical,52,1,0.712465,1.225108,0.599169,3.2
categorical,categorical,categorical,52,2,0.633862,0.927830,0.609553,3.4
categorical,categorical,categorical,52,3,0.646670,0.920978,0.585670,3.2
categorical,categorical,categorical,52,4,0.666564,0.920151,0.599169,3.2
categorical,categorical,categorical,52,5,0.656201,0.916767,0.554517,3.3
categorical,categorical,categorical,52,6,0.589373,0.917010,0.651090,3.2
categorical,categorical,categorical,52,7,0.618216,0.913288,0.641745,3.3
categorical,categorical,categorical,52,8,0.608966,0.913780,0.646937,3.3
categorical,categorical,categorical,52,9,0.623201,0.912708,0.600208,3.3
categorical,categorical,categorical,52,10,0.630526,0.913303,0.617861,3.4
categorical,categorical,categorical,52,11,0.620993,0.910439,0.600208,3.2
categorical,categorical,categorical,52,12,0.630289,0.914516,0.624091,3.2
categorical,categorical,categorical,52,13,0.576982,0.914792,0.683281,3.4
categorical,categorical,categorical,52,14,0.588505,0.912439,0.644860,3.3
categorical,categorical,categorical,52,15,0.588971,0.912293,0.661475,3.2
categorical,categorical,categorical,52,16,0.617776,0.910481,0.629283,3.2
categorical,categorical,categorical,52,17,0.610206,0.910043,0.644860,3.2
categorical,categorical,categorical,52,18,0.594859,0.905951,0.659398,3.3
categorical,categorical,categorical,52,19,0.594996,0.908464,0.658359,3.3
categorical,categorical,categorical,52,20,0.623744,0.909649,0.647975,3.2
categorical,categorical,categorical,52,21,0.603741,0.903813,0.639668,3.2
categorical,categorical,categorical,52,22,0.610915,0.904203,0.642783,3.2
categorical,categorical,categorical,52,23,0.603149,0.901802,0.636552,3.2
categorical,categorical,categorical,52,24,0.618526,0.896357,0.646937,3.3
categorical,categorical,categorical,52,25,0.610917,0.904750,0.656282,3.3
categorical,categorical,categorical,52,26,0.620296,0.898572,0.641745,3.2
categorical,categorical,categorical,52,27,0.606126,0.898178,0.658359,3.2
categorical,categorical,categorical,52,28,0.632587,0.895723,0.655244,3.2
categorical,categorical,categorical,52,29,0.584395,0.892871,0.676012,3.3
categorical,categorical,categorical,52,30,0.588178,0.890101,0.671859,3.2
categorical,categorical,categorical,52,31,0.600657,0.891766,0.665628,3.4
categorical,categorical,categorical,52,32,0.574199,0.886658,0.698858,3.2
categorical,categorical,categorical,52,33,0.600475,0.889637,0.680166,3.2
categorical,categorical,categorical,52,34,0.582583,0.877918,0.681205,3.2
categorical,categorical,categorical,52,35,0.598141,0.890610,0.686397,3.3
categorical,categorical,categorical,52,36,0.571448,0.878512,0.710280,3.3
categorical,categorical,categorical,52,37,0.568224,0.879033,0.686397,3.3
categorical,categorical,categorical,52,38,0.590232,0.879774,0.695742,3.3
categorical,categorical,categorical,52,39,0.565122,0.874815,0.719626,3.2
categorical,categorical,categorical,52,40,0.557654,0.869985,0.721703,3.2
categorical,categorical,categorical,52,41,0.550438,0.865345,0.709242,3.3
categorical,categorical,categorical,52,42,0.534254,0.867146,0.734164,3.2
categorical,categorical,categorical,52,43,0.509834,0.860351,0.749740,3.3
categorical,categorical,categorical,52,44,0.523491,0.864082,0.739356,3.3
categorical,categorical,categorical,52,45,0.497266,0.850803,0.767394,3.2
categorical,categorical,categorical,52,46,0.535108,0.856786,0.723780,3.2
categorical,categorical,categorical,52,47,0.534324,0.852677,0.741433,3.3
categorical,categorical,categorical,52,48,0.502771,0.840723,0.781931,3.2
categorical,categorical,categorical,52,49,0.531878,0.852742,0.749740,3.3
categorical,categorical,categorical,52,50,0.469624,0.842440,0.782970,3.3
categorical,categorical,categorical,52,51,0.504071,0.849789,0.760125,3.3
categorical,categorical,categorical,52,52,0.525656,0.842775,0.735202,3.4
categorical,categorical,categorical,52,53,0.517779,0.842053,0.745587,3.3
categorical,categorical,categorical,52,54,0.506483,0.832152,0.773624,3.3
categorical,categorical,categorical,52,55,0.541327,0.839364,0.736241,3.3
categorical,categorical,categorical,52,56,0.513940,0.831898,0.758048,3.3
categorical,categorical,categorical,52,57,0.490949,0.832476,0.786085,3.3
categorical,categorical,categorical,52,58,0.511611,0.841615,0.763240,3.2
categorical,categorical,categorical,52,59,0.494850,0.828775,0.773624,3.3
categorical,categorical,categorical,52,60,0.498927,0.832724,0.762201,3.2
categorical,categorical,categorical,52,61,0.486077,0.827858,0.778816,3.2
categorical,categorical,categorical,52,62,0.486697,0.820767,0.777778,3.3
categorical,categorical,categorical,52,63,0.483049,0.829610,0.776739,3.3
categorical,categorical,categorical,52,64,0.493805,0.821148,0.778816,3.4
categorical,categorical,categorical,52,65,0.488741,0.831271,0.769470,3.3
categorical,categorical,categorical,52,66,0.476446,0.817988,0.795431,3.2
categorical,categorical,categorical,52,67,0.443221,0.814357,0.803738,3.2
categorical,categorical,categorical,52,68,0.466671,0.814724,0.784008,3.3
categorical,categorical,categorical,52,69,0.467764,0.815281,0.786085,3.2
categorical,categorical,categorical,52,70,0.465826,0.814346,0.805815,3.2
categorical,categorical,categorical,52,71,0.462181,0.817208,0.798546,3.2
categorical,categorical,categorical,52,72,0.465615,0.819616,0.773624,3.3
categorical,categorical,categorical,52,73,0.486552,0.819416,0.775701,3.3
categorical,categorical,categorical,52,74,0.475213,0.819375,0.793354,3.2
categorical,categorical,categorical,52,75,0.473120,0.821414,0.797508,3.4
categorical,categorical,categorical,52,76,0.440041,0.812385,0.809969,3.3
categorical,categorical,categorical,52,77,0.462632,0.806558,0.782970,3.3
categorical,categorical,categorical,52,78,0.434394,0.816032,0.803738,3.2
categorical,categorical,categorical,52,79,0.443432,0.804996,0.808930,3.3
categorical,categorical,categorical,52,80,0.443061,0.806594,0.813084,3.3
categorical,categorical,categorical,52,81,0.418360,0.805473,0.814123,3.3
categorical,categorical,categorical,52,82,0.442784,0.806323,0.800623,3.3
categorical,categorical,categorical,52,83,0.478493,0.812882,0.788162,3.3
categorical,categorical,categorical,52,84,0.441793,0.802675,0.805815,3.2
categorical,categorical,categorical,52,85,0.447107,0.814391,0.821391,3.3
categorical,categorical,categorical,52,86,0.456737,0.805912,0.793354,3.2
categorical,categorical,categorical,52,87,0.434072,0.804600,0.822430,3.2
categorical,categorical,categorical,52,88,0.460043,0.805455,0.807892,3.2
categorical,categorical,categorical,52,89,0.464173,0.808692,0.788162,3.2
categorical,categorical,categorical,52,90,0.418622,0.799668,0.822430,3.3
categorical,categorical,categorical,52,91,0.451756,0.802674,0.798546,3.3
categorical,categorical,categorical,52,92,0.417564,0.813284,0.831776,3.2
categorical,categorical,categorical,52,93,0.430012,0.799134,0.820353,3.3
categorical,categorical,categorical,52,94,0.440237,0.800502,0.808930,3.5
categorical,categorical,categorical,52,95,0.439646,0.807618,0.812046,3.3
categorical,categorical,categorical,52,96,0.416707,0.807768,0.834891,3.3
categorical,categorical,categorical,52,97,0.408271,0.800340,0.824507,3.3
categorical,categorical,categorical,52,98,0.437952,0.800040,0.817238,3.2
categorical,categorical,categorical,52,99,0.424265,0.811195,0.822430,3.3
categorical,categorical,categorical,52,100,0.434903,0.798658,0.811007,3.2
categorical,categorical,categorical,52,101,0.423865,0.788977,0.819315,3.2
categorical,categorical,categorical,52,102,0.421728,0.795905,0.825545,3.2
categorical,categorical,categorical,52,103,0.405193,0.790647,0.840083,3.2
categorical,categorical,categorical,52,104,0.413250,0.792170,0.826584,3.2
categorical,categorical,categorical,52,105,0.400261,0.797605,0.832814,3.2
categorical,categorical,categorical,52,106,0.419698,0.801411,0.816199,3.3
categorical,categorical,categorical,52,107,0.398991,0.793493,0.825545,3.2
categorical,categorical,categorical,52,108,0.414902,0.798547,0.827622,3.2
categorical,categorical,categorical,52,109,0.400952,0.799610,0.843198,3.2
categorical,categorical,categorical,52,110,0.411452,0.797190,0.830737,3.2
categorical,categorical,categorical,52,111,0.404684,0.789938,0.831776,3.2
categorical,categorical,categorical,52,112,0.426218,0.794930,0.823468,3.2
categorical,categorical,categorical,52,113,0.390131,0.793587,0.834891,3.2
categorical,categorical,categorical,52,114,0.410140,0.791393,0.830737,3.3
categorical,categorical,categorical,52,115,0.429196,0.797243,0.816199,3.4
categorical,categorical,categorical,52,116,0.412540,0.788436,0.836968,3.4
categorical,categorical,categorical,52,117,0.403421,0.791438,0.827622,3.2
categorical,categorical,categorical,52,118,0.401323,0.789594,0.829699,3.3
categorical,categorical,categorical,52,119,0.422386,0.786009,0.826584,3.3
categorical,categorical,categorical,52,120,0.398710,0.791315,0.828660,3.3
categorical,categorical,categorical,52,121,0.406964,0.786659,0.830737,3.2
categorical,categorical,categorical,52,122,0.394156,0.783945,0.839045,3.2
categorical,categorical,categorical,52,123,0.395946,0.787598,0.844237,3.2
categorical,categorical,categorical,52,124,0.418334,0.795912,0.831776,3.2
categorical,categorical,categorical,52,125,0.410502,0.793331,0.834891,3.3
categorical,categorical,categorical,52,126,0.426198,0.782046,0.819315,3.2
categorical,categorical,categorical,52,127,0.405443,0.784313,0.831776,3.3
categorical,categorical,categorical,52,128,0.400243,0.783051,0.840083,3.2
categorical,categorical,categorical,52,129,0.405494,0.784782,0.835929,3.2
categorical,categorical,categorical,52,130,0.384161,0.781761,0.842160,3.3
categorical,categorical,categorical,52,131,0.417368,0.792396,0.819315,3.3
categorical,categorical,categorical,52,132,0.394823,0.781401,0.834891,3.2
categorical,categorical,categorical,52,133,0.387491,0.777501,0.841121,3.2
categorical,categorical,categorical,52,134,0.391390,0.780987,0.848390,3.2
categorical,categorical,categorical,52,135,0.384231,0.776832,0.846314,3.2
categorical,categorical,categorical,52,136,0.389314,0.779083,0.847352,3.3
categorical,categorical,categorical,52,137,0.386467,0.779336,0.830737,3.5
categorical,categorical,categorical,52,138,0.393670,0.781465,0.841121,3.2
categorical,categorical,categorical,52,139,0.382903,0.775348,0.849429,3.3
categorical,categorical,categorical,52,140,0.397629,0.777658,0.830737,3.2
categorical,categorical,categorical,52,141,0.375081,0.769721,0.851506,3.2
categorical,categorical,categorical,52,142,0.367856,0.780150,0.854621,3.3
categorical,categorical,categorical,52,143,0.389161,0.767357,0.843198,3.2
categorical,categorical,categorical,52,144,0.360061,0.767837,0.847352,3.3
categorical,categorical,categorical,52,145,0.392213,0.777252,0.845275,3.2
categorical,categorical,categorical,52,146,0.377961,0.769140,0.845275,3.2
categorical,categorical,categorical,52,147,0.387750,0.774901,0.856698,3.3
categorical,categorical,categorical,52,148,0.384487,0.770154,0.835929,3.3
categorical,categorical,categorical,52,149,0.386097,0.775191,0.848390,3.2
categorical,categorical,categorical,52,150,0.380672,0.770993,0.844237,3.3
categorical,categorical,categorical,52,151,0.363837,0.766375,0.847352,3.2
categorical,categorical,categorical,52,152,0.372869,0.769201,0.855659,3.3
categorical,categorical,categorical,52,153,0.364045,0.765028,0.860852,3.2
categorical,categorical,categorical,52,154,0.364830,0.765415,0.873313,3.3
categorical,categorical,categorical,52,155,0.367557,0.770194,0.852544,3.2
categorical,categorical,categorical,52,156,0.349464,0.762823,0.873313,3.2
categorical,categorical,categorical,52,157,0.368791,0.770076,0.857736,3.3
categorical,categorical,categorical,52,158,0.372369,0.762993,0.856698,3.3
categorical,categorical,categorical,52,159,0.377161,0.762382,0.842160,3.4
categorical,categorical,categorical,52,160,0.357885,0.762676,0.848390,3.2
categorical,categorical,categorical,52,161,0.365689,0.767820,0.853583,3.3
categorical,categorical,categorical,52,162,0.340310,0.760509,0.866044,3.3
categorical,categorical,categorical,52,163,0.360597,0.758760,0.853583,3.2
categorical,categorical,categorical,52,164,0.357604,0.763573,0.862928,3.4
categorical,categorical,categorical,52,165,0.338563,0.756137,0.871236,3.2
categorical,categorical,categorical,52,166,0.356363,0.764270,0.849429,3.2
categorical,categorical,categorical,52,167,0.348878,0.761230,0.859813,3.3
categorical,categorical,categorical,52,168,0.364716,0.751975,0.851506,3.2
categorical,categorical,categorical,52,169,0.350228,0.763969,0.854621,3.2
categorical,categorical,categorical,52,170,0.368349,0.756017,0.851506,3.3
categorical,categorical,categorical,52,171,0.337144,0.755834,0.869159,3.2
categorical,categorical,categorical,52,172,0.357267,0.757534,0.848390,3.2
categorical,categorical,categorical,52,173,0.361801,0.759139,0.850467,3.3
categorical,categorical,categorical,52,174,0.348969,0.748509,0.856698,3.3
categorical,categorical,categorical,52,175,0.355459,0.758067,0.856698,3.2
categorical,categorical,categorical,52,176,0.353868,0.760323,0.850467,3.3
categorical,categorical,categorical,52,177,0.352529,0.753689,0.856698,3.3
categorical,categorical,categorical,52,178,0.347296,0.762836,0.866044,3.2
categorical,categorical,categorical,52,179,0.342330,0.756198,0.848390,3.4
categorical,categorical,categorical,52,180,0.354773,0.750974,0.858775,3.2
categorical,categorical,categorical,52,181,0.340793,0.748722,0.872274,3.2
categorical,categorical,categorical,52,182,0.353992,0.754062,0.866044,3.2
categorical,categorical,categorical,52,183,0.346819,0.751882,0.866044,3.4
categorical,categorical,categorical,52,184,0.348303,0.752456,0.847352,3.4
categorical,categorical,categorical,52,185,0.350394,0.750217,0.856698,3.2
categorical,categorical,categorical,52,186,0.343318,0.749433,0.868120,3.3
categorical,categorical,categorical,52,187,0.348372,0.748202,0.849429,3.2
categorical,categorical,categorical,52,188,0.358175,0.750805,0.858775,3.3
categorical,categorical,categorical,52,189,0.348493,0.748577,0.859813,3.2
categorical,categorical,categorical,52,190,0.332041,0.742555,0.860852,3.2
categorical,categorical,categorical,52,191,0.346608,0.748573,0.860852,3.2
categorical,categorical,categorical,52,192,0.355420,0.737374,0.865005,3.3
categorical,categorical,categorical,52,193,0.360381,0.741512,0.856698,3.3
categorical,categorical,categorical,52,194,0.341799,0.745070,0.882658,3.3
categorical,categorical,categorical,52,195,0.333653,0.740038,0.872274,3.2
categorical,categorical,categorical,52,196,0.366056,0.748354,0.861890,3.3
categorical,categorical,categorical,52,197,0.319113,0.738507,0.881620,3.3
categorical,categorical,categorical,52,198,0.368235,0.747380,0.844237,3.4
categorical,categorical,categorical,52,199,0.330235,0.738179,0.868120,3.2
categorical,categorical,categorical,52,200,0.338924,0.742451,0.859813,3.4
categorical,categorical,categorical,52,201,0.341388,0.737917,0.860852,3.2
categorical,categorical,categorical,52,202,0.354005,0.742126,0.851506,3.3
categorical,categorical,categorical,52,203,0.333720,0.739059,0.855659,3.3
categorical,categorical,categorical,52,204,0.332798,0.741123,0.863967,3.2
categorical,categorical,categorical,52,205,0.333965,0.735856,0.867082,3.2
categorical,categorical,categorical,52,206,0.316063,0.743918,0.877466,3.2
categorical,categorical,categorical,52,207,0.314289,0.735364,0.881620,3.2
categorical,categorical,categorical,52,208,0.330445,0.737264,0.868120,3.3
categorical,categorical,categorical,52,209,0.336001,0.743582,0.866044,3.2
categorical,categorical,categorical,52,210,0.324072,0.738995,0.869159,3.2
categorical,categorical,categorical,52,211,0.317410,0.731145,0.874351,3.2
categorical,categorical,categorical,52,212,0.344706,0.735945,0.860852,3.2
categorical,categorical,categorical,52,213,0.335823,0.739799,0.861890,3.2
categorical,categorical,categorical,52,214,0.303999,0.737802,0.880582,3.4
categorical,categorical,categorical,52,215,0.347088,0.733536,0.854621,3.3
categorical,categorical,categorical,52,216,0.312716,0.734502,0.872274,3.3
categorical,categorical,categorical,52,217,0.325261,0.729650,0.869159,3.2
categorical,categorical,categorical,52,218,0.323316,0.731445,0.875389,3.2
categorical,categorical,categorical,52,219,0.320145,0.727293,0.868120,3.2
categorical,categorical,categorical,52,220,0.310944,0.744236,0.877466,3.3
categorical,categorical,categorical,52,221,0.320876,0.738412,0.869159,3.3
categorical,categorical,categorical,52,222,0.347432,0.745739,0.865005,3.2
categorical,categorical,categorical,52,223,0.320664,0.730673,0.875389,3.3
categorical,categorical,categorical,52,224,0.316114,0.731744,0.868120,3.2
categorical,categorical,categorical,52,225,0.323751,0.734532,0.875389,3.2
categorical,categorical,categorical,52,226,0.327472,0.735395,0.869159,3.2
categorical,categorical,categorical,52,227,0.313044,0.732884,0.870197,3.2
categorical,categorical,categorical,52,228,0.327033,0.731621,0.858775,3.2
categorical,categorical,categorical,52,229,0.319085,0.733722,0.873313,3.2
categorical,categorical,categorical,52,230,0.329557,0.735802,0.863967,3.2
categorical,categorical,categorical,52,231,0.332204,0.730678,0.863967,3.2
categorical,categorical,categorical,52,232,0.297054,0.731417,0.883697,3.3
categorical,categorical,categorical,52,233,0.349502,0.735168,0.853583,3.2
categorical,categorical,categorical,52,234,0.318925,0.726940,0.867082,3.2
categorical,categorical,categorical,52,235,0.306147,0.732691,0.880582,3.3
categorical,categorical,categorical,52,236,0.332546,0.727578,0.857736,3.3
categorical,categorical,categorical,52,237,0.315644,0.728008,0.868120,3.3
categorical,categorical,categorical,52,238,0.322784,0.723924,0.865005,3.3
categorical,categorical,categorical,52,239,0.319593,0.729970,0.875389,3.3
categorical,categorical,categorical,52,240,0.332570,0.724928,0.866044,3.3
categorical,categorical,categorical,52,241,0.325651,0.727999,0.869159,3.2
categorical,categorical,categorical,52,242,0.323040,0.723831,0.872274,3.3
categorical,categorical,categorical,52,243,0.301499,0.723835,0.881620,3.2
categorical,categorical,categorical,52,244,0.340626,0.724583,0.860852,3.3
categorical,categorical,categorical,52,245,0.301115,0.727806,0.877466,3.2
categorical,categorical,categorical,52,246,0.309579,0.721559,0.883697,3.3
categorical,categorical,categorical,52,247,0.313121,0.720155,0.870197,3.3
categorical,categorical,categorical,52,248,0.324805,0.730756,0.866044,3.2
categorical,categorical,categorical,52,249,0.311374,0.730286,0.879543,3.2
categorical,categorical,categorical,52,250,0.319046,0.726493,0.868120,3.3
categorical,categorical,categorical,53,1,0.747177,1.211776,0.561077,3.2
categorical,categorical,categorical,53,2,0.635570,0.936520,0.607660,3.2
categorical,categorical,categorical,53,3,0.665525,0.929483,0.568323,3.2
categorical,categorical,categorical,53,4,0.643363,0.924969,0.605590,3.2
categorical,categorical,categorical,53,5,0.629205,0.926676,0.605590,3.2
categorical,categorical,categorical,53,6,0.651227,0.924533,0.593168,3.2
categorical,categorical,categorical,53,7,0.618964,0.922359,0.602484,3.3
categorical,categorical,categorical,53,8,0.606939,0.922292,0.619048,3.2
categorical,categorical,categorical,53,9,0.646106,0.924050,0.598344,3.2
categorical,categorical,categorical,53,10,0.650740,0.921056,0.590062,3.3
categorical,categorical,categorical,53,11,0.631879,0.922497,0.601449,3.4
categorical,categorical,categorical,53,12,0.630658,0.919594,0.621118,3.3
categorical,categorical,categorical,53,13,0.640806,0.922250,0.585921,3.3
categorical,categorical,categorical,53,14,0.625562,0.921497,0.616977,3.2
categorical,categorical,categorical,53,15,0.590136,0.920426,0.646998,3.2
categorical,categorical,categorical,53,16,0.630109,0.920005,0.620083,3.2
categorical,categorical,categorical,53,17,0.622368,0.917289,0.619048,3.3
categorical,categorical,categorical,53,18,0.646387,0.917021,0.616977,3.3
categorical,categorical,categorical,53,19,0.639857,0.918670,0.597308,3.2
categorical,categorical,categorical,53,20,0.599513,0.914257,0.649068,3.3
categorical,categorical,categorical,53,21,0.605383,0.919954,0.632505,3.3
categorical,categorical,categorical,53,22,0.647379,0.919929,0.571429,3.2
categorical,categorical,categorical,53,23,0.637804,0.915198,0.612836,3.2
categorical,categorical,categorical,53,24,0.645681,0.914444,0.591097,3.2
categorical,categorical,categorical,53,25,0.623862,0.915011,0.636646,3.2
categorical,categorical,categorical,53,26,0.661269,0.916140,0.603520,3.2
categorical,categorical,categorical,53,27,0.628711,0.908468,0.636646,3.2
categorical,categorical,categorical,53,28,0.612254,0.908892,0.638716,3.3
categorical,categorical,categorical,53,29,0.596517,0.910307,0.651139,3.2
categorical,categorical,categorical,53,30,0.563158,0.907949,0.669772,3.2
categorical,categorical,categorical,53,31,0.613146,0.914626,0.636646,3.3
categorical,categorical,categorical,53,32,0.614194,0.911516,0.632505,3.4
categorical,categorical,categorical,53,33,0.612529,0.908331,0.603520,3.2
categorical,categorical,categorical,53,34,0.589434,0.905741,0.651139,3.2
categorical,categorical,categorical,53,35,0.586127,0.904858,0.654244,3.3
categorical,categorical,categorical,53,36,0.602050,0.904952,0.660455,3.2
categorical,categorical,categorical,53,37,0.641223,0.904537,0.618012,3.3
categorical,categorical,categorical,53,38,0.603200,0.908453,0.650104,3.4
categorical,categorical,categorical,53,39,0.616189,0.900307,0.636646,3.2
categorical,categorical,categorical,53,40,0.609395,0.898973,0.657350,3.3
categorical,categorical,categorical,53,41,0.575211,0.903968,0.672878,3.2
categorical,categorical,categorical,53,42,0.573101,0.900470,0.656315,3.2
categorical,categorical,categorical,53,43,0.599157,0.896257,0.671843,3.3
categorical,categorical,categorical,53,44,0.604423,0.893614,0.644928,3.3
categorical,categorical,categorical,53,45,0.559586,0.886823,0.709110,3.3
categorical,categorical,categorical,53,46,0.583154,0.895040,0.670807,3.3
categorical,categorical,categorical,53,47,0.581969,0.891323,0.697723,3.2
categorical,categorical,categorical,53,48,0.546692,0.890860,0.710145,3.3
categorical,categorical,categorical,53,49,0.560331,0.882621,0.707039,3.2
categorical,categorical,categorical,53,50,0.560647,0.883899,0.712215,3.3
categorical,categorical,categorical,53,51,0.582895,0.874947,0.697723,3.3
categorical,categorical,categorical,53,52,0.591555,0.873065,0.694617,3.2
categorical,categorical,categorical,53,53,0.550160,0.876481,0.709110,3.4
categorical,categorical,categorical,53,54,0.529027,0.876988,0.721532,3.2
categorical,categorical,categorical,53,55,0.551321,0.865766,0.725673,3.3
categorical,categorical,categorical,53,56,0.545609,0.855920,0.731884,3.2
categorical,categorical,categorical,53,57,0.539872,0.857855,0.750518,3.3
categorical,categorical,categorical,53,58,0.534935,0.868110,0.733954,3.3
categorical,categorical,categorical,53,59,0.540676,0.856746,0.703934,3.2
categorical,categorical,categorical,53,60,0.505461,0.855509,0.752588,3.2
categorical,categorical,categorical,53,61,0.511469,0.857550,0.754658,3.2
categorical,categorical,categorical,53,62,0.517716,0.856893,0.741201,3.3
categorical,categorical,categorical,53,63,0.519434,0.846558,0.729814,3.4
categorical,categorical,categorical,53,64,0.501665,0.843347,0.762940,3.3
categorical,categorical,categorical,53,65,0.520627,0.831180,0.731884,3.2
categorical,categorical,categorical,53,66,0.499571,0.837230,0.767081,3.2
categorical,categorical,categorical,53,67,0.477810,0.844106,0.768116,3.2
categorical,categorical,categorical,53,68,0.542824,0.840535,0.720497,3.3
categorical,categorical,categorical,53,69,0.492828,0.835219,0.762940,3.3
categorical,categorical,categorical,53,70,0.478490,0.838418,0.791925,3.2
categorical,categorical,categorical,53,71,0.535663,0.837228,0.717391,3.3
categorical,categorical,categorical,53,72,0.487251,0.830538,0.777433,3.3
categorical,categorical,categorical,53,73,0.474636,0.823019,0.776398,3.2
categorical,categorical,categorical,53,74,0.473964,0.830189,0.772257,3.3
categorical,categorical,categorical,53,75,0.496954,0.827011,0.768116,3.3
categorical,categorical,categorical,53,76,0.501302,0.834930,0.757764,3.3
categorical,categorical,categorical,53,77,0.476073,0.820350,0.759834,3.2
categorical,categorical,categorical,53,78,0.484858,0.820400,0.781573,3.2
categorical,categorical,categorical,53,79,0.450994,0.818180,0.791925,3.3
categorical,categorical,categorical,53,80,0.465701,0.820297,0.789855,3.2
categorical,categorical,categorical,53,81,0.486265,0.817463,0.774327,3.3
categorical,categorical,categorical,53,82,0.460269,0.825917,0.789855,3.3
categorical,categorical,categorical,53,83,0.453067,0.817302,0.801242,3.2
categorical,categorical,categorical,53,84,0.479434,0.819921,0.790890,3.4
categorical,categorical,categorical,53,85,0.438144,0.809873,0.809524,3.2
categorical,categorical,categorical,53,86,0.455624,0.811845,0.789855,3.3
categorical,categorical,categorical,53,87,0.440338,0.810441,0.793996,3.3
categorical,categorical,categorical,53,88,0.444852,0.808048,0.789855,3.3
categorical,categorical,categorical,53,89,0.465940,0.831096,0.769151,3.3
categorical,categorical,categorical,53,90,0.452650,0.804357,0.792961,3.3
categorical,categorical,categorical,53,91,0.449140,0.810632,0.793996,3.2
categorical,categorical,categorical,53,92,0.471074,0.812180,0.772257,3.2
categorical,categorical,categorical,53,93,0.438910,0.807586,0.811594,3.2
categorical,categorical,categorical,53,94,0.457627,0.803242,0.789855,3.3
categorical,categorical,categorical,53,95,0.456834,0.802687,0.782609,3.3
categorical,categorical,categorical,53,96,0.471319,0.804080,0.787785,3.3
categorical,categorical,categorical,53,97,0.427163,0.802594,0.818841,3.3
categorical,categorical,categorical,53,98,0.424771,0.797454,0.813665,3.2
categorical,categorical,categorical,53,99,0.422395,0.800966,0.816770,3.3
categorical,categorical,categorical,53,100,0.412278,0.800227,0.813665,3.2
categorical,categorical,categorical,53,101,0.435395,0.798932,0.798137,3.2
categorical,categorical,categorical,53,102,0.451340,0.805291,0.788820,3.3
categorical,categorical,categorical,53,103,0.436745,0.801078,0.799172,3.3
categorical,categorical,categorical,53,104,0.419472,0.790846,0.817805,3.3
categorical,categorical,categorical,53,105,0.432643,0.798163,0.800207,3.3
categorical,categorical,categorical,53,106,0.458082,0.803775,0.792961,3.2
categorical,categorical,categorical,53,107,0.416157,0.796739,0.816770,3.2
categorical,categorical,categorical,53,108,0.441319,0.796186,0.815735,3.3
categorical,categorical,categorical,53,109,0.424194,0.792531,0.818841,3.2
categorical,categorical,categorical,53,110,0.419590,0.791444,0.826087,3.3
categorical,categorical,categorical,53,111,0.411758,0.797731,0.828157,3.3
categorical,categorical,categorical,53,112,0.402908,0.789922,0.819876,3.3
categorical,categorical,categorical,53,113,0.420231,0.792801,0.812629,3.2
categorical,categorical,categorical,53,114,0.411385,0.795604,0.818841,3.2
categorical,categorical,categorical,53,115,0.401031,0.784224,0.822981,3.2
categorical,categorical,categorical,53,116,0.412837,0.796417,0.821946,3.4
categorical,categorical,categorical,53,117,0.424295,0.791339,0.820911,3.3
categorical,categorical,categorical,53,118,0.429046,0.784136,0.811594,3.3
categorical,categorical,categorical,53,119,0.417391,0.796884,0.816770,3.2
categorical,categorical,categorical,53,120,0.399460,0.783318,0.834369,3.2
categorical,categorical,categorical,53,121,0.390939,0.787944,0.842650,3.4
categorical,categorical,categorical,53,122,0.382406,0.784012,0.840580,3.3
categorical,categorical,categorical,53,123,0.400428,0.784600,0.834369,3.3
categorical,categorical,categorical,53,124,0.404487,0.787766,0.828157,3.2
categorical,categorical,categorical,53,125,0.406445,0.775095,0.824017,3.2
categorical,categorical,categorical,53,126,0.400345,0.782721,0.842650,3.3
categorical,categorical,categorical,53,127,0.409219,0.791563,0.829193,3.2
categorical,categorical,categorical,53,128,0.401139,0.779469,0.832298,3.3
categorical,categorical,categorical,53,129,0.378716,0.781991,0.837474,3.2
categorical,categorical,categorical,53,130,0.389108,0.783909,0.831263,3.2
categorical,categorical,categorical,53,131,0.399849,0.788081,0.826087,3.2
categorical,categorical,categorical,53,132,0.419262,0.782769,0.827122,3.3
categorical,categorical,categorical,53,133,0.388456,0.780798,0.842650,3.2
categorical,categorical,categorical,53,134,0.373882,0.776061,0.840580,3.2
categorical,categorical,categorical,53,135,0.396158,0.773513,0.829193,3.2
categorical,categorical,categorical,53,136,0.382357,0.773525,0.831263,3.3
categorical,categorical,categorical,53,137,0.386210,0.780739,0.834369,3.3
categorical,categorical,categorical,53,138,0.384474,0.771066,0.839545,3.2
categorical,categorical,categorical,53,139,0.401868,0.779001,0.832298,3.2
categorical,categorical,categorical,53,140,0.353469,0.771433,0.856108,3.3
categorical,categorical,categorical,53,141,0.414412,0.783829,0.834369,3.2
categorical,categorical,categorical,53,142,0.367449,0.771544,0.854037,3.2
categorical,categorical,categorical,53,143,0.344168,0.773770,0.851967,3.3
categorical,categorical,categorical,53,144,0.381926,0.771929,0.850932,3.3
categorical,categorical,categorical,53,145,0.360201,0.766063,0.856108,3.2
categorical,categorical,categorical,53,146,0.378386,0.777426,0.842650,3.2
categorical,categorical,categorical,53,147,0.393424,0.773389,0.837474,3.3
categorical,categorical,categorical,53,148,0.394130,0.779013,0.831263,3.2
categorical,categorical,categorical,53,149,0.364968,0.770482,0.835404,3.3
categorical,categorical,categorical,53,150,0.355725,0.767502,0.851967,3.2
categorical,categorical,categorical,53,151,0.389518,0.771694,0.833333,3.3
categorical,categorical,categorical,53,152,0.365040,0.765976,0.845756,3.2
categorical,categorical,categorical,53,153,0.365614,0.767641,0.847826,3.4
categorical,categorical,categorical,53,154,0.394159,0.770150,0.831263,3.2
categorical,categorical,categorical,53,155,0.404732,0.770046,0.825052,3.2
categorical,categorical,categorical,53,156,0.371316,0.766189,0.841615,3.2
categorical,categorical,categorical,53,157,0.356850,0.760287,0.844720,3.3
categorical,categorical,categorical,53,158,0.363099,0.761295,0.849896,3.4
categorical,categorical,categorical,53,159,0.368554,0.763009,0.850932,3.2
categorical,categorical,categorical,53,160,0.383290,0.767764,0.836439,3.4
categorical,categorical,categorical,53,161,0.364274,0.763559,0.837474,3.3
categorical,categorical,categorical,53,162,0.354302,0.760379,0.855072,3.2
categorical,categorical,categorical,53,163,0.369134,0.767141,0.840580,3.4
categorical,categorical,categorical,53,164,0.373765,0.755505,0.846791,3.2
categorical,categorical,categorical,53,165,0.370736,0.757805,0.846791,3.2
categorical,categorical,categorical,53,166,0.370125,0.759392,0.839545,3.2
categorical,categorical,categorical,53,167,0.360802,0.760689,0.859213,3.2
categorical,categorical,categorical,53,168,0.359294,0.764068,0.854037,3.3
categorical,categorical,categorical,53,169,0.364192,0.762100,0.844720,3.2
categorical,categorical,categorical,53,170,0.357799,0.757423,0.846791,3.3
categorical,categorical,categorical,53,171,0.348456,0.764039,0.857143,3.3
categorical,categorical,categorical,53,172,0.395137,0.751422,0.837474,3.2
categorical,categorical,categorical,53,173,0.363250,0.752256,0.849896,3.3
categorical,categorical,categorical,53,174,0.378652,0.762031,0.856108,3.3
categorical,categorical,categorical,53,175,0.354370,0.753824,0.849896,3.2
categorical,categorical,categorical,53,176,0.353561,0.757185,0.844720,3.3
categorical,categorical,categorical,53,177,0.351348,0.756184,0.849896,3.2
categorical,categorical,categorical,53,178,0.354000,0.750833,0.855072,3.3
categorical,categorical,categorical,53,179,0.361643,0.754037,0.861284,3.3
categorical,categorical,categorical,53,180,0.339277,0.748069,0.856108,3.2
categorical,categorical,categorical,53,181,0.357852,0.755233,0.845756,3.3
categorical,categorical,categorical,53,182,0.329434,0.745631,0.857143,3.3
categorical,categorical,categorical,53,183,0.337283,0.749717,0.856108,3.2
categorical,categorical,categorical,53,184,0.351151,0.746281,0.864389,3.3
categorical,categorical,categorical,53,185,0.359558,0.759102,0.850932,3.2
categorical,categorical,categorical,53,186,0.356202,0.755323,0.842650,3.2
categorical,categorical,categorical,53,187,0.337820,0.742297,0.861284,3.2
categorical,categorical,categorical,53,188,0.358931,0.742845,0.846791,3.4
categorical,categorical,categorical,53,189,0.345680,0.745458,0.858178,3.4
categorical,categorical,categorical,53,190,0.347425,0.751011,0.854037,3.3
categorical,categorical,categorical,53,191,0.361749,0.742351,0.854037,3.2
categorical,categorical,categorical,53,192,0.358447,0.753177,0.843685,3.2
categorical,categorical,categorical,53,193,0.329162,0.747975,0.872671,3.2
categorical,categorical,categorical,53,194,0.351433,0.751967,0.864389,3.2
categorical,categorical,categorical,53,195,0.379357,0.752859,0.839545,3.2
categorical,categorical,categorical,53,196,0.344755,0.740267,0.850932,3.2
categorical,categorical,categorical,53,197,0.355157,0.746517,0.855072,3.2
categorical,categorical,categorical,53,198,0.328708,0.741314,0.868530,3.4
categorical,categorical,categorical,53,199,0.341556,0.742880,0.855072,3.2
categorical,categorical,categorical,53,200,0.354939,0.750463,0.860248,3.2
categorical,categorical,categorical,53,201,0.339519,0.749957,0.863354,3.4
categorical,categorical,categorical,53,202,0.331776,0.745601,0.858178,3.2
categorical,categorical,categorical,53,203,0.332348,0.744833,0.862319,3.3
categorical,categorical,categorical,53,204,0.328199,0.740457,0.858178,3.3
categorical,categorical,categorical,53,205,0.338029,0.741072,0.864389,3.3
categorical,categorical,categorical,53,206,0.341859,0.747223,0.862319,3.2
categorical,categorical,categorical,53,207,0.361723,0.749342,0.845756,3.3
categorical,categorical,categorical,53,208,0.319592,0.742772,0.858178,3.2
categorical,categorical,categorical,53,209,0.368379,0.746917,0.850932,3.2
categorical,categorical,categorical,53,210,0.330270,0.741507,0.861284,3.2
categorical,categorical,categorical,53,211,0.333476,0.739249,0.862319,3.3
categorical,categorical,categorical,53,212,0.355496,0.743806,0.843685,3.3
categorical,categorical,categorical,53,213,0.318222,0.740527,0.861284,3.3
categorical,categorical,categorical,53,214,0.361574,0.741032,0.843685,3.3
categorical,categorical,categorical,53,215,0.324285,0.735765,0.868530,3.2
categorical,categorical,categorical,53,216,0.350436,0.739668,0.848861,3.2
categorical,categorical,categorical,53,217,0.335716,0.737076,0.866460,3.4
categorical,categorical,categorical,53,218,0.351102,0.741958,0.862319,3.3
categorical,categorical,categorical,53,219,0.333307,0.738806,0.863354,3.2
categorical,categorical,categorical,53,220,0.311928,0.744427,0.876812,3.4
categorical,categorical,categorical,53,221,0.322351,0.732689,0.860248,3.2
categorical,categorical,categorical,53,222,0.310581,0.732035,0.873706,3.4
categorical,categorical,categorical,53,223,0.325383,0.740234,0.877847,3.2
categorical,categorical,categorical,53,224,0.327866,0.736842,0.860248,3.2
categorical,categorical,categorical,53,225,0.329928,0.734144,0.868530,3.2
categorical,categorical,categorical,53,226,0.317409,0.728823,0.874741,3.3
categorical,categorical,categorical,53,227,0.316246,0.736430,0.872671,3.2
categorical,categorical,categorical,53,228,0.318309,0.739642,0.870600,3.3
categorical,categorical,categorical,53,229,0.308736,0.730125,0.883023,3.4
categorical,categorical,categorical,53,230,0.341084,0.731417,0.858178,3.2
categorical,categorical,categorical,53,231,0.335049,0.737822,0.858178,3.3
categorical,categorical,categorical,53,232,0.304570,0.731909,0.888199,3.2
categorical,categorical,categorical,53,233,0.334370,0.735666,0.862319,3.4
categorical,categorical,categorical,53,234,0.332210,0.733595,0.869565,3.3
categorical,categorical,categorical,53,235,0.353733,0.743040,0.853002,3.3
categorical,categorical,categorical,53,236,0.340009,0.732774,0.861284,3.4
categorical,categorical,categorical,53,237,0.326957,0.734552,0.850932,3.2
categorical,categorical,categorical,53,238,0.300101,0.731687,0.872671,3.3
categorical,categorical,categorical,53,239,0.308764,0.730011,0.866460,3.3
categorical,categorical,categorical,53,240,0.318902,0.727723,0.868530,3.2
categorical,categorical,categorical,53,241,0.338443,0.726640,0.851967,3.3
categorical,categorical,categorical,53,242,0.324377,0.728119,0.858178,3.2
categorical,categorical,categorical,53,243,0.335959,0.726569,0.862319,3.5
categorical,categorical,categorical,53,244,0.326832,0.731793,0.867495,3.4
categorical,categorical,categorical,53,245,0.322233,0.731605,0.865424,3.2
categorical,categorical,categorical,53,246,0.317499,0.732567,0.861284,3.3
categorical,categorical,categorical,53,247,0.325976,0.729592,0.856108,3.3
categorical,categorical,categorical,53,248,0.323655,0.725992,0.862319,3.2
categorical,categorical,categorical,53,249,0.325207,0.727674,0.870600,3.2
categorical,categorical,categorical,53,250,0.295134,0.719376,0.876812,3.4
categorical,categorical,categorical,54,1,0.793700,1.181052,0.531983,3.1
categorical,categorical,categorical,54,2,0.654252,0.932185,0.588486,3.2
categorical,categorical,categorical,54,3,0.639000,0.926367,0.590618,3.1
categorical,categorical,categorical,54,4,0.646275,0.926041,0.595949,3.3
categorical,categorical,categorical,54,5,0.629587,0.921343,0.623667,3.2
categorical,categorical,categorical,54,6,0.655091,0.927265,0.560768,3.2
categorical,categorical,categorical,54,7,0.619500,0.919100,0.633262,3.2
categorical,categorical,categorical,54,8,0.624616,0.923572,0.624733,3.2
categorical,categorical,categorical,54,9,0.631667,0.922099,0.616205,3.2
categorical,categorical,categorical,54,10,0.629503,0.920592,0.610874,3.2
categorical,categorical,categorical,54,11,0.628137,0.920095,0.597015,3.1
categorical,categorical,categorical,54,12,0.625929,0.916396,0.655650,3.2
categorical,categorical,categorical,54,13,0.598714,0.912949,0.669510,3.2
categorical,categorical,categorical,54,14,0.604713,0.916445,0.634328,3.2
categorical,categorical,categorical,54,15,0.621159,0.913983,0.637527,3.2
categorical,categorical,categorical,54,16,0.633293,0.913496,0.631130,3.1
categorical,categorical,categorical,54,17,0.622307,0.914446,0.622601,3.2
categorical,categorical,categorical,54,18,0.606323,0.911672,0.619403,3.1
categorical,categorical,categorical,54,19,0.603616,0.913069,0.632196,3.2
categorical,categorical,categorical,54,20,0.598992,0.916390,0.664179,3.1
categorical,categorical,categorical,54,21,0.595972,0.911635,0.648188,3.2
categorical,categorical,categorical,54,22,0.613056,0.910213,0.636461,3.2
categorical,categorical,categorical,54,23,0.610405,0.910847,0.637527,3.2
categorical,categorical,categorical,54,24,0.620514,0.907602,0.615139,3.1
categorical,categorical,categorical,54,25,0.601932,0.907744,0.656716,3.1
categorical,categorical,categorical,54,26,0.620598,0.906672,0.638593,3.1
categorical,categorical,categorical,54,27,0.638120,0.908463,0.599147,3.1
categorical,categorical,categorical,54,28,0.621133,0.911592,0.613006,3.2
categorical,categorical,categorical,54,29,0.623268,0.909968,0.630064,3.2
categorical,categorical,categorical,54,30,0.608073,0.907401,0.653518,3.2
categorical,categorical,categorical,54,31,0.609305,0.902041,0.647122,3.2
categorical,categorical,categorical,54,32,0.616187,0.902898,0.636461,3.2
categorical,categorical,categorical,54,33,0.628754,0.905448,0.626866,3.2
categorical,categorical,categorical,54,34,0.594612,0.897203,0.643923,3.3
categorical,categorical,categorical,54,35,0.572511,0.893990,0.673774,3.3
categorical,categorical,categorical,54,36,0.603318,0.894173,0.638593,3.2
categorical,categorical,categorical,54,37,0.613071,0.903599,0.658849,3.2
categorical,categorical,categorical,54,38,0.598181,0.896771,0.676972,3.3
categorical,categorical,categorical,54,39,0.574608,0.887665,0.684435,3.1
categorical,categorical,categorical,54,40,0.599749,0.883567,0.666311,3.1
categorical,categorical,categorical,54,41,0.578103,0.893265,0.682303,3.1
categorical,categorical,categorical,54,42,0.602540,0.898067,0.681237,3.2
categorical,categorical,categorical,54,43,0.574914,0.883220,0.714286,3.1
categorical,categorical,categorical,54,44,0.597133,0.883103,0.656716,3.1
categorical,categorical,categorical,54,45,0.600535,0.879735,0.660981,3.1
categorical,categorical,categorical,54,46,0.580944,0.874890,0.699360,3.1
categorical,categorical,categorical,54,47,0.584329,0.867157,0.688699,3.1
categorical,categorical,categorical,54,48,0.548843,0.876755,0.701493,3.2
categorical,categorical,categorical,54,49,0.552157,0.875016,0.704691,3.3
categorical,categorical,categorical,54,50,0.532925,0.861013,0.734542,3.1
categorical,categorical,categorical,54,51,0.555209,0.860618,0.706823,3.3
categorical,categorical,categorical,54,52,0.559742,0.863352,0.732409,3.2
categorical,categorical,categorical,54,53,0.538738,0.867656,0.708955,3.2
categorical,categorical,categorical,54,54,0.537216,0.858116,0.730277,3.1
categorical,categorical,categorical,54,55,0.528759,0.852643,0.724947,3.1
categorical,categorical,categorical,54,56,0.567294,0.857250,0.715352,3.4
categorical,categorical,categorical,54,57,0.545077,0.861564,0.724947,3.2
categorical,categorical,categorical,54,58,0.558194,0.855363,0.703625,3.2
categorical,categorical,categorical,54,59,0.542479,0.852026,0.720682,3.2
categorical,categorical,categorical,54,60,0.566468,0.854016,0.706823,3.1
categorical,categorical,categorical,54,61,0.533053,0.845952,0.724947,3.2
categorical,categorical,categorical,54,62,0.530556,0.842101,0.750533,3.1
categorical,categorical,categorical,54,63,0.491913,0.840731,0.753731,3.2
categorical,categorical,categorical,54,64,0.540714,0.844548,0.729211,3.2
categorical,categorical,categorical,54,65,0.522138,0.837433,0.747335,3.1
categorical,categorical,categorical,54,66,0.509610,0.847778,0.756930,3.2
categorical,categorical,categorical,54,67,0.521271,0.835685,0.739872,3.2
categorical,categorical,categorical,54,68,0.486009,0.832801,0.759062,3.2
categorical,categorical,categorical,54,69,0.543562,0.830418,0.731343,3.1
categorical,categorical,categorical,54,70,0.477326,0.825105,0.760128,3.2
categorical,categorical,categorical,54,71,0.477805,0.829865,0.778252,3.2
categorical,categorical,categorical,54,72,0.505843,0.828527,0.753731,3.3
categorical,categorical,categorical,54,73,0.485096,0.817898,0.750533,3.1
categorical,categorical,categorical,54,74,0.495430,0.828846,0.750533,3.2
categorical,categorical,categorical,54,75,0.528850,0.820719,0.750533,3.1
categorical,categorical,categorical,54,76,0.498271,0.820729,0.767591,3.2
categorical,categorical,categorical,54,77,0.492718,0.827175,0.772921,3.3
categorical,categorical,categorical,54,78,0.514818,0.832919,0.743070,3.2
categorical,categorical,categorical,54,79,0.501369,0.819346,0.754797,3.2
categorical,categorical,categorical,54,80,0.478234,0.818921,0.795309,3.3
categorical,categorical,categorical,54,81,0.468426,0.824590,0.786780,3.2
categorical,categorical,categorical,54,82,0.490092,0.819617,0.764392,3.2
categorical,categorical,categorical,54,83,0.462690,0.812952,0.784648,3.1
categorical,categorical,categorical,54,84,0.484439,0.810594,0.767591,3.1
categorical,categorical,categorical,54,85,0.480225,0.818341,0.770789,3.2
categorical,categorical,categorical,54,86,0.472160,0.817585,0.771855,3.2
categorical,categorical,categorical,54,87,0.459583,0.797030,0.792111,3.3
categorical,categorical,categorical,54,88,0.477830,0.808025,0.783582,3.2
categorical,categorical,categorical,54,89,0.468927,0.805319,0.771855,3.1
categorical,categorical,categorical,54,90,0.467467,0.802854,0.788913,3.2
categorical,categorical,categorical,54,91,0.476345,0.801879,0.788913,3.1
categorical,categorical,categorical,54,92,0.482820,0.808701,0.792111,3.2
categorical,categorical,categorical,54,93,0.463170,0.801923,0.795309,3.1
categorical,categorical,categorical,54,94,0.472673,0.806804,0.789979,3.2
categorical,categorical,categorical,54,95,0.477999,0.820721,0.779318,3.1
categorical,categorical,categorical,54,96,0.456355,0.800121,0.805970,3.1
categorical,categorical,categorical,54,97,0.454138,0.806072,0.789979,3.2
categorical,categorical,categorical,54,98,0.460480,0.798744,0.780384,3.1
categorical,categorical,categorical,54,99,0.468064,0.801579,0.794243,3.2
categorical,categorical,categorical,54,100,0.479302,0.798072,0.791045,3.2
categorical,categorical,categorical,54,101,0.477128,0.798242,0.769723,3.1
categorical,categorical,categorical,54,102,0.447398,0.799642,0.805970,3.1
categorical,categorical,categorical,54,103,0.461660,0.804879,0.795309,3.1
categorical,categorical,categorical,54,104,0.442855,0.789984,0.809168,3.2
categorical,categorical,categorical,54,105,0.441757,0.800003,0.803838,3.2
categorical,categorical,categorical,54,106,0.449082,0.795392,0.795309,3.2
categorical,categorical,categorical,54,107,0.454233,0.791690,0.796375,3.2
categorical,categorical,categorical,54,108,0.433158,0.796413,0.801706,3.2
categorical,categorical,categorical,54,109,0.450101,0.800008,0.793177,3.2
categorical,categorical,categorical,54,110,0.445126,0.796170,0.808102,3.1
categorical,categorical,categorical,54,111,0.459319,0.799087,0.797441,3.2
categorical,categorical,categorical,54,112,0.458404,0.788629,0.805970,3.2
categorical,categorical,categorical,54,113,0.422940,0.795582,0.799574,3.1
categorical,categorical,categorical,54,114,0.450087,0.787130,0.801706,3.2
categorical,categorical,categorical,54,115,0.463004,0.785430,0.810235,3.1
categorical,categorical,categorical,54,116,0.456192,0.796804,0.776119,3.1
categorical,categorical,categorical,54,117,0.428169,0.783315,0.816631,3.2
categorical,categorical,categorical,54,118,0.446450,0.785987,0.798507,3.2
categorical,categorical,categorical,54,119,0.436024,0.776516,0.801706,3.2
categorical,categorical,categorical,54,120,0.453140,0.792753,0.792111,3.2
categorical,categorical,categorical,54,121,0.435569,0.787084,0.807036,3.4
categorical,categorical,categorical,54,122,0.419802,0.786592,0.800640,3.2
categorical,categorical,categorical,54,123,0.427613,0.779198,0.810235,3.1
categorical,categorical,categorical,54,124,0.409268,0.784099,0.817697,3.2
categorical,categorical,categorical,54,125,0.417548,0.788402,0.811301,3.1
categorical,categorical,categorical,54,126,0.437535,0.783776,0.803838,3.2
categorical,categorical,categorical,54,127,0.407659,0.779762,0.819829,3.2
categorical,categorical,categorical,54,128,0.424335,0.779675,0.825160,3.2
categorical,categorical,categorical,54,129,0.426497,0.786058,0.817697,3.1
categorical,categorical,categorical,54,130,0.432593,0.779696,0.810235,3.2
categorical,categorical,categorical,54,131,0.420853,0.779852,0.811301,3.1
categorical,categorical,categorical,54,132,0.424537,0.776386,0.818763,3.1
categorical,categorical,categorical,54,133,0.419649,0.774821,0.811301,3.2
categorical,categorical,categorical,54,134,0.428147,0.778529,0.819829,3.1
categorical,categorical,categorical,54,135,0.429831,0.776023,0.809168,3.1
categorical,categorical,categorical,54,136,0.420105,0.780291,0.826226,3.2
categorical,categorical,categorical,54,137,0.405298,0.779048,0.833689,3.3
categorical,categorical,categorical,54,138,0.414272,0.774195,0.816631,3.1
categorical,categorical,categorical,54,139,0.392816,0.772314,0.829424,3.1
categorical,categorical,categorical,54,140,0.408271,0.775083,0.826226,3.1
categorical,categorical,categorical,54,141,0.422982,0.768697,0.812367,3.1
categorical,categorical,categorical,54,142,0.407925,0.776379,0.821962,3.1
categorical,categorical,categorical,54,143,0.397655,0.774488,0.833689,3.3
categorical,categorical,categorical,54,144,0.422171,0.776642,0.819829,3.2
categorical,categorical,categorical,54,145,0.426365,0.779941,0.813433,3.2
categorical,categorical,categorical,54,146,0.412332,0.766264,0.820896,3.2
categorical,categorical,categorical,54,147,0.404075,0.767765,0.826226,3.1
categorical,categorical,categorical,54,148,0.420805,0.770248,0.825160,3.2
categorical,categorical,categorical,54,149,0.384435,0.760042,0.846482,3.1
categorical,categorical,categorical,54,150,0.382311,0.764657,0.845416,3.1
categorical,categorical,categorical,54,151,0.377018,0.770489,0.840085,3.2
categorical,categorical,categorical,54,152,0.427552,0.772381,0.800640,3.2
categorical,categorical,categorical,54,153,0.408120,0.765135,0.818763,3.1
categorical,categorical,categorical,54,154,0.401868,0.760942,0.828358,3.1
categorical,categorical,categorical,54,155,0.417076,0.765264,0.818763,3.1
categorical,categorical,categorical,54,156,0.400802,0.771752,0.817697,3.1
categorical,categorical,categorical,54,157,0.399763,0.766648,0.833689,3.1
categorical,categorical,categorical,54,158,0.391001,0.765903,0.811301,3.1
categorical,categorical,categorical,54,159,0.428267,0.763761,0.817697,3.2
categorical,categorical,categorical,54,160,0.403987,0.760879,0.832623,3.2
categorical,categorical,categorical,54,161,0.405610,0.768186,0.818763,3.3
categorical,categorical,categorical,54,162,0.383416,0.760565,0.820896,3.1
categorical,categorical,categorical,54,163,0.398516,0.754405,0.819829,3.1
categorical,categorical,categorical,54,164,0.387267,0.761290,0.836887,3.1
categorical,categorical,categorical,54,165,0.401743,0.759466,0.826226,3.3
categorical,categorical,categorical,54,166,0.373704,0.758938,0.836887,3.3
categorical,categorical,categorical,54,167,0.399553,0.760545,0.828358,3.2
categorical,categorical,categorical,54,168,0.384632,0.754582,0.834755,3.2
categorical,categorical,categorical,54,169,0.381999,0.756326,0.839019,3.1
categorical,categorical,categorical,54,170,0.389466,0.764249,0.833689,3.2
categorical,categorical,categorical,54,171,0.396500,0.759057,0.826226,3.2
categorical,categorical,categorical,54,172,0.383277,0.758607,0.837953,3.1
categorical,categorical,categorical,54,173,0.383406,0.755062,0.826226,3.2
categorical,categorical,categorical,54,174,0.377378,0.755492,0.837953,3.2
categorical,categorical,categorical,54,175,0.387476,0.748628,0.839019,3.1
categorical,categorical,categorical,54,176,0.390569,0.750528,0.826226,3.2
categorical,categorical,categorical,54,177,0.394700,0.759773,0.820896,3.3
categorical,categorical,categorical,54,178,0.373264,0.746528,0.840085,3.1
categorical,categorical,categorical,54,179,0.360803,0.755666,0.843284,3.3
categorical,categorical,categorical,54,180,0.388323,0.753281,0.831557,3.2
categorical,categorical,categorical,54,181,0.373097,0.750982,0.833689,3.2
categorical,categorical,categorical,54,182,0.377977,0.753997,0.828358,3.1
categorical,categorical,categorical,54,183,0.378143,0.746963,0.828358,3.1
categorical,categorical,categorical,54,184,0.383057,0.750863,0.831557,3.2
categorical,categorical,categorical,54,185,0.366597,0.745501,0.847548,3.3
categorical,categorical,categorical,54,186,0.383572,0.750113,0.829424,3.2
categorical,categorical,categorical,54,187,0.358382,0.743249,0.837953,3.2
categorical,categorical,categorical,54,188,0.368771,0.749569,0.850746,3.1
categorical,categorical,categorical,54,189,0.377798,0.747860,0.830490,3.1
categorical,categorical,categorical,54,190,0.355893,0.753022,0.853945,3.2
categorical,categorical,categorical,54,191,0.354448,0.749639,0.842217,3.1
categorical,categorical,categorical,54,192,0.370809,0.741873,0.832623,3.1
categorical,categorical,categorical,54,193,0.390003,0.747246,0.831557,3.2
categorical,categorical,categorical,54,194,0.386093,0.744104,0.834755,3.2
categorical,categorical,categorical,54,195,0.355298,0.736365,0.835821,3.1
categorical,categorical,categorical,54,196,0.369699,0.745809,0.837953,3.2
categorical,categorical,categorical,54,197,0.364432,0.744517,0.836887,3.2
categorical,categorical,categorical,54,198,0.349720,0.751219,0.847548,3.1
categorical,categorical,categorical,54,199,0.404723,0.750738,0.821962,3.2
categorical,categorical,categorical,54,200,0.371973,0.746100,0.839019,3.2
categorical,categorical,categorical,54,201,0.344825,0.738573,0.853945,3.1
categorical,categorical,categorical,54,202,0.349222,0.738567,0.859275,3.1
categorical,categorical,categorical,54,203,0.359002,0.747453,0.849680,3.2
categorical,categorical,categorical,54,204,0.342173,0.736778,0.843284,3.2
categorical,categorical,categorical,54,205,0.364926,0.742861,0.853945,3.1
categorical,categorical,categorical,54,206,0.375442,0.742240,0.839019,3.1
categorical,categorical,categorical,54,207,0.386510,0.742581,0.846482,3.2
categorical,categorical,categorical,54,208,0.346490,0.735565,0.844350,3.3
categorical,categorical,categorical,54,209,0.341897,0.738982,0.857143,3.2
categorical,categorical,categorical,54,210,0.352991,0.739533,0.843284,3.3
categorical,categorical,categorical,54,211,0.361569,0.734499,0.849680,3.2
categorical,categorical,categorical,54,212,0.354665,0.738372,0.856077,3.1
categorical,categorical,categorical,54,213,0.346789,0.734343,0.848614,3.1
categorical,categorical,categorical,54,214,0.370868,0.743051,0.847548,3.2
categorical,categorical,categorical,54,215,0.363675,0.737058,0.835821,3.2
categorical,categorical,categorical,54,216,0.385884,0.736719,0.829424,3.2
categorical,categorical,categorical,54,217,0.373766,0.739024,0.839019,3.1
categorical,categorical,categorical,54,218,0.374940,0.737685,0.833689,3.1
categorical,categorical,categorical,54,219,0.361711,0.739484,0.844350,3.1
categorical,categorical,categorical,54,220,0.358356,0.735461,0.850746,3.1
categorical,categorical,categorical,54,221,0.371174,0.734954,0.831557,3.3
categorical,categorical,categorical,54,222,0.339532,0.727402,0.858209,3.2
categorical,categorical,categorical,54,223,0.339551,0.731004,0.847548,3.3
categorical,categorical,categorical,54,224,0.344421,0.731938,0.853945,3.3
categorical,categorical,categorical,54,225,0.356099,0.737980,0.855011,3.1
categorical,categorical,categorical,54,226,0.359365,0.728868,0.850746,3.2
categorical,categorical,categorical,54,227,0.328398,0.728811,0.859275,3.2
categorical,categorical,categorical,54,228,0.333836,0.731167,0.856077,3.1
categorical,categorical,categorical,54,229,0.351100,0.732630,0.853945,3.2
categorical,categorical,categorical,54,230,0.344254,0.735493,0.852878,3.3
categorical,categorical,categorical,54,231,0.352828,0.729717,0.843284,3.2
categorical,categorical,categorical,54,232,0.363954,0.734145,0.848614,3.2
categorical,categorical,categorical,54,233,0.354998,0.732076,0.848614,3.2
categorical,categorical,categorical,54,234,0.333150,0.725241,0.853945,3.2
categorical,categorical,categorical,54,235,0.351544,0.738497,0.848614,3.1
categorical,categorical,categorical,54,236,0.329079,0.723395,0.857143,3.1
categorical,categorical,categorical,54,237,0.340186,0.724000,0.856077,3.1
categorical,categorical,categorical,54,238,0.370609,0.730020,0.849680,3.1
categorical,categorical,categorical,54,239,0.323863,0.723934,0.863539,3.3
categorical,categorical,categorical,54,240,0.337475,0.728512,0.855011,3.2
categorical,categorical,categorical,54,241,0.333627,0.720896,0.857143,3.1
categorical,categorical,categorical,54,242,0.334340,0.728294,0.859275,3.1
categorical,categorical,categorical,54,243,0.346234,0.720793,0.833689,3.2
categorical,categorical,categorical,54,244,0.333656,0.725688,0.865672,3.2
categorical,categorical,categorical,54,245,0.320895,0.729563,0.858209,3.1
categorical,categorical,categorical,54,246,0.310409,0.718274,0.869936,3.2
categorical,categorical,categorical,54,247,0.320879,0.720595,0.859275,3.2
categorical,categorical,categorical,54,248,0.354514,0.721695,0.840085,3.1
categorical,categorical,categorical,54,249,0.331631,0.721104,0.850746,3.2
categorical,categorical,categorical,54,250,0.322893,0.725401,0.868870,3.1
categorical,categorical,categorical,55,1,0.705235,1.175516,0.573404,3.1
categorical,categorical,categorical,55,2,0.664653,0.929292,0.570213,3.1
categorical,categorical,categorical,55,3,0.640664,0.921365,0.591489,3.2
categorical,categorical,categorical,55,4,0.673389,0.927190,0.555319,3.2
categorical,categorical,categorical,55,5,0.620109,0.921944,0.598936,3.2
categorical,categorical,categorical,55,6,0.670749,0.926047,0.573404,3.3
categorical,categorical,categorical,55,7,0.618085,0.915547,0.612766,3.3
categorical,categorical,categorical,55,8,0.621574,0.922029,0.629787,3.2
categorical,categorical,categorical,55,9,0.625907,0.920858,0.602128,3.1
categorical,categorical,categorical,55,10,0.616806,0.916731,0.640426,3.1
categorical,categorical,categorical,55,11,0.603145,0.921621,0.645745,3.2
categorical,categorical,categorical,55,12,0.648691,0.915870,0.589362,3.1
categorical,categorical,categorical,55,13,0.622305,0.915960,0.627660,3.2
categorical,categorical,categorical,55,14,0.621022,0.919162,0.636170,3.2
categorical,categorical,categorical,55,15,0.622911,0.915653,0.645745,3.3
categorical,categorical,categorical,55,16,0.613433,0.916900,0.625532,3.1
categorical,categorical,categorical,55,17,0.633541,0.917064,0.609574,3.2
categorical,categorical,categorical,55,18,0.599435,0.908151,0.650000,3.1
categorical,categorical,categorical,55,19,0.593584,0.913587,0.665957,3.2
categorical,categorical,categorical,55,20,0.653348,0.913803,0.602128,3.3
categorical,categorical,categorical,55,21,0.629415,0.912246,0.603191,3.2
categorical,categorical,categorical,55,22,0.626933,0.909734,0.620213,3.2
categorical,categorical,categorical,55,23,0.607851,0.908798,0.622340,3.2
categorical,categorical,categorical,55,24,0.611340,0.909403,0.627660,3.2
categorical,categorical,categorical,55,25,0.620589,0.910711,0.614894,3.2
categorical,categorical,categorical,55,26,0.611805,0.905784,0.646809,3.2
categorical,categorical,categorical,55,27,0.582898,0.909345,0.668085,3.2
categorical,categorical,categorical,55,28,0.633162,0.908973,0.630851,3.1
categorical,categorical,categorical,55,29,0.587868,0.903357,0.668085,3.2
categorical,categorical,categorical,55,30,0.584036,0.908419,0.656383,3.2
categorical,categorical,categorical,55,31,0.608653,0.905450,0.650000,3.2
categorical,categorical,categorical,55,32,0.616085,0.907507,0.650000,3.2
categorical,categorical,categorical,55,33,0.602523,0.904203,0.646809,3.2
categorical,categorical,categorical,55,34,0.568918,0.903785,0.681915,3.2
categorical,categorical,categorical,55,35,0.620534,0.904843,0.639362,3.1
categorical,categorical,categorical,55,36,0.576819,0.904312,0.676596,3.2
categorical,categorical,categorical,55,37,0.580613,0.901614,0.657447,3.2
categorical,categorical,categorical,55,38,0.633203,0.906515,0.617021,3.2
categorical,categorical,categorical,55,39,0.618877,0.898542,0.638298,3.1
categorical,categorical,categorical,55,40,0.612785,0.896380,0.639362,3.3
categorical,categorical,categorical,55,41,0.616626,0.896682,0.645745,3.2
categorical,categorical,categorical,55,42,0.587724,0.900672,0.646809,3.2
categorical,categorical,categorical,55,43,0.601706,0.897376,0.668085,3.3
categorical,categorical,categorical,55,44,0.554136,0.894772,0.689362,3.2
categorical,categorical,categorical,55,45,0.558648,0.886829,0.693617,3.2
categorical,categorical,categorical,55,46,0.570074,0.897667,0.687234,3.2
categorical,categorical,categorical,55,47,0.560788,0.890854,0.706383,3.2
categorical,categorical,categorical,55,48,0.596942,0.898812,0.652128,3.3
categorical,categorical,categorical,55,49,0.592145,0.894013,0.687234,3.2
categorical,categorical,categorical,55,50,0.583821,0.893413,0.672340,3.2
categorical,categorical,categorical,55,51,0.569872,0.881108,0.712766,3.2
categorical,categorical,categorical,55,52,0.589217,0.891211,0.668085,3.1
categorical,categorical,categorical,55,53,0.561689,0.879322,0.713830,3.2
categorical,categorical,categorical,55,54,0.561294,0.880981,0.686170,3.2
categorical,categorical,categorical,55,55,0.585024,0.896245,0.688298,3.1
categorical,categorical,categorical,55,56,0.614136,0.884742,0.647872,3.1
categorical,categorical,categorical,55,57,0.572434,0.884461,0.672340,3.2
categorical,categorical,categorical,55,58,0.575405,0.881906,0.682979,3.2
categorical,categorical,categorical,55,59,0.534548,0.872579,0.707447,3.1
categorical,categorical,categorical,55,60,0.569507,0.869140,0.698936,3.2
categorical,categorical,categorical,55,61,0.573378,0.874776,0.693617,3.1
categorical,categorical,categorical,55,62,0.555941,0.872973,0.720213,3.1
categorical,categorical,categorical,55,63,0.569167,0.871920,0.714894,3.3
categorical,categorical,categorical,55,64,0.580279,0.866288,0.688298,3.2
categorical,categorical,categorical,55,65,0.538301,0.861503,0.736170,3.3
categorical,categorical,categorical,55,66,0.528053,0.861596,0.734043,3.1
categorical,categorical,categorical,55,67,0.559155,0.867806,0.700000,3.2
categorical,categorical,categorical,55,68,0.568077,0.861686,0.700000,3.2
categorical,categorical,categorical,55,69,0.544186,0.856536,0.718085,3.2
categorical,categorical,categorical,55,70,0.529445,0.854254,0.721277,3.2
categorical,categorical,categorical,55,71,0.545861,0.848979,0.729787,3.2
categorical,categorical,categorical,55,72,0.536440,0.851189,0.745745,3.2
categorical,categorical,categorical,55,73,0.529939,0.847475,0.729787,3.1
categorical,categorical,categorical,55,74,0.524389,0.849526,0.743617,3.1
categorical,categorical,categorical,55,75,0.537225,0.847550,0.727660,3.1
categorical,categorical,categorical,55,76,0.550653,0.861087,0.711702,3.1
categorical,categorical,categorical,55,77,0.515474,0.838286,0.727660,3.3
categorical,categorical,categorical,55,78,0.489372,0.840896,0.774468,3.2
categorical,categorical,categorical,55,79,0.494697,0.839109,0.765957,3.2
categorical,categorical,categorical,55,80,0.502633,0.835027,0.765957,3.2
categorical,categorical,categorical,55,81,0.492355,0.835970,0.776596,3.2
categorical,categorical,categorical,55,82,0.517909,0.829961,0.741489,3.2
categorical,categorical,categorical,55,83,0.500548,0.840471,0.768085,3.3
categorical,categorical,categorical,55,84,0.480263,0.829826,0.785106,3.2
categorical,categorical,categorical,55,85,0.511605,0.842260,0.746809,3.1
categorical,categorical,categorical,55,86,0.519011,0.824323,0.730851,3.3
categorical,categorical,categorical,55,87,0.486921,0.822501,0.759574,3.4
categorical,categorical,categorical,55,88,0.478989,0.821327,0.769149,3.1
categorical,categorical,categorical,55,89,0.510803,0.835134,0.738298,3.2
categorical,categorical,categorical,55,90,0.498802,0.820107,0.758511,3.2
categorical,categorical,categorical,55,91,0.465486,0.823452,0.773404,3.1
categorical,categorical,categorical,55,92,0.468210,0.824775,0.778723,3.2
categorical,categorical,categorical,55,93,0.472154,0.814203,0.769149,3.2
categorical,categorical,categorical,55,94,0.472294,0.821261,0.781915,3.2
categorical,categorical,categorical,55,95,0.466678,0.817623,0.785106,3.2
categorical,categorical,categorical,55,96,0.470633,0.823203,0.778723,3.2
categorical,categorical,categorical,55,97,0.472682,0.814317,0.768085,3.1
categorical,categorical,categorical,55,98,0.466378,0.813104,0.786170,3.2
categorical,categorical,categorical,55,99,0.450506,0.823111,0.791489,3.2
categorical,categorical,categorical,55,100,0.479461,0.805701,0.789362,3.1
categorical,categorical,categorical,55,101,0.451413,0.818695,0.800000,3.2
categorical,categorical,categorical,55,102,0.488105,0.823881,0.757447,3.2
categorical,categorical,categorical,55,103,0.470005,0.804939,0.790426,3.1
categorical,categorical,categorical,55,104,0.487200,0.809920,0.775532,3.2
categorical,categorical,categorical,55,105,0.469509,0.817043,0.775532,3.2
categorical,categorical,categorical,55,106,0.453185,0.802775,0.786170,3.3
categorical,categorical,categorical,55,107,0.501298,0.820915,0.748936,3.1
categorical,categorical,categorical,55,108,0.459503,0.821032,0.792553,3.3
categorical,categorical,categorical,55,109,0.469333,0.808412,0.775532,3.2
categorical,categorical,categorical,55,110,0.447512,0.806355,0.794681,3.2
categorical,categorical,categorical,55,111,0.445205,0.806173,0.788298,3.2
categorical,categorical,categorical,55,112,0.456184,0.814701,0.801064,3.1
categorical,categorical,categorical,55,113,0.441933,0.803391,0.808511,3.1
categorical,categorical,categorical,55,114,0.429192,0.802318,0.815957,3.3
categorical,categorical,categorical,55,115,0.422474,0.800130,0.820213,3.1
categorical,categorical,categorical,55,116,0.434213,0.798435,0.795745,3.1
categorical,categorical,categorical,55,117,0.448728,0.812734,0.804255,3.1
categorical,categorical,categorical,55,118,0.435434,0.797338,0.803191,3.2
categorical,categorical,categorical,55,119,0.451200,0.804058,0.800000,3.1
categorical,categorical,categorical,55,120,0.429323,0.799285,0.814894,3.2
categorical,categorical,categorical,55,121,0.437070,0.792755,0.797872,3.2
categorical,categorical,categorical,55,122,0.438877,0.789397,0.807447,3.1
categorical,categorical,categorical,55,123,0.445377,0.799925,0.797872,3.2
categorical,categorical,categorical,55,124,0.431646,0.796030,0.794681,3.2
categorical,categorical,categorical,55,125,0.441850,0.798272,0.803191,3.1
categorical,categorical,categorical,55,126,0.444565,0.793167,0.798936,3.1
categorical,categorical,categorical,55,127,0.417038,0.792351,0.818085,3.2
categorical,categorical,categorical,55,128,0.419880,0.793261,0.819149,3.2
categorical,categorical,categorical,55,129,0.429251,0.796213,0.798936,3.1
categorical,categorical,categorical,55,130,0.436621,0.795546,0.808511,3.3
categorical,categorical,categorical,55,131,0.405800,0.791660,0.813830,3.2
categorical,categorical,categorical,55,132,0.429352,0.798741,0.805319,3.2
categorical,categorical,categorical,55,133,0.443236,0.795280,0.803191,3.3
categorical,categorical,categorical,55,134,0.421092,0.784696,0.809574,3.2
categorical,categorical,categorical,55,135,0.402176,0.785021,0.824468,3.1
categorical,categorical,categorical,55,136,0.437390,0.788382,0.802128,3.2
categorical,categorical,categorical,55,137,0.392594,0.789764,0.825532,3.1
categorical,categorical,categorical,55,138,0.412388,0.790647,0.820213,3.2
categorical,categorical,categorical,55,139,0.423385,0.790517,0.823404,3.2
categorical,categorical,categorical,55,140,0.425402,0.788180,0.819149,3.2
categorical,categorical,categorical,55,141,0.389380,0.786063,0.822340,3.2
categorical,categorical,categorical,55,142,0.430252,0.791483,0.807447,3.2
categorical,categorical,categorical,55,143,0.421472,0.786829,0.810638,3.2
categorical,categorical,categorical,55,144,0.409155,0.780712,0.814894,3.1
categorical,categorical,categorical,55,145,0.409245,0.784029,0.819149,3.2
categorical,categorical,categorical,55,146,0.383883,0.783914,0.824468,3.2
categorical,categorical,categorical,55,147,0.406587,0.785056,0.818085,3.1
categorical,categorical,categorical,55,148,0.390682,0.778308,0.825532,3.2
categorical,categorical,categorical,55,149,0.419999,0.773714,0.819149,3.2
categorical,categorical,categorical,55,150,0.407941,0.784230,0.819149,3.2
categorical,categorical,categorical,55,151,0.412223,0.780065,0.825532,3.1
categorical,categorical,categorical,55,152,0.417113,0.780274,0.818085,3.3
categorical,categorical,categorical,55,153,0.372970,0.777107,0.842553,3.2
categorical,categorical,categorical,55,154,0.397020,0.782963,0.815957,3.2
categorical,categorical,categorical,55,155,0.398643,0.781022,0.825532,3.2
categorical,categorical,categorical,55,156,0.409826,0.776127,0.824468,3.1
categorical,categorical,categorical,55,157,0.379556,0.777042,0.824468,3.2
categorical,categorical,categorical,55,158,0.401221,0.776367,0.818085,3.2
categorical,categorical,categorical,55,159,0.406463,0.776912,0.820213,3.2
categorical,categorical,categorical,55,160,0.432003,0.786351,0.807447,3.2
categorical,categorical,categorical,55,161,0.367239,0.769571,0.848936,3.2
categorical,categorical,categorical,55,162,0.413850,0.769221,0.822340,3.2
categorical,categorical,categorical,55,163,0.394361,0.767267,0.822340,3.1
categorical,categorical,categorical,55,164,0.373675,0.770877,0.839362,3.2
categorical,categorical,categorical,55,165,0.377404,0.770367,0.828723,3.3
categorical,categorical,categorical,55,166,0.394267,0.777424,0.826596,3.2
categorical,categorical,categorical,55,167,0.380948,0.769776,0.835106,3.1
categorical,categorical,categorical,55,168,0.380835,0.771432,0.832979,3.2
categorical,categorical,categorical,55,169,0.369565,0.761291,0.846809,3.2
categorical,categorical,categorical,55,170,0.383890,0.767668,0.832979,3.1
categorical,categorical,categorical,55,171,0.369095,0.767621,0.838298,3.1
categorical,categorical,categorical,55,172,0.377642,0.766443,0.831915,3.2
categorical,categorical,categorical,55,173,0.387826,0.770306,0.829787,3.2
categorical,categorical,categorical,55,174,0.383347,0.764483,0.830851,3.5
categorical,categorical,categorical,55,175,0.386839,0.764904,0.824468,3.2
categorical,categorical,categorical,55,176,0.387834,0.760707,0.818085,3.2
categorical,categorical,categorical,55,177,0.361647,0.759259,0.844681,3.1
categorical,categorical,categorical,55,178,0.381834,0.767121,0.827660,3.1
categorical,categorical,categorical,55,179,0.358550,0.761205,0.842553,3.3
categorical,categorical,categorical,55,180,0.361742,0.762107,0.841489,3.2
categorical,categorical,categorical,55,181,0.385509,0.765640,0.823404,3.1
categorical,categorical,categorical,55,182,0.351563,0.761172,0.852128,3.2
categorical,categorical,categorical,55,183,0.366549,0.760838,0.829787,3.1
categorical,categorical,categorical,55,184,0.379189,0.750442,0.831915,3.1
categorical,categorical,categorical,55,185,0.376603,0.759148,0.837234,3.2
categorical,categorical,categorical,55,186,0.348854,0.761572,0.852128,3.3
categorical,categorical,categorical,55,187,0.370487,0.759469,0.839362,3.2
categorical,categorical,categorical,55,188,0.367486,0.762701,0.851064,3.2
categorical,categorical,categorical,55,189,0.351444,0.756236,0.838298,3.1
categorical,categorical,categorical,55,190,0.364039,0.752678,0.844681,3.1
categorical,categorical,categorical,55,191,0.393980,0.761496,0.819149,3.2
categorical,categorical,categorical,55,192,0.373526,0.757174,0.832979,3.1
categorical,categorical,categorical,55,193,0.360353,0.751944,0.840426,3.2
categorical,categorical,categorical,55,194,0.374230,0.759324,0.845745,3.2
categorical,categorical,categorical,55,195,0.375452,0.756804,0.830851,3.3
categorical,categorical,categorical,55,196,0.374928,0.763732,0.851064,3.2
categorical,categorical,categorical,55,197,0.352642,0.752278,0.850000,3.1
categorical,categorical,categorical,55,198,0.380176,0.746338,0.828723,3.2
categorical,categorical,categorical,55,199,0.380453,0.751647,0.832979,3.3
categorical,categorical,categorical,55,200,0.357656,0.755253,0.841489,3.3
categorical,categorical,categorical,55,201,0.342723,0.753749,0.859574,3.3
categorical,categorical,categorical,55,202,0.345021,0.744673,0.858511,3.1
categorical,categorical,categorical,55,203,0.355808,0.759867,0.858511,3.2
categorical,categorical,categorical,55,204,0.334468,0.744109,0.854255,3.1
categorical,categorical,categorical,55,205,0.345117,0.751942,0.863830,3.2
categorical,categorical,categorical,55,206,0.327019,0.751116,0.859574,3.2
categorical,categorical,categorical,55,207,0.347022,0.744458,0.857447,3.2
categorical,categorical,categorical,55,208,0.349229,0.746857,0.848936,3.1
categorical,categorical,categorical,55,209,0.374041,0.748769,0.838298,3.3
categorical,categorical,categorical,55,210,0.343703,0.752332,0.856383,3.1
categorical,categorical,categorical,55,211,0.351816,0.747344,0.854255,3.1
categorical,categorical,categorical,55,212,0.358859,0.746472,0.842553,3.2
categorical,categorical,categorical,55,213,0.355793,0.751549,0.848936,3.1
categorical,categorical,categorical,55,214,0.362076,0.742251,0.843617,3.2
categorical,categorical,categorical,55,215,0.339754,0.748445,0.865957,3.1
categorical,categorical,categorical,55,216,0.343000,0.749171,0.860638,3.2
categorical,categorical,categorical,55,217,0.364003,0.745104,0.862766,3.3
categorical,categorical,categorical,55,218,0.348222,0.750507,0.854255,3.1
categorical,categorical,categorical,55,219,0.341016,0.741698,0.868085,3.1
categorical,categorical,categorical,55,220,0.357579,0.744415,0.846809,3.1
categorical,categorical,categorical,55,221,0.351911,0.743189,0.855319,3.2
categorical,categorical,categorical,55,222,0.357293,0.744309,0.842553,3.2
categorical,categorical,categorical,55,223,0.330540,0.734494,0.868085,3.2
categorical,categorical,categorical,55,224,0.338755,0.743008,0.851064,3.3
categorical,categorical,categorical,55,225,0.347406,0.744675,0.860638,3.1
categorical,categorical,categorical,55,226,0.355641,0.745421,0.855319,3.1
categorical,categorical,categorical,55,227,0.348752,0.735996,0.852128,3.2
categorical,categorical,categorical,55,228,0.333979,0.735485,0.859574,3.2
categorical,categorical,categorical,55,229,0.352577,0.742564,0.841489,3.2
categorical,categorical,categorical,55,230,0.338977,0.743854,0.864894,3.1
categorical,categorical,categorical,55,231,0.346375,0.737689,0.846809,3.2
categorical,categorical,categorical,55,232,0.342358,0.742056,0.859574,3.1
categorical,categorical,categorical,55,233,0.353496,0.731290,0.842553,3.2
categorical,categorical,categorical,55,234,0.353163,0.740160,0.842553,3.2
categorical,categorical,categorical,55,235,0.321933,0.737286,0.864894,3.1
categorical,categorical,categorical,55,236,0.342464,0.734432,0.859574,3.2
categorical,categorical,categorical,55,237,0.351993,0.740994,0.847872,3.1
categorical,categorical,categorical,55,238,0.346249,0.738544,0.853191,3.3
categorical,categorical,categorical,55,239,0.323274,0.728732,0.864894,3.2
categorical,categorical,categorical,55,240,0.350965,0.732194,0.853191,3.2
categorical,categorical,categorical,55,241,0.341637,0.734918,0.853191,3.1
categorical,categorical,categorical,55,242,0.362623,0.735964,0.850000,3.1
categorical,categorical,categorical,55,243,0.334692,0.731635,0.859574,3.3
categorical,categorical,categorical,55,244,0.353101,0.735436,0.855319,3.2
categorical,categorical,categorical,55,245,0.341982,0.728350,0.846809,3.2
categorical,categorical,categorical,55,246,0.318909,0.733536,0.872340,3.2
categorical,categorical,categorical,55,247,0.355346,0.740328,0.847872,3.2
categorical,categorical,categorical,55,248,0.335513,0.729073,0.862766,3.2
categorical,categorical,categorical,55,249,0.313238,0.728638,0.875532,3.2
categorical,categorical,categorical,55,250,0.304072,0.733049,0.863830,3.2
