variant,bottleneck,concept_mode,seed,epoch,task_loss,concept_loss,train_acc,seconds
cem_linear_raw,cem_linear,continuous,41,1,0.715050,530482.455183,0.496327,3.3
cem_linear_raw,cem_linear,continuous,41,2,0.688746,438270.666571,0.534103,2.9
cem_linear_raw,cem_linear,continuous,41,3,0.686988,439749.976259,0.564533,2.9
cem_linear_raw,cem_linear,continuous,41,4,0.690258,432591.863744,0.528856,2.9
cem_linear_raw,cem_linear,continuous,41,5,0.693965,424149.726292,0.528856,2.9
cem_linear_raw,cem_linear,continuous,41,6,0.682755,412998.569706,0.554040,2.9
cem_linear_raw,cem_linear,continuous,41,7,0.688098,412248.793801,0.526758,2.9
cem_linear_raw,cem_linear,continuous,41,8,0.675991,405087.068271,0.559286,2.9
cem_linear_raw,cem_linear,continuous,41,9,0.686054,408550.907890,0.527807,2.9
cem_linear_raw,cem_linear,continuous,41,10,0.709833,410168.220783,0.478489,2.9
cem_linear_raw,cem_linear,continuous,41,11,0.683821,398584.417432,0.543547,2.9
cem_linear_raw,cem_linear,continuous,41,12,0.675419,394750.209929,0.578174,2.9
cem_linear_raw,cem_linear,continuous,41,13,0.695003,397391.995344,0.515215,2.9
cem_linear_raw,cem_linear,continuous,41,14,0.682064,395111.009485,0.551941,2.9
cem_linear_raw,cem_linear,continuous,41,15,0.693006,395595.955420,0.535152,2.9
cem_linear_raw,cem_linear,continuous,41,16,0.693961,394728.344988,0.498426,2.9
cem_linear_raw,cem_linear,continuous,41,17,0.688782,396837.645101,0.534103,2.9
cem_linear_raw,cem_linear,continuous,41,18,0.688507,386951.199010,0.547744,2.9
cem_linear_raw,cem_linear,continuous,41,19,0.684485,381969.410816,0.542497,2.9
cem_linear_raw,cem_linear,continuous,41,20,0.693184,379325.351874,0.512067,2.9
cem_linear_raw,cem_linear,continuous,41,21,0.687445,389617.372623,0.537251,3.0
cem_linear_raw,cem_linear,continuous,41,22,0.684791,364017.176794,0.545645,2.9
cem_linear_raw,cem_linear,continuous,41,23,0.694509,363715.368901,0.535152,2.9
cem_linear_raw,cem_linear,continuous,41,24,0.690468,370572.328518,0.534103,2.9
cem_linear_raw,cem_linear,continuous,41,25,0.675055,366241.811352,0.584470,2.9
cem_linear_raw,cem_linear,continuous,41,26,0.675545,361363.884969,0.572928,2.9
cem_linear_raw,cem_linear,continuous,41,27,0.672089,363522.615782,0.571878,2.9
cem_linear_raw,cem_linear,continuous,41,28,0.680646,374117.505288,0.554040,2.9
cem_linear_raw,cem_linear,continuous,41,29,0.684462,345913.524528,0.548793,2.9
cem_linear_raw,cem_linear,continuous,41,30,0.675002,345476.011018,0.576076,2.9
cem_linear_raw,cem_linear,continuous,41,31,0.658864,350371.628179,0.613851,2.9
cem_linear_raw,cem_linear,continuous,41,32,0.666032,344891.882935,0.604407,2.9
cem_linear_raw,cem_linear,continuous,41,33,0.681066,329209.388748,0.594963,2.9
cem_linear_raw,cem_linear,continuous,41,34,0.665316,322775.843193,0.599161,2.9
cem_linear_raw,cem_linear,continuous,41,35,0.659696,308252.069485,0.610703,2.9
cem_linear_raw,cem_linear,continuous,41,36,0.655020,304731.216819,0.643232,2.9
cem_linear_raw,cem_linear,continuous,41,37,0.654042,299535.511379,0.615950,2.9
cem_linear_raw,cem_linear,continuous,41,38,0.657518,301236.049006,0.645331,2.9
cem_linear_raw,cem_linear,continuous,41,39,0.653233,294211.140346,0.631689,2.9
cem_linear_raw,cem_linear,continuous,41,40,0.656334,260467.478784,0.619098,2.9
cem_linear_raw,cem_linear,continuous,41,41,0.656079,258543.272261,0.639035,2.9
cem_linear_raw,cem_linear,continuous,41,42,0.643866,239735.669170,0.639035,2.9
cem_linear_raw,cem_linear,continuous,41,43,0.639624,255812.489365,0.640084,2.9
cem_linear_raw,cem_linear,continuous,41,44,0.638169,221966.601735,0.663169,2.9
cem_linear_raw,cem_linear,continuous,41,45,0.649650,243081.642707,0.618048,2.9
cem_linear_raw,cem_linear,continuous,41,46,0.650489,204749.458175,0.639035,2.9
cem_linear_raw,cem_linear,continuous,41,47,0.641033,218809.435000,0.647429,2.9
cem_linear_raw,cem_linear,continuous,41,48,0.646816,198681.060762,0.625393,2.9
cem_linear_raw,cem_linear,continuous,41,49,0.618845,209784.688525,0.663169,2.9
cem_linear_raw,cem_linear,continuous,41,50,0.657385,223896.238064,0.615950,2.9
cem_linear_raw,cem_linear,continuous,41,51,0.636898,244984.902066,0.656873,2.9
cem_linear_raw,cem_linear,continuous,41,52,0.631502,180273.421662,0.657922,2.9
cem_linear_raw,cem_linear,continuous,41,53,0.632980,209076.529209,0.664218,2.9
cem_linear_raw,cem_linear,continuous,41,54,0.630989,205989.394462,0.651626,2.9
cem_linear_raw,cem_linear,continuous,41,55,0.613720,181607.037677,0.668416,2.9
cem_linear_raw,cem_linear,continuous,41,56,0.631257,173929.584044,0.669465,2.9
cem_linear_raw,cem_linear,continuous,41,57,0.615547,176354.505870,0.679958,2.9
cem_linear_raw,cem_linear,continuous,41,58,0.622025,183927.244850,0.656873,2.9
cem_linear_raw,cem_linear,continuous,41,59,0.639866,193817.483440,0.647429,2.9
cem_linear_raw,cem_linear,continuous,41,60,0.632169,190204.371590,0.655824,2.9
cem_linear_raw,cem_linear,continuous,41,61,0.612256,159949.430510,0.679958,2.9
cem_linear_raw,cem_linear,continuous,41,62,0.622546,175805.340914,0.673662,2.9
cem_linear_raw,cem_linear,continuous,41,63,0.619507,150710.822112,0.677859,2.9
cem_linear_raw,cem_linear,continuous,41,64,0.627340,157868.536091,0.675761,2.9
cem_linear_raw,cem_linear,continuous,41,65,0.625936,164881.117983,0.663169,2.9
cem_linear_raw,cem_linear,continuous,41,66,0.611300,184550.647560,0.679958,2.9
cem_linear_raw,cem_linear,continuous,41,67,0.629163,178942.758837,0.666317,2.9
cem_linear_raw,cem_linear,continuous,41,68,0.606353,167583.721502,0.693599,2.9
cem_linear_raw,cem_linear,continuous,41,69,0.613904,150075.756789,0.688353,2.9
cem_linear_raw,cem_linear,continuous,41,70,0.616397,152000.892917,0.676810,2.9
cem_linear_raw,cem_linear,continuous,41,71,0.611903,167947.430274,0.686254,2.9
cem_linear_raw,cem_linear,continuous,41,72,0.616019,178735.486933,0.671563,2.9
cem_linear_raw,cem_linear,continuous,41,73,0.643685,151055.125686,0.682057,2.9
cem_linear_raw,cem_linear,continuous,41,74,0.585332,159776.218373,0.711438,2.9
cem_linear_raw,cem_linear,continuous,41,75,0.615024,144269.268560,0.675761,2.9
cem_linear_raw,cem_linear,continuous,41,76,0.613614,142455.720800,0.668416,2.9
cem_linear_raw,cem_linear,continuous,41,77,0.602487,129828.094767,0.688353,2.9
cem_linear_raw,cem_linear,continuous,41,78,0.632914,157162.265301,0.663169,2.9
cem_linear_raw,cem_linear,continuous,41,79,0.599517,148561.281656,0.700944,2.9
cem_linear_raw,cem_linear,continuous,41,80,0.600878,143527.402569,0.700944,2.9
cem_linear_raw,cem_linear,continuous,41,81,0.619025,127896.060627,0.676810,2.9
cem_linear_raw,cem_linear,continuous,41,82,0.619570,165964.574002,0.688353,2.9
cem_linear_raw,cem_linear,continuous,41,83,0.615239,129560.123783,0.669465,2.9
cem_linear_raw,cem_linear,continuous,41,84,0.622422,173075.834862,0.682057,2.9
cem_linear_raw,cem_linear,continuous,41,85,0.626895,147280.552040,0.674711,2.9
cem_linear_raw,cem_linear,continuous,41,86,0.600925,153601.792014,0.700944,2.9
cem_linear_raw,cem_linear,continuous,41,87,0.608062,118210.135682,0.695698,2.9
cem_linear_raw,cem_linear,continuous,41,88,0.588337,118926.534464,0.715635,2.9
cem_linear_raw,cem_linear,continuous,41,89,0.621564,125609.635919,0.690451,2.9
cem_linear_raw,cem_linear,continuous,41,90,0.607349,140865.926777,0.692550,2.9
cem_linear_raw,cem_linear,continuous,41,91,0.602441,147502.630247,0.692550,2.9
cem_linear_raw,cem_linear,continuous,41,92,0.580709,125597.439418,0.718783,2.9
cem_linear_raw,cem_linear,continuous,41,93,0.607310,145750.382673,0.689402,2.9
cem_linear_raw,cem_linear,continuous,41,94,0.608513,130685.010116,0.688353,2.9
cem_linear_raw,cem_linear,continuous,41,95,0.606543,115478.303769,0.681007,2.9
cem_linear_raw,cem_linear,continuous,41,96,0.613577,120437.788431,0.689402,2.9
cem_linear_raw,cem_linear,continuous,41,97,0.587447,106989.481784,0.717733,2.9
cem_linear_raw,cem_linear,continuous,41,98,0.605362,114509.480305,0.673662,2.9
cem_linear_raw,cem_linear,continuous,41,99,0.627773,132291.947296,0.677859,2.9
cem_linear_raw,cem_linear,continuous,41,100,0.594870,124387.027618,0.708290,2.9
cem_linear_raw,cem_linear,continuous,41,101,0.587109,124372.816486,0.704092,2.9
cem_linear_raw,cem_linear,continuous,41,102,0.600412,135282.662169,0.688353,2.9
cem_linear_raw,cem_linear,continuous,41,103,0.596127,120261.367827,0.706191,2.9
cem_linear_raw,cem_linear,continuous,41,104,0.589184,100051.456888,0.711438,2.9
cem_linear_raw,cem_linear,continuous,41,105,0.594422,112707.004816,0.699895,2.9
cem_linear_raw,cem_linear,continuous,41,106,0.608005,107789.077067,0.691501,2.9
cem_linear_raw,cem_linear,continuous,41,107,0.597254,165415.021720,0.687303,2.9
cem_linear_raw,cem_linear,continuous,41,108,0.593597,131719.958536,0.711438,2.9
cem_linear_raw,cem_linear,continuous,41,109,0.613406,120002.784267,0.682057,2.9
cem_linear_raw,cem_linear,continuous,41,110,0.609402,109354.056368,0.695698,2.9
cem_linear_raw,cem_linear,continuous,41,111,0.591275,133504.313549,0.713536,2.9
cem_linear_raw,cem_linear,continuous,41,112,0.580490,111620.790768,0.725079,2.9
cem_linear_raw,cem_linear,continuous,41,113,0.605960,127741.917317,0.696747,2.9
cem_linear_raw,cem_linear,continuous,41,114,0.601320,119639.146078,0.694648,2.9
cem_linear_raw,cem_linear,continuous,41,115,0.583668,112179.930360,0.706191,2.9
cem_linear_raw,cem_linear,continuous,41,116,0.611948,126962.199002,0.674711,2.9
cem_linear_raw,cem_linear,continuous,41,117,0.592228,112647.774520,0.703043,2.9
cem_linear_raw,cem_linear,continuous,41,118,0.581069,100964.586073,0.717733,2.9
cem_linear_raw,cem_linear,continuous,41,119,0.610100,112105.855752,0.692550,2.9
cem_linear_raw,cem_linear,continuous,41,120,0.582457,109761.278668,0.715635,2.9
cem_linear_raw,cem_linear,continuous,41,121,0.574201,93891.377623,0.699895,2.9
cem_linear_raw,cem_linear,continuous,41,122,0.586464,122687.824575,0.692550,2.9
cem_linear_raw,cem_linear,continuous,41,123,0.590831,99413.698001,0.714586,2.9
cem_linear_raw,cem_linear,continuous,41,124,0.569372,108662.009548,0.728227,2.9
cem_linear_raw,cem_linear,continuous,41,125,0.610321,90918.636924,0.685205,2.9
cem_linear_raw,cem_linear,continuous,41,126,0.569132,128464.746881,0.722980,2.9
cem_linear_raw,cem_linear,continuous,41,127,0.618093,131621.040022,0.692550,2.9
cem_linear_raw,cem_linear,continuous,41,128,0.595218,109205.996081,0.695698,2.9
cem_linear_raw,cem_linear,continuous,41,129,0.570055,138684.500803,0.724029,2.9
cem_linear_raw,cem_linear,continuous,41,130,0.575894,102909.475243,0.717733,2.9
cem_linear_raw,cem_linear,continuous,41,131,0.600995,110742.461585,0.713536,2.9
cem_linear_raw,cem_linear,continuous,41,132,0.577995,97642.128082,0.713536,2.9
cem_linear_raw,cem_linear,continuous,41,133,0.584722,145262.443689,0.697796,2.9
cem_linear_raw,cem_linear,continuous,41,134,0.597047,105028.398970,0.708290,2.9
cem_linear_raw,cem_linear,continuous,41,135,0.583051,103389.176769,0.714586,2.9
cem_linear_raw,cem_linear,continuous,41,136,0.591394,99619.890973,0.697796,2.9
cem_linear_raw,cem_linear,continuous,41,137,0.570737,113018.290210,0.732424,2.9
cem_linear_raw,cem_linear,continuous,41,138,0.570657,102066.147048,0.731375,2.9
cem_linear_raw,cem_linear,continuous,41,139,0.598534,107866.952680,0.688353,2.9
cem_linear_raw,cem_linear,continuous,41,140,0.569694,87863.970873,0.724029,2.9
cem_linear_raw,cem_linear,continuous,41,141,0.588701,95517.308409,0.708290,2.9
cem_linear_raw,cem_linear,continuous,41,142,0.595994,98545.170580,0.708290,2.9
cem_linear_raw,cem_linear,continuous,41,143,0.571234,82735.493319,0.716684,2.9
cem_linear_raw,cem_linear,continuous,41,144,0.579415,101009.540936,0.708290,2.9
cem_linear_raw,cem_linear,continuous,41,145,0.577883,104623.981999,0.717733,2.9
cem_linear_raw,cem_linear,continuous,41,146,0.568565,87207.887199,0.730325,2.9
cem_linear_raw,cem_linear,continuous,41,147,0.576088,106250.005560,0.721931,2.9
cem_linear_raw,cem_linear,continuous,41,148,0.567581,110199.827609,0.726128,2.9
cem_linear_raw,cem_linear,continuous,41,149,0.579583,84088.536210,0.713536,2.9
cem_linear_raw,cem_linear,continuous,41,150,0.597949,112723.045621,0.694648,2.9
cem_linear_raw,cem_linear,continuous,41,151,0.569741,133904.707060,0.732424,2.9
cem_linear_raw,cem_linear,continuous,41,152,0.596764,105259.122246,0.705142,2.9
cem_linear_raw,cem_linear,continuous,41,153,0.568294,75052.905725,0.722980,2.9
cem_linear_raw,cem_linear,continuous,41,154,0.588885,106691.155410,0.709339,2.9
cem_linear_raw,cem_linear,continuous,41,155,0.570145,104139.445288,0.730325,2.9
cem_linear_raw,cem_linear,continuous,41,156,0.595013,85475.690279,0.707240,2.9
cem_linear_raw,cem_linear,continuous,41,157,0.568251,121180.230625,0.726128,2.9
cem_linear_raw,cem_linear,continuous,41,158,0.564790,104562.006206,0.727177,2.9
cem_linear_raw,cem_linear,continuous,41,159,0.599915,107188.479383,0.691501,2.9
cem_linear_raw,cem_linear,continuous,41,160,0.568862,99576.419006,0.739769,2.9
cem_linear_raw,cem_linear,continuous,41,161,0.560151,116359.397552,0.733473,2.9
cem_linear_raw,cem_linear,continuous,41,162,0.596319,82764.000824,0.697796,2.9
cem_linear_raw,cem_linear,continuous,41,163,0.576184,92279.834396,0.719832,2.9
cem_linear_raw,cem_linear,continuous,41,164,0.557279,105699.630583,0.730325,2.9
cem_linear_raw,cem_linear,continuous,41,165,0.578744,86896.613757,0.711438,2.9
cem_linear_raw,cem_linear,continuous,41,166,0.570356,92864.818460,0.725079,2.9
cem_linear_raw,cem_linear,continuous,41,167,0.574573,87757.091569,0.726128,2.9
cem_linear_raw,cem_linear,continuous,41,168,0.566562,90946.590045,0.735572,2.9
cem_linear_raw,cem_linear,continuous,41,169,0.563404,111125.883761,0.731375,2.9
cem_linear_raw,cem_linear,continuous,41,170,0.572362,88398.628142,0.736621,2.9
cem_linear_raw,cem_linear,continuous,41,171,0.597910,103410.969898,0.682057,2.9
cem_linear_raw,cem_linear,continuous,41,172,0.584314,93531.830166,0.712487,2.9
cem_linear_raw,cem_linear,continuous,41,173,0.584440,94452.534611,0.709339,2.9
cem_linear_raw,cem_linear,continuous,41,174,0.567901,104684.881001,0.735572,2.9
cem_linear_raw,cem_linear,continuous,41,175,0.552648,79779.233440,0.742917,2.9
cem_linear_raw,cem_linear,continuous,41,176,0.545905,84194.700981,0.733473,2.9
cem_linear_raw,cem_linear,continuous,41,177,0.566665,99746.292602,0.718783,2.9
cem_linear_raw,cem_linear,continuous,41,178,0.593796,96657.458462,0.691501,2.9
cem_linear_raw,cem_linear,continuous,41,179,0.582053,104307.145587,0.711438,2.9
cem_linear_raw,cem_linear,continuous,41,180,0.554786,95697.117536,0.750262,2.9
cem_linear_raw,cem_linear,continuous,41,181,0.547239,75419.642527,0.748164,2.9
cem_linear_raw,cem_linear,continuous,41,182,0.561316,82097.180319,0.737671,2.9
cem_linear_raw,cem_linear,continuous,41,183,0.543744,96951.815099,0.740818,2.9
cem_linear_raw,cem_linear,continuous,41,184,0.565854,99514.453113,0.735572,2.9
cem_linear_raw,cem_linear,continuous,41,185,0.593510,95756.849105,0.711438,2.9
cem_linear_raw,cem_linear,continuous,41,186,0.568665,96558.430466,0.713536,3.0
cem_linear_raw,cem_linear,continuous,41,187,0.549221,88698.057827,0.739769,2.9
cem_linear_raw,cem_linear,continuous,41,188,0.554345,86880.559073,0.729276,2.9
cem_linear_raw,cem_linear,continuous,41,189,0.576830,112305.826141,0.719832,2.9
cem_linear_raw,cem_linear,continuous,41,190,0.590653,101244.898610,0.706191,2.9
cem_linear_raw,cem_linear,continuous,41,191,0.570688,89905.251092,0.725079,2.9
cem_linear_raw,cem_linear,continuous,41,192,0.545119,80495.398364,0.737671,2.9
cem_linear_raw,cem_linear,continuous,41,193,0.590941,111175.635034,0.706191,3.0
cem_linear_raw,cem_linear,continuous,41,194,0.533658,85853.714094,0.740818,2.9
cem_linear_raw,cem_linear,continuous,41,195,0.536249,110322.686385,0.752361,2.9
cem_linear_raw,cem_linear,continuous,41,196,0.563575,104477.657283,0.720881,2.9
cem_linear_raw,cem_linear,continuous,41,197,0.557680,100129.798064,0.728227,2.9
cem_linear_raw,cem_linear,continuous,41,198,0.560287,79006.740580,0.728227,2.9
cem_linear_raw,cem_linear,continuous,41,199,0.546538,100474.809955,0.759706,2.9
cem_linear_raw,cem_linear,continuous,41,200,0.538644,82105.286328,0.745016,2.9
cem_linear_raw,cem_linear,continuous,41,201,0.548648,96167.415444,0.730325,2.9
cem_linear_raw,cem_linear,continuous,41,202,0.565979,81184.483141,0.718783,2.9
cem_linear_raw,cem_linear,continuous,41,203,0.555114,71768.391283,0.726128,2.9
cem_linear_raw,cem_linear,continuous,41,204,0.524482,88186.208367,0.761805,2.9
cem_linear_raw,cem_linear,continuous,41,205,0.544416,84700.044727,0.737671,2.9
cem_linear_raw,cem_linear,continuous,41,206,0.559582,90627.198374,0.741868,2.9
cem_linear_raw,cem_linear,continuous,41,207,0.540776,80742.909846,0.741868,2.9
cem_linear_raw,cem_linear,continuous,41,208,0.536615,75666.005935,0.746065,2.9
cem_linear_raw,cem_linear,continuous,41,209,0.544737,86485.080794,0.739769,2.9
cem_linear_raw,cem_linear,continuous,41,210,0.546963,79670.696672,0.728227,2.9
cem_linear_raw,cem_linear,continuous,41,211,0.539036,117687.088356,0.727177,2.9
cem_linear_raw,cem_linear,continuous,41,212,0.567490,96005.163981,0.714586,2.9
cem_linear_raw,cem_linear,continuous,41,213,0.566619,79542.895913,0.728227,2.9
cem_linear_raw,cem_linear,continuous,41,214,0.531386,73536.392260,0.753410,2.9
cem_linear_raw,cem_linear,continuous,41,215,0.545776,87584.643757,0.737671,2.9
cem_linear_raw,cem_linear,continuous,41,216,0.531898,96546.381562,0.747114,2.9
cem_linear_raw,cem_linear,continuous,41,217,0.544886,99309.965368,0.737671,3.0
cem_linear_raw,cem_linear,continuous,41,218,0.539623,109336.899423,0.746065,2.9
cem_linear_raw,cem_linear,continuous,41,219,0.560459,79982.422648,0.725079,2.9
cem_linear_raw,cem_linear,continuous,41,220,0.540342,101338.185264,0.746065,2.9
cem_linear_raw,cem_linear,continuous,41,221,0.571239,122352.753779,0.707240,2.9
cem_linear_raw,cem_linear,continuous,41,222,0.566063,91723.430337,0.707240,2.9
cem_linear_raw,cem_linear,continuous,41,223,0.533237,71091.932225,0.741868,2.9
cem_linear_raw,cem_linear,continuous,41,224,0.542738,83607.441220,0.735572,2.9
cem_linear_raw,cem_linear,continuous,41,225,0.520514,94910.956896,0.752361,2.9
cem_linear_raw,cem_linear,continuous,41,226,0.529227,70848.819674,0.755509,2.9
cem_linear_raw,cem_linear,continuous,41,227,0.532328,98471.554515,0.736621,2.9
cem_linear_raw,cem_linear,continuous,41,228,0.530062,102902.895417,0.756558,2.9
cem_linear_raw,cem_linear,continuous,41,229,0.548279,91715.526362,0.732424,2.9
cem_linear_raw,cem_linear,continuous,41,230,0.527196,106212.506765,0.752361,2.9
cem_linear_raw,cem_linear,continuous,41,231,0.563815,75819.037165,0.751312,2.9
cem_linear_raw,cem_linear,continuous,41,232,0.527957,80674.433153,0.749213,2.9
cem_linear_raw,cem_linear,continuous,41,233,0.539713,99765.643478,0.728227,2.9
cem_linear_raw,cem_linear,continuous,41,234,0.553288,73239.750660,0.748164,2.9
cem_linear_raw,cem_linear,continuous,41,235,0.514304,68059.239966,0.762854,2.9
cem_linear_raw,cem_linear,continuous,41,236,0.553144,92940.152430,0.742917,2.9
cem_linear_raw,cem_linear,continuous,41,237,0.551147,81273.103954,0.738720,2.9
cem_linear_raw,cem_linear,continuous,41,238,0.552833,98962.786844,0.725079,2.9
cem_linear_raw,cem_linear,continuous,41,239,0.564385,92644.218906,0.709339,2.9
cem_linear_raw,cem_linear,continuous,41,240,0.548940,89882.892031,0.740818,2.9
cem_linear_raw,cem_linear,continuous,41,241,0.552157,103245.595883,0.737671,2.9
cem_linear_raw,cem_linear,continuous,41,242,0.517533,73275.234102,0.753410,2.9
cem_linear_raw,cem_linear,continuous,41,243,0.535003,79121.058606,0.740818,2.9
cem_linear_raw,cem_linear,continuous,41,244,0.555586,82596.529233,0.748164,2.9
cem_linear_raw,cem_linear,continuous,41,245,0.540905,80538.390277,0.738720,2.9
cem_linear_raw,cem_linear,continuous,41,246,0.536316,74824.196923,0.742917,3.0
cem_linear_raw,cem_linear,continuous,41,247,0.504336,83152.547260,0.763903,2.9
cem_linear_raw,cem_linear,continuous,41,248,0.529665,79178.608072,0.762854,2.9
cem_linear_raw,cem_linear,continuous,41,249,0.550524,79405.834824,0.743966,2.9
cem_linear_raw,cem_linear,continuous,41,250,0.524635,89333.526163,0.748164,2.9
cem_linear_raw,cem_linear,continuous,42,1,0.704483,511898.440276,0.510638,2.9
cem_linear_raw,cem_linear,continuous,42,2,0.695016,433614.237434,0.510638,2.9
cem_linear_raw,cem_linear,continuous,42,3,0.685376,427872.720080,0.536170,2.9
cem_linear_raw,cem_linear,continuous,42,4,0.679204,419796.778574,0.559574,2.9
cem_linear_raw,cem_linear,continuous,42,5,0.687229,416719.443949,0.534043,2.9
cem_linear_raw,cem_linear,continuous,42,6,0.687726,411063.175765,0.553191,2.9
cem_linear_raw,cem_linear,continuous,42,7,0.687793,404433.639229,0.528723,2.9
cem_linear_raw,cem_linear,continuous,42,8,0.695364,406159.421443,0.535106,2.9
cem_linear_raw,cem_linear,continuous,42,9,0.696107,414198.921011,0.518085,2.9
cem_linear_raw,cem_linear,continuous,42,10,0.686054,390434.648604,0.536170,2.9
cem_linear_raw,cem_linear,continuous,42,11,0.683061,386480.012234,0.531915,2.9
cem_linear_raw,cem_linear,continuous,42,12,0.683439,390413.310838,0.541489,2.9
cem_linear_raw,cem_linear,continuous,42,13,0.693690,395324.842786,0.531915,2.9
cem_linear_raw,cem_linear,continuous,42,14,0.683370,384223.852061,0.545745,2.9
cem_linear_raw,cem_linear,continuous,42,15,0.692024,383952.074219,0.512766,2.9
cem_linear_raw,cem_linear,continuous,42,16,0.692697,382867.604521,0.522340,2.9
cem_linear_raw,cem_linear,continuous,42,17,0.686436,367967.084242,0.525532,2.9
cem_linear_raw,cem_linear,continuous,42,18,0.673970,385179.547340,0.576596,2.9
cem_linear_raw,cem_linear,continuous,42,19,0.685077,363605.086170,0.525532,2.9
cem_linear_raw,cem_linear,continuous,42,20,0.671156,364571.452261,0.591489,2.9
cem_linear_raw,cem_linear,continuous,42,21,0.684636,355586.316124,0.552128,2.9
cem_linear_raw,cem_linear,continuous,42,22,0.691041,371490.671343,0.525532,2.9
cem_linear_raw,cem_linear,continuous,42,23,0.692662,359193.707247,0.531915,2.9
cem_linear_raw,cem_linear,continuous,42,24,0.678091,369142.958511,0.576596,2.9
cem_linear_raw,cem_linear,continuous,42,25,0.690303,348738.499734,0.505319,2.9
cem_linear_raw,cem_linear,continuous,42,26,0.689875,352197.292088,0.530851,2.8
cem_linear_raw,cem_linear,continuous,42,27,0.677077,338651.632812,0.551064,2.9
cem_linear_raw,cem_linear,continuous,42,28,0.678126,344194.045761,0.557447,2.9
cem_linear_raw,cem_linear,continuous,42,29,0.684458,337845.524535,0.571277,2.9
cem_linear_raw,cem_linear,continuous,42,30,0.674765,319760.445146,0.580851,2.9
cem_linear_raw,cem_linear,continuous,42,31,0.668605,325677.295612,0.576596,2.9
cem_linear_raw,cem_linear,continuous,42,32,0.687389,305712.215791,0.600000,2.9
cem_linear_raw,cem_linear,continuous,42,33,0.663841,315628.884574,0.604255,2.9
cem_linear_raw,cem_linear,continuous,42,34,0.660405,294900.467221,0.605319,2.9
cem_linear_raw,cem_linear,continuous,42,35,0.649584,287532.622473,0.625532,2.9
cem_linear_raw,cem_linear,continuous,42,36,0.675457,303006.840924,0.607447,2.9
cem_linear_raw,cem_linear,continuous,42,37,0.635673,274479.623953,0.654255,2.9
cem_linear_raw,cem_linear,continuous,42,38,0.625408,252058.338464,0.670213,2.9
cem_linear_raw,cem_linear,continuous,42,39,0.645152,240717.035921,0.652128,2.9
cem_linear_raw,cem_linear,continuous,42,40,0.650081,224564.073654,0.639362,2.9
cem_linear_raw,cem_linear,continuous,42,41,0.642268,240397.698654,0.662766,2.9
cem_linear_raw,cem_linear,continuous,42,42,0.627554,196874.374801,0.671277,2.9
cem_linear_raw,cem_linear,continuous,42,43,0.630288,196816.144997,0.651064,2.9
cem_linear_raw,cem_linear,continuous,42,44,0.635827,213355.116955,0.648936,2.8
cem_linear_raw,cem_linear,continuous,42,45,0.623350,186207.483544,0.667021,2.9
cem_linear_raw,cem_linear,continuous,42,46,0.634859,187834.582796,0.660638,2.9
cem_linear_raw,cem_linear,continuous,42,47,0.631905,189220.408752,0.665957,2.9
cem_linear_raw,cem_linear,continuous,42,48,0.607812,174564.464594,0.696809,2.9
cem_linear_raw,cem_linear,continuous,42,49,0.615980,170093.398953,0.656383,2.9
cem_linear_raw,cem_linear,continuous,42,50,0.619500,175426.400682,0.671277,2.9
cem_linear_raw,cem_linear,continuous,42,51,0.609873,172746.054571,0.685106,2.9
cem_linear_raw,cem_linear,continuous,42,52,0.634008,202237.692570,0.660638,2.9
cem_linear_raw,cem_linear,continuous,42,53,0.624244,161815.156782,0.681915,2.9
cem_linear_raw,cem_linear,continuous,42,54,0.622091,161777.954638,0.680851,2.9
cem_linear_raw,cem_linear,continuous,42,55,0.637200,180484.685455,0.660638,2.9
cem_linear_raw,cem_linear,continuous,42,56,0.619099,148933.413231,0.679787,2.9
cem_linear_raw,cem_linear,continuous,42,57,0.619594,153228.333577,0.669149,2.9
cem_linear_raw,cem_linear,continuous,42,58,0.623804,157016.571260,0.664894,2.9
cem_linear_raw,cem_linear,continuous,42,59,0.621322,156279.045221,0.681915,2.9
cem_linear_raw,cem_linear,continuous,42,60,0.616684,173379.766722,0.671277,2.9
cem_linear_raw,cem_linear,continuous,42,61,0.617605,153972.827676,0.663830,2.9
cem_linear_raw,cem_linear,continuous,42,62,0.612350,166788.107430,0.691489,2.9
cem_linear_raw,cem_linear,continuous,42,63,0.612349,160205.131873,0.687234,2.9
cem_linear_raw,cem_linear,continuous,42,64,0.616763,189702.882925,0.690426,2.9
cem_linear_raw,cem_linear,continuous,42,65,0.615221,151579.433361,0.674468,2.9
cem_linear_raw,cem_linear,continuous,42,66,0.621423,173949.337949,0.674468,2.9
cem_linear_raw,cem_linear,continuous,42,67,0.612522,151257.264659,0.684043,2.9
cem_linear_raw,cem_linear,continuous,42,68,0.605976,175003.448637,0.689362,2.9
cem_linear_raw,cem_linear,continuous,42,69,0.587111,146237.165442,0.691489,2.9
cem_linear_raw,cem_linear,continuous,42,70,0.602126,134067.335339,0.694681,2.9
cem_linear_raw,cem_linear,continuous,42,71,0.609852,129348.938107,0.678723,2.9
cem_linear_raw,cem_linear,continuous,42,72,0.605307,147734.988177,0.681915,2.9
cem_linear_raw,cem_linear,continuous,42,73,0.594093,138693.091872,0.693617,2.9
cem_linear_raw,cem_linear,continuous,42,74,0.613930,158662.613871,0.674468,2.9
cem_linear_raw,cem_linear,continuous,42,75,0.611620,140757.327178,0.687234,2.9
cem_linear_raw,cem_linear,continuous,42,76,0.599511,149399.346081,0.696809,2.9
cem_linear_raw,cem_linear,continuous,42,77,0.597606,143392.925723,0.682979,2.9
cem_linear_raw,cem_linear,continuous,42,78,0.594896,120102.782921,0.694681,2.9
cem_linear_raw,cem_linear,continuous,42,79,0.601999,143998.506873,0.679787,2.9
cem_linear_raw,cem_linear,continuous,42,80,0.589388,141842.558411,0.693617,2.9
cem_linear_raw,cem_linear,continuous,42,81,0.610023,138432.759281,0.687234,2.9
cem_linear_raw,cem_linear,continuous,42,82,0.595311,137549.813909,0.700000,2.9
cem_linear_raw,cem_linear,continuous,42,83,0.603098,149397.983843,0.696809,2.9
cem_linear_raw,cem_linear,continuous,42,84,0.596107,135819.366514,0.695745,2.9
cem_linear_raw,cem_linear,continuous,42,85,0.571923,129026.247232,0.711702,2.9
cem_linear_raw,cem_linear,continuous,42,86,0.590188,152339.653956,0.701064,2.9
cem_linear_raw,cem_linear,continuous,42,87,0.602684,148913.194282,0.688298,2.9
cem_linear_raw,cem_linear,continuous,42,88,0.592734,123376.954446,0.697872,2.9
cem_linear_raw,cem_linear,continuous,42,89,0.594173,124302.864536,0.697872,2.9
cem_linear_raw,cem_linear,continuous,42,90,0.587273,125888.320038,0.706383,2.9
cem_linear_raw,cem_linear,continuous,42,91,0.587156,139623.018750,0.717021,2.9
cem_linear_raw,cem_linear,continuous,42,92,0.604566,127072.083635,0.687234,2.9
cem_linear_raw,cem_linear,continuous,42,93,0.575751,145124.672291,0.720213,2.9
cem_linear_raw,cem_linear,continuous,42,94,0.584590,127648.081757,0.698936,2.9
cem_linear_raw,cem_linear,continuous,42,95,0.574809,145209.364553,0.708511,2.9
cem_linear_raw,cem_linear,continuous,42,96,0.585224,123635.862367,0.711702,2.9
cem_linear_raw,cem_linear,continuous,42,97,0.587638,123692.143650,0.695745,2.9
cem_linear_raw,cem_linear,continuous,42,98,0.593357,140310.682571,0.703191,2.9
cem_linear_raw,cem_linear,continuous,42,99,0.580666,125536.984924,0.704255,2.9
cem_linear_raw,cem_linear,continuous,42,100,0.594529,115263.462633,0.692553,2.9
cem_linear_raw,cem_linear,continuous,42,101,0.605538,141608.269282,0.680851,2.9
cem_linear_raw,cem_linear,continuous,42,102,0.590017,111281.225440,0.695745,2.9
cem_linear_raw,cem_linear,continuous,42,103,0.595305,126506.561794,0.686170,2.9
cem_linear_raw,cem_linear,continuous,42,104,0.600252,128439.621809,0.681915,2.9
cem_linear_raw,cem_linear,continuous,42,105,0.602151,158593.901313,0.684043,2.9
cem_linear_raw,cem_linear,continuous,42,106,0.589729,109014.405327,0.711702,2.9
cem_linear_raw,cem_linear,continuous,42,107,0.552517,106079.947399,0.735106,2.9
cem_linear_raw,cem_linear,continuous,42,108,0.574532,135691.230128,0.707447,2.9
cem_linear_raw,cem_linear,continuous,42,109,0.568448,108784.540010,0.712766,2.9
cem_linear_raw,cem_linear,continuous,42,110,0.578297,118307.290276,0.710638,2.9
cem_linear_raw,cem_linear,continuous,42,111,0.571672,114184.897307,0.718085,2.9
cem_linear_raw,cem_linear,continuous,42,112,0.555613,116178.377522,0.745745,2.9
cem_linear_raw,cem_linear,continuous,42,113,0.570741,95727.348213,0.712766,2.9
cem_linear_raw,cem_linear,continuous,42,114,0.584126,107535.178823,0.704255,2.9
cem_linear_raw,cem_linear,continuous,42,115,0.574755,129916.932453,0.727660,2.9
cem_linear_raw,cem_linear,continuous,42,116,0.581252,101911.981150,0.702128,2.9
cem_linear_raw,cem_linear,continuous,42,117,0.577200,96296.876529,0.715957,2.9
cem_linear_raw,cem_linear,continuous,42,118,0.577516,97420.216086,0.709574,2.9
cem_linear_raw,cem_linear,continuous,42,119,0.604456,136185.490259,0.674468,2.9
cem_linear_raw,cem_linear,continuous,42,120,0.572043,124318.877610,0.713830,2.9
cem_linear_raw,cem_linear,continuous,42,121,0.562396,109899.718451,0.728723,2.9
cem_linear_raw,cem_linear,continuous,42,122,0.597789,111602.334309,0.685106,2.9
cem_linear_raw,cem_linear,continuous,42,123,0.580117,121418.105336,0.709574,2.9
cem_linear_raw,cem_linear,continuous,42,124,0.550074,117208.351646,0.734043,2.9
cem_linear_raw,cem_linear,continuous,42,125,0.543471,112367.113127,0.744681,2.9
cem_linear_raw,cem_linear,continuous,42,126,0.568132,123635.127144,0.718085,2.9
cem_linear_raw,cem_linear,continuous,42,127,0.586761,108165.357064,0.709574,2.9
cem_linear_raw,cem_linear,continuous,42,128,0.584676,96287.781300,0.712766,2.9
cem_linear_raw,cem_linear,continuous,42,129,0.587826,104078.859699,0.705319,2.9
cem_linear_raw,cem_linear,continuous,42,130,0.578050,106004.866705,0.709574,2.9
cem_linear_raw,cem_linear,continuous,42,131,0.555756,95033.975773,0.727660,2.9
cem_linear_raw,cem_linear,continuous,42,132,0.585595,113403.845554,0.712766,2.9
cem_linear_raw,cem_linear,continuous,42,133,0.577585,103108.754588,0.707447,2.9
cem_linear_raw,cem_linear,continuous,42,134,0.583225,106921.135921,0.703191,2.9
cem_linear_raw,cem_linear,continuous,42,135,0.564855,121683.452159,0.713830,2.9
cem_linear_raw,cem_linear,continuous,42,136,0.567768,99803.700150,0.713830,2.9
cem_linear_raw,cem_linear,continuous,42,137,0.573424,94063.265197,0.714894,2.9
cem_linear_raw,cem_linear,continuous,42,138,0.556262,105484.276916,0.728723,2.9
cem_linear_raw,cem_linear,continuous,42,139,0.560175,81148.579505,0.723404,2.9
cem_linear_raw,cem_linear,continuous,42,140,0.588355,115165.229388,0.702128,2.9
cem_linear_raw,cem_linear,continuous,42,141,0.567138,90391.267354,0.704255,2.9
cem_linear_raw,cem_linear,continuous,42,142,0.560802,110909.129704,0.719149,2.9
cem_linear_raw,cem_linear,continuous,42,143,0.550764,102943.444328,0.715957,2.9
cem_linear_raw,cem_linear,continuous,42,144,0.563770,127502.703865,0.724468,2.9
cem_linear_raw,cem_linear,continuous,42,145,0.555165,81455.349767,0.729787,2.9
cem_linear_raw,cem_linear,continuous,42,146,0.565937,115769.408536,0.717021,2.9
cem_linear_raw,cem_linear,continuous,42,147,0.566891,100020.464569,0.727660,2.9
cem_linear_raw,cem_linear,continuous,42,148,0.544071,119528.718418,0.726596,2.9
cem_linear_raw,cem_linear,continuous,42,149,0.562955,155306.583022,0.704255,2.9
cem_linear_raw,cem_linear,continuous,42,150,0.559499,103218.536303,0.729787,2.9
cem_linear_raw,cem_linear,continuous,42,151,0.573934,116131.752069,0.708511,2.9
cem_linear_raw,cem_linear,continuous,42,152,0.558353,147252.539723,0.709574,2.9
cem_linear_raw,cem_linear,continuous,42,153,0.562424,111490.798936,0.741489,2.9
cem_linear_raw,cem_linear,continuous,42,154,0.553438,94122.516232,0.734043,2.9
cem_linear_raw,cem_linear,continuous,42,155,0.573648,126702.314486,0.724468,2.9
cem_linear_raw,cem_linear,continuous,42,156,0.563368,105607.805864,0.724468,2.9
cem_linear_raw,cem_linear,continuous,42,157,0.562856,94695.681591,0.731915,2.9
cem_linear_raw,cem_linear,continuous,42,158,0.552824,94514.181184,0.737234,2.9
cem_linear_raw,cem_linear,continuous,42,159,0.554565,110010.645795,0.722340,2.9
cem_linear_raw,cem_linear,continuous,42,160,0.559091,104428.422291,0.728723,2.9
cem_linear_raw,cem_linear,continuous,42,161,0.551949,99321.766390,0.736170,2.9
cem_linear_raw,cem_linear,continuous,42,162,0.544224,105079.151646,0.723404,2.9
cem_linear_raw,cem_linear,continuous,42,163,0.566332,88966.872432,0.709574,2.9
cem_linear_raw,cem_linear,continuous,42,164,0.561303,100942.984134,0.729787,2.9
cem_linear_raw,cem_linear,continuous,42,165,0.550078,100368.677078,0.751064,2.9
cem_linear_raw,cem_linear,continuous,42,166,0.545075,116141.959067,0.723404,2.9
cem_linear_raw,cem_linear,continuous,42,167,0.544349,95012.056200,0.742553,2.9
cem_linear_raw,cem_linear,continuous,42,168,0.547181,96211.992778,0.728723,2.9
cem_linear_raw,cem_linear,continuous,42,169,0.543366,99660.177315,0.740426,2.9
cem_linear_raw,cem_linear,continuous,42,170,0.556819,94267.452676,0.729787,2.9
cem_linear_raw,cem_linear,continuous,42,171,0.540038,103887.201995,0.737234,2.9
cem_linear_raw,cem_linear,continuous,42,172,0.571833,83291.199726,0.714894,2.9
cem_linear_raw,cem_linear,continuous,42,173,0.553447,83451.255918,0.715957,2.9
cem_linear_raw,cem_linear,continuous,42,174,0.544763,93718.103358,0.741489,2.9
cem_linear_raw,cem_linear,continuous,42,175,0.557288,82801.837421,0.717021,2.9
cem_linear_raw,cem_linear,continuous,42,176,0.531344,86209.623138,0.744681,2.9
cem_linear_raw,cem_linear,continuous,42,177,0.559112,80260.091585,0.732979,2.9
cem_linear_raw,cem_linear,continuous,42,178,0.550991,89433.329604,0.734043,2.9
cem_linear_raw,cem_linear,continuous,42,179,0.551106,103019.567753,0.722340,2.9
cem_linear_raw,cem_linear,continuous,42,180,0.557962,83874.483361,0.730851,2.9
cem_linear_raw,cem_linear,continuous,42,181,0.559414,75436.885140,0.727660,2.9
cem_linear_raw,cem_linear,continuous,42,182,0.549177,91628.864777,0.735106,2.9
cem_linear_raw,cem_linear,continuous,42,183,0.570137,85556.813348,0.723404,2.9
cem_linear_raw,cem_linear,continuous,42,184,0.550563,90812.041419,0.743617,2.9
cem_linear_raw,cem_linear,continuous,42,185,0.553282,81829.818143,0.730851,2.9
cem_linear_raw,cem_linear,continuous,42,186,0.559364,83107.380521,0.721277,2.9
cem_linear_raw,cem_linear,continuous,42,187,0.556256,85202.728208,0.726596,2.9
cem_linear_raw,cem_linear,continuous,42,188,0.544350,74443.816082,0.742553,2.9
cem_linear_raw,cem_linear,continuous,42,189,0.547309,99578.623172,0.741489,2.9
cem_linear_raw,cem_linear,continuous,42,190,0.560509,87463.361060,0.720213,2.9
cem_linear_raw,cem_linear,continuous,42,191,0.546549,93283.145429,0.728723,2.9
cem_linear_raw,cem_linear,continuous,42,192,0.560051,124559.847282,0.712766,2.9
cem_linear_raw,cem_linear,continuous,42,193,0.574264,87381.444003,0.705319,2.9
cem_linear_raw,cem_linear,continuous,42,194,0.575717,80542.386561,0.705319,2.9
cem_linear_raw,cem_linear,continuous,42,195,0.537987,92319.994166,0.747872,2.9
cem_linear_raw,cem_linear,continuous,42,196,0.538413,67423.830635,0.739362,2.9
cem_linear_raw,cem_linear,continuous,42,197,0.563604,106678.875540,0.725532,2.9
cem_linear_raw,cem_linear,continuous,42,198,0.556972,85599.225698,0.732979,2.9
cem_linear_raw,cem_linear,continuous,42,199,0.540968,94554.779962,0.740426,2.9
cem_linear_raw,cem_linear,continuous,42,200,0.549554,82903.303740,0.722340,2.9
cem_linear_raw,cem_linear,continuous,42,201,0.564329,85281.729490,0.729787,2.9
cem_linear_raw,cem_linear,continuous,42,202,0.548305,97568.555984,0.731915,2.9
cem_linear_raw,cem_linear,continuous,42,203,0.564346,80039.172099,0.727660,2.9
cem_linear_raw,cem_linear,continuous,42,204,0.536640,86338.435256,0.753191,2.9
cem_linear_raw,cem_linear,continuous,42,205,0.535868,96986.700135,0.741489,2.9
cem_linear_raw,cem_linear,continuous,42,206,0.551994,83196.509117,0.722340,2.9
cem_linear_raw,cem_linear,continuous,42,207,0.545871,84076.806990,0.748936,2.9
cem_linear_raw,cem_linear,continuous,42,208,0.554952,97182.869274,0.713830,2.9
cem_linear_raw,cem_linear,continuous,42,209,0.526399,73864.649834,0.731915,2.9
cem_linear_raw,cem_linear,continuous,42,210,0.536070,83942.503632,0.762766,2.9
cem_linear_raw,cem_linear,continuous,42,211,0.526295,77938.594564,0.756383,2.9
cem_linear_raw,cem_linear,continuous,42,212,0.545580,84306.602547,0.725532,2.9
cem_linear_raw,cem_linear,continuous,42,213,0.559987,81253.023221,0.727660,2.9
cem_linear_raw,cem_linear,continuous,42,214,0.541562,75875.291880,0.743617,2.9
cem_linear_raw,cem_linear,continuous,42,215,0.519231,81384.702626,0.764894,2.9
cem_linear_raw,cem_linear,continuous,42,216,0.566099,82615.360971,0.705319,2.9
cem_linear_raw,cem_linear,continuous,42,217,0.545215,72859.330103,0.745745,2.9
cem_linear_raw,cem_linear,continuous,42,218,0.554502,78612.417906,0.720213,2.9
cem_linear_raw,cem_linear,continuous,42,219,0.542275,77984.983531,0.748936,2.9
cem_linear_raw,cem_linear,continuous,42,220,0.531544,103845.997540,0.748936,2.9
cem_linear_raw,cem_linear,continuous,42,221,0.538902,95992.727335,0.758511,2.9
cem_linear_raw,cem_linear,continuous,42,222,0.530574,100864.863418,0.740426,2.9
cem_linear_raw,cem_linear,continuous,42,223,0.539177,91548.341722,0.736170,2.9
cem_linear_raw,cem_linear,continuous,42,224,0.529740,83315.479895,0.745745,2.9
cem_linear_raw,cem_linear,continuous,42,225,0.528488,85097.741124,0.751064,2.9
cem_linear_raw,cem_linear,continuous,42,226,0.518445,65352.194365,0.736170,2.9
cem_linear_raw,cem_linear,continuous,42,227,0.537554,83697.064071,0.743617,2.9
cem_linear_raw,cem_linear,continuous,42,228,0.544937,77816.745944,0.740426,2.9
cem_linear_raw,cem_linear,continuous,42,229,0.535972,76174.091564,0.745745,2.9
cem_linear_raw,cem_linear,continuous,42,230,0.537772,84733.485771,0.732979,2.9
cem_linear_raw,cem_linear,continuous,42,231,0.534225,82135.551521,0.730851,2.9
cem_linear_raw,cem_linear,continuous,42,232,0.536331,84408.306416,0.745745,2.9
cem_linear_raw,cem_linear,continuous,42,233,0.522940,105615.837820,0.758511,2.9
cem_linear_raw,cem_linear,continuous,42,234,0.543011,97799.754056,0.719149,2.9
cem_linear_raw,cem_linear,continuous,42,235,0.531192,91233.242470,0.772340,2.9
cem_linear_raw,cem_linear,continuous,42,236,0.528836,75015.305760,0.744681,2.9
cem_linear_raw,cem_linear,continuous,42,237,0.531295,81443.863672,0.732979,2.9
cem_linear_raw,cem_linear,continuous,42,238,0.550577,105417.341917,0.736170,2.9
cem_linear_raw,cem_linear,continuous,42,239,0.524867,85801.726779,0.742553,2.9
cem_linear_raw,cem_linear,continuous,42,240,0.541608,100254.572058,0.727660,2.9
cem_linear_raw,cem_linear,continuous,42,241,0.523493,71037.190110,0.771277,2.9
cem_linear_raw,cem_linear,continuous,42,242,0.516838,71948.035223,0.748936,2.9
cem_linear_raw,cem_linear,continuous,42,243,0.524620,75044.893758,0.734043,2.9
cem_linear_raw,cem_linear,continuous,42,244,0.572765,107708.449343,0.684043,2.9
cem_linear_raw,cem_linear,continuous,42,245,0.521370,76558.390974,0.762766,2.9
cem_linear_raw,cem_linear,continuous,42,246,0.521908,79850.736544,0.736170,2.9
cem_linear_raw,cem_linear,continuous,42,247,0.529248,81319.593218,0.745745,2.9
cem_linear_raw,cem_linear,continuous,42,248,0.514394,90448.556229,0.752128,2.9
cem_linear_raw,cem_linear,continuous,42,249,0.539054,96525.967933,0.739362,2.9
cem_linear_raw,cem_linear,continuous,42,250,0.535763,68115.118767,0.742553,2.9
cem_linear_raw,cem_linear,continuous,43,1,0.720903,524489.816950,0.487342,2.9
cem_linear_raw,cem_linear,continuous,43,2,0.680223,437903.619792,0.562236,2.9
cem_linear_raw,cem_linear,continuous,43,3,0.698505,431378.004615,0.496835,2.9
cem_linear_raw,cem_linear,continuous,43,4,0.689197,421249.071532,0.526371,2.9
cem_linear_raw,cem_linear,continuous,43,5,0.691429,419535.135417,0.518987,2.9
cem_linear_raw,cem_linear,continuous,43,6,0.687648,420747.929325,0.567511,2.9
cem_linear_raw,cem_linear,continuous,43,7,0.691715,417198.332344,0.533755,2.9
cem_linear_raw,cem_linear,continuous,43,8,0.688495,408186.310390,0.540084,2.9
cem_linear_raw,cem_linear,continuous,43,9,0.684187,406898.034431,0.528481,2.9
cem_linear_raw,cem_linear,continuous,43,10,0.689847,398385.058347,0.542194,2.9
cem_linear_raw,cem_linear,continuous,43,11,0.691801,404507.519317,0.521097,2.9
cem_linear_raw,cem_linear,continuous,43,12,0.690474,403266.646888,0.510549,2.9
cem_linear_raw,cem_linear,continuous,43,13,0.690252,394834.382384,0.542194,2.9
cem_linear_raw,cem_linear,continuous,43,14,0.689508,391650.793579,0.536920,2.9
cem_linear_raw,cem_linear,continuous,43,15,0.691484,393749.151833,0.554852,2.9
cem_linear_raw,cem_linear,continuous,43,16,0.685425,385109.723044,0.551688,2.9
cem_linear_raw,cem_linear,continuous,43,17,0.688032,382538.004582,0.521097,2.9
cem_linear_raw,cem_linear,continuous,43,18,0.677275,368823.160667,0.566456,2.9
cem_linear_raw,cem_linear,continuous,43,19,0.685504,383531.922501,0.545359,2.9
cem_linear_raw,cem_linear,continuous,43,20,0.688959,372342.683231,0.533755,2.9
cem_linear_raw,cem_linear,continuous,43,21,0.689056,381697.848826,0.535865,2.9
cem_linear_raw,cem_linear,continuous,43,22,0.679527,351402.173128,0.566456,2.9
cem_linear_raw,cem_linear,continuous,43,23,0.684139,359821.627439,0.534810,2.9
cem_linear_raw,cem_linear,continuous,43,24,0.674101,351145.687236,0.577004,2.9
cem_linear_raw,cem_linear,continuous,43,25,0.658482,347096.452466,0.584388,2.9
cem_linear_raw,cem_linear,continuous,43,26,0.669637,356347.221816,0.578059,2.9
cem_linear_raw,cem_linear,continuous,43,27,0.667700,339921.014570,0.586498,2.9
cem_linear_raw,cem_linear,continuous,43,28,0.669469,338519.238528,0.592827,2.9
cem_linear_raw,cem_linear,continuous,43,29,0.659449,336946.969541,0.597046,2.9
cem_linear_raw,cem_linear,continuous,43,30,0.665616,307019.957048,0.621308,2.9
cem_linear_raw,cem_linear,continuous,43,31,0.660592,308812.831619,0.620253,2.9
cem_linear_raw,cem_linear,continuous,43,32,0.660247,298062.288041,0.608650,2.9
cem_linear_raw,cem_linear,continuous,43,33,0.648294,283633.406415,0.627637,2.9
cem_linear_raw,cem_linear,continuous,43,34,0.670563,262960.203751,0.616034,2.9
cem_linear_raw,cem_linear,continuous,43,35,0.648753,309537.828537,0.625527,2.9
cem_linear_raw,cem_linear,continuous,43,36,0.667389,272498.280706,0.620253,2.9
cem_linear_raw,cem_linear,continuous,43,37,0.647036,246307.125527,0.635021,2.9
cem_linear_raw,cem_linear,continuous,43,38,0.617831,217052.184129,0.679325,2.9
cem_linear_raw,cem_linear,continuous,43,39,0.647235,265255.964382,0.645570,2.9
cem_linear_raw,cem_linear,continuous,43,40,0.664938,212839.143999,0.599156,2.9
cem_linear_raw,cem_linear,continuous,43,41,0.641007,209702.995748,0.642405,2.9
cem_linear_raw,cem_linear,continuous,43,42,0.636239,198105.553188,0.644515,2.9
cem_linear_raw,cem_linear,continuous,43,43,0.647227,187880.917161,0.619198,2.9
cem_linear_raw,cem_linear,continuous,43,44,0.651073,248797.847706,0.644515,2.9
cem_linear_raw,cem_linear,continuous,43,45,0.632481,181461.355815,0.654008,2.9
cem_linear_raw,cem_linear,continuous,43,46,0.618960,194939.699233,0.650844,2.9
cem_linear_raw,cem_linear,continuous,43,47,0.662315,225562.457707,0.623418,2.9
cem_linear_raw,cem_linear,continuous,43,48,0.637214,215512.164128,0.647679,2.9
cem_linear_raw,cem_linear,continuous,43,49,0.637180,187309.119479,0.666667,2.9
cem_linear_raw,cem_linear,continuous,43,50,0.624664,170468.544040,0.661392,2.9
cem_linear_raw,cem_linear,continuous,43,51,0.645928,179144.278877,0.636076,2.9
cem_linear_raw,cem_linear,continuous,43,52,0.618662,207988.442939,0.656118,2.9
cem_linear_raw,cem_linear,continuous,43,53,0.623818,145177.510071,0.665612,2.9
cem_linear_raw,cem_linear,continuous,43,54,0.630093,174307.816621,0.656118,2.9
cem_linear_raw,cem_linear,continuous,43,55,0.614733,175004.894696,0.669831,2.9
cem_linear_raw,cem_linear,continuous,43,56,0.627860,173230.499077,0.659283,2.9
cem_linear_raw,cem_linear,continuous,43,57,0.651737,180371.430825,0.614979,2.9
cem_linear_raw,cem_linear,continuous,43,58,0.615455,145534.165035,0.674051,2.9
cem_linear_raw,cem_linear,continuous,43,59,0.622494,179569.692181,0.666667,2.9
cem_linear_raw,cem_linear,continuous,43,60,0.620843,181219.470184,0.674051,2.9
cem_linear_raw,cem_linear,continuous,43,61,0.637988,170309.641655,0.642405,2.9
cem_linear_raw,cem_linear,continuous,43,62,0.632633,155161.907074,0.642405,2.9
cem_linear_raw,cem_linear,continuous,43,63,0.616988,156983.733716,0.676160,2.9
cem_linear_raw,cem_linear,continuous,43,64,0.637492,158584.551704,0.637131,2.9
cem_linear_raw,cem_linear,continuous,43,65,0.614131,161942.789227,0.677215,2.9
cem_linear_raw,cem_linear,continuous,43,66,0.614915,155927.212781,0.665612,2.9
cem_linear_raw,cem_linear,continuous,43,67,0.616610,175738.345200,0.672996,2.9
cem_linear_raw,cem_linear,continuous,43,68,0.623933,143848.466562,0.655063,2.9
cem_linear_raw,cem_linear,continuous,43,69,0.634554,180650.500066,0.661392,2.9
cem_linear_raw,cem_linear,continuous,43,70,0.623164,150130.103886,0.646624,2.9
cem_linear_raw,cem_linear,continuous,43,71,0.634596,164291.476534,0.648734,2.9
cem_linear_raw,cem_linear,continuous,43,72,0.603332,164169.124411,0.685654,2.9
cem_linear_raw,cem_linear,continuous,43,73,0.634275,176779.204650,0.666667,2.9
cem_linear_raw,cem_linear,continuous,43,74,0.617536,153156.520553,0.667722,2.9
cem_linear_raw,cem_linear,continuous,43,75,0.615462,135531.193615,0.667722,2.9
cem_linear_raw,cem_linear,continuous,43,76,0.592891,142195.333179,0.700422,2.9
cem_linear_raw,cem_linear,continuous,43,77,0.606209,127911.421298,0.689873,2.9
cem_linear_raw,cem_linear,continuous,43,78,0.614864,162370.382236,0.677215,2.9
cem_linear_raw,cem_linear,continuous,43,79,0.625311,145006.309253,0.658228,2.9
cem_linear_raw,cem_linear,continuous,43,80,0.612525,165789.561865,0.665612,2.9
cem_linear_raw,cem_linear,continuous,43,81,0.611900,163487.767623,0.676160,2.9
cem_linear_raw,cem_linear,continuous,43,82,0.597323,131949.847615,0.681435,2.9
cem_linear_raw,cem_linear,continuous,43,83,0.597402,144525.455465,0.682489,2.9
cem_linear_raw,cem_linear,continuous,43,84,0.614198,145435.994594,0.658228,2.9
cem_linear_raw,cem_linear,continuous,43,85,0.609304,134988.186000,0.686709,2.9
cem_linear_raw,cem_linear,continuous,43,86,0.597504,140356.839370,0.699367,2.9
cem_linear_raw,cem_linear,continuous,43,87,0.608765,157181.464028,0.694093,2.9
cem_linear_raw,cem_linear,continuous,43,88,0.632746,143069.263268,0.640295,2.9
cem_linear_raw,cem_linear,continuous,43,89,0.618898,137551.844030,0.671941,2.9
cem_linear_raw,cem_linear,continuous,43,90,0.624924,138572.887193,0.658228,2.9
cem_linear_raw,cem_linear,continuous,43,91,0.618708,137767.866668,0.672996,2.9
cem_linear_raw,cem_linear,continuous,43,92,0.607639,152060.620204,0.676160,2.9
cem_linear_raw,cem_linear,continuous,43,93,0.620571,137973.149979,0.647679,2.9
cem_linear_raw,cem_linear,continuous,43,94,0.585318,148180.324515,0.697257,2.9
cem_linear_raw,cem_linear,continuous,43,95,0.609226,155969.683165,0.677215,2.9
cem_linear_raw,cem_linear,continuous,43,96,0.607131,150099.351002,0.679325,2.9
cem_linear_raw,cem_linear,continuous,43,97,0.607630,152822.987968,0.682489,2.9
cem_linear_raw,cem_linear,continuous,43,98,0.614413,141378.977815,0.675105,3.0
cem_linear_raw,cem_linear,continuous,43,99,0.621072,138138.728117,0.655063,2.9
cem_linear_raw,cem_linear,continuous,43,100,0.602773,137498.334537,0.682489,2.9
cem_linear_raw,cem_linear,continuous,43,101,0.602501,132244.852830,0.689873,2.9
cem_linear_raw,cem_linear,continuous,43,102,0.601279,129242.137724,0.682489,2.9
cem_linear_raw,cem_linear,continuous,43,103,0.604036,124733.499860,0.680380,2.9
cem_linear_raw,cem_linear,continuous,43,104,0.611166,146974.301642,0.674051,2.9
cem_linear_raw,cem_linear,continuous,43,105,0.608056,123803.250124,0.681435,2.9
cem_linear_raw,cem_linear,continuous,43,106,0.607147,127622.563390,0.669831,2.9
cem_linear_raw,cem_linear,continuous,43,107,0.620341,130449.613942,0.666667,2.9
cem_linear_raw,cem_linear,continuous,43,108,0.607279,133699.816686,0.668776,2.9
cem_linear_raw,cem_linear,continuous,43,109,0.610560,116958.689750,0.674051,2.9
cem_linear_raw,cem_linear,continuous,43,110,0.614140,175702.437360,0.669831,2.9
cem_linear_raw,cem_linear,continuous,43,111,0.590271,134217.538782,0.704641,2.9
cem_linear_raw,cem_linear,continuous,43,112,0.619716,138917.350586,0.675105,2.9
cem_linear_raw,cem_linear,continuous,43,113,0.608083,115046.166321,0.675105,2.9
cem_linear_raw,cem_linear,continuous,43,114,0.596266,135765.128861,0.691983,2.9
cem_linear_raw,cem_linear,continuous,43,115,0.604649,119241.635961,0.686709,2.9
cem_linear_raw,cem_linear,continuous,43,116,0.591205,111935.901429,0.690928,2.9
cem_linear_raw,cem_linear,continuous,43,117,0.590493,121530.370929,0.683544,2.9
cem_linear_raw,cem_linear,continuous,43,118,0.585577,101897.405463,0.700422,2.9
cem_linear_raw,cem_linear,continuous,43,119,0.609222,129230.141904,0.672996,2.9
cem_linear_raw,cem_linear,continuous,43,120,0.595764,124232.163041,0.708861,2.9
cem_linear_raw,cem_linear,continuous,43,121,0.604165,111359.609070,0.676160,2.9
cem_linear_raw,cem_linear,continuous,43,122,0.590432,121850.829856,0.698312,2.9
cem_linear_raw,cem_linear,continuous,43,123,0.602326,129578.534711,0.687764,2.9
cem_linear_raw,cem_linear,continuous,43,124,0.585072,130292.216418,0.695148,2.9
cem_linear_raw,cem_linear,continuous,43,125,0.593000,106314.307555,0.703586,2.9
cem_linear_raw,cem_linear,continuous,43,126,0.603469,120254.826217,0.689873,2.9
cem_linear_raw,cem_linear,continuous,43,127,0.613763,97377.622268,0.680380,2.9
cem_linear_raw,cem_linear,continuous,43,128,0.606563,120295.799628,0.689873,2.9
cem_linear_raw,cem_linear,continuous,43,129,0.620640,101756.585723,0.678270,2.9
cem_linear_raw,cem_linear,continuous,43,130,0.584419,120436.686709,0.718354,2.9
cem_linear_raw,cem_linear,continuous,43,131,0.613191,114077.161192,0.687764,2.9
cem_linear_raw,cem_linear,continuous,43,132,0.599238,126987.737721,0.687764,2.9
cem_linear_raw,cem_linear,continuous,43,133,0.592475,99983.082167,0.699367,2.9
cem_linear_raw,cem_linear,continuous,43,134,0.600798,117201.910840,0.688819,2.9
cem_linear_raw,cem_linear,continuous,43,135,0.607326,111041.836959,0.683544,2.9
cem_linear_raw,cem_linear,continuous,43,136,0.604075,110635.810786,0.694093,2.9
cem_linear_raw,cem_linear,continuous,43,137,0.595284,115066.451551,0.682489,2.9
cem_linear_raw,cem_linear,continuous,43,138,0.583200,118046.912287,0.689873,2.9
cem_linear_raw,cem_linear,continuous,43,139,0.595101,106508.138750,0.703586,2.9
cem_linear_raw,cem_linear,continuous,43,140,0.588931,121443.610077,0.713080,2.9
cem_linear_raw,cem_linear,continuous,43,141,0.592217,128653.608361,0.703586,2.9
cem_linear_raw,cem_linear,continuous,43,142,0.598063,101313.896468,0.700422,2.9
cem_linear_raw,cem_linear,continuous,43,143,0.596498,109534.630967,0.689873,2.9
cem_linear_raw,cem_linear,continuous,43,144,0.604300,116324.401973,0.681435,2.9
cem_linear_raw,cem_linear,continuous,43,145,0.592739,110071.691952,0.702532,2.9
cem_linear_raw,cem_linear,continuous,43,146,0.596125,105289.198114,0.700422,2.9
cem_linear_raw,cem_linear,continuous,43,147,0.596322,100150.050551,0.698312,2.9
cem_linear_raw,cem_linear,continuous,43,148,0.612022,121807.900219,0.678270,2.9
cem_linear_raw,cem_linear,continuous,43,149,0.597809,147554.160434,0.694093,2.9
cem_linear_raw,cem_linear,continuous,43,150,0.578700,113945.598752,0.708861,2.9
cem_linear_raw,cem_linear,continuous,43,151,0.586096,104842.569567,0.719409,2.9
cem_linear_raw,cem_linear,continuous,43,152,0.585096,106912.263046,0.718354,2.9
cem_linear_raw,cem_linear,continuous,43,153,0.573828,96485.164536,0.712025,2.9
cem_linear_raw,cem_linear,continuous,43,154,0.577928,98793.111031,0.701477,2.9
cem_linear_raw,cem_linear,continuous,43,155,0.579561,104035.255126,0.701477,2.9
cem_linear_raw,cem_linear,continuous,43,156,0.586597,104402.040505,0.707806,2.9
cem_linear_raw,cem_linear,continuous,43,157,0.595502,104818.952371,0.680380,2.9
cem_linear_raw,cem_linear,continuous,43,158,0.581960,105438.323724,0.714135,2.9
cem_linear_raw,cem_linear,continuous,43,159,0.576420,100980.321705,0.709916,2.9
cem_linear_raw,cem_linear,continuous,43,160,0.572299,105474.189301,0.715190,2.9
cem_linear_raw,cem_linear,continuous,43,161,0.570985,96563.259512,0.722574,2.9
cem_linear_raw,cem_linear,continuous,43,162,0.572841,87223.834677,0.721519,2.9
cem_linear_raw,cem_linear,continuous,43,163,0.578484,119564.924207,0.704641,2.9
cem_linear_raw,cem_linear,continuous,43,164,0.604092,95568.544922,0.695148,2.9
cem_linear_raw,cem_linear,continuous,43,165,0.576134,114417.754046,0.714135,2.9
cem_linear_raw,cem_linear,continuous,43,166,0.571576,106887.085583,0.691983,2.9
cem_linear_raw,cem_linear,continuous,43,167,0.581599,110915.286858,0.709916,2.9
cem_linear_raw,cem_linear,continuous,43,168,0.593257,95141.602834,0.694093,2.9
cem_linear_raw,cem_linear,continuous,43,169,0.589496,93701.298103,0.707806,2.9
cem_linear_raw,cem_linear,continuous,43,170,0.568657,98863.394688,0.735232,2.9
cem_linear_raw,cem_linear,continuous,43,171,0.612674,105708.616767,0.674051,2.9
cem_linear_raw,cem_linear,continuous,43,172,0.575584,106148.592118,0.722574,2.9
cem_linear_raw,cem_linear,continuous,43,173,0.578046,99170.419077,0.707806,2.9
cem_linear_raw,cem_linear,continuous,43,174,0.567493,74891.573753,0.722574,2.9
cem_linear_raw,cem_linear,continuous,43,175,0.598755,82718.233534,0.704641,2.9
cem_linear_raw,cem_linear,continuous,43,176,0.578986,84670.744932,0.693038,2.9
cem_linear_raw,cem_linear,continuous,43,177,0.575607,94084.767512,0.725738,2.9
cem_linear_raw,cem_linear,continuous,43,178,0.587905,83110.328430,0.702532,2.9
cem_linear_raw,cem_linear,continuous,43,179,0.593883,120832.052912,0.679325,2.9
cem_linear_raw,cem_linear,continuous,43,180,0.562542,103672.078174,0.726793,2.9
cem_linear_raw,cem_linear,continuous,43,181,0.564248,106839.004483,0.716245,2.9
cem_linear_raw,cem_linear,continuous,43,182,0.564511,92755.973977,0.731013,2.9
cem_linear_raw,cem_linear,continuous,43,183,0.590382,102446.759246,0.701477,2.9
cem_linear_raw,cem_linear,continuous,43,184,0.564043,81825.454361,0.724684,2.9
cem_linear_raw,cem_linear,continuous,43,185,0.563152,85060.396556,0.732068,2.9
cem_linear_raw,cem_linear,continuous,43,186,0.568870,89560.273592,0.722574,2.9
cem_linear_raw,cem_linear,continuous,43,187,0.586456,96829.104826,0.701477,2.9
cem_linear_raw,cem_linear,continuous,43,188,0.581798,97833.844529,0.704641,2.9
cem_linear_raw,cem_linear,continuous,43,189,0.585426,98247.735646,0.714135,2.9
cem_linear_raw,cem_linear,continuous,43,190,0.579115,91768.049553,0.733122,2.9
cem_linear_raw,cem_linear,continuous,43,191,0.575133,85974.509634,0.719409,2.9
cem_linear_raw,cem_linear,continuous,43,192,0.589609,111222.368291,0.706751,2.9
cem_linear_raw,cem_linear,continuous,43,193,0.568233,98908.132566,0.707806,2.9
cem_linear_raw,cem_linear,continuous,43,194,0.567804,83678.144218,0.725738,2.9
cem_linear_raw,cem_linear,continuous,43,195,0.548296,82617.671339,0.731013,2.9
cem_linear_raw,cem_linear,continuous,43,196,0.577793,88933.981853,0.705696,2.9
cem_linear_raw,cem_linear,continuous,43,197,0.561613,91464.314330,0.726793,2.9
cem_linear_raw,cem_linear,continuous,43,198,0.566924,94403.251549,0.738397,2.9
cem_linear_raw,cem_linear,continuous,43,199,0.558749,89225.241887,0.733122,2.9
cem_linear_raw,cem_linear,continuous,43,200,0.590598,93850.761928,0.705696,2.9
cem_linear_raw,cem_linear,continuous,43,201,0.555215,90987.969847,0.746835,2.9
cem_linear_raw,cem_linear,continuous,43,202,0.584910,91614.348406,0.714135,2.9
cem_linear_raw,cem_linear,continuous,43,203,0.576459,93119.687580,0.716245,2.9
cem_linear_raw,cem_linear,continuous,43,204,0.575056,110641.354175,0.704641,2.9
cem_linear_raw,cem_linear,continuous,43,205,0.562763,73252.665538,0.723629,2.9
cem_linear_raw,cem_linear,continuous,43,206,0.551279,83508.261447,0.742616,2.9
cem_linear_raw,cem_linear,continuous,43,207,0.586395,98769.887947,0.700422,2.9
cem_linear_raw,cem_linear,continuous,43,208,0.562143,102071.666675,0.718354,2.9
cem_linear_raw,cem_linear,continuous,43,209,0.563527,84977.445692,0.728903,2.9
cem_linear_raw,cem_linear,continuous,43,210,0.560548,83591.561900,0.739451,2.9
cem_linear_raw,cem_linear,continuous,43,211,0.552747,110179.332235,0.739451,2.9
cem_linear_raw,cem_linear,continuous,43,212,0.587173,116270.236064,0.697257,2.9
cem_linear_raw,cem_linear,continuous,43,213,0.557190,68692.858421,0.741561,2.9
cem_linear_raw,cem_linear,continuous,43,214,0.559888,114137.167919,0.727848,2.9
cem_linear_raw,cem_linear,continuous,43,215,0.590906,96916.371984,0.698312,2.9
cem_linear_raw,cem_linear,continuous,43,216,0.583085,94158.640971,0.720464,2.9
cem_linear_raw,cem_linear,continuous,43,217,0.565329,87206.358831,0.732068,2.9
cem_linear_raw,cem_linear,continuous,43,218,0.562993,77141.001788,0.717300,2.9
cem_linear_raw,cem_linear,continuous,43,219,0.546073,96541.242097,0.746835,2.9
cem_linear_raw,cem_linear,continuous,43,220,0.566189,87589.719022,0.722574,2.9
cem_linear_raw,cem_linear,continuous,43,221,0.568419,83306.158261,0.708861,2.9
cem_linear_raw,cem_linear,continuous,43,222,0.567466,107618.242303,0.723629,2.9
cem_linear_raw,cem_linear,continuous,43,223,0.564827,89040.340952,0.731013,2.9
cem_linear_raw,cem_linear,continuous,43,224,0.556446,80626.575595,0.729958,2.9
cem_linear_raw,cem_linear,continuous,43,225,0.574309,100244.811190,0.720464,2.9
cem_linear_raw,cem_linear,continuous,43,226,0.569640,85011.559335,0.702532,2.9
cem_linear_raw,cem_linear,continuous,43,227,0.573619,82361.959512,0.712025,2.9
cem_linear_raw,cem_linear,continuous,43,228,0.555968,97865.848208,0.742616,2.9
cem_linear_raw,cem_linear,continuous,43,229,0.563835,77336.722813,0.714135,2.9
cem_linear_raw,cem_linear,continuous,43,230,0.564499,91010.325986,0.720464,3.0
cem_linear_raw,cem_linear,continuous,43,231,0.579035,80067.850563,0.715190,2.9
cem_linear_raw,cem_linear,continuous,43,232,0.552234,95531.420704,0.732068,2.9
cem_linear_raw,cem_linear,continuous,43,233,0.549230,78129.669600,0.736287,2.9
cem_linear_raw,cem_linear,continuous,43,234,0.551699,98168.457831,0.731013,2.9
cem_linear_raw,cem_linear,continuous,43,235,0.554799,91692.910634,0.741561,2.9
cem_linear_raw,cem_linear,continuous,43,236,0.556322,92407.191868,0.733122,2.9
cem_linear_raw,cem_linear,continuous,43,237,0.565224,89828.048581,0.733122,2.9
cem_linear_raw,cem_linear,continuous,43,238,0.548096,75223.323205,0.744726,2.9
cem_linear_raw,cem_linear,continuous,43,239,0.553658,86917.799082,0.726793,2.9
cem_linear_raw,cem_linear,continuous,43,240,0.554892,73183.661467,0.724684,2.9
cem_linear_raw,cem_linear,continuous,43,241,0.543241,68359.366026,0.745781,2.9
cem_linear_raw,cem_linear,continuous,43,242,0.544208,80203.868094,0.738397,2.9
cem_linear_raw,cem_linear,continuous,43,243,0.555535,79445.014084,0.738397,2.9
cem_linear_raw,cem_linear,continuous,43,244,0.548497,70768.205037,0.724684,2.9
cem_linear_raw,cem_linear,continuous,43,245,0.550275,78583.405594,0.726793,2.9
cem_linear_raw,cem_linear,continuous,43,246,0.587999,125711.604125,0.690928,2.9
cem_linear_raw,cem_linear,continuous,43,247,0.559601,93414.915431,0.737342,2.9
cem_linear_raw,cem_linear,continuous,43,248,0.545599,95170.137250,0.728903,2.9
cem_linear_raw,cem_linear,continuous,43,249,0.527619,98424.128655,0.755274,2.9
cem_linear_raw,cem_linear,continuous,43,250,0.547898,74398.559204,0.744726,2.9
cem_linear_raw,cem_linear,continuous,44,1,0.688560,510030.312014,0.548387,3.0
cem_linear_raw,cem_linear,continuous,44,2,0.688218,407761.416770,0.547347,2.9
cem_linear_raw,cem_linear,continuous,44,3,0.669214,407779.008845,0.593132,2.9
cem_linear_raw,cem_linear,continuous,44,4,0.698761,404717.779262,0.517170,3.0
cem_linear_raw,cem_linear,continuous,44,5,0.678155,400535.289266,0.571280,2.9
cem_linear_raw,cem_linear,continuous,44,6,0.695658,391878.661599,0.517170,3.0
cem_linear_raw,cem_linear,continuous,44,7,0.680781,383518.597725,0.557752,2.9
cem_linear_raw,cem_linear,continuous,44,8,0.683993,376963.560354,0.547347,3.0
cem_linear_raw,cem_linear,continuous,44,9,0.680756,394711.010782,0.558793,3.0
cem_linear_raw,cem_linear,continuous,44,10,0.684704,363145.314593,0.542144,3.0
cem_linear_raw,cem_linear,continuous,44,11,0.695476,401281.232513,0.530697,2.9
cem_linear_raw,cem_linear,continuous,44,12,0.681860,372328.405543,0.551509,3.0
cem_linear_raw,cem_linear,continuous,44,13,0.689060,365959.864480,0.529657,3.0
cem_linear_raw,cem_linear,continuous,44,14,0.682477,363822.415973,0.562955,3.0
cem_linear_raw,cem_linear,continuous,44,15,0.680237,380848.025466,0.561915,2.9
cem_linear_raw,cem_linear,continuous,44,16,0.684592,369080.703759,0.550468,2.9
cem_linear_raw,cem_linear,continuous,44,17,0.683119,349713.416900,0.546306,2.9
cem_linear_raw,cem_linear,continuous,44,18,0.687937,369022.248268,0.539022,2.9
cem_linear_raw,cem_linear,continuous,44,19,0.679674,368303.971992,0.556712,3.0
cem_linear_raw,cem_linear,continuous,44,20,0.674709,348566.678883,0.569199,3.0
cem_linear_raw,cem_linear,continuous,44,21,0.677683,354983.317443,0.567118,2.9
cem_linear_raw,cem_linear,continuous,44,22,0.668547,348899.940118,0.592092,3.0
cem_linear_raw,cem_linear,continuous,44,23,0.692424,340151.327597,0.541103,2.9
cem_linear_raw,cem_linear,continuous,44,24,0.670314,331395.040404,0.569199,2.9
cem_linear_raw,cem_linear,continuous,44,25,0.677091,335501.867846,0.565036,3.0
cem_linear_raw,cem_linear,continuous,44,26,0.669009,346633.795265,0.584807,2.9
cem_linear_raw,cem_linear,continuous,44,27,0.686405,351047.141283,0.560874,2.9
cem_linear_raw,cem_linear,continuous,44,28,0.677838,327749.495703,0.560874,2.9
cem_linear_raw,cem_linear,continuous,44,29,0.670671,323189.461962,0.576483,3.0
cem_linear_raw,cem_linear,continuous,44,30,0.664221,329240.772047,0.590010,2.9
cem_linear_raw,cem_linear,continuous,44,31,0.640072,317597.004910,0.638918,2.9
cem_linear_raw,cem_linear,continuous,44,32,0.671857,301059.755317,0.594173,2.9
cem_linear_raw,cem_linear,continuous,44,33,0.641666,292982.574629,0.651405,3.0
cem_linear_raw,cem_linear,continuous,44,34,0.654685,304323.936768,0.620187,3.0
cem_linear_raw,cem_linear,continuous,44,35,0.664025,304060.617618,0.620187,3.0
cem_linear_raw,cem_linear,continuous,44,36,0.667013,287925.046038,0.598335,2.9
cem_linear_raw,cem_linear,continuous,44,37,0.648669,253049.851945,0.625390,3.0
cem_linear_raw,cem_linear,continuous,44,38,0.669167,251349.800143,0.599376,3.0
cem_linear_raw,cem_linear,continuous,44,39,0.623927,284513.006585,0.676379,3.0
cem_linear_raw,cem_linear,continuous,44,40,0.685749,235829.242326,0.598335,3.0
cem_linear_raw,cem_linear,continuous,44,41,0.683821,247210.078560,0.545265,2.9
cem_linear_raw,cem_linear,continuous,44,42,0.666960,212931.364988,0.612903,2.9
cem_linear_raw,cem_linear,continuous,44,43,0.664423,214473.196166,0.592092,2.9
cem_linear_raw,cem_linear,continuous,44,44,0.656828,206888.244781,0.610822,3.0
cem_linear_raw,cem_linear,continuous,44,45,0.675702,201630.607519,0.587929,2.9
cem_linear_raw,cem_linear,continuous,44,46,0.665326,191920.785283,0.602497,2.9
cem_linear_raw,cem_linear,continuous,44,47,0.665363,199937.727989,0.604579,2.9
cem_linear_raw,cem_linear,continuous,44,48,0.656679,186466.941711,0.603538,3.0
cem_linear_raw,cem_linear,continuous,44,49,0.660865,175358.211572,0.601457,3.0
cem_linear_raw,cem_linear,continuous,44,50,0.649963,146960.282469,0.639958,2.9
cem_linear_raw,cem_linear,continuous,44,51,0.648167,177426.681956,0.609781,2.9
cem_linear_raw,cem_linear,continuous,44,52,0.649885,167895.092909,0.630593,2.9
cem_linear_raw,cem_linear,continuous,44,53,0.652716,165224.941515,0.626431,3.0
cem_linear_raw,cem_linear,continuous,44,54,0.647425,153649.924997,0.633715,3.0
cem_linear_raw,cem_linear,continuous,44,55,0.671804,167329.294834,0.591051,2.9
cem_linear_raw,cem_linear,continuous,44,56,0.633032,168271.446117,0.645161,3.0
cem_linear_raw,cem_linear,continuous,44,57,0.651665,195096.464359,0.613944,3.0
cem_linear_raw,cem_linear,continuous,44,58,0.635107,149336.581016,0.650364,2.9
cem_linear_raw,cem_linear,continuous,44,59,0.650061,164557.677825,0.611863,3.0
cem_linear_raw,cem_linear,continuous,44,60,0.640316,148372.549875,0.629553,2.9
cem_linear_raw,cem_linear,continuous,44,61,0.640882,149478.241612,0.652445,3.0
cem_linear_raw,cem_linear,continuous,44,62,0.626198,154168.775072,0.635796,3.0
cem_linear_raw,cem_linear,continuous,44,63,0.627679,150025.748207,0.674298,2.9
cem_linear_raw,cem_linear,continuous,44,64,0.636113,131069.362060,0.624350,2.9
cem_linear_raw,cem_linear,continuous,44,65,0.615487,132452.878593,0.686785,2.9
cem_linear_raw,cem_linear,continuous,44,66,0.619600,139316.220445,0.655567,2.9
cem_linear_raw,cem_linear,continuous,44,67,0.634348,163421.477436,0.623309,2.9
cem_linear_raw,cem_linear,continuous,44,68,0.630423,163782.657750,0.644121,2.9
cem_linear_raw,cem_linear,continuous,44,69,0.647557,134149.372252,0.631634,2.9
cem_linear_raw,cem_linear,continuous,44,70,0.630373,134553.580340,0.639958,3.0
cem_linear_raw,cem_linear,continuous,44,71,0.623883,133421.197124,0.655567,2.9
cem_linear_raw,cem_linear,continuous,44,72,0.628409,136020.205515,0.645161,3.0
cem_linear_raw,cem_linear,continuous,44,73,0.617060,127174.031441,0.653486,3.0
cem_linear_raw,cem_linear,continuous,44,74,0.614619,142302.824101,0.652445,3.0
cem_linear_raw,cem_linear,continuous,44,75,0.635042,139559.529813,0.626431,2.9
cem_linear_raw,cem_linear,continuous,44,76,0.621705,137432.724660,0.667014,3.0
cem_linear_raw,cem_linear,continuous,44,77,0.633944,125267.719669,0.613944,2.9
cem_linear_raw,cem_linear,continuous,44,78,0.626980,116334.042250,0.640999,2.9
cem_linear_raw,cem_linear,continuous,44,79,0.616049,109100.578755,0.659729,2.9
cem_linear_raw,cem_linear,continuous,44,80,0.629607,109571.407014,0.646202,2.9
cem_linear_raw,cem_linear,continuous,44,81,0.616174,123807.535607,0.669095,2.9
cem_linear_raw,cem_linear,continuous,44,82,0.620481,130653.159608,0.655567,3.0
cem_linear_raw,cem_linear,continuous,44,83,0.615112,121728.199532,0.684703,2.9
cem_linear_raw,cem_linear,continuous,44,84,0.663107,175967.375114,0.621228,3.0
cem_linear_raw,cem_linear,continuous,44,85,0.633843,124388.927415,0.660770,2.9
cem_linear_raw,cem_linear,continuous,44,86,0.622072,112194.115407,0.667014,2.9
cem_linear_raw,cem_linear,continuous,44,87,0.624394,110990.198971,0.658689,3.0
cem_linear_raw,cem_linear,continuous,44,88,0.619117,119995.058212,0.674298,3.0
cem_linear_raw,cem_linear,continuous,44,89,0.609345,123525.447888,0.675338,2.9
cem_linear_raw,cem_linear,continuous,44,90,0.607814,127174.418322,0.679501,3.0
cem_linear_raw,cem_linear,continuous,44,91,0.620813,128908.541148,0.643080,2.9
cem_linear_raw,cem_linear,continuous,44,92,0.605022,123267.466598,0.690947,3.0
cem_linear_raw,cem_linear,continuous,44,93,0.607915,111974.684852,0.657648,2.9
cem_linear_raw,cem_linear,continuous,44,94,0.632366,130165.437598,0.665973,2.9
cem_linear_raw,cem_linear,continuous,44,95,0.607776,142553.737503,0.685744,2.9
cem_linear_raw,cem_linear,continuous,44,96,0.582583,107377.270557,0.690947,2.9
cem_linear_raw,cem_linear,continuous,44,97,0.604436,110408.855055,0.678460,3.0
cem_linear_raw,cem_linear,continuous,44,98,0.598394,120756.753434,0.688866,2.9
cem_linear_raw,cem_linear,continuous,44,99,0.589938,108486.410595,0.693028,3.0
cem_linear_raw,cem_linear,continuous,44,100,0.603565,121612.645906,0.662851,2.9
cem_linear_raw,cem_linear,continuous,44,101,0.614711,131160.591718,0.655567,2.9
cem_linear_raw,cem_linear,continuous,44,102,0.616714,108823.810018,0.671176,2.9
cem_linear_raw,cem_linear,continuous,44,103,0.594719,111443.944459,0.680541,2.9
cem_linear_raw,cem_linear,continuous,44,104,0.588921,128780.484060,0.700312,2.9
cem_linear_raw,cem_linear,continuous,44,105,0.598385,112404.495252,0.695109,2.9
cem_linear_raw,cem_linear,continuous,44,106,0.596875,103760.883017,0.694069,3.0
cem_linear_raw,cem_linear,continuous,44,107,0.590598,111940.045721,0.681582,2.9
cem_linear_raw,cem_linear,continuous,44,108,0.598467,99535.358174,0.685744,2.9
cem_linear_raw,cem_linear,continuous,44,109,0.589958,132256.401876,0.701353,2.9
cem_linear_raw,cem_linear,continuous,44,110,0.619149,102776.794582,0.672216,3.0
cem_linear_raw,cem_linear,continuous,44,111,0.610935,108052.066122,0.674298,3.0
cem_linear_raw,cem_linear,continuous,44,112,0.592993,98679.701255,0.705515,3.0
cem_linear_raw,cem_linear,continuous,44,113,0.595657,94301.315408,0.693028,3.0
cem_linear_raw,cem_linear,continuous,44,114,0.596717,124085.048189,0.701353,2.9
cem_linear_raw,cem_linear,continuous,44,115,0.589306,107675.469384,0.689906,3.0
cem_linear_raw,cem_linear,continuous,44,116,0.591278,127278.854619,0.695109,2.9
cem_linear_raw,cem_linear,continuous,44,117,0.610692,96200.909413,0.704475,3.0
cem_linear_raw,cem_linear,continuous,44,118,0.603762,115125.508861,0.689906,3.0
cem_linear_raw,cem_linear,continuous,44,119,0.582101,117525.075811,0.698231,2.9
cem_linear_raw,cem_linear,continuous,44,120,0.583225,112683.282301,0.713840,3.0
cem_linear_raw,cem_linear,continuous,44,121,0.590835,108278.580868,0.714880,3.0
cem_linear_raw,cem_linear,continuous,44,122,0.578273,114282.854983,0.705515,3.0
cem_linear_raw,cem_linear,continuous,44,123,0.579222,98235.865464,0.719043,3.0
cem_linear_raw,cem_linear,continuous,44,124,0.604190,98428.970791,0.690947,2.9
cem_linear_raw,cem_linear,continuous,44,125,0.567601,104541.249589,0.715921,3.0
cem_linear_raw,cem_linear,continuous,44,126,0.592658,112125.293656,0.703434,2.9
cem_linear_raw,cem_linear,continuous,44,127,0.569941,95784.023340,0.703434,2.9
cem_linear_raw,cem_linear,continuous,44,128,0.581537,85496.642479,0.698231,2.9
cem_linear_raw,cem_linear,continuous,44,129,0.596950,114375.625512,0.687825,3.0
cem_linear_raw,cem_linear,continuous,44,130,0.591393,102099.167583,0.675338,2.9
cem_linear_raw,cem_linear,continuous,44,131,0.574841,94046.077499,0.702393,3.0
cem_linear_raw,cem_linear,continuous,44,132,0.572844,87147.669006,0.714880,2.9
cem_linear_raw,cem_linear,continuous,44,133,0.583961,94684.200597,0.708637,2.9
cem_linear_raw,cem_linear,continuous,44,134,0.572208,102929.812622,0.710718,3.0
cem_linear_raw,cem_linear,continuous,44,135,0.594921,117472.070991,0.687825,2.9
cem_linear_raw,cem_linear,continuous,44,136,0.607288,93983.351985,0.673257,2.9
cem_linear_raw,cem_linear,continuous,44,137,0.580351,99980.378222,0.695109,2.9
cem_linear_raw,cem_linear,continuous,44,138,0.574884,97522.449166,0.710718,3.0
cem_linear_raw,cem_linear,continuous,44,139,0.583369,115923.902874,0.699272,3.0
cem_linear_raw,cem_linear,continuous,44,140,0.583725,117735.830205,0.707596,2.9
cem_linear_raw,cem_linear,continuous,44,141,0.604697,120667.758983,0.678460,3.0
cem_linear_raw,cem_linear,continuous,44,142,0.592590,111698.176447,0.690947,2.9
cem_linear_raw,cem_linear,continuous,44,143,0.567799,103628.224945,0.711759,3.0
cem_linear_raw,cem_linear,continuous,44,144,0.579648,97454.321876,0.715921,2.9
cem_linear_raw,cem_linear,continuous,44,145,0.581846,91092.567390,0.712799,2.9
cem_linear_raw,cem_linear,continuous,44,146,0.600019,93210.690443,0.682622,3.0
cem_linear_raw,cem_linear,continuous,44,147,0.587751,80611.000947,0.711759,2.9
cem_linear_raw,cem_linear,continuous,44,148,0.584023,103665.789835,0.676379,2.9
cem_linear_raw,cem_linear,continuous,44,149,0.585973,89891.128742,0.694069,2.9
cem_linear_raw,cem_linear,continuous,44,150,0.584215,92176.869614,0.708637,2.9
cem_linear_raw,cem_linear,continuous,44,151,0.588428,78854.229721,0.695109,2.9
cem_linear_raw,cem_linear,continuous,44,152,0.573451,97231.652250,0.701353,3.0
cem_linear_raw,cem_linear,continuous,44,153,0.590886,105952.360355,0.728408,2.9
cem_linear_raw,cem_linear,continuous,44,154,0.575311,93633.898178,0.699272,3.0
cem_linear_raw,cem_linear,continuous,44,155,0.573092,103321.667651,0.719043,2.9
cem_linear_raw,cem_linear,continuous,44,156,0.551934,92587.831561,0.734651,3.0
cem_linear_raw,cem_linear,continuous,44,157,0.571869,103667.961049,0.709677,2.9
cem_linear_raw,cem_linear,continuous,44,158,0.585211,94594.875240,0.700312,2.9
cem_linear_raw,cem_linear,continuous,44,159,0.559670,97434.449981,0.721124,2.9
cem_linear_raw,cem_linear,continuous,44,160,0.578877,105515.992751,0.719043,2.9
cem_linear_raw,cem_linear,continuous,44,161,0.595502,96508.609497,0.691988,3.0
cem_linear_raw,cem_linear,continuous,44,162,0.573841,108431.994330,0.724246,3.0
cem_linear_raw,cem_linear,continuous,44,163,0.565109,92597.779608,0.712799,2.9
cem_linear_raw,cem_linear,continuous,44,164,0.574966,92082.017909,0.725286,3.0
cem_linear_raw,cem_linear,continuous,44,165,0.569624,80986.907809,0.720083,2.9
cem_linear_raw,cem_linear,continuous,44,166,0.569325,86910.672525,0.728408,3.0
cem_linear_raw,cem_linear,continuous,44,167,0.570047,94052.214958,0.720083,2.9
cem_linear_raw,cem_linear,continuous,44,168,0.596228,84379.005630,0.695109,3.0
cem_linear_raw,cem_linear,continuous,44,169,0.562181,99899.748797,0.722164,2.9
cem_linear_raw,cem_linear,continuous,44,170,0.582421,73664.139390,0.714880,2.9
cem_linear_raw,cem_linear,continuous,44,171,0.573502,94557.849140,0.725286,2.9
cem_linear_raw,cem_linear,continuous,44,172,0.584894,85447.985957,0.688866,3.0
cem_linear_raw,cem_linear,continuous,44,173,0.565701,93874.401161,0.722164,2.9
cem_linear_raw,cem_linear,continuous,44,174,0.579360,99537.691695,0.697190,2.9
cem_linear_raw,cem_linear,continuous,44,175,0.569971,83508.771257,0.710718,2.9
cem_linear_raw,cem_linear,continuous,44,176,0.571865,93068.145862,0.711759,3.0
cem_linear_raw,cem_linear,continuous,44,177,0.568187,96459.927245,0.695109,2.9
cem_linear_raw,cem_linear,continuous,44,178,0.570269,90602.871197,0.734651,2.9
cem_linear_raw,cem_linear,continuous,44,179,0.573039,86785.311694,0.698231,2.9
cem_linear_raw,cem_linear,continuous,44,180,0.573266,85168.076083,0.713840,2.9
cem_linear_raw,cem_linear,continuous,44,181,0.560150,82150.066781,0.735692,3.0
cem_linear_raw,cem_linear,continuous,44,182,0.567705,74287.214770,0.710718,2.9
cem_linear_raw,cem_linear,continuous,44,183,0.573932,76489.329619,0.697190,3.0
cem_linear_raw,cem_linear,continuous,44,184,0.570349,83694.580714,0.725286,3.0
cem_linear_raw,cem_linear,continuous,44,185,0.572946,80173.756188,0.740895,3.0
cem_linear_raw,cem_linear,continuous,44,186,0.564598,85276.346743,0.684703,3.0
cem_linear_raw,cem_linear,continuous,44,187,0.564694,79134.076050,0.706556,2.9
cem_linear_raw,cem_linear,continuous,44,188,0.565649,84317.412763,0.721124,2.9
cem_linear_raw,cem_linear,continuous,44,189,0.570428,103165.526758,0.710718,2.9
cem_linear_raw,cem_linear,continuous,44,190,0.590388,78002.484733,0.688866,2.9
cem_linear_raw,cem_linear,continuous,44,191,0.550063,76269.756552,0.727367,3.0
cem_linear_raw,cem_linear,continuous,44,192,0.568607,73144.901596,0.700312,2.9
cem_linear_raw,cem_linear,continuous,44,193,0.565217,80478.540204,0.739854,3.0
cem_linear_raw,cem_linear,continuous,44,194,0.565116,77236.115666,0.715921,2.9
cem_linear_raw,cem_linear,continuous,44,195,0.561821,81384.635341,0.709677,3.0
cem_linear_raw,cem_linear,continuous,44,196,0.562241,80716.498618,0.728408,2.9
cem_linear_raw,cem_linear,continuous,44,197,0.582519,112542.306425,0.695109,2.9
cem_linear_raw,cem_linear,continuous,44,198,0.585156,99759.293313,0.703434,3.0
cem_linear_raw,cem_linear,continuous,44,199,0.538598,84044.097139,0.720083,2.9
cem_linear_raw,cem_linear,continuous,44,200,0.534518,75795.887837,0.741935,3.0
cem_linear_raw,cem_linear,continuous,44,201,0.565047,86099.998951,0.723205,2.9
cem_linear_raw,cem_linear,continuous,44,202,0.559024,72865.239836,0.733611,3.0
cem_linear_raw,cem_linear,continuous,44,203,0.586382,82279.679488,0.714880,2.9
cem_linear_raw,cem_linear,continuous,44,204,0.548398,74250.571648,0.737773,2.9
cem_linear_raw,cem_linear,continuous,44,205,0.552064,72174.610131,0.719043,2.9
cem_linear_raw,cem_linear,continuous,44,206,0.573347,97787.867204,0.708637,2.9
cem_linear_raw,cem_linear,continuous,44,207,0.679454,223106.854258,0.613944,2.9
cem_linear_raw,cem_linear,continuous,44,208,0.588355,100157.723267,0.714880,2.9
cem_linear_raw,cem_linear,continuous,44,209,0.601156,93727.351481,0.678460,2.9
cem_linear_raw,cem_linear,continuous,44,210,0.592383,103337.801493,0.694069,2.9
cem_linear_raw,cem_linear,continuous,44,211,0.583523,97416.763589,0.702393,2.9
cem_linear_raw,cem_linear,continuous,44,212,0.567231,83724.910846,0.710718,2.9
cem_linear_raw,cem_linear,continuous,44,213,0.571479,94136.698859,0.703434,3.0
cem_linear_raw,cem_linear,continuous,44,214,0.569410,80876.020174,0.728408,2.9
cem_linear_raw,cem_linear,continuous,44,215,0.566394,74849.499138,0.720083,2.9
cem_linear_raw,cem_linear,continuous,44,216,0.576462,91000.988215,0.700312,3.0
cem_linear_raw,cem_linear,continuous,44,217,0.552278,78375.446036,0.727367,2.9
cem_linear_raw,cem_linear,continuous,44,218,0.579326,76667.771348,0.715921,2.9
cem_linear_raw,cem_linear,continuous,44,219,0.572316,83415.208953,0.719043,2.9
cem_linear_raw,cem_linear,continuous,44,220,0.557402,66248.640978,0.732570,3.0
cem_linear_raw,cem_linear,continuous,44,221,0.543347,78958.087352,0.736733,2.9
cem_linear_raw,cem_linear,continuous,44,222,0.565277,72002.231107,0.718002,2.9
cem_linear_raw,cem_linear,continuous,44,223,0.550515,80916.944951,0.733611,3.0
cem_linear_raw,cem_linear,continuous,44,224,0.545409,72099.031485,0.740895,2.9
cem_linear_raw,cem_linear,continuous,44,225,0.568351,66564.549570,0.708637,2.9
cem_linear_raw,cem_linear,continuous,44,226,0.565471,72832.035552,0.724246,2.9
cem_linear_raw,cem_linear,continuous,44,227,0.534085,78726.037040,0.745057,2.9
cem_linear_raw,cem_linear,continuous,44,228,0.562244,86528.155576,0.716961,2.9
cem_linear_raw,cem_linear,continuous,44,229,0.559486,90850.193418,0.712799,2.9
cem_linear_raw,cem_linear,continuous,44,230,0.548594,75503.905321,0.746098,3.0
cem_linear_raw,cem_linear,continuous,44,231,0.547720,73199.607359,0.746098,2.9
cem_linear_raw,cem_linear,continuous,44,232,0.547864,69646.778378,0.709677,2.9
cem_linear_raw,cem_linear,continuous,44,233,0.561921,74328.536641,0.710718,2.9
cem_linear_raw,cem_linear,continuous,44,234,0.553576,73364.781667,0.711759,2.9
cem_linear_raw,cem_linear,continuous,44,235,0.556498,84493.868171,0.727367,2.9
cem_linear_raw,cem_linear,continuous,44,236,0.558941,82857.860022,0.721124,2.9
cem_linear_raw,cem_linear,continuous,44,237,0.557067,72108.941505,0.719043,3.0
cem_linear_raw,cem_linear,continuous,44,238,0.561376,72314.942506,0.727367,3.0
cem_linear_raw,cem_linear,continuous,44,239,0.544263,75074.329918,0.744017,2.9
cem_linear_raw,cem_linear,continuous,44,240,0.543043,68908.578268,0.730489,3.0
cem_linear_raw,cem_linear,continuous,44,241,0.555152,67707.034120,0.731530,2.9
cem_linear_raw,cem_linear,continuous,44,242,0.558659,64844.970845,0.719043,2.9
cem_linear_raw,cem_linear,continuous,44,243,0.542925,72038.962413,0.723205,2.9
cem_linear_raw,cem_linear,continuous,44,244,0.549391,75379.127034,0.726327,2.9
cem_linear_raw,cem_linear,continuous,44,245,0.534368,86931.507334,0.734651,3.0
cem_linear_raw,cem_linear,continuous,44,246,0.533991,71561.340746,0.735692,3.0
cem_linear_raw,cem_linear,continuous,44,247,0.548364,77340.852701,0.733611,3.0
cem_linear_raw,cem_linear,continuous,44,248,0.549091,66839.205780,0.730489,2.9
cem_linear_raw,cem_linear,continuous,44,249,0.532080,79611.683351,0.746098,2.9
cem_linear_raw,cem_linear,continuous,44,250,0.553015,75059.597074,0.725286,3.0
cem_linear_raw,cem_linear,continuous,45,1,0.704344,561641.994916,0.478769,2.9
cem_linear_raw,cem_linear,continuous,45,2,0.695843,465967.215167,0.516985,2.9
cem_linear_raw,cem_linear,continuous,45,3,0.692232,436274.946523,0.524416,2.9
cem_linear_raw,cem_linear,continuous,45,4,0.691976,450135.020900,0.515924,2.9
cem_linear_raw,cem_linear,continuous,45,5,0.682659,437939.242403,0.564756,2.9
cem_linear_raw,cem_linear,continuous,45,6,0.694328,419933.165273,0.522293,2.9
cem_linear_raw,cem_linear,continuous,45,7,0.687971,433548.746815,0.527601,2.9
cem_linear_raw,cem_linear,continuous,45,8,0.681778,427840.031184,0.553079,2.9
cem_linear_raw,cem_linear,continuous,45,9,0.697819,424428.654226,0.522293,2.9
cem_linear_raw,cem_linear,continuous,45,10,0.693228,421208.040804,0.505308,2.9
cem_linear_raw,cem_linear,continuous,45,11,0.684957,421223.395767,0.543524,2.9
cem_linear_raw,cem_linear,continuous,45,12,0.680645,423373.917662,0.544586,2.9
cem_linear_raw,cem_linear,continuous,45,13,0.693449,397866.398355,0.528662,2.9
cem_linear_raw,cem_linear,continuous,45,14,0.684472,403613.863920,0.549894,2.9
cem_linear_raw,cem_linear,continuous,45,15,0.680120,401120.597200,0.554140,2.9
cem_linear_raw,cem_linear,continuous,45,16,0.686496,398999.365910,0.561571,2.9
cem_linear_raw,cem_linear,continuous,45,17,0.673060,387508.804173,0.571125,2.9
cem_linear_raw,cem_linear,continuous,45,18,0.683448,392023.781225,0.556263,2.9
cem_linear_raw,cem_linear,continuous,45,19,0.684872,384996.698945,0.554140,2.9
cem_linear_raw,cem_linear,continuous,45,20,0.686811,390254.533605,0.562633,2.9
cem_linear_raw,cem_linear,continuous,45,21,0.670131,373423.674164,0.573248,2.9
cem_linear_raw,cem_linear,continuous,45,22,0.682657,368214.501742,0.554140,2.9
cem_linear_raw,cem_linear,continuous,45,23,0.676355,350737.942642,0.580679,2.9
cem_linear_raw,cem_linear,continuous,45,24,0.687713,386015.584859,0.565817,2.9
cem_linear_raw,cem_linear,continuous,45,25,0.682806,346545.426619,0.552017,2.9
cem_linear_raw,cem_linear,continuous,45,26,0.671054,341691.230825,0.597665,2.9
cem_linear_raw,cem_linear,continuous,45,27,0.675671,358801.508526,0.591295,2.9
cem_linear_raw,cem_linear,continuous,45,28,0.666643,364966.233048,0.601911,2.9
cem_linear_raw,cem_linear,continuous,45,29,0.657864,302411.732816,0.619958,2.9
cem_linear_raw,cem_linear,continuous,45,30,0.668898,322782.315469,0.592357,2.9
cem_linear_raw,cem_linear,continuous,45,31,0.663676,282556.438794,0.615711,2.9
cem_linear_raw,cem_linear,continuous,45,32,0.664259,269762.281043,0.613588,2.9
cem_linear_raw,cem_linear,continuous,45,33,0.661701,271503.599539,0.615711,2.9
cem_linear_raw,cem_linear,continuous,45,34,0.661476,224698.191580,0.602972,2.9
cem_linear_raw,cem_linear,continuous,45,35,0.640778,232697.037404,0.643312,2.9
cem_linear_raw,cem_linear,continuous,45,36,0.638405,210072.691348,0.658174,2.9
cem_linear_raw,cem_linear,continuous,45,37,0.638768,219511.323895,0.660297,2.9
cem_linear_raw,cem_linear,continuous,45,38,0.631673,224191.267267,0.656051,2.9
cem_linear_raw,cem_linear,continuous,45,39,0.630659,214831.927680,0.663482,2.9
cem_linear_raw,cem_linear,continuous,45,40,0.629987,155430.278231,0.661359,2.9
cem_linear_raw,cem_linear,continuous,45,41,0.640263,157099.773952,0.644374,2.9
cem_linear_raw,cem_linear,continuous,45,42,0.622003,177193.128798,0.670913,2.9
cem_linear_raw,cem_linear,continuous,45,43,0.641020,161565.009380,0.631635,2.9
cem_linear_raw,cem_linear,continuous,45,44,0.625625,161313.235669,0.650743,2.9
cem_linear_raw,cem_linear,continuous,45,45,0.633988,151006.509521,0.660297,2.9
cem_linear_raw,cem_linear,continuous,45,46,0.621351,154300.988190,0.666667,2.9
cem_linear_raw,cem_linear,continuous,45,47,0.611502,155349.156702,0.673036,2.9
cem_linear_raw,cem_linear,continuous,45,48,0.623929,180352.002986,0.664544,2.9
cem_linear_raw,cem_linear,continuous,45,49,0.614966,156994.496965,0.668790,2.9
cem_linear_raw,cem_linear,continuous,45,50,0.637077,152082.866159,0.656051,2.9
cem_linear_raw,cem_linear,continuous,45,51,0.620398,172247.110553,0.662420,2.9
cem_linear_raw,cem_linear,continuous,45,52,0.602726,176188.264315,0.685775,2.9
cem_linear_raw,cem_linear,continuous,45,53,0.603428,143360.559448,0.695329,2.9
cem_linear_raw,cem_linear,continuous,45,54,0.618378,142645.350617,0.658174,2.9
cem_linear_raw,cem_linear,continuous,45,55,0.638679,143894.981456,0.632696,2.9
cem_linear_raw,cem_linear,continuous,45,56,0.603192,146286.231356,0.676221,2.9
cem_linear_raw,cem_linear,continuous,45,57,0.614289,152547.069002,0.681529,2.9
cem_linear_raw,cem_linear,continuous,45,58,0.595535,136360.678560,0.673036,2.8
cem_linear_raw,cem_linear,continuous,45,59,0.631917,148070.767483,0.659236,2.9
cem_linear_raw,cem_linear,continuous,45,60,0.616541,163347.962414,0.678344,2.9
cem_linear_raw,cem_linear,continuous,45,61,0.613392,142697.652862,0.661359,2.9
cem_linear_raw,cem_linear,continuous,45,62,0.629140,162751.645153,0.645435,2.9
cem_linear_raw,cem_linear,continuous,45,63,0.624018,142471.123665,0.651805,2.9
cem_linear_raw,cem_linear,continuous,45,64,0.596764,118397.596719,0.680467,2.9
cem_linear_raw,cem_linear,continuous,45,65,0.625813,160204.203158,0.650743,2.9
cem_linear_raw,cem_linear,continuous,45,66,0.607084,142612.862862,0.671975,2.9
cem_linear_raw,cem_linear,continuous,45,67,0.619621,136526.673882,0.657113,2.9
cem_linear_raw,cem_linear,continuous,45,68,0.621234,122704.485685,0.664544,2.9
cem_linear_raw,cem_linear,continuous,45,69,0.614811,123964.259305,0.656051,2.9
cem_linear_raw,cem_linear,continuous,45,70,0.614796,112660.450844,0.681529,2.9
cem_linear_raw,cem_linear,continuous,45,71,0.603006,130311.992834,0.671975,2.9
cem_linear_raw,cem_linear,continuous,45,72,0.596454,111797.033191,0.686837,2.9
cem_linear_raw,cem_linear,continuous,45,73,0.599130,127580.998109,0.683652,2.9
cem_linear_raw,cem_linear,continuous,45,74,0.604097,145825.660289,0.688960,2.9
cem_linear_raw,cem_linear,continuous,45,75,0.592363,112174.771804,0.686837,2.9
cem_linear_raw,cem_linear,continuous,45,76,0.609234,145122.492204,0.678344,2.9
cem_linear_raw,cem_linear,continuous,45,77,0.621126,124718.842655,0.657113,2.9
cem_linear_raw,cem_linear,continuous,45,78,0.606963,118196.470011,0.674098,2.9
cem_linear_raw,cem_linear,continuous,45,79,0.601371,137837.045042,0.682590,2.9
cem_linear_raw,cem_linear,continuous,45,80,0.610209,124231.041177,0.680467,2.9
cem_linear_raw,cem_linear,continuous,45,81,0.604258,134353.831791,0.670913,2.9
cem_linear_raw,cem_linear,continuous,45,82,0.616908,141010.186107,0.669851,2.9
cem_linear_raw,cem_linear,continuous,45,83,0.603689,130883.540406,0.680467,2.9
cem_linear_raw,cem_linear,continuous,45,84,0.610090,135072.772276,0.681529,2.9
cem_linear_raw,cem_linear,continuous,45,85,0.617365,128899.001012,0.666667,2.9
cem_linear_raw,cem_linear,continuous,45,86,0.591188,124871.242494,0.699575,2.9
cem_linear_raw,cem_linear,continuous,45,87,0.591095,103995.196722,0.692144,2.9
cem_linear_raw,cem_linear,continuous,45,88,0.599155,109081.071905,0.696391,2.9
cem_linear_raw,cem_linear,continuous,45,89,0.591319,137723.314723,0.687898,2.9
cem_linear_raw,cem_linear,continuous,45,90,0.592763,113628.620555,0.681529,2.9
cem_linear_raw,cem_linear,continuous,45,91,0.615816,130852.616997,0.654989,2.9
cem_linear_raw,cem_linear,continuous,45,92,0.603146,133216.272409,0.690021,2.8
cem_linear_raw,cem_linear,continuous,45,93,0.594521,116872.942858,0.701699,2.9
cem_linear_raw,cem_linear,continuous,45,94,0.577819,96604.436094,0.702760,2.9
cem_linear_raw,cem_linear,continuous,45,95,0.592394,111284.314905,0.695329,2.9
cem_linear_raw,cem_linear,continuous,45,96,0.604425,98011.176072,0.678344,2.9
cem_linear_raw,cem_linear,continuous,45,97,0.607679,106931.095674,0.671975,2.9
cem_linear_raw,cem_linear,continuous,45,98,0.594957,98792.305351,0.696391,2.9
cem_linear_raw,cem_linear,continuous,45,99,0.605467,110281.943339,0.679406,2.9
cem_linear_raw,cem_linear,continuous,45,100,0.591800,106001.355344,0.702760,2.8
cem_linear_raw,cem_linear,continuous,45,101,0.590077,108346.285247,0.690021,2.9
cem_linear_raw,cem_linear,continuous,45,102,0.609884,97103.532395,0.674098,2.9
cem_linear_raw,cem_linear,continuous,45,103,0.616859,121314.409916,0.684713,2.9
cem_linear_raw,cem_linear,continuous,45,104,0.583141,114956.018793,0.691083,2.9
cem_linear_raw,cem_linear,continuous,45,105,0.598152,116392.922634,0.679406,2.9
cem_linear_raw,cem_linear,continuous,45,106,0.604494,121665.179144,0.679406,2.9
cem_linear_raw,cem_linear,continuous,45,107,0.618981,101194.661651,0.662420,2.9
cem_linear_raw,cem_linear,continuous,45,108,0.584812,104263.181628,0.688960,2.9
cem_linear_raw,cem_linear,continuous,45,109,0.612144,109555.600576,0.676221,2.9
cem_linear_raw,cem_linear,continuous,45,110,0.592762,118143.900552,0.715499,2.9
cem_linear_raw,cem_linear,continuous,45,111,0.605049,111729.462982,0.684713,2.9
cem_linear_raw,cem_linear,continuous,45,112,0.601689,106744.285828,0.688960,2.9
cem_linear_raw,cem_linear,continuous,45,113,0.582070,133533.771729,0.692144,2.9
cem_linear_raw,cem_linear,continuous,45,114,0.587923,96096.354382,0.709130,2.9
cem_linear_raw,cem_linear,continuous,45,115,0.597828,124718.298948,0.688960,2.9
cem_linear_raw,cem_linear,continuous,45,116,0.605691,146814.405910,0.682590,2.9
cem_linear_raw,cem_linear,continuous,45,117,0.592815,107813.449401,0.708068,2.9
cem_linear_raw,cem_linear,continuous,45,118,0.590114,127237.203059,0.701699,2.9
cem_linear_raw,cem_linear,continuous,45,119,0.576456,101438.975558,0.710191,2.9
cem_linear_raw,cem_linear,continuous,45,120,0.572240,80422.604834,0.718684,2.9
cem_linear_raw,cem_linear,continuous,45,121,0.578750,99049.687882,0.711253,2.9
cem_linear_raw,cem_linear,continuous,45,122,0.575958,108027.813437,0.704883,2.9
cem_linear_raw,cem_linear,continuous,45,123,0.575747,91354.147542,0.717622,2.9
cem_linear_raw,cem_linear,continuous,45,124,0.577906,87867.081301,0.707006,2.9
cem_linear_raw,cem_linear,continuous,45,125,0.585066,108302.359076,0.704883,2.9
cem_linear_raw,cem_linear,continuous,45,126,0.583915,122002.823995,0.705945,2.9
cem_linear_raw,cem_linear,continuous,45,127,0.571723,105366.245555,0.705945,2.9
cem_linear_raw,cem_linear,continuous,45,128,0.616014,118529.197817,0.657113,2.9
cem_linear_raw,cem_linear,continuous,45,129,0.575551,104407.425748,0.722930,2.9
cem_linear_raw,cem_linear,continuous,45,130,0.563699,85983.898587,0.708068,2.9
cem_linear_raw,cem_linear,continuous,45,131,0.584016,98255.279226,0.701699,2.9
cem_linear_raw,cem_linear,continuous,45,132,0.577821,96464.429563,0.701699,2.9
cem_linear_raw,cem_linear,continuous,45,133,0.581001,92926.739981,0.695329,2.9
cem_linear_raw,cem_linear,continuous,45,134,0.561663,97434.089263,0.730361,2.9
cem_linear_raw,cem_linear,continuous,45,135,0.587107,88990.347011,0.702760,2.9
cem_linear_raw,cem_linear,continuous,45,136,0.591635,98105.790207,0.685775,2.9
cem_linear_raw,cem_linear,continuous,45,137,0.588958,125986.545050,0.687898,2.9
cem_linear_raw,cem_linear,continuous,45,138,0.591272,114395.855261,0.687898,2.9
cem_linear_raw,cem_linear,continuous,45,139,0.603228,93440.351019,0.669851,2.9
cem_linear_raw,cem_linear,continuous,45,140,0.577929,92938.764306,0.708068,2.9
cem_linear_raw,cem_linear,continuous,45,141,0.574518,96787.007879,0.715499,2.9
cem_linear_raw,cem_linear,continuous,45,142,0.569500,100729.272865,0.711253,2.9
cem_linear_raw,cem_linear,continuous,45,143,0.579786,103736.168665,0.715499,2.9
cem_linear_raw,cem_linear,continuous,45,144,0.592144,93145.869630,0.700637,2.9
cem_linear_raw,cem_linear,continuous,45,145,0.584761,106341.664809,0.707006,2.9
cem_linear_raw,cem_linear,continuous,45,146,0.574307,75552.795536,0.703822,2.9
cem_linear_raw,cem_linear,continuous,45,147,0.562752,88313.340557,0.717622,2.9
cem_linear_raw,cem_linear,continuous,45,148,0.563795,105162.502131,0.722930,2.9
cem_linear_raw,cem_linear,continuous,45,149,0.604673,89773.211848,0.687898,2.9
cem_linear_raw,cem_linear,continuous,45,150,0.555426,78570.124057,0.732484,2.9
cem_linear_raw,cem_linear,continuous,45,151,0.576504,89506.990910,0.712314,2.9
cem_linear_raw,cem_linear,continuous,45,152,0.576866,101944.275950,0.711253,2.9
cem_linear_raw,cem_linear,continuous,45,153,0.572427,90038.276398,0.714437,2.9
cem_linear_raw,cem_linear,continuous,45,154,0.560013,75091.986245,0.732484,2.9
cem_linear_raw,cem_linear,continuous,45,155,0.584299,92829.796137,0.711253,2.9
cem_linear_raw,cem_linear,continuous,45,156,0.575082,86600.636659,0.699575,2.9
cem_linear_raw,cem_linear,continuous,45,157,0.544974,84636.693380,0.737792,2.9
cem_linear_raw,cem_linear,continuous,45,158,0.573033,88497.306296,0.716561,2.9
cem_linear_raw,cem_linear,continuous,45,159,0.570701,77040.123196,0.718684,2.9
cem_linear_raw,cem_linear,continuous,45,160,0.574388,91953.487269,0.709130,2.9
cem_linear_raw,cem_linear,continuous,45,161,0.553462,82163.907594,0.726115,2.9
cem_linear_raw,cem_linear,continuous,45,162,0.569526,100356.017752,0.713376,2.9
cem_linear_raw,cem_linear,continuous,45,163,0.572738,84679.324269,0.728238,2.9
cem_linear_raw,cem_linear,continuous,45,164,0.589493,125823.393146,0.708068,2.9
cem_linear_raw,cem_linear,continuous,45,165,0.568828,82225.903915,0.713376,2.9
cem_linear_raw,cem_linear,continuous,45,166,0.568513,104513.684904,0.714437,2.9
cem_linear_raw,cem_linear,continuous,45,167,0.564321,84745.068106,0.718684,2.9
cem_linear_raw,cem_linear,continuous,45,168,0.560353,79544.249672,0.722930,2.9
cem_linear_raw,cem_linear,continuous,45,169,0.562898,81489.070099,0.711253,2.9
cem_linear_raw,cem_linear,continuous,45,170,0.585556,98202.355154,0.686837,2.9
cem_linear_raw,cem_linear,continuous,45,171,0.572099,72930.132037,0.719745,2.9
cem_linear_raw,cem_linear,continuous,45,172,0.554637,89296.852116,0.732484,2.9
cem_linear_raw,cem_linear,continuous,45,173,0.554131,80286.492926,0.730361,2.9
cem_linear_raw,cem_linear,continuous,45,174,0.548574,93796.003425,0.726115,2.9
cem_linear_raw,cem_linear,continuous,45,175,0.569458,94934.706716,0.710191,2.9
cem_linear_raw,cem_linear,continuous,45,176,0.582910,117827.656101,0.701699,2.9
cem_linear_raw,cem_linear,continuous,45,177,0.576118,93066.463156,0.715499,2.9
cem_linear_raw,cem_linear,continuous,45,178,0.608290,75711.685161,0.671975,2.9
cem_linear_raw,cem_linear,continuous,45,179,0.563166,81494.097955,0.713376,2.9
cem_linear_raw,cem_linear,continuous,45,180,0.567519,68224.130246,0.720807,2.9
cem_linear_raw,cem_linear,continuous,45,181,0.577094,90768.739787,0.700637,2.9
cem_linear_raw,cem_linear,continuous,45,182,0.560124,83623.851231,0.727176,2.9
cem_linear_raw,cem_linear,continuous,45,183,0.550218,81201.045847,0.743100,2.9
cem_linear_raw,cem_linear,continuous,45,184,0.557443,81465.096586,0.727176,2.9
cem_linear_raw,cem_linear,continuous,45,185,0.538685,59904.209893,0.733546,2.9
cem_linear_raw,cem_linear,continuous,45,186,0.574226,86434.976536,0.714437,2.9
cem_linear_raw,cem_linear,continuous,45,187,0.592912,117935.153414,0.697452,2.9
cem_linear_raw,cem_linear,continuous,45,188,0.559511,80557.095191,0.728238,2.9
cem_linear_raw,cem_linear,continuous,45,189,0.532844,75428.560226,0.736730,2.9
cem_linear_raw,cem_linear,continuous,45,190,0.551483,91075.786282,0.718684,2.9
cem_linear_raw,cem_linear,continuous,45,191,0.536662,61062.137432,0.735669,2.9
cem_linear_raw,cem_linear,continuous,45,192,0.559146,63928.417272,0.722930,2.9
cem_linear_raw,cem_linear,continuous,45,193,0.555485,79402.470442,0.721868,2.9
cem_linear_raw,cem_linear,continuous,45,194,0.537329,96880.649997,0.748408,2.9
cem_linear_raw,cem_linear,continuous,45,195,0.569145,93727.841975,0.710191,2.9
cem_linear_raw,cem_linear,continuous,45,196,0.557845,80022.315386,0.720807,2.9
cem_linear_raw,cem_linear,continuous,45,197,0.584291,96491.717672,0.715499,2.9
cem_linear_raw,cem_linear,continuous,45,198,0.555906,75287.531731,0.727176,2.9
cem_linear_raw,cem_linear,continuous,45,199,0.556533,77447.334304,0.734607,2.9
cem_linear_raw,cem_linear,continuous,45,200,0.546117,90796.196026,0.734607,2.9
cem_linear_raw,cem_linear,continuous,45,201,0.548142,71445.038107,0.722930,2.9
cem_linear_raw,cem_linear,continuous,45,202,0.553422,77535.833387,0.735669,2.9
cem_linear_raw,cem_linear,continuous,45,203,0.568397,80726.235354,0.702760,2.9
cem_linear_raw,cem_linear,continuous,45,204,0.543445,71390.547091,0.736730,2.9
cem_linear_raw,cem_linear,continuous,45,205,0.549965,93214.437793,0.743100,2.9
cem_linear_raw,cem_linear,continuous,45,206,0.551369,74059.363505,0.720807,2.9
cem_linear_raw,cem_linear,continuous,45,207,0.583268,83661.691908,0.697452,2.9
cem_linear_raw,cem_linear,continuous,45,208,0.544657,88390.119535,0.738854,2.9
cem_linear_raw,cem_linear,continuous,45,209,0.578827,93229.342535,0.717622,2.9
cem_linear_raw,cem_linear,continuous,45,210,0.551353,77811.082910,0.722930,2.9
cem_linear_raw,cem_linear,continuous,45,211,0.563345,74529.020585,0.729299,2.9
cem_linear_raw,cem_linear,continuous,45,212,0.563014,72938.303771,0.719745,2.9
cem_linear_raw,cem_linear,continuous,45,213,0.534632,88447.848428,0.738854,2.9
cem_linear_raw,cem_linear,continuous,45,214,0.542296,78090.939938,0.728238,2.9
cem_linear_raw,cem_linear,continuous,45,215,0.544305,84175.204502,0.742038,2.9
cem_linear_raw,cem_linear,continuous,45,216,0.531224,67272.780479,0.744161,2.9
cem_linear_raw,cem_linear,continuous,45,217,0.546146,88694.705115,0.733546,2.9
cem_linear_raw,cem_linear,continuous,45,218,0.546876,87181.674288,0.732484,2.9
cem_linear_raw,cem_linear,continuous,45,219,0.543653,84805.894233,0.743100,2.9
cem_linear_raw,cem_linear,continuous,45,220,0.538178,73933.519390,0.738854,2.9
cem_linear_raw,cem_linear,continuous,45,221,0.548360,71132.764505,0.732484,2.9
cem_linear_raw,cem_linear,continuous,45,222,0.567636,82288.537690,0.716561,2.9
cem_linear_raw,cem_linear,continuous,45,223,0.564504,92559.185559,0.714437,2.9
cem_linear_raw,cem_linear,continuous,45,224,0.549625,81074.116026,0.717622,2.9
cem_linear_raw,cem_linear,continuous,45,225,0.557572,64598.662868,0.730361,2.9
cem_linear_raw,cem_linear,continuous,45,226,0.553699,75208.599643,0.730361,2.9
cem_linear_raw,cem_linear,continuous,45,227,0.537877,69928.080057,0.742038,2.9
cem_linear_raw,cem_linear,continuous,45,228,0.549847,71512.018329,0.726115,2.9
cem_linear_raw,cem_linear,continuous,45,229,0.543913,76223.385881,0.733546,2.9
cem_linear_raw,cem_linear,continuous,45,230,0.549055,82213.688769,0.720807,2.9
cem_linear_raw,cem_linear,continuous,45,231,0.528722,76936.503666,0.748408,2.9
cem_linear_raw,cem_linear,continuous,45,232,0.534793,92435.991298,0.736730,2.9
cem_linear_raw,cem_linear,continuous,45,233,0.567466,82062.360038,0.708068,2.9
cem_linear_raw,cem_linear,continuous,45,234,0.544959,68190.660339,0.747346,2.9
cem_linear_raw,cem_linear,continuous,45,235,0.550386,73008.109425,0.722930,2.9
cem_linear_raw,cem_linear,continuous,45,236,0.549328,63839.385616,0.729299,2.9
cem_linear_raw,cem_linear,continuous,45,237,0.564243,71319.421651,0.723992,2.9
cem_linear_raw,cem_linear,continuous,45,238,0.524162,63302.293019,0.754777,2.9
cem_linear_raw,cem_linear,continuous,45,239,0.547470,74986.333010,0.727176,2.9
cem_linear_raw,cem_linear,continuous,45,240,0.541364,70955.828260,0.742038,2.9
cem_linear_raw,cem_linear,continuous,45,241,0.549393,66389.136387,0.729299,2.9
cem_linear_raw,cem_linear,continuous,45,242,0.548021,76760.045208,0.735669,2.9
cem_linear_raw,cem_linear,continuous,45,243,0.534169,72418.806064,0.744161,2.9
cem_linear_raw,cem_linear,continuous,45,244,0.550866,67809.459996,0.737792,2.9
cem_linear_raw,cem_linear,continuous,45,245,0.541521,79931.068991,0.751592,2.9
cem_linear_raw,cem_linear,continuous,45,246,0.533024,53294.866740,0.748408,2.9
cem_linear_raw,cem_linear,continuous,45,247,0.544964,69337.157655,0.719745,2.9
cem_linear_raw,cem_linear,continuous,45,248,0.542438,91969.348718,0.745223,2.9
cem_linear_raw,cem_linear,continuous,45,249,0.551700,73755.524553,0.743100,2.9
cem_linear_raw,cem_linear,continuous,45,250,0.538997,72982.945371,0.745223,2.9
cem_linear_raw,cem_linear,continuous,46,1,0.709272,598474.854299,0.497890,2.9
cem_linear_raw,cem_linear,continuous,46,2,0.696754,505057.655986,0.514768,2.9
cem_linear_raw,cem_linear,continuous,46,3,0.688262,500675.018921,0.525316,2.9
cem_linear_raw,cem_linear,continuous,46,4,0.679979,497440.548721,0.571730,2.9
cem_linear_raw,cem_linear,continuous,46,5,0.688576,485934.943829,0.512658,2.9
cem_linear_raw,cem_linear,continuous,46,6,0.692793,475401.318104,0.526371,2.9
cem_linear_raw,cem_linear,continuous,46,7,0.695097,475388.929473,0.531646,2.9
cem_linear_raw,cem_linear,continuous,46,8,0.681860,476486.931204,0.525316,2.9
cem_linear_raw,cem_linear,continuous,46,9,0.682990,464748.092234,0.533755,2.9
cem_linear_raw,cem_linear,continuous,46,10,0.685117,463464.617237,0.545359,2.9
cem_linear_raw,cem_linear,continuous,46,11,0.692264,461313.538865,0.511603,2.9
cem_linear_raw,cem_linear,continuous,46,12,0.688481,458185.689214,0.546414,2.9
cem_linear_raw,cem_linear,continuous,46,13,0.692068,467497.978606,0.509494,2.9
cem_linear_raw,cem_linear,continuous,46,14,0.689868,445834.541667,0.524262,2.9
cem_linear_raw,cem_linear,continuous,46,15,0.690668,451643.647119,0.545359,2.9
cem_linear_raw,cem_linear,continuous,46,16,0.680199,442575.204773,0.563291,2.9
cem_linear_raw,cem_linear,continuous,46,17,0.674737,437825.371901,0.548523,2.9
cem_linear_raw,cem_linear,continuous,46,18,0.689628,448148.354562,0.525316,2.9
cem_linear_raw,cem_linear,continuous,46,19,0.676662,443321.690203,0.565401,2.9
cem_linear_raw,cem_linear,continuous,46,20,0.685632,433467.137032,0.548523,2.9
cem_linear_raw,cem_linear,continuous,46,21,0.690773,425709.588509,0.535865,2.9
cem_linear_raw,cem_linear,continuous,46,22,0.688494,424675.402492,0.551688,2.9
cem_linear_raw,cem_linear,continuous,46,23,0.674265,425520.199103,0.583333,2.9
cem_linear_raw,cem_linear,continuous,46,24,0.678652,447603.650745,0.555907,2.9
cem_linear_raw,cem_linear,continuous,46,25,0.682975,412910.817379,0.545359,2.9
cem_linear_raw,cem_linear,continuous,46,26,0.679232,434680.659645,0.561181,2.9
cem_linear_raw,cem_linear,continuous,46,27,0.661887,398693.672963,0.597046,2.9
cem_linear_raw,cem_linear,continuous,46,28,0.671272,405607.027492,0.584388,2.9
cem_linear_raw,cem_linear,continuous,46,29,0.684580,390611.853441,0.590717,2.9
cem_linear_raw,cem_linear,continuous,46,30,0.669215,388074.547699,0.609705,2.9
cem_linear_raw,cem_linear,continuous,46,31,0.676234,394247.231804,0.605485,2.9
cem_linear_raw,cem_linear,continuous,46,32,0.663798,382417.513054,0.622363,2.9
cem_linear_raw,cem_linear,continuous,46,33,0.676401,379752.260318,0.586498,2.9
cem_linear_raw,cem_linear,continuous,46,34,0.646176,360805.263219,0.626582,2.9
cem_linear_raw,cem_linear,continuous,46,35,0.659175,324845.491067,0.629747,2.9
cem_linear_raw,cem_linear,continuous,46,36,0.653109,336131.782107,0.627637,2.9
cem_linear_raw,cem_linear,continuous,46,37,0.665038,319872.342951,0.616034,2.9
cem_linear_raw,cem_linear,continuous,46,38,0.648481,296505.360380,0.644515,2.9
cem_linear_raw,cem_linear,continuous,46,39,0.660847,304537.531662,0.623418,2.9
cem_linear_raw,cem_linear,continuous,46,40,0.649708,281158.996506,0.622363,2.9
cem_linear_raw,cem_linear,continuous,46,41,0.637710,276757.150316,0.656118,2.9
cem_linear_raw,cem_linear,continuous,46,42,0.658012,252575.960583,0.637131,2.9
cem_linear_raw,cem_linear,continuous,46,43,0.646229,278061.146196,0.643460,2.9
cem_linear_raw,cem_linear,continuous,46,44,0.653442,216723.785338,0.639241,2.9
cem_linear_raw,cem_linear,continuous,46,45,0.647929,263860.782684,0.638186,2.9
cem_linear_raw,cem_linear,continuous,46,46,0.641985,240585.196367,0.644515,2.9
cem_linear_raw,cem_linear,continuous,46,47,0.644669,279417.779816,0.645570,2.9
cem_linear_raw,cem_linear,continuous,46,48,0.639786,206690.264076,0.641350,2.9
cem_linear_raw,cem_linear,continuous,46,49,0.649235,233569.988030,0.627637,2.9
cem_linear_raw,cem_linear,continuous,46,50,0.632741,196028.455564,0.646624,2.9
cem_linear_raw,cem_linear,continuous,46,51,0.623858,239158.737078,0.651899,2.9
cem_linear_raw,cem_linear,continuous,46,52,0.628402,203788.938847,0.656118,2.9
cem_linear_raw,cem_linear,continuous,46,53,0.650992,202215.206471,0.641350,2.9
cem_linear_raw,cem_linear,continuous,46,54,0.651607,247911.751912,0.614979,2.9
cem_linear_raw,cem_linear,continuous,46,55,0.637293,237271.940599,0.652954,2.9
cem_linear_raw,cem_linear,continuous,46,56,0.640162,195563.283430,0.649789,2.9
cem_linear_raw,cem_linear,continuous,46,57,0.637533,226500.753733,0.647679,2.9
cem_linear_raw,cem_linear,continuous,46,58,0.633567,218778.814049,0.650844,2.9
cem_linear_raw,cem_linear,continuous,46,59,0.622860,204547.131247,0.681435,2.9
cem_linear_raw,cem_linear,continuous,46,60,0.641165,197638.230930,0.647679,2.9
cem_linear_raw,cem_linear,continuous,46,61,0.638998,195707.351595,0.646624,2.9
cem_linear_raw,cem_linear,continuous,46,62,0.624698,210207.087190,0.651899,2.9
cem_linear_raw,cem_linear,continuous,46,63,0.620271,158103.745772,0.657173,2.9
cem_linear_raw,cem_linear,continuous,46,64,0.621261,184774.724519,0.642405,2.9
cem_linear_raw,cem_linear,continuous,46,65,0.622687,173773.680940,0.660338,2.9
cem_linear_raw,cem_linear,continuous,46,66,0.617011,216199.763004,0.644515,2.9
cem_linear_raw,cem_linear,continuous,46,67,0.620093,176089.699004,0.661392,2.9
cem_linear_raw,cem_linear,continuous,46,68,0.630909,171651.156184,0.651899,2.9
cem_linear_raw,cem_linear,continuous,46,69,0.604840,162197.900935,0.677215,2.9
cem_linear_raw,cem_linear,continuous,46,70,0.621185,165224.641021,0.646624,2.9
cem_linear_raw,cem_linear,continuous,46,71,0.611175,169434.079979,0.680380,2.9
cem_linear_raw,cem_linear,continuous,46,72,0.633954,173711.757054,0.642405,2.9
cem_linear_raw,cem_linear,continuous,46,73,0.619890,182185.746312,0.670886,2.9
cem_linear_raw,cem_linear,continuous,46,74,0.611429,164474.108370,0.669831,2.9
cem_linear_raw,cem_linear,continuous,46,75,0.624422,179914.501261,0.657173,2.9
cem_linear_raw,cem_linear,continuous,46,76,0.616781,185181.282428,0.688819,2.9
cem_linear_raw,cem_linear,continuous,46,77,0.634517,173396.224708,0.643460,2.9
cem_linear_raw,cem_linear,continuous,46,78,0.604321,167122.229422,0.686709,2.9
cem_linear_raw,cem_linear,continuous,46,79,0.602714,156329.770833,0.676160,2.9
cem_linear_raw,cem_linear,continuous,46,80,0.623049,159480.369277,0.656118,2.9
cem_linear_raw,cem_linear,continuous,46,81,0.618135,141155.245467,0.684599,2.9
cem_linear_raw,cem_linear,continuous,46,82,0.613029,175359.369495,0.680380,2.9
cem_linear_raw,cem_linear,continuous,46,83,0.608653,155035.641894,0.677215,2.9
cem_linear_raw,cem_linear,continuous,46,84,0.629426,158263.861040,0.662447,2.9
cem_linear_raw,cem_linear,continuous,46,85,0.627914,159808.526239,0.666667,2.9
cem_linear_raw,cem_linear,continuous,46,86,0.608666,183767.996819,0.678270,2.9
cem_linear_raw,cem_linear,continuous,46,87,0.582433,129229.436280,0.699367,2.9
cem_linear_raw,cem_linear,continuous,46,88,0.621576,142459.491357,0.672996,2.9
cem_linear_raw,cem_linear,continuous,46,89,0.624869,205127.299265,0.660338,2.9
cem_linear_raw,cem_linear,continuous,46,90,0.623606,175168.850788,0.666667,2.9
cem_linear_raw,cem_linear,continuous,46,91,0.594046,151005.034868,0.703586,2.9
cem_linear_raw,cem_linear,continuous,46,92,0.598283,131616.123945,0.686709,2.9
cem_linear_raw,cem_linear,continuous,46,93,0.630665,168942.578883,0.667722,2.9
cem_linear_raw,cem_linear,continuous,46,94,0.617062,156722.657606,0.652954,2.9
cem_linear_raw,cem_linear,continuous,46,95,0.607951,148961.638548,0.679325,2.9
cem_linear_raw,cem_linear,continuous,46,96,0.628415,211475.351439,0.657173,2.9
cem_linear_raw,cem_linear,continuous,46,97,0.609528,140935.754360,0.678270,2.9
cem_linear_raw,cem_linear,continuous,46,98,0.616102,170756.972524,0.681435,2.9
cem_linear_raw,cem_linear,continuous,46,99,0.613377,134204.929638,0.665612,2.9
cem_linear_raw,cem_linear,continuous,46,100,0.594396,139267.411796,0.703586,2.9
cem_linear_raw,cem_linear,continuous,46,101,0.593683,146222.855271,0.686709,2.9
cem_linear_raw,cem_linear,continuous,46,102,0.582424,128424.683023,0.703586,2.9
cem_linear_raw,cem_linear,continuous,46,103,0.609055,137229.672120,0.671941,2.9
cem_linear_raw,cem_linear,continuous,46,104,0.609158,135161.596861,0.690928,2.9
cem_linear_raw,cem_linear,continuous,46,105,0.605577,141306.794905,0.688819,2.9
cem_linear_raw,cem_linear,continuous,46,106,0.594280,134390.023005,0.695148,2.9
cem_linear_raw,cem_linear,continuous,46,107,0.603580,135050.518452,0.689873,2.9
cem_linear_raw,cem_linear,continuous,46,108,0.591834,132535.361839,0.700422,2.9
cem_linear_raw,cem_linear,continuous,46,109,0.594754,155155.441431,0.699367,2.9
cem_linear_raw,cem_linear,continuous,46,110,0.576942,119252.710970,0.708861,2.9
cem_linear_raw,cem_linear,continuous,46,111,0.585701,123488.107743,0.709916,2.9
cem_linear_raw,cem_linear,continuous,46,112,0.585116,143196.448065,0.708861,2.9
cem_linear_raw,cem_linear,continuous,46,113,0.591572,135710.927166,0.698312,2.9
cem_linear_raw,cem_linear,continuous,46,114,0.614066,165249.864138,0.678270,2.9
cem_linear_raw,cem_linear,continuous,46,115,0.580212,117874.668480,0.699367,2.9
cem_linear_raw,cem_linear,continuous,46,116,0.603348,134140.231013,0.677215,2.9
cem_linear_raw,cem_linear,continuous,46,117,0.573843,115945.529041,0.714135,2.9
cem_linear_raw,cem_linear,continuous,46,118,0.605617,147217.529132,0.691983,2.9
cem_linear_raw,cem_linear,continuous,46,119,0.575458,107922.113215,0.714135,2.9
cem_linear_raw,cem_linear,continuous,46,120,0.596972,130951.682786,0.693038,2.9
cem_linear_raw,cem_linear,continuous,46,121,0.586567,137590.169007,0.706751,2.9
cem_linear_raw,cem_linear,continuous,46,122,0.579245,118106.699351,0.707806,2.9
cem_linear_raw,cem_linear,continuous,46,123,0.609474,154603.591576,0.680380,2.9
cem_linear_raw,cem_linear,continuous,46,124,0.582597,148537.416510,0.712025,2.9
cem_linear_raw,cem_linear,continuous,46,125,0.597335,125060.637988,0.703586,2.9
cem_linear_raw,cem_linear,continuous,46,126,0.574181,160785.763010,0.720464,2.9
cem_linear_raw,cem_linear,continuous,46,127,0.562302,121811.293282,0.724684,2.9
cem_linear_raw,cem_linear,continuous,46,128,0.591958,107130.887815,0.696203,2.9
cem_linear_raw,cem_linear,continuous,46,129,0.592464,112037.071100,0.715190,2.9
cem_linear_raw,cem_linear,continuous,46,130,0.592836,106938.322290,0.707806,2.9
cem_linear_raw,cem_linear,continuous,46,131,0.556142,120406.813654,0.723629,2.9
cem_linear_raw,cem_linear,continuous,46,132,0.575401,119863.139316,0.722574,2.9
cem_linear_raw,cem_linear,continuous,46,133,0.585422,158280.939375,0.709916,2.9
cem_linear_raw,cem_linear,continuous,46,134,0.592725,118005.012938,0.707806,2.9
cem_linear_raw,cem_linear,continuous,46,135,0.578941,126129.931039,0.713080,2.9
cem_linear_raw,cem_linear,continuous,46,136,0.588566,116494.769704,0.694093,2.9
cem_linear_raw,cem_linear,continuous,46,137,0.574424,114022.646377,0.719409,2.9
cem_linear_raw,cem_linear,continuous,46,138,0.591411,101320.555998,0.693038,2.9
cem_linear_raw,cem_linear,continuous,46,139,0.591630,134357.303319,0.709916,2.9
cem_linear_raw,cem_linear,continuous,46,140,0.583980,106588.250999,0.717300,2.9
cem_linear_raw,cem_linear,continuous,46,141,0.600541,155787.367583,0.699367,2.9
cem_linear_raw,cem_linear,continuous,46,142,0.572423,90716.141091,0.719409,2.9
cem_linear_raw,cem_linear,continuous,46,143,0.565297,119457.160764,0.736287,2.9
cem_linear_raw,cem_linear,continuous,46,144,0.576961,106500.241565,0.710970,2.9
cem_linear_raw,cem_linear,continuous,46,145,0.583054,129177.458488,0.703586,2.9
cem_linear_raw,cem_linear,continuous,46,146,0.581206,118311.383200,0.716245,2.9
cem_linear_raw,cem_linear,continuous,46,147,0.563984,95794.769498,0.720464,2.9
cem_linear_raw,cem_linear,continuous,46,148,0.579699,148174.083432,0.706751,2.9
cem_linear_raw,cem_linear,continuous,46,149,0.602326,135550.742688,0.683544,2.9
cem_linear_raw,cem_linear,continuous,46,150,0.571189,109164.001780,0.714135,2.9
cem_linear_raw,cem_linear,continuous,46,151,0.578280,84154.905632,0.715190,2.9
cem_linear_raw,cem_linear,continuous,46,152,0.561170,95406.345695,0.733122,2.9
cem_linear_raw,cem_linear,continuous,46,153,0.573946,101093.924108,0.709916,2.9
cem_linear_raw,cem_linear,continuous,46,154,0.564561,130789.852700,0.734177,2.9
cem_linear_raw,cem_linear,continuous,46,155,0.594300,137597.765790,0.693038,2.9
cem_linear_raw,cem_linear,continuous,46,156,0.567705,94050.908047,0.722574,2.9
cem_linear_raw,cem_linear,continuous,46,157,0.561526,115209.538387,0.736287,2.9
cem_linear_raw,cem_linear,continuous,46,158,0.566115,104389.626698,0.722574,2.9
cem_linear_raw,cem_linear,continuous,46,159,0.562837,118597.795505,0.723629,2.9
cem_linear_raw,cem_linear,continuous,46,160,0.553545,103782.840297,0.726793,3.5
cem_linear_raw,cem_linear,continuous,46,161,0.585600,121971.857208,0.706751,2.9
cem_linear_raw,cem_linear,continuous,46,162,0.557359,124438.258744,0.727848,2.9
cem_linear_raw,cem_linear,continuous,46,163,0.555947,100792.444390,0.729958,2.9
cem_linear_raw,cem_linear,continuous,46,164,0.575881,115090.386208,0.713080,2.9
cem_linear_raw,cem_linear,continuous,46,165,0.586372,120580.054238,0.705696,2.9
cem_linear_raw,cem_linear,continuous,46,166,0.564249,102245.323267,0.727848,2.9
cem_linear_raw,cem_linear,continuous,46,167,0.558749,122909.142191,0.741561,2.9
cem_linear_raw,cem_linear,continuous,46,168,0.575404,93016.821899,0.707806,2.9
cem_linear_raw,cem_linear,continuous,46,169,0.556049,84716.124955,0.736287,2.9
cem_linear_raw,cem_linear,continuous,46,170,0.570836,104383.193631,0.719409,2.9
cem_linear_raw,cem_linear,continuous,46,171,0.579989,95063.464712,0.723629,2.9
cem_linear_raw,cem_linear,continuous,46,172,0.574096,124327.418249,0.716245,2.9
cem_linear_raw,cem_linear,continuous,46,173,0.575096,113701.489674,0.707806,2.9
cem_linear_raw,cem_linear,continuous,46,174,0.543942,118506.099469,0.745781,2.9
cem_linear_raw,cem_linear,continuous,46,175,0.554704,101069.759623,0.738397,2.9
cem_linear_raw,cem_linear,continuous,46,176,0.541908,87617.350561,0.743671,2.9
cem_linear_raw,cem_linear,continuous,46,177,0.576003,102684.458045,0.707806,2.9
cem_linear_raw,cem_linear,continuous,46,178,0.541549,92280.078990,0.746835,2.9
cem_linear_raw,cem_linear,continuous,46,179,0.547663,102064.463447,0.736287,2.9
cem_linear_raw,cem_linear,continuous,46,180,0.564955,99141.425981,0.722574,2.9
cem_linear_raw,cem_linear,continuous,46,181,0.574253,109336.335647,0.712025,2.9
cem_linear_raw,cem_linear,continuous,46,182,0.561008,103057.170284,0.721519,2.9
cem_linear_raw,cem_linear,continuous,46,183,0.577498,120279.675748,0.718354,2.9
cem_linear_raw,cem_linear,continuous,46,184,0.575362,122799.142356,0.712025,2.9
cem_linear_raw,cem_linear,continuous,46,185,0.567422,101174.069418,0.718354,2.9
cem_linear_raw,cem_linear,continuous,46,186,0.571347,106536.226340,0.723629,2.9
cem_linear_raw,cem_linear,continuous,46,187,0.562195,101987.096750,0.721519,2.9
cem_linear_raw,cem_linear,continuous,46,188,0.552995,108117.360034,0.735232,2.9
cem_linear_raw,cem_linear,continuous,46,189,0.530837,102384.922691,0.745781,2.9
cem_linear_raw,cem_linear,continuous,46,190,0.564320,114270.043855,0.722574,2.9
cem_linear_raw,cem_linear,continuous,46,191,0.534648,93371.611510,0.747890,2.9
cem_linear_raw,cem_linear,continuous,46,192,0.567838,102200.616951,0.731013,2.9
cem_linear_raw,cem_linear,continuous,46,193,0.559283,105731.621077,0.739451,2.9
cem_linear_raw,cem_linear,continuous,46,194,0.576360,80774.164470,0.714135,2.9
cem_linear_raw,cem_linear,continuous,46,195,0.537727,106150.586996,0.739451,2.9
cem_linear_raw,cem_linear,continuous,46,196,0.549175,80621.035321,0.734177,2.9
cem_linear_raw,cem_linear,continuous,46,197,0.556395,104449.342967,0.723629,2.9
cem_linear_raw,cem_linear,continuous,46,198,0.536417,106289.878556,0.750000,2.9
cem_linear_raw,cem_linear,continuous,46,199,0.558194,104713.358295,0.728903,2.9
cem_linear_raw,cem_linear,continuous,46,200,0.576176,131508.962825,0.680380,2.9
cem_linear_raw,cem_linear,continuous,46,201,0.561727,95231.633760,0.724684,2.9
cem_linear_raw,cem_linear,continuous,46,202,0.543557,103656.293101,0.734177,2.9
cem_linear_raw,cem_linear,continuous,46,203,0.552225,90891.373096,0.724684,2.9
cem_linear_raw,cem_linear,continuous,46,204,0.550573,108537.456875,0.729958,2.9
cem_linear_raw,cem_linear,continuous,46,205,0.552342,101852.776215,0.737342,2.9
cem_linear_raw,cem_linear,continuous,46,206,0.557588,92398.368089,0.724684,2.9
cem_linear_raw,cem_linear,continuous,46,207,0.553660,88461.850895,0.732068,2.9
cem_linear_raw,cem_linear,continuous,46,208,0.543722,83738.687502,0.725738,2.9
cem_linear_raw,cem_linear,continuous,46,209,0.562178,89419.641983,0.721519,2.9
cem_linear_raw,cem_linear,continuous,46,210,0.543840,86377.771896,0.732068,2.9
cem_linear_raw,cem_linear,continuous,46,211,0.555322,94546.327186,0.729958,2.9
cem_linear_raw,cem_linear,continuous,46,212,0.546306,80247.211298,0.734177,2.9
cem_linear_raw,cem_linear,continuous,46,213,0.549791,91897.941138,0.744726,2.9
cem_linear_raw,cem_linear,continuous,46,214,0.560127,98932.441958,0.722574,2.9
cem_linear_raw,cem_linear,continuous,46,215,0.544944,88632.908605,0.733122,2.9
cem_linear_raw,cem_linear,continuous,46,216,0.574731,89963.969500,0.714135,2.9
cem_linear_raw,cem_linear,continuous,46,217,0.551201,91059.062772,0.735232,2.9
cem_linear_raw,cem_linear,continuous,46,218,0.552174,92008.440862,0.718354,2.9
cem_linear_raw,cem_linear,continuous,46,219,0.554979,93865.636303,0.726793,2.9
cem_linear_raw,cem_linear,continuous,46,220,0.559338,89548.554547,0.719409,2.9
cem_linear_raw,cem_linear,continuous,46,221,0.544741,84567.037488,0.742616,2.9
cem_linear_raw,cem_linear,continuous,46,222,0.561418,86799.498590,0.717300,2.9
cem_linear_raw,cem_linear,continuous,46,223,0.556939,71385.758060,0.737342,2.9
cem_linear_raw,cem_linear,continuous,46,224,0.565293,112014.086465,0.721519,2.9
cem_linear_raw,cem_linear,continuous,46,225,0.551948,101735.191406,0.731013,2.9
cem_linear_raw,cem_linear,continuous,46,226,0.549559,116990.431270,0.723629,2.9
cem_linear_raw,cem_linear,continuous,46,227,0.548474,110822.326411,0.734177,2.9
cem_linear_raw,cem_linear,continuous,46,228,0.568888,98209.872746,0.724684,2.9
cem_linear_raw,cem_linear,continuous,46,229,0.542108,84053.420491,0.738397,2.9
cem_linear_raw,cem_linear,continuous,46,230,0.562533,81017.820766,0.728903,2.9
cem_linear_raw,cem_linear,continuous,46,231,0.551744,81801.298688,0.726793,2.9
cem_linear_raw,cem_linear,continuous,46,232,0.547529,95116.577787,0.734177,2.9
cem_linear_raw,cem_linear,continuous,46,233,0.582982,153145.331149,0.687764,2.9
cem_linear_raw,cem_linear,continuous,46,234,0.567177,90743.864204,0.720464,2.9
cem_linear_raw,cem_linear,continuous,46,235,0.592348,74973.243675,0.696203,2.9
cem_linear_raw,cem_linear,continuous,46,236,0.554595,68992.960585,0.728903,2.9
cem_linear_raw,cem_linear,continuous,46,237,0.550014,92714.238759,0.725738,2.9
cem_linear_raw,cem_linear,continuous,46,238,0.564180,124023.641272,0.716245,2.9
cem_linear_raw,cem_linear,continuous,46,239,0.550411,85590.862894,0.732068,2.9
cem_linear_raw,cem_linear,continuous,46,240,0.552463,91285.394136,0.729958,2.9
cem_linear_raw,cem_linear,continuous,46,241,0.544442,106615.181729,0.736287,2.9
cem_linear_raw,cem_linear,continuous,46,242,0.554194,104580.951471,0.734177,2.9
cem_linear_raw,cem_linear,continuous,46,243,0.543184,100563.181332,0.729958,2.9
cem_linear_raw,cem_linear,continuous,46,244,0.559927,91272.023812,0.724684,2.9
cem_linear_raw,cem_linear,continuous,46,245,0.561911,92181.974100,0.721519,2.9
cem_linear_raw,cem_linear,continuous,46,246,0.540847,98944.334017,0.743671,2.9
cem_linear_raw,cem_linear,continuous,46,247,0.557460,88279.519004,0.732068,2.9
cem_linear_raw,cem_linear,continuous,46,248,0.553757,102360.115045,0.728903,2.9
cem_linear_raw,cem_linear,continuous,46,249,0.532480,71750.192307,0.758439,2.9
cem_linear_raw,cem_linear,continuous,46,250,0.555362,85309.168504,0.723629,2.9
cem_linear_raw,cem_linear,continuous,47,1,0.738029,562581.159214,0.480506,2.9
cem_linear_raw,cem_linear,continuous,47,2,0.706738,470836.855835,0.483667,2.9
cem_linear_raw,cem_linear,continuous,47,3,0.691671,464252.784123,0.513172,2.9
cem_linear_raw,cem_linear,continuous,47,4,0.694747,459427.884062,0.527924,2.9
cem_linear_raw,cem_linear,continuous,47,5,0.691609,449595.087592,0.533193,2.9
cem_linear_raw,cem_linear,continuous,47,6,0.689201,458429.786156,0.542677,2.9
cem_linear_raw,cem_linear,continuous,47,7,0.691198,451173.046883,0.516333,2.9
cem_linear_raw,cem_linear,continuous,47,8,0.698807,445896.341083,0.521602,2.9
cem_linear_raw,cem_linear,continuous,47,9,0.689979,432378.983173,0.519494,2.9
cem_linear_raw,cem_linear,continuous,47,10,0.692178,435082.825268,0.517387,2.9
cem_linear_raw,cem_linear,continuous,47,11,0.685172,430408.579586,0.554268,2.9
cem_linear_raw,cem_linear,continuous,47,12,0.687443,424219.260340,0.572181,2.9
cem_linear_raw,cem_linear,continuous,47,13,0.683056,418489.148754,0.533193,2.9
cem_linear_raw,cem_linear,continuous,47,14,0.688663,417611.714897,0.535300,2.9
cem_linear_raw,cem_linear,continuous,47,15,0.690242,437974.396939,0.536354,2.9
cem_linear_raw,cem_linear,continuous,47,16,0.695290,422345.449215,0.512118,2.9
cem_linear_raw,cem_linear,continuous,47,17,0.682282,415806.883405,0.547945,2.9
cem_linear_raw,cem_linear,continuous,47,18,0.686071,414373.752042,0.525817,2.9
cem_linear_raw,cem_linear,continuous,47,19,0.681325,418585.558647,0.550053,2.9
cem_linear_raw,cem_linear,continuous,47,20,0.677816,402496.483371,0.551106,2.9
cem_linear_raw,cem_linear,continuous,47,21,0.684574,419853.906266,0.545838,2.9
cem_linear_raw,cem_linear,continuous,47,22,0.679430,403899.409905,0.565859,2.9
cem_linear_raw,cem_linear,continuous,47,23,0.674399,391265.897985,0.569020,2.9
cem_linear_raw,cem_linear,continuous,47,24,0.680744,404525.729106,0.557429,2.9
cem_linear_raw,cem_linear,continuous,47,25,0.676192,390372.558548,0.552160,2.9
cem_linear_raw,cem_linear,continuous,47,26,0.677379,371175.180486,0.577450,2.9
cem_linear_raw,cem_linear,continuous,47,27,0.693690,397505.013254,0.531085,2.9
cem_linear_raw,cem_linear,continuous,47,28,0.678707,379970.306474,0.553214,2.9
cem_linear_raw,cem_linear,continuous,47,29,0.683443,369482.024804,0.556375,2.9
cem_linear_raw,cem_linear,continuous,47,30,0.695064,390474.696202,0.540569,2.9
cem_linear_raw,cem_linear,continuous,47,31,0.686285,396360.092429,0.539515,2.9
cem_linear_raw,cem_linear,continuous,47,32,0.681864,358136.713597,0.570074,2.9
cem_linear_raw,cem_linear,continuous,47,33,0.672803,355142.142658,0.594310,2.9
cem_linear_raw,cem_linear,continuous,47,34,0.673888,326418.009945,0.580611,2.9
cem_linear_raw,cem_linear,continuous,47,35,0.666559,346151.402644,0.616438,2.9
cem_linear_raw,cem_linear,continuous,47,36,0.665975,331296.257179,0.606955,2.9
cem_linear_raw,cem_linear,continuous,47,37,0.671576,322439.702294,0.586934,2.9
cem_linear_raw,cem_linear,continuous,47,38,0.672236,308973.797534,0.615385,2.9
cem_linear_raw,cem_linear,continuous,47,39,0.674237,281327.273020,0.589041,2.9
cem_linear_raw,cem_linear,continuous,47,40,0.675723,281101.139835,0.600632,2.9
cem_linear_raw,cem_linear,continuous,47,41,0.653289,250203.913472,0.631191,2.9
cem_linear_raw,cem_linear,continuous,47,42,0.660773,225974.088679,0.610116,2.9
cem_linear_raw,cem_linear,continuous,47,43,0.620727,212934.247678,0.680717,2.9
cem_linear_raw,cem_linear,continuous,47,44,0.648598,298272.500922,0.624868,2.9
cem_linear_raw,cem_linear,continuous,47,45,0.637821,228763.733646,0.640674,2.9
cem_linear_raw,cem_linear,continuous,47,46,0.642607,214973.833657,0.652266,2.9
cem_linear_raw,cem_linear,continuous,47,47,0.638727,216269.863590,0.632244,2.9
cem_linear_raw,cem_linear,continuous,47,48,0.626522,176624.840605,0.667018,2.9
cem_linear_raw,cem_linear,continuous,47,49,0.626315,214995.251679,0.667018,2.9
cem_linear_raw,cem_linear,continuous,47,50,0.617163,174399.395330,0.698630,2.9
cem_linear_raw,cem_linear,continuous,47,51,0.611050,165042.219573,0.688093,2.9
cem_linear_raw,cem_linear,continuous,47,52,0.604825,189179.018737,0.698630,2.9
cem_linear_raw,cem_linear,continuous,47,53,0.639279,172831.490158,0.645943,2.9
cem_linear_raw,cem_linear,continuous,47,54,0.614189,168455.561677,0.687039,2.9
cem_linear_raw,cem_linear,continuous,47,55,0.596643,159601.602007,0.683878,2.9
cem_linear_raw,cem_linear,continuous,47,56,0.630837,177165.732951,0.644889,2.9
cem_linear_raw,cem_linear,continuous,47,57,0.600906,162491.692987,0.690200,2.9
cem_linear_raw,cem_linear,continuous,47,58,0.629205,183738.639127,0.661749,2.9
cem_linear_raw,cem_linear,continuous,47,59,0.630336,169272.267296,0.650158,2.9
cem_linear_raw,cem_linear,continuous,47,60,0.620308,161567.863596,0.670179,2.9
cem_linear_raw,cem_linear,continuous,47,61,0.623433,151082.837216,0.677555,2.9
cem_linear_raw,cem_linear,continuous,47,62,0.603068,153679.745176,0.676502,2.9
cem_linear_raw,cem_linear,continuous,47,63,0.596264,143808.105703,0.703899,2.9
cem_linear_raw,cem_linear,continuous,47,64,0.608020,149822.778085,0.672287,2.9
cem_linear_raw,cem_linear,continuous,47,65,0.627155,174146.426564,0.670179,2.9
cem_linear_raw,cem_linear,continuous,47,66,0.620012,146623.074338,0.672287,2.9
cem_linear_raw,cem_linear,continuous,47,67,0.603988,148921.343234,0.699684,2.9
cem_linear_raw,cem_linear,continuous,47,68,0.605992,178110.915474,0.685985,2.9
cem_linear_raw,cem_linear,continuous,47,69,0.587945,131826.936018,0.722866,2.9
cem_linear_raw,cem_linear,continuous,47,70,0.611167,161064.402517,0.690200,2.9
cem_linear_raw,cem_linear,continuous,47,71,0.610230,159958.282847,0.675448,2.9
cem_linear_raw,cem_linear,continuous,47,72,0.619758,138435.208581,0.679663,2.9
cem_linear_raw,cem_linear,continuous,47,73,0.594347,146911.343470,0.692308,2.9
cem_linear_raw,cem_linear,continuous,47,74,0.594469,147795.044644,0.692308,2.9
cem_linear_raw,cem_linear,continuous,47,75,0.620468,162995.080809,0.654373,2.9
cem_linear_raw,cem_linear,continuous,47,76,0.616015,135600.099928,0.684932,2.9
cem_linear_raw,cem_linear,continuous,47,77,0.606730,139676.136163,0.679663,2.9
cem_linear_raw,cem_linear,continuous,47,78,0.609326,133591.201476,0.689146,2.9
cem_linear_raw,cem_linear,continuous,47,79,0.614465,135075.525944,0.694415,2.9
cem_linear_raw,cem_linear,continuous,47,80,0.615416,133839.702433,0.676502,2.9
cem_linear_raw,cem_linear,continuous,47,81,0.604361,149215.884296,0.678609,2.9
cem_linear_raw,cem_linear,continuous,47,82,0.588583,132190.488442,0.716544,2.9
cem_linear_raw,cem_linear,continuous,47,83,0.623230,142139.226886,0.680717,2.9
cem_linear_raw,cem_linear,continuous,47,84,0.602767,125554.516082,0.692308,2.9
cem_linear_raw,cem_linear,continuous,47,85,0.594710,132833.488122,0.684932,2.9
cem_linear_raw,cem_linear,continuous,47,86,0.587741,137734.768622,0.706006,2.9
cem_linear_raw,cem_linear,continuous,47,87,0.614040,138048.087304,0.683878,2.9
cem_linear_raw,cem_linear,continuous,47,88,0.598717,163216.587409,0.709168,2.9
cem_linear_raw,cem_linear,continuous,47,89,0.608161,137277.396135,0.675448,2.9
cem_linear_raw,cem_linear,continuous,47,90,0.589637,118607.463536,0.685985,2.9
cem_linear_raw,cem_linear,continuous,47,91,0.597719,139185.387991,0.715490,2.9
cem_linear_raw,cem_linear,continuous,47,92,0.595583,102256.282829,0.696523,2.9
cem_linear_raw,cem_linear,continuous,47,93,0.596153,136595.072264,0.692308,2.9
cem_linear_raw,cem_linear,continuous,47,94,0.591224,141671.346883,0.697576,2.9
cem_linear_raw,cem_linear,continuous,47,95,0.601142,118823.613876,0.700738,3.0
cem_linear_raw,cem_linear,continuous,47,96,0.593614,136897.062912,0.700738,2.9
cem_linear_raw,cem_linear,continuous,47,97,0.587208,134990.066639,0.710221,2.9
cem_linear_raw,cem_linear,continuous,47,98,0.588391,159919.901585,0.714436,2.9
cem_linear_raw,cem_linear,continuous,47,99,0.603104,133994.433318,0.681770,2.9
cem_linear_raw,cem_linear,continuous,47,100,0.582487,129726.732673,0.712329,2.9
cem_linear_raw,cem_linear,continuous,47,101,0.589490,109985.520885,0.706006,2.9
cem_linear_raw,cem_linear,continuous,47,102,0.592188,120187.956654,0.703899,2.9
cem_linear_raw,cem_linear,continuous,47,103,0.595854,130639.856852,0.701791,2.9
cem_linear_raw,cem_linear,continuous,47,104,0.612682,123013.937232,0.689146,2.9
cem_linear_raw,cem_linear,continuous,47,105,0.598213,131921.977015,0.691254,2.9
cem_linear_raw,cem_linear,continuous,47,106,0.606051,130147.983642,0.707060,2.9
cem_linear_raw,cem_linear,continuous,47,107,0.581877,145974.028821,0.712329,2.9
cem_linear_raw,cem_linear,continuous,47,108,0.575445,125625.688167,0.701791,2.9
cem_linear_raw,cem_linear,continuous,47,109,0.586476,117081.742286,0.717597,2.9
cem_linear_raw,cem_linear,continuous,47,110,0.576655,109023.423183,0.706006,2.9
cem_linear_raw,cem_linear,continuous,47,111,0.573576,117398.296282,0.733404,2.9
cem_linear_raw,cem_linear,continuous,47,112,0.586461,135685.634331,0.695469,2.9
cem_linear_raw,cem_linear,continuous,47,113,0.589382,136915.976099,0.711275,2.9
cem_linear_raw,cem_linear,continuous,47,114,0.586644,112374.672427,0.701791,3.4
cem_linear_raw,cem_linear,continuous,47,115,0.583317,112533.388849,0.707060,2.9
cem_linear_raw,cem_linear,continuous,47,116,0.582707,104878.340778,0.707060,2.9
cem_linear_raw,cem_linear,continuous,47,117,0.587056,98766.101503,0.706006,2.9
cem_linear_raw,cem_linear,continuous,47,118,0.574467,142499.087510,0.703899,2.9
cem_linear_raw,cem_linear,continuous,47,119,0.583141,106541.903735,0.711275,2.9
cem_linear_raw,cem_linear,continuous,47,120,0.578009,122078.324599,0.711275,2.9
cem_linear_raw,cem_linear,continuous,47,121,0.568014,114899.487357,0.724974,2.9
cem_linear_raw,cem_linear,continuous,47,122,0.562854,113177.626346,0.727081,2.9
cem_linear_raw,cem_linear,continuous,47,123,0.579177,131776.609997,0.710221,2.9
cem_linear_raw,cem_linear,continuous,47,124,0.604273,109091.429161,0.694415,2.9
cem_linear_raw,cem_linear,continuous,47,125,0.581338,113768.648311,0.714436,2.9
cem_linear_raw,cem_linear,continuous,47,126,0.578607,107939.120736,0.715490,2.9
cem_linear_raw,cem_linear,continuous,47,127,0.583385,133387.274117,0.709168,2.9
cem_linear_raw,cem_linear,continuous,47,128,0.591093,99026.813590,0.693361,2.9
cem_linear_raw,cem_linear,continuous,47,129,0.583788,112253.325777,0.708114,2.9
cem_linear_raw,cem_linear,continuous,47,130,0.549811,98624.687990,0.732350,2.9
cem_linear_raw,cem_linear,continuous,47,131,0.581156,108809.293228,0.695469,2.9
cem_linear_raw,cem_linear,continuous,47,132,0.560900,114727.054146,0.726027,2.9
cem_linear_raw,cem_linear,continuous,47,133,0.599728,101502.051407,0.712329,2.9
cem_linear_raw,cem_linear,continuous,47,134,0.551153,116842.411922,0.747102,2.9
cem_linear_raw,cem_linear,continuous,47,135,0.570024,127854.318729,0.729189,2.9
cem_linear_raw,cem_linear,continuous,47,136,0.570257,132138.600254,0.720759,2.9
cem_linear_raw,cem_linear,continuous,47,137,0.581172,88280.628733,0.713383,2.9
cem_linear_raw,cem_linear,continuous,47,138,0.582287,102866.227855,0.707060,2.9
cem_linear_raw,cem_linear,continuous,47,139,0.576252,106628.848492,0.718651,2.9
cem_linear_raw,cem_linear,continuous,47,140,0.572122,133271.899214,0.709168,2.9
cem_linear_raw,cem_linear,continuous,47,141,0.570109,100055.655538,0.724974,2.9
cem_linear_raw,cem_linear,continuous,47,142,0.586416,118730.895634,0.707060,2.9
cem_linear_raw,cem_linear,continuous,47,143,0.572136,101934.296385,0.718651,2.9
cem_linear_raw,cem_linear,continuous,47,144,0.558879,105759.426090,0.733404,2.9
cem_linear_raw,cem_linear,continuous,47,145,0.567302,117470.239815,0.726027,2.9
cem_linear_raw,cem_linear,continuous,47,146,0.588475,95723.714630,0.681770,2.9
cem_linear_raw,cem_linear,continuous,47,147,0.587965,99152.178107,0.728135,2.9
cem_linear_raw,cem_linear,continuous,47,148,0.571557,101445.186131,0.712329,2.9
cem_linear_raw,cem_linear,continuous,47,149,0.603513,96695.604526,0.713383,2.9
cem_linear_raw,cem_linear,continuous,47,150,0.561434,98258.523084,0.728135,2.9
cem_linear_raw,cem_linear,continuous,47,151,0.554321,113349.580973,0.720759,2.9
cem_linear_raw,cem_linear,continuous,47,152,0.583362,135788.022960,0.693361,2.9
cem_linear_raw,cem_linear,continuous,47,153,0.594939,121243.436823,0.719705,2.9
cem_linear_raw,cem_linear,continuous,47,154,0.567292,109795.207801,0.721812,2.9
cem_linear_raw,cem_linear,continuous,47,155,0.567889,106269.192941,0.720759,2.9
cem_linear_raw,cem_linear,continuous,47,156,0.578876,98945.694067,0.716544,2.9
cem_linear_raw,cem_linear,continuous,47,157,0.566929,102571.946243,0.721812,2.9
cem_linear_raw,cem_linear,continuous,47,158,0.560957,107199.684203,0.714436,2.9
cem_linear_raw,cem_linear,continuous,47,159,0.565263,103511.882014,0.727081,2.9
cem_linear_raw,cem_linear,continuous,47,160,0.583301,83266.151006,0.712329,2.9
cem_linear_raw,cem_linear,continuous,47,161,0.563505,104954.119381,0.717597,2.9
cem_linear_raw,cem_linear,continuous,47,162,0.560644,96463.428012,0.715490,2.9
cem_linear_raw,cem_linear,continuous,47,163,0.565780,104876.638937,0.722866,2.9
cem_linear_raw,cem_linear,continuous,47,164,0.560631,84368.850754,0.742887,2.9
cem_linear_raw,cem_linear,continuous,47,165,0.578208,103276.659773,0.720759,2.9
cem_linear_raw,cem_linear,continuous,47,166,0.559722,109791.757472,0.726027,2.9
cem_linear_raw,cem_linear,continuous,47,167,0.558819,107630.914415,0.737619,2.9
cem_linear_raw,cem_linear,continuous,47,168,0.570589,109590.074787,0.710221,2.9
cem_linear_raw,cem_linear,continuous,47,169,0.569777,118003.566279,0.713383,2.9
cem_linear_raw,cem_linear,continuous,47,170,0.575170,114964.215239,0.712329,2.9
cem_linear_raw,cem_linear,continuous,47,171,0.571200,112022.112763,0.715490,2.9
cem_linear_raw,cem_linear,continuous,47,172,0.572811,88657.640306,0.715490,2.9
cem_linear_raw,cem_linear,continuous,47,173,0.586545,87858.522392,0.709168,2.9
cem_linear_raw,cem_linear,continuous,47,174,0.577091,100542.475830,0.711275,2.9
cem_linear_raw,cem_linear,continuous,47,175,0.570662,86379.070127,0.717597,2.9
cem_linear_raw,cem_linear,continuous,47,176,0.561400,100330.856785,0.717597,2.9
cem_linear_raw,cem_linear,continuous,47,177,0.539446,82929.504372,0.743941,2.9
cem_linear_raw,cem_linear,continuous,47,178,0.589439,81831.466004,0.692308,2.9
cem_linear_raw,cem_linear,continuous,47,179,0.561433,98541.785656,0.746048,2.9
cem_linear_raw,cem_linear,continuous,47,180,0.571298,109755.446577,0.715490,2.9
cem_linear_raw,cem_linear,continuous,47,181,0.565008,97536.800825,0.723920,2.9
cem_linear_raw,cem_linear,continuous,47,182,0.566212,111488.568184,0.710221,2.9
cem_linear_raw,cem_linear,continuous,47,183,0.536522,97135.109375,0.737619,2.9
cem_linear_raw,cem_linear,continuous,47,184,0.566847,99911.637917,0.718651,2.9
cem_linear_raw,cem_linear,continuous,47,185,0.542787,101762.754100,0.735511,2.9
cem_linear_raw,cem_linear,continuous,47,186,0.553024,90431.768589,0.715490,2.9
cem_linear_raw,cem_linear,continuous,47,187,0.560189,90439.187942,0.704953,2.9
cem_linear_raw,cem_linear,continuous,47,188,0.558035,96986.737001,0.724974,2.9
cem_linear_raw,cem_linear,continuous,47,189,0.561380,86377.692150,0.721812,2.9
cem_linear_raw,cem_linear,continuous,47,190,0.548429,86816.503952,0.746048,2.9
cem_linear_raw,cem_linear,continuous,47,191,0.552764,94818.924897,0.730242,2.9
cem_linear_raw,cem_linear,continuous,47,192,0.531405,84275.103975,0.735511,2.9
cem_linear_raw,cem_linear,continuous,47,193,0.549011,84444.452825,0.722866,2.9
cem_linear_raw,cem_linear,continuous,47,194,0.551210,91281.303156,0.734457,2.9
cem_linear_raw,cem_linear,continuous,47,195,0.579268,92895.025221,0.714436,2.9
cem_linear_raw,cem_linear,continuous,47,196,0.546409,86587.480727,0.735511,2.9
cem_linear_raw,cem_linear,continuous,47,197,0.560131,128250.734021,0.729189,2.9
cem_linear_raw,cem_linear,continuous,47,198,0.543406,95728.539211,0.719705,2.9
cem_linear_raw,cem_linear,continuous,47,199,0.550620,90868.017354,0.729189,2.9
cem_linear_raw,cem_linear,continuous,47,200,0.556205,125824.293467,0.712329,2.9
cem_linear_raw,cem_linear,continuous,47,201,0.574310,91417.604724,0.719705,2.9
cem_linear_raw,cem_linear,continuous,47,202,0.528630,87787.653344,0.733404,2.9
cem_linear_raw,cem_linear,continuous,47,203,0.558352,79404.383652,0.723920,2.9
cem_linear_raw,cem_linear,continuous,47,204,0.557339,81580.709398,0.715490,2.9
cem_linear_raw,cem_linear,continuous,47,205,0.542448,90529.956023,0.743941,2.9
cem_linear_raw,cem_linear,continuous,47,206,0.530993,88548.056865,0.761855,2.9
cem_linear_raw,cem_linear,continuous,47,207,0.568557,97824.318843,0.708114,2.9
cem_linear_raw,cem_linear,continuous,47,208,0.542788,100569.637801,0.740780,2.9
cem_linear_raw,cem_linear,continuous,47,209,0.536252,76362.728835,0.742887,2.9
cem_linear_raw,cem_linear,continuous,47,210,0.538316,83209.085641,0.721812,2.9
cem_linear_raw,cem_linear,continuous,47,211,0.541035,85156.278688,0.730242,2.9
cem_linear_raw,cem_linear,continuous,47,212,0.555411,82158.206204,0.736565,2.9
cem_linear_raw,cem_linear,continuous,47,213,0.544804,89138.448169,0.739726,2.9
cem_linear_raw,cem_linear,continuous,47,214,0.552739,74423.681674,0.727081,2.9
cem_linear_raw,cem_linear,continuous,47,215,0.544813,89025.575100,0.720759,2.9
cem_linear_raw,cem_linear,continuous,47,216,0.528235,79164.323195,0.733404,2.9
cem_linear_raw,cem_linear,continuous,47,217,0.537046,76054.249732,0.747102,2.9
cem_linear_raw,cem_linear,continuous,47,218,0.544458,80402.440686,0.728135,2.9
cem_linear_raw,cem_linear,continuous,47,219,0.556341,93509.700015,0.742887,2.9
cem_linear_raw,cem_linear,continuous,47,220,0.573891,96177.469120,0.717597,2.9
cem_linear_raw,cem_linear,continuous,47,221,0.543303,85396.914960,0.732350,2.9
cem_linear_raw,cem_linear,continuous,47,222,0.521890,93172.069224,0.749210,2.9
cem_linear_raw,cem_linear,continuous,47,223,0.565337,86666.795393,0.715490,2.9
cem_linear_raw,cem_linear,continuous,47,224,0.540054,84935.048287,0.741834,2.9
cem_linear_raw,cem_linear,continuous,47,225,0.541888,91562.450482,0.743941,2.9
cem_linear_raw,cem_linear,continuous,47,226,0.570514,91925.282345,0.713383,2.9
cem_linear_raw,cem_linear,continuous,47,227,0.518764,72738.831892,0.747102,2.9
cem_linear_raw,cem_linear,continuous,47,228,0.547191,90504.613631,0.731296,2.9
cem_linear_raw,cem_linear,continuous,47,229,0.540542,115924.370242,0.732350,2.9
cem_linear_raw,cem_linear,continuous,47,230,0.585584,79149.667479,0.706006,2.9
cem_linear_raw,cem_linear,continuous,47,231,0.565473,80621.728407,0.730242,2.9
cem_linear_raw,cem_linear,continuous,47,232,0.520355,77041.160926,0.752371,2.9
cem_linear_raw,cem_linear,continuous,47,233,0.539123,83647.826756,0.727081,2.9
cem_linear_raw,cem_linear,continuous,47,234,0.520956,91641.025924,0.754478,2.9
cem_linear_raw,cem_linear,continuous,47,235,0.523079,100011.560539,0.747102,2.9
cem_linear_raw,cem_linear,continuous,47,236,0.564033,119695.531131,0.735511,2.9
cem_linear_raw,cem_linear,continuous,47,237,0.526886,98498.481547,0.748156,2.9
cem_linear_raw,cem_linear,continuous,47,238,0.544696,90380.120427,0.735511,2.9
cem_linear_raw,cem_linear,continuous,47,239,0.524567,92490.835641,0.739726,2.9
cem_linear_raw,cem_linear,continuous,47,240,0.548807,73174.821971,0.740780,2.9
cem_linear_raw,cem_linear,continuous,47,241,0.525332,93587.660350,0.740780,2.9
cem_linear_raw,cem_linear,continuous,47,242,0.530454,82809.889337,0.734457,2.9
cem_linear_raw,cem_linear,continuous,47,243,0.537134,92447.721773,0.733404,2.9
cem_linear_raw,cem_linear,continuous,47,244,0.549565,72731.989981,0.733404,2.9
cem_linear_raw,cem_linear,continuous,47,245,0.561292,84004.751251,0.740780,2.9
cem_linear_raw,cem_linear,continuous,47,246,0.542214,109665.125970,0.735511,2.9
cem_linear_raw,cem_linear,continuous,47,247,0.532827,81256.073680,0.755532,2.9
cem_linear_raw,cem_linear,continuous,47,248,0.541594,90601.438685,0.742887,2.9
cem_linear_raw,cem_linear,continuous,47,249,0.529059,74262.731387,0.755532,2.9
cem_linear_raw,cem_linear,continuous,47,250,0.519609,80758.506757,0.760801,2.9
cem_linear_raw,cem_linear,continuous,48,1,0.692366,509252.404435,0.538710,2.9
cem_linear_raw,cem_linear,continuous,48,2,0.684840,418733.409812,0.559140,2.8
cem_linear_raw,cem_linear,continuous,48,3,0.686975,408181.418532,0.526882,2.9
cem_linear_raw,cem_linear,continuous,48,4,0.692075,400604.994724,0.552688,2.8
cem_linear_raw,cem_linear,continuous,48,5,0.694287,404045.592347,0.519355,2.8
cem_linear_raw,cem_linear,continuous,48,6,0.692456,389652.341003,0.509677,2.9
cem_linear_raw,cem_linear,continuous,48,7,0.700958,376238.506821,0.476344,2.9
cem_linear_raw,cem_linear,continuous,48,8,0.690064,383468.533081,0.526882,2.8
cem_linear_raw,cem_linear,continuous,48,9,0.693284,385276.420312,0.538710,2.9
cem_linear_raw,cem_linear,continuous,48,10,0.679662,379850.600000,0.556989,2.9
cem_linear_raw,cem_linear,continuous,48,11,0.683471,375592.267986,0.558065,2.8
cem_linear_raw,cem_linear,continuous,48,12,0.697005,375880.748874,0.526882,2.8
cem_linear_raw,cem_linear,continuous,48,13,0.678921,365863.806048,0.561290,2.8
cem_linear_raw,cem_linear,continuous,48,14,0.687420,365596.897681,0.537634,2.8
cem_linear_raw,cem_linear,continuous,48,15,0.682825,367455.635887,0.525806,2.9
cem_linear_raw,cem_linear,continuous,48,16,0.680619,361496.230712,0.563441,2.8
cem_linear_raw,cem_linear,continuous,48,17,0.688292,353655.264785,0.527957,2.8
cem_linear_raw,cem_linear,continuous,48,18,0.683124,349764.435109,0.544086,2.9
cem_linear_raw,cem_linear,continuous,48,19,0.691070,345380.165289,0.532258,2.9
cem_linear_raw,cem_linear,continuous,48,20,0.679588,356002.894321,0.587097,2.8
cem_linear_raw,cem_linear,continuous,48,21,0.687716,330797.935207,0.531183,2.9
cem_linear_raw,cem_linear,continuous,48,22,0.685816,323434.551756,0.562366,2.9
cem_linear_raw,cem_linear,continuous,48,23,0.662629,326252.543162,0.600000,2.9
cem_linear_raw,cem_linear,continuous,48,24,0.685348,321822.757409,0.583871,2.9
cem_linear_raw,cem_linear,continuous,48,25,0.674690,327624.379183,0.579570,2.9
cem_linear_raw,cem_linear,continuous,48,26,0.663398,314206.766868,0.621505,2.9
cem_linear_raw,cem_linear,continuous,48,27,0.665792,307545.059493,0.604301,2.9
cem_linear_raw,cem_linear,continuous,48,28,0.653407,297732.887769,0.621505,2.8
cem_linear_raw,cem_linear,continuous,48,29,0.651202,308994.987744,0.621505,2.9
cem_linear_raw,cem_linear,continuous,48,30,0.652192,286231.840356,0.615054,2.8
cem_linear_raw,cem_linear,continuous,48,31,0.652466,280540.274614,0.645161,2.8
cem_linear_raw,cem_linear,continuous,48,32,0.671967,236370.382451,0.591398,2.8
cem_linear_raw,cem_linear,continuous,48,33,0.653083,251520.694691,0.627957,2.8
cem_linear_raw,cem_linear,continuous,48,34,0.675189,243856.883485,0.594624,2.9
cem_linear_raw,cem_linear,continuous,48,35,0.653845,239197.552453,0.630108,2.9
cem_linear_raw,cem_linear,continuous,48,36,0.656034,209865.410087,0.621505,2.9
cem_linear_raw,cem_linear,continuous,48,37,0.644986,204068.994241,0.647312,2.9
cem_linear_raw,cem_linear,continuous,48,38,0.630344,216312.782581,0.644086,2.9
cem_linear_raw,cem_linear,continuous,48,39,0.652629,198499.546707,0.626882,2.9
cem_linear_raw,cem_linear,continuous,48,40,0.642498,179857.737466,0.655914,2.9
cem_linear_raw,cem_linear,continuous,48,41,0.624939,171518.551235,0.653763,2.8
cem_linear_raw,cem_linear,continuous,48,42,0.637385,187315.200302,0.634409,2.8
cem_linear_raw,cem_linear,continuous,48,43,0.626610,160760.928293,0.662366,2.9
cem_linear_raw,cem_linear,continuous,48,44,0.624309,164440.400185,0.665591,2.9
cem_linear_raw,cem_linear,continuous,48,45,0.633673,155272.481630,0.639785,2.9
cem_linear_raw,cem_linear,continuous,48,46,0.612972,146859.760841,0.669892,2.9
cem_linear_raw,cem_linear,continuous,48,47,0.650211,157584.097525,0.618280,2.9
cem_linear_raw,cem_linear,continuous,48,48,0.623275,124315.491625,0.668817,2.9
cem_linear_raw,cem_linear,continuous,48,49,0.636809,168784.641465,0.648387,2.9
cem_linear_raw,cem_linear,continuous,48,50,0.624538,158008.556124,0.673118,2.9
cem_linear_raw,cem_linear,continuous,48,51,0.625980,152264.908283,0.655914,2.9
cem_linear_raw,cem_linear,continuous,48,52,0.626702,163946.907939,0.654839,2.9
cem_linear_raw,cem_linear,continuous,48,53,0.644927,178474.290037,0.652688,2.9
cem_linear_raw,cem_linear,continuous,48,54,0.623674,176885.805292,0.644086,2.9
cem_linear_raw,cem_linear,continuous,48,55,0.624743,165462.192558,0.666667,2.9
cem_linear_raw,cem_linear,continuous,48,56,0.591998,121419.858035,0.695699,2.9
cem_linear_raw,cem_linear,continuous,48,57,0.627001,151416.944452,0.645161,2.9
cem_linear_raw,cem_linear,continuous,48,58,0.619095,152637.843737,0.669892,2.9
cem_linear_raw,cem_linear,continuous,48,59,0.599777,135562.403188,0.687097,2.9
cem_linear_raw,cem_linear,continuous,48,60,0.614129,140636.181513,0.670968,2.9
cem_linear_raw,cem_linear,continuous,48,61,0.612307,130413.908989,0.665591,2.9
cem_linear_raw,cem_linear,continuous,48,62,0.643286,138953.969027,0.641935,2.9
cem_linear_raw,cem_linear,continuous,48,63,0.613722,144461.405494,0.688172,2.9
cem_linear_raw,cem_linear,continuous,48,64,0.614395,114142.945136,0.661290,2.9
cem_linear_raw,cem_linear,continuous,48,65,0.612867,144560.090440,0.675269,2.9
cem_linear_raw,cem_linear,continuous,48,66,0.610357,146426.439348,0.674194,2.8
cem_linear_raw,cem_linear,continuous,48,67,0.613394,157348.064207,0.659140,2.8
cem_linear_raw,cem_linear,continuous,48,68,0.604823,131813.923631,0.700000,2.9
cem_linear_raw,cem_linear,continuous,48,69,0.607885,133568.647964,0.669892,2.8
cem_linear_raw,cem_linear,continuous,48,70,0.608033,147954.952201,0.681720,2.8
cem_linear_raw,cem_linear,continuous,48,71,0.609942,130153.578787,0.678495,2.9
cem_linear_raw,cem_linear,continuous,48,72,0.618921,128335.717288,0.692473,2.8
cem_linear_raw,cem_linear,continuous,48,73,0.601429,133877.930185,0.681720,3.8
cem_linear_raw,cem_linear,continuous,48,74,0.602024,120089.626243,0.679570,2.9
cem_linear_raw,cem_linear,continuous,48,75,0.619947,129705.352212,0.647312,2.9
cem_linear_raw,cem_linear,continuous,48,76,0.621408,160050.928730,0.654839,3.0
cem_linear_raw,cem_linear,continuous,48,77,0.620482,127610.658367,0.658065,2.9
cem_linear_raw,cem_linear,continuous,48,78,0.617698,107073.380175,0.673118,2.8
cem_linear_raw,cem_linear,continuous,48,79,0.594261,104865.203642,0.693548,2.9
cem_linear_raw,cem_linear,continuous,48,80,0.614381,129633.751562,0.684946,2.9
cem_linear_raw,cem_linear,continuous,48,81,0.649755,122777.126184,0.649462,2.9
cem_linear_raw,cem_linear,continuous,48,82,0.589379,116404.304895,0.707527,2.9
cem_linear_raw,cem_linear,continuous,48,83,0.608418,141003.825750,0.675269,2.9
cem_linear_raw,cem_linear,continuous,48,84,0.608139,137058.934346,0.668817,2.9
cem_linear_raw,cem_linear,continuous,48,85,0.595493,119511.753377,0.697849,2.8
cem_linear_raw,cem_linear,continuous,48,86,0.606094,117279.278893,0.690323,2.8
cem_linear_raw,cem_linear,continuous,48,87,0.607432,118967.632140,0.677419,2.9
cem_linear_raw,cem_linear,continuous,48,88,0.611326,137793.462363,0.692473,2.9
cem_linear_raw,cem_linear,continuous,48,89,0.597635,119255.663374,0.670968,2.8
cem_linear_raw,cem_linear,continuous,48,90,0.595357,132502.067398,0.682796,2.8
cem_linear_raw,cem_linear,continuous,48,91,0.616130,136521.796237,0.672043,2.9
cem_linear_raw,cem_linear,continuous,48,92,0.598976,127693.177776,0.686022,2.9
cem_linear_raw,cem_linear,continuous,48,93,0.623025,138754.608380,0.666667,2.8
cem_linear_raw,cem_linear,continuous,48,94,0.586724,122998.028432,0.688172,2.8
cem_linear_raw,cem_linear,continuous,48,95,0.609632,117180.947018,0.663441,2.8
cem_linear_raw,cem_linear,continuous,48,96,0.607523,119732.032040,0.675269,2.8
cem_linear_raw,cem_linear,continuous,48,97,0.595267,121479.229830,0.669892,2.8
cem_linear_raw,cem_linear,continuous,48,98,0.594743,132756.497304,0.679570,2.8
cem_linear_raw,cem_linear,continuous,48,99,0.592236,120192.484207,0.689247,2.9
cem_linear_raw,cem_linear,continuous,48,100,0.577241,118971.440209,0.693548,2.9
cem_linear_raw,cem_linear,continuous,48,101,0.591843,129697.585820,0.696774,2.8
cem_linear_raw,cem_linear,continuous,48,102,0.601554,106680.251964,0.682796,2.8
cem_linear_raw,cem_linear,continuous,48,103,0.603516,140477.276999,0.678495,2.8
cem_linear_raw,cem_linear,continuous,48,104,0.601763,109955.602151,0.676344,2.9
cem_linear_raw,cem_linear,continuous,48,105,0.591268,100613.595472,0.703226,2.9
cem_linear_raw,cem_linear,continuous,48,106,0.597368,122552.929923,0.688172,2.8
cem_linear_raw,cem_linear,continuous,48,107,0.658786,176856.946157,0.626882,2.9
cem_linear_raw,cem_linear,continuous,48,108,0.618908,135830.296799,0.676344,2.9
cem_linear_raw,cem_linear,continuous,48,109,0.598583,108222.336278,0.690323,2.9
cem_linear_raw,cem_linear,continuous,48,110,0.607573,106419.655424,0.688172,2.9
cem_linear_raw,cem_linear,continuous,48,111,0.594459,112966.960089,0.698925,2.9
cem_linear_raw,cem_linear,continuous,48,112,0.594641,116358.838474,0.694624,2.8
cem_linear_raw,cem_linear,continuous,48,113,0.592557,92672.590208,0.694624,2.9
cem_linear_raw,cem_linear,continuous,48,114,0.596629,107510.630978,0.670968,2.8
cem_linear_raw,cem_linear,continuous,48,115,0.597093,104484.273639,0.687097,2.8
cem_linear_raw,cem_linear,continuous,48,116,0.603407,101680.889499,0.675269,2.8
cem_linear_raw,cem_linear,continuous,48,117,0.594526,119542.442112,0.695699,2.8
cem_linear_raw,cem_linear,continuous,48,118,0.578317,95596.597219,0.713978,2.9
cem_linear_raw,cem_linear,continuous,48,119,0.627321,96583.772480,0.651613,2.8
cem_linear_raw,cem_linear,continuous,48,120,0.576781,77957.284854,0.717204,2.8
cem_linear_raw,cem_linear,continuous,48,121,0.591449,100901.773900,0.706452,2.8
cem_linear_raw,cem_linear,continuous,48,122,0.597297,111998.060619,0.701075,2.8
cem_linear_raw,cem_linear,continuous,48,123,0.632461,117061.966700,0.635484,2.9
cem_linear_raw,cem_linear,continuous,48,124,0.617128,117215.502163,0.687097,2.9
cem_linear_raw,cem_linear,continuous,48,125,0.582754,104883.807329,0.715054,2.9
cem_linear_raw,cem_linear,continuous,48,126,0.591254,102823.889302,0.691398,2.8
cem_linear_raw,cem_linear,continuous,48,127,0.596593,108037.966338,0.694624,2.9
cem_linear_raw,cem_linear,continuous,48,128,0.573169,111180.704948,0.716129,2.8
cem_linear_raw,cem_linear,continuous,48,129,0.577955,106296.259837,0.713978,2.9
cem_linear_raw,cem_linear,continuous,48,130,0.584881,93681.589886,0.689247,2.8
cem_linear_raw,cem_linear,continuous,48,131,0.590631,99254.602067,0.704301,2.9
cem_linear_raw,cem_linear,continuous,48,132,0.598146,97315.531930,0.690323,2.9
cem_linear_raw,cem_linear,continuous,48,133,0.582735,100615.998343,0.709677,2.8
cem_linear_raw,cem_linear,continuous,48,134,0.588489,98443.980089,0.701075,2.9
cem_linear_raw,cem_linear,continuous,48,135,0.594617,114276.839012,0.684946,2.8
cem_linear_raw,cem_linear,continuous,48,136,0.574885,116877.147320,0.704301,2.8
cem_linear_raw,cem_linear,continuous,48,137,0.599078,108124.242255,0.687097,2.9
cem_linear_raw,cem_linear,continuous,48,138,0.592604,107451.051349,0.700000,2.9
cem_linear_raw,cem_linear,continuous,48,139,0.586255,118735.968676,0.702151,2.9
cem_linear_raw,cem_linear,continuous,48,140,0.601161,107701.935769,0.686022,2.8
cem_linear_raw,cem_linear,continuous,48,141,0.608995,102874.233374,0.689247,2.9
cem_linear_raw,cem_linear,continuous,48,142,0.580444,104126.502273,0.723656,2.8
cem_linear_raw,cem_linear,continuous,48,143,0.611318,108668.219430,0.682796,2.8
cem_linear_raw,cem_linear,continuous,48,144,0.600753,104238.258237,0.695699,2.9
cem_linear_raw,cem_linear,continuous,48,145,0.570079,82471.353192,0.726882,2.8
cem_linear_raw,cem_linear,continuous,48,146,0.583229,104480.407250,0.694624,2.9
cem_linear_raw,cem_linear,continuous,48,147,0.595740,110071.106233,0.683871,2.8
cem_linear_raw,cem_linear,continuous,48,148,0.586997,93989.183098,0.718280,2.9
cem_linear_raw,cem_linear,continuous,48,149,0.578474,85288.143548,0.716129,2.9
cem_linear_raw,cem_linear,continuous,48,150,0.576633,93451.716263,0.717204,2.9
cem_linear_raw,cem_linear,continuous,48,151,0.603724,108341.996291,0.696774,2.8
cem_linear_raw,cem_linear,continuous,48,152,0.575683,86134.924956,0.707527,2.8
cem_linear_raw,cem_linear,continuous,48,153,0.576024,111289.767372,0.720430,2.8
cem_linear_raw,cem_linear,continuous,48,154,0.597306,97369.648931,0.694624,2.9
cem_linear_raw,cem_linear,continuous,48,155,0.575676,95518.617322,0.726882,2.9
cem_linear_raw,cem_linear,continuous,48,156,0.577159,98296.164597,0.717204,2.9
cem_linear_raw,cem_linear,continuous,48,157,0.593389,90569.922581,0.700000,2.8
cem_linear_raw,cem_linear,continuous,48,158,0.597696,126350.606214,0.692473,2.9
cem_linear_raw,cem_linear,continuous,48,159,0.579402,122350.096875,0.711828,2.9
cem_linear_raw,cem_linear,continuous,48,160,0.576498,109081.388651,0.701075,2.9
cem_linear_raw,cem_linear,continuous,48,161,0.581229,83318.876139,0.704301,2.8
cem_linear_raw,cem_linear,continuous,48,162,0.577061,89064.447056,0.702151,2.9
cem_linear_raw,cem_linear,continuous,48,163,0.573785,96002.025655,0.701075,2.9
cem_linear_raw,cem_linear,continuous,48,164,0.614145,104167.160568,0.688172,2.9
cem_linear_raw,cem_linear,continuous,48,165,0.578102,95612.184963,0.703226,2.8
cem_linear_raw,cem_linear,continuous,48,166,0.571093,112739.795224,0.707527,2.8
cem_linear_raw,cem_linear,continuous,48,167,0.583039,87807.738096,0.703226,2.8
cem_linear_raw,cem_linear,continuous,48,168,0.576732,102879.864499,0.698925,2.8
cem_linear_raw,cem_linear,continuous,48,169,0.594258,101254.228906,0.697849,2.9
cem_linear_raw,cem_linear,continuous,48,170,0.580648,79428.149228,0.710753,2.9
cem_linear_raw,cem_linear,continuous,48,171,0.575998,83486.044836,0.719355,2.9
cem_linear_raw,cem_linear,continuous,48,172,0.576353,108656.541986,0.698925,2.8
cem_linear_raw,cem_linear,continuous,48,173,0.578443,92888.151441,0.722581,2.9
cem_linear_raw,cem_linear,continuous,48,174,0.580730,90483.935557,0.695699,2.9
cem_linear_raw,cem_linear,continuous,48,175,0.590196,76320.330981,0.682796,2.8
cem_linear_raw,cem_linear,continuous,48,176,0.569455,86083.509152,0.715054,2.8
cem_linear_raw,cem_linear,continuous,48,177,0.561877,98134.404185,0.727957,2.9
cem_linear_raw,cem_linear,continuous,48,178,0.580322,90325.726441,0.711828,2.9
cem_linear_raw,cem_linear,continuous,48,179,0.569992,112698.460769,0.715054,2.9
cem_linear_raw,cem_linear,continuous,48,180,0.607393,113190.391314,0.692473,2.8
cem_linear_raw,cem_linear,continuous,48,181,0.565839,79111.643471,0.733333,2.9
cem_linear_raw,cem_linear,continuous,48,182,0.571541,78498.893800,0.718280,2.9
cem_linear_raw,cem_linear,continuous,48,183,0.594738,79989.668242,0.693548,2.8
cem_linear_raw,cem_linear,continuous,48,184,0.574863,88476.053285,0.706452,2.9
cem_linear_raw,cem_linear,continuous,48,185,0.579414,82812.851579,0.708602,2.9
cem_linear_raw,cem_linear,continuous,48,186,0.594081,103507.775571,0.683871,2.9
cem_linear_raw,cem_linear,continuous,48,187,0.568805,96917.224812,0.727957,2.8
cem_linear_raw,cem_linear,continuous,48,188,0.568726,94364.188722,0.717204,2.8
cem_linear_raw,cem_linear,continuous,48,189,0.569703,95563.894514,0.725806,2.8
cem_linear_raw,cem_linear,continuous,48,190,0.581410,96606.512172,0.718280,2.9
cem_linear_raw,cem_linear,continuous,48,191,0.580432,91531.723838,0.717204,2.9
cem_linear_raw,cem_linear,continuous,48,192,0.561831,96743.426632,0.738710,2.8
cem_linear_raw,cem_linear,continuous,48,193,0.570015,92233.504704,0.712903,2.8
cem_linear_raw,cem_linear,continuous,48,194,0.576214,79683.682443,0.726882,2.8
cem_linear_raw,cem_linear,continuous,48,195,0.585356,82000.594926,0.711828,2.9
cem_linear_raw,cem_linear,continuous,48,196,0.572945,83060.880922,0.708602,2.8
cem_linear_raw,cem_linear,continuous,48,197,0.566567,90497.609984,0.726882,2.8
cem_linear_raw,cem_linear,continuous,48,198,0.576642,88385.839427,0.696774,2.8
cem_linear_raw,cem_linear,continuous,48,199,0.553178,75794.900714,0.726882,2.8
cem_linear_raw,cem_linear,continuous,48,200,0.571548,94781.914991,0.710753,2.9
cem_linear_raw,cem_linear,continuous,48,201,0.577771,80468.583524,0.701075,2.9
cem_linear_raw,cem_linear,continuous,48,202,0.550662,88926.263495,0.747312,2.9
cem_linear_raw,cem_linear,continuous,48,203,0.566820,90069.540638,0.722581,2.8
cem_linear_raw,cem_linear,continuous,48,204,0.584460,68808.493368,0.711828,2.9
cem_linear_raw,cem_linear,continuous,48,205,0.558379,73604.937777,0.731183,2.8
cem_linear_raw,cem_linear,continuous,48,206,0.571811,82734.450666,0.706452,2.8
cem_linear_raw,cem_linear,continuous,48,207,0.555156,71359.125386,0.724731,2.8
cem_linear_raw,cem_linear,continuous,48,208,0.571114,78372.479494,0.703226,2.8
cem_linear_raw,cem_linear,continuous,48,209,0.548899,87420.056914,0.725806,2.9
cem_linear_raw,cem_linear,continuous,48,210,0.588654,100390.321736,0.689247,2.9
cem_linear_raw,cem_linear,continuous,48,211,0.560861,102051.668523,0.704301,2.8
cem_linear_raw,cem_linear,continuous,48,212,0.580504,102349.379458,0.707527,2.9
cem_linear_raw,cem_linear,continuous,48,213,0.575075,102585.204730,0.716129,2.9
cem_linear_raw,cem_linear,continuous,48,214,0.550083,81767.243285,0.720430,2.8
cem_linear_raw,cem_linear,continuous,48,215,0.550839,68973.516935,0.730108,2.9
cem_linear_raw,cem_linear,continuous,48,216,0.562297,79724.344876,0.725806,2.8
cem_linear_raw,cem_linear,continuous,48,217,0.557937,78300.882530,0.734409,2.9
cem_linear_raw,cem_linear,continuous,48,218,0.555823,77381.447278,0.710753,2.9
cem_linear_raw,cem_linear,continuous,48,219,0.558389,79818.841792,0.718280,2.8
cem_linear_raw,cem_linear,continuous,48,220,0.553815,66086.960555,0.732258,2.8
cem_linear_raw,cem_linear,continuous,48,221,0.557998,76421.004755,0.730108,2.9
cem_linear_raw,cem_linear,continuous,48,222,0.563526,81476.171333,0.718280,2.8
cem_linear_raw,cem_linear,continuous,48,223,0.553905,87255.551511,0.719355,2.8
cem_linear_raw,cem_linear,continuous,48,224,0.547087,80688.757682,0.727957,2.9
cem_linear_raw,cem_linear,continuous,48,225,0.576761,67580.014825,0.704301,2.9
cem_linear_raw,cem_linear,continuous,48,226,0.543024,86348.087116,0.754839,2.8
cem_linear_raw,cem_linear,continuous,48,227,0.554348,74911.164397,0.740860,2.8
cem_linear_raw,cem_linear,continuous,48,228,0.539960,107539.663931,0.734409,2.8
cem_linear_raw,cem_linear,continuous,48,229,0.537151,82489.641675,0.739785,2.8
cem_linear_raw,cem_linear,continuous,48,230,0.535419,79040.361244,0.740860,2.8
cem_linear_raw,cem_linear,continuous,48,231,0.543871,86417.592933,0.720430,2.8
cem_linear_raw,cem_linear,continuous,48,232,0.540787,72654.106510,0.720430,2.8
cem_linear_raw,cem_linear,continuous,48,233,0.554921,82716.890458,0.721505,2.9
cem_linear_raw,cem_linear,continuous,48,234,0.540568,123102.162441,0.754839,2.9
cem_linear_raw,cem_linear,continuous,48,235,0.609064,113217.560202,0.674194,2.9
cem_linear_raw,cem_linear,continuous,48,236,0.543597,76818.507527,0.743011,2.9
cem_linear_raw,cem_linear,continuous,48,237,0.528411,83529.709476,0.749462,2.8
cem_linear_raw,cem_linear,continuous,48,238,0.555348,74374.849803,0.719355,2.8
cem_linear_raw,cem_linear,continuous,48,239,0.543091,66804.551310,0.722581,2.8
cem_linear_raw,cem_linear,continuous,48,240,0.548683,77377.667717,0.726882,2.8
cem_linear_raw,cem_linear,continuous,48,241,0.522072,67088.016188,0.753763,2.9
cem_linear_raw,cem_linear,continuous,48,242,0.533839,70388.345901,0.718280,2.8
cem_linear_raw,cem_linear,continuous,48,243,0.524832,79055.219188,0.751613,2.8
cem_linear_raw,cem_linear,continuous,48,244,0.545555,93190.883854,0.741935,2.9
cem_linear_raw,cem_linear,continuous,48,245,0.506006,62803.771564,0.753763,2.9
cem_linear_raw,cem_linear,continuous,48,246,0.521275,66468.472749,0.741935,2.8
cem_linear_raw,cem_linear,continuous,48,247,0.545867,73238.523967,0.729032,2.8
cem_linear_raw,cem_linear,continuous,48,248,0.552436,79868.169363,0.724731,2.9
cem_linear_raw,cem_linear,continuous,48,249,0.536952,86046.731258,0.725806,2.9
cem_linear_raw,cem_linear,continuous,48,250,0.554388,71301.580066,0.724731,2.9
cem_linear_raw,cem_linear,continuous,49,1,0.705949,555755.691474,0.477345,2.9
cem_linear_raw,cem_linear,continuous,49,2,0.692892,458203.639588,0.539515,2.9
cem_linear_raw,cem_linear,continuous,49,3,0.692671,450898.869851,0.530032,2.9
cem_linear_raw,cem_linear,continuous,49,4,0.680956,442040.051222,0.547945,2.9
cem_linear_raw,cem_linear,continuous,49,5,0.686546,435554.627766,0.538462,3.0
cem_linear_raw,cem_linear,continuous,49,6,0.688337,435413.287408,0.541623,2.9
cem_linear_raw,cem_linear,continuous,49,7,0.685935,431152.710962,0.525817,2.9
cem_linear_raw,cem_linear,continuous,49,8,0.687354,417968.297484,0.550053,2.9
cem_linear_raw,cem_linear,continuous,49,9,0.693591,427795.965679,0.528978,2.9
cem_linear_raw,cem_linear,continuous,49,10,0.693445,415031.159033,0.525817,2.9
cem_linear_raw,cem_linear,continuous,49,11,0.685397,421837.234079,0.550053,2.9
cem_linear_raw,cem_linear,continuous,49,12,0.685812,414458.369032,0.513172,2.9
cem_linear_raw,cem_linear,continuous,49,13,0.688275,407739.070230,0.531085,2.9
cem_linear_raw,cem_linear,continuous,49,14,0.681535,403549.897902,0.550053,2.9
cem_linear_raw,cem_linear,continuous,49,15,0.685281,404764.127322,0.547945,2.9
cem_linear_raw,cem_linear,continuous,49,16,0.677792,402244.342614,0.550053,2.9
cem_linear_raw,cem_linear,continuous,49,17,0.681955,393208.898116,0.550053,2.9
cem_linear_raw,cem_linear,continuous,49,18,0.673033,401052.431943,0.579557,2.9
cem_linear_raw,cem_linear,continuous,49,19,0.680296,390445.910029,0.569020,2.9
cem_linear_raw,cem_linear,continuous,49,20,0.692269,380562.439188,0.543730,2.9
cem_linear_raw,cem_linear,continuous,49,21,0.679108,367007.287457,0.550053,2.9
cem_linear_raw,cem_linear,continuous,49,22,0.685847,373189.469129,0.534247,2.9
cem_linear_raw,cem_linear,continuous,49,23,0.673177,357379.061496,0.580611,2.9
cem_linear_raw,cem_linear,continuous,49,24,0.679137,360167.854831,0.567966,2.9
cem_linear_raw,cem_linear,continuous,49,25,0.673324,356524.083674,0.583772,2.9
cem_linear_raw,cem_linear,continuous,49,26,0.651269,346171.269408,0.622761,2.9
cem_linear_raw,cem_linear,continuous,49,27,0.665649,335572.235445,0.615385,2.9
cem_linear_raw,cem_linear,continuous,49,28,0.668962,327150.819481,0.613277,2.9
cem_linear_raw,cem_linear,continuous,49,29,0.659481,302696.054663,0.622761,2.9
cem_linear_raw,cem_linear,continuous,49,30,0.680829,317692.553016,0.582719,2.9
cem_linear_raw,cem_linear,continuous,49,31,0.666234,273251.858428,0.586934,2.9
cem_linear_raw,cem_linear,continuous,49,32,0.666982,285013.540913,0.597471,2.9
cem_linear_raw,cem_linear,continuous,49,33,0.664195,280863.192197,0.615385,2.9
cem_linear_raw,cem_linear,continuous,49,34,0.651723,227225.181252,0.621707,2.9
cem_linear_raw,cem_linear,continuous,49,35,0.658303,233613.527809,0.608008,2.9
cem_linear_raw,cem_linear,continuous,49,36,0.678421,248151.377898,0.579557,2.9
cem_linear_raw,cem_linear,continuous,49,37,0.654779,234163.929922,0.615385,2.9
cem_linear_raw,cem_linear,continuous,49,38,0.636805,211991.842048,0.665964,2.9
cem_linear_raw,cem_linear,continuous,49,39,0.649895,242825.686084,0.624868,2.9
cem_linear_raw,cem_linear,continuous,49,40,0.641440,206059.211361,0.650158,2.9
cem_linear_raw,cem_linear,continuous,49,41,0.654071,227779.189064,0.590095,2.9
cem_linear_raw,cem_linear,continuous,49,42,0.645825,215099.731868,0.638567,2.9
cem_linear_raw,cem_linear,continuous,49,43,0.655836,203266.152702,0.625922,2.9
cem_linear_raw,cem_linear,continuous,49,44,0.634561,223425.715911,0.653319,2.9
cem_linear_raw,cem_linear,continuous,49,45,0.628257,213788.622720,0.670179,2.9
cem_linear_raw,cem_linear,continuous,49,46,0.659522,224766.756598,0.606955,2.9
cem_linear_raw,cem_linear,continuous,49,47,0.655802,191333.568028,0.623815,2.9
cem_linear_raw,cem_linear,continuous,49,48,0.639022,213703.686018,0.652266,2.9
cem_linear_raw,cem_linear,continuous,49,49,0.629632,242943.026920,0.623815,2.9
cem_linear_raw,cem_linear,continuous,49,50,0.635992,206397.111729,0.625922,2.9
cem_linear_raw,cem_linear,continuous,49,51,0.630102,177905.056243,0.653319,2.9
cem_linear_raw,cem_linear,continuous,49,52,0.644694,199432.342318,0.620653,2.9
cem_linear_raw,cem_linear,continuous,49,53,0.644149,194390.301041,0.632244,2.9
cem_linear_raw,cem_linear,continuous,49,54,0.648354,206478.972372,0.620653,2.9
cem_linear_raw,cem_linear,continuous,49,55,0.638317,197059.691666,0.638567,2.9
cem_linear_raw,cem_linear,continuous,49,56,0.628267,163223.572115,0.646997,2.9
cem_linear_raw,cem_linear,continuous,49,57,0.626647,194623.341455,0.665964,2.9
cem_linear_raw,cem_linear,continuous,49,58,0.636181,187759.649376,0.640674,2.9
cem_linear_raw,cem_linear,continuous,49,59,0.623795,171156.739306,0.662803,2.9
cem_linear_raw,cem_linear,continuous,49,60,0.624379,190627.432425,0.672287,2.9
cem_linear_raw,cem_linear,continuous,49,61,0.634872,178104.309207,0.635406,2.9
cem_linear_raw,cem_linear,continuous,49,62,0.613529,169248.205113,0.679663,2.9
cem_linear_raw,cem_linear,continuous,49,63,0.618683,199181.006512,0.669125,2.9
cem_linear_raw,cem_linear,continuous,49,64,0.651464,177875.179767,0.629083,2.9
cem_linear_raw,cem_linear,continuous,49,65,0.617665,165985.386805,0.671233,2.9
cem_linear_raw,cem_linear,continuous,49,66,0.616003,164819.379725,0.654373,2.9
cem_linear_raw,cem_linear,continuous,49,67,0.625530,153389.249809,0.659642,2.9
cem_linear_raw,cem_linear,continuous,49,68,0.614946,164588.271062,0.663857,2.9
cem_linear_raw,cem_linear,continuous,49,69,0.622400,151343.897135,0.669125,2.9
cem_linear_raw,cem_linear,continuous,49,70,0.618002,153340.935587,0.651212,3.0
cem_linear_raw,cem_linear,continuous,49,71,0.603015,188370.265617,0.685985,2.9
cem_linear_raw,cem_linear,continuous,49,72,0.614802,164439.450429,0.654373,2.9
cem_linear_raw,cem_linear,continuous,49,73,0.611346,154329.786819,0.662803,2.9
cem_linear_raw,cem_linear,continuous,49,74,0.613050,193294.369731,0.673340,2.9
cem_linear_raw,cem_linear,continuous,49,75,0.612160,183725.441361,0.664910,2.9
cem_linear_raw,cem_linear,continuous,49,76,0.627862,146019.831830,0.649104,2.9
cem_linear_raw,cem_linear,continuous,49,77,0.617046,128686.022587,0.667018,2.9
cem_linear_raw,cem_linear,continuous,49,78,0.650014,154207.794191,0.605901,2.9
cem_linear_raw,cem_linear,continuous,49,79,0.613448,163018.337596,0.675448,2.9
cem_linear_raw,cem_linear,continuous,49,80,0.596764,143627.759998,0.688093,2.9
cem_linear_raw,cem_linear,continuous,49,81,0.617475,178003.747925,0.660695,2.9
cem_linear_raw,cem_linear,continuous,49,82,0.617318,154941.301238,0.657534,2.9
cem_linear_raw,cem_linear,continuous,49,83,0.628555,164029.860581,0.651212,2.9
cem_linear_raw,cem_linear,continuous,49,84,0.600467,167287.729530,0.674394,2.9
cem_linear_raw,cem_linear,continuous,49,85,0.622051,175460.132125,0.662803,2.9
cem_linear_raw,cem_linear,continuous,49,86,0.609722,173467.517942,0.669125,2.9
cem_linear_raw,cem_linear,continuous,49,87,0.615578,142023.493052,0.668072,2.9
cem_linear_raw,cem_linear,continuous,49,88,0.621626,176277.811825,0.656481,2.9
cem_linear_raw,cem_linear,continuous,49,89,0.611628,154551.493925,0.680717,2.9
cem_linear_raw,cem_linear,continuous,49,90,0.601137,139378.892370,0.675448,2.9
cem_linear_raw,cem_linear,continuous,49,91,0.602143,144112.965231,0.690200,2.8
cem_linear_raw,cem_linear,continuous,49,92,0.608692,157800.347887,0.667018,2.9
cem_linear_raw,cem_linear,continuous,49,93,0.611569,125463.631355,0.663857,2.9
cem_linear_raw,cem_linear,continuous,49,94,0.604892,152476.644651,0.691254,2.9
cem_linear_raw,cem_linear,continuous,49,95,0.611424,143819.142074,0.682824,2.9
cem_linear_raw,cem_linear,continuous,49,96,0.594126,149137.874201,0.692308,2.9
cem_linear_raw,cem_linear,continuous,49,97,0.602015,131880.719433,0.680717,2.9
cem_linear_raw,cem_linear,continuous,49,98,0.603864,174030.704080,0.690200,2.9
cem_linear_raw,cem_linear,continuous,49,99,0.605670,151760.535465,0.674394,2.9
cem_linear_raw,cem_linear,continuous,49,100,0.611848,159947.646659,0.652266,2.9
cem_linear_raw,cem_linear,continuous,49,101,0.602032,141599.705981,0.695469,2.9
cem_linear_raw,cem_linear,continuous,49,102,0.605087,142258.949672,0.672287,2.9
cem_linear_raw,cem_linear,continuous,49,103,0.570058,141467.228435,0.729189,2.9
cem_linear_raw,cem_linear,continuous,49,104,0.601325,148626.168928,0.678609,2.9
cem_linear_raw,cem_linear,continuous,49,105,0.587725,138510.257277,0.694415,2.9
cem_linear_raw,cem_linear,continuous,49,106,0.603242,156500.681359,0.668072,2.9
cem_linear_raw,cem_linear,continuous,49,107,0.622237,136705.240995,0.661749,2.9
cem_linear_raw,cem_linear,continuous,49,108,0.585519,119461.855185,0.700738,2.9
cem_linear_raw,cem_linear,continuous,49,109,0.586863,154752.547293,0.697576,2.9
cem_linear_raw,cem_linear,continuous,49,110,0.589797,128688.355638,0.683878,2.9
cem_linear_raw,cem_linear,continuous,49,111,0.591442,126488.168269,0.698630,2.9
cem_linear_raw,cem_linear,continuous,49,112,0.594243,110347.787169,0.688093,2.9
cem_linear_raw,cem_linear,continuous,49,113,0.589603,120460.990261,0.694415,2.9
cem_linear_raw,cem_linear,continuous,49,114,0.584978,132892.599323,0.695469,2.9
cem_linear_raw,cem_linear,continuous,49,115,0.611994,152137.829611,0.669125,2.9
cem_linear_raw,cem_linear,continuous,49,116,0.622811,145860.578026,0.669125,2.9
cem_linear_raw,cem_linear,continuous,49,117,0.595669,120326.545196,0.683878,2.9
cem_linear_raw,cem_linear,continuous,49,118,0.581159,120261.937714,0.697576,2.9
cem_linear_raw,cem_linear,continuous,49,119,0.613971,143008.488139,0.659642,2.9
cem_linear_raw,cem_linear,continuous,49,120,0.596322,118160.779556,0.693361,2.9
cem_linear_raw,cem_linear,continuous,49,121,0.604850,120830.204656,0.680717,2.9
cem_linear_raw,cem_linear,continuous,49,122,0.606889,117785.048587,0.658588,2.9
cem_linear_raw,cem_linear,continuous,49,123,0.603602,128157.720158,0.655427,2.9
cem_linear_raw,cem_linear,continuous,49,124,0.605346,146323.287408,0.669125,2.9
cem_linear_raw,cem_linear,continuous,49,125,0.578354,132831.103085,0.716544,2.9
cem_linear_raw,cem_linear,continuous,49,126,0.603716,139260.929132,0.652266,2.9
cem_linear_raw,cem_linear,continuous,49,127,0.587214,116840.322017,0.700738,2.9
cem_linear_raw,cem_linear,continuous,49,128,0.570430,122457.175481,0.723920,2.9
cem_linear_raw,cem_linear,continuous,49,129,0.585504,125579.940999,0.717597,2.9
cem_linear_raw,cem_linear,continuous,49,130,0.577591,119899.877758,0.702845,2.9
cem_linear_raw,cem_linear,continuous,49,131,0.598065,116684.231860,0.690200,2.9
cem_linear_raw,cem_linear,continuous,49,132,0.591200,147052.080047,0.694415,2.9
cem_linear_raw,cem_linear,continuous,49,133,0.581987,119194.647491,0.697576,2.9
cem_linear_raw,cem_linear,continuous,49,134,0.581749,130223.021495,0.681770,2.9
cem_linear_raw,cem_linear,continuous,49,135,0.584398,129115.774014,0.711275,2.9
cem_linear_raw,cem_linear,continuous,49,136,0.570005,120966.098994,0.712329,2.9
cem_linear_raw,cem_linear,continuous,49,137,0.579312,110930.200557,0.696523,2.9
cem_linear_raw,cem_linear,continuous,49,138,0.600214,135483.904169,0.664910,2.9
cem_linear_raw,cem_linear,continuous,49,139,0.591793,125794.032279,0.694415,2.9
cem_linear_raw,cem_linear,continuous,49,140,0.581318,136240.461942,0.707060,2.9
cem_linear_raw,cem_linear,continuous,49,141,0.575452,116744.249497,0.711275,2.9
cem_linear_raw,cem_linear,continuous,49,142,0.585314,132722.520021,0.701791,2.9
cem_linear_raw,cem_linear,continuous,49,143,0.591096,113316.083945,0.685985,2.9
cem_linear_raw,cem_linear,continuous,49,144,0.571915,116801.708879,0.696523,2.9
cem_linear_raw,cem_linear,continuous,49,145,0.588093,156819.919553,0.683878,2.9
cem_linear_raw,cem_linear,continuous,49,146,0.593534,112717.344324,0.693361,2.9
cem_linear_raw,cem_linear,continuous,49,147,0.614483,130800.226958,0.674394,2.9
cem_linear_raw,cem_linear,continuous,49,148,0.572624,121925.210827,0.709168,2.9
cem_linear_raw,cem_linear,continuous,49,149,0.624518,112695.540026,0.650158,2.9
cem_linear_raw,cem_linear,continuous,49,150,0.598355,116889.882799,0.691254,2.9
cem_linear_raw,cem_linear,continuous,49,151,0.588242,119604.810297,0.690200,2.9
cem_linear_raw,cem_linear,continuous,49,152,0.581663,129652.839601,0.687039,2.9
cem_linear_raw,cem_linear,continuous,49,153,0.589234,118349.732230,0.702845,2.9
cem_linear_raw,cem_linear,continuous,49,154,0.583417,97681.641102,0.693361,2.9
cem_linear_raw,cem_linear,continuous,49,155,0.576001,99442.252256,0.714436,2.9
cem_linear_raw,cem_linear,continuous,49,156,0.567887,120288.544372,0.699684,2.9
cem_linear_raw,cem_linear,continuous,49,157,0.600199,125399.067555,0.681770,2.9
cem_linear_raw,cem_linear,continuous,49,158,0.586421,104343.498399,0.693361,2.9
cem_linear_raw,cem_linear,continuous,49,159,0.589772,116800.379207,0.709168,2.9
cem_linear_raw,cem_linear,continuous,49,160,0.573584,107194.540889,0.706006,2.9
cem_linear_raw,cem_linear,continuous,49,161,0.571386,106758.995210,0.722866,2.9
cem_linear_raw,cem_linear,continuous,49,162,0.588287,125750.021793,0.695469,2.9
cem_linear_raw,cem_linear,continuous,49,163,0.579023,105810.183672,0.701791,2.9
cem_linear_raw,cem_linear,continuous,49,164,0.568783,113342.468618,0.716544,2.9
cem_linear_raw,cem_linear,continuous,49,165,0.571643,109389.607844,0.714436,2.9
cem_linear_raw,cem_linear,continuous,49,166,0.568672,105345.492027,0.713383,2.9
cem_linear_raw,cem_linear,continuous,49,167,0.587658,104236.221028,0.695469,2.9
cem_linear_raw,cem_linear,continuous,49,168,0.592993,94249.244425,0.688093,2.9
cem_linear_raw,cem_linear,continuous,49,169,0.589242,105988.739880,0.690200,2.9
cem_linear_raw,cem_linear,continuous,49,170,0.564662,115964.036148,0.716544,2.9
cem_linear_raw,cem_linear,continuous,49,171,0.603113,93960.405144,0.700738,2.9
cem_linear_raw,cem_linear,continuous,49,172,0.587644,125933.463374,0.693361,2.9
cem_linear_raw,cem_linear,continuous,49,173,0.575235,108309.747588,0.706006,2.9
cem_linear_raw,cem_linear,continuous,49,174,0.575968,100163.910700,0.721812,2.9
cem_linear_raw,cem_linear,continuous,49,175,0.572664,114789.412383,0.729189,2.9
cem_linear_raw,cem_linear,continuous,49,176,0.568548,108223.738657,0.727081,2.9
cem_linear_raw,cem_linear,continuous,49,177,0.578692,96297.211547,0.713383,2.9
cem_linear_raw,cem_linear,continuous,49,178,0.592307,105331.090019,0.689146,2.8
cem_linear_raw,cem_linear,continuous,49,179,0.583663,135439.685767,0.707060,2.9
cem_linear_raw,cem_linear,continuous,49,180,0.587442,127294.802308,0.701791,2.9
cem_linear_raw,cem_linear,continuous,49,181,0.584238,132492.710205,0.679663,2.9
cem_linear_raw,cem_linear,continuous,49,182,0.598960,134297.955148,0.685985,2.9
cem_linear_raw,cem_linear,continuous,49,183,0.576139,118324.285633,0.712329,2.9
cem_linear_raw,cem_linear,continuous,49,184,0.579542,82020.714251,0.703899,2.9
cem_linear_raw,cem_linear,continuous,49,185,0.558910,103057.526879,0.721812,2.9
cem_linear_raw,cem_linear,continuous,49,186,0.567744,110230.842872,0.718651,2.9
cem_linear_raw,cem_linear,continuous,49,187,0.576779,95003.320441,0.698630,2.9
cem_linear_raw,cem_linear,continuous,49,188,0.603603,110683.145608,0.690200,2.9
cem_linear_raw,cem_linear,continuous,49,189,0.572950,102060.098894,0.697576,2.9
cem_linear_raw,cem_linear,continuous,49,190,0.560257,108868.333466,0.739726,2.9
cem_linear_raw,cem_linear,continuous,49,191,0.565270,91561.291557,0.717597,2.9
cem_linear_raw,cem_linear,continuous,49,192,0.578809,100245.892045,0.701791,2.9
cem_linear_raw,cem_linear,continuous,49,193,0.574957,102696.249379,0.720759,2.9
cem_linear_raw,cem_linear,continuous,49,194,0.541509,84491.232152,0.739726,2.9
cem_linear_raw,cem_linear,continuous,49,195,0.584376,102048.080928,0.702845,2.9
cem_linear_raw,cem_linear,continuous,49,196,0.581027,95140.175551,0.715490,2.9
cem_linear_raw,cem_linear,continuous,49,197,0.564780,103757.666400,0.716544,2.9
cem_linear_raw,cem_linear,continuous,49,198,0.577043,118749.375710,0.687039,2.9
cem_linear_raw,cem_linear,continuous,49,199,0.561462,95296.342630,0.714436,2.9
cem_linear_raw,cem_linear,continuous,49,200,0.575714,105406.740608,0.711275,2.9
cem_linear_raw,cem_linear,continuous,49,201,0.555281,79158.716461,0.717597,2.9
cem_linear_raw,cem_linear,continuous,49,202,0.560347,96443.719864,0.722866,2.9
cem_linear_raw,cem_linear,continuous,49,203,0.580711,107103.399644,0.687039,2.9
cem_linear_raw,cem_linear,continuous,49,204,0.573483,95654.888612,0.719705,2.9
cem_linear_raw,cem_linear,continuous,49,205,0.599720,110919.223516,0.668072,2.9
cem_linear_raw,cem_linear,continuous,49,206,0.555001,98810.630665,0.730242,2.9
cem_linear_raw,cem_linear,continuous,49,207,0.592218,96577.943202,0.691254,2.9
cem_linear_raw,cem_linear,continuous,49,208,0.561731,85439.240574,0.698630,2.9
cem_linear_raw,cem_linear,continuous,49,209,0.579271,96599.162391,0.699684,2.9
cem_linear_raw,cem_linear,continuous,49,210,0.542529,95217.135192,0.727081,2.9
cem_linear_raw,cem_linear,continuous,49,211,0.583514,109607.792742,0.711275,2.9
cem_linear_raw,cem_linear,continuous,49,212,0.573339,110281.500961,0.731296,2.9
cem_linear_raw,cem_linear,continuous,49,213,0.547668,97251.598002,0.713383,2.9
cem_linear_raw,cem_linear,continuous,49,214,0.546190,92769.204240,0.741834,2.9
cem_linear_raw,cem_linear,continuous,49,215,0.562234,89067.064438,0.723920,2.9
cem_linear_raw,cem_linear,continuous,49,216,0.574924,87475.375214,0.713383,2.9
cem_linear_raw,cem_linear,continuous,49,217,0.558866,97702.390691,0.723920,2.9
cem_linear_raw,cem_linear,continuous,49,218,0.562250,91000.982770,0.701791,2.9
cem_linear_raw,cem_linear,continuous,49,219,0.581747,114129.785121,0.676502,2.9
cem_linear_raw,cem_linear,continuous,49,220,0.581545,102907.565452,0.706006,2.9
cem_linear_raw,cem_linear,continuous,49,221,0.555133,70629.239284,0.719705,2.9
cem_linear_raw,cem_linear,continuous,49,222,0.568191,79314.512328,0.722866,2.9
cem_linear_raw,cem_linear,continuous,49,223,0.560325,76968.855950,0.722866,2.9
cem_linear_raw,cem_linear,continuous,49,224,0.564637,87158.219227,0.731296,2.9
cem_linear_raw,cem_linear,continuous,49,225,0.578856,107438.522861,0.693361,2.9
cem_linear_raw,cem_linear,continuous,49,226,0.570351,110763.848936,0.706006,2.9
cem_linear_raw,cem_linear,continuous,49,227,0.562753,113350.736144,0.718651,2.9
cem_linear_raw,cem_linear,continuous,49,228,0.553002,110792.527424,0.712329,2.9
cem_linear_raw,cem_linear,continuous,49,229,0.550447,92229.080200,0.736565,2.9
cem_linear_raw,cem_linear,continuous,49,230,0.560783,103528.484326,0.706006,2.9
cem_linear_raw,cem_linear,continuous,49,231,0.542775,100150.729388,0.728135,2.9
cem_linear_raw,cem_linear,continuous,49,232,0.569071,89712.855263,0.700738,2.9
cem_linear_raw,cem_linear,continuous,49,233,0.560572,97823.010274,0.708114,2.9
cem_linear_raw,cem_linear,continuous,49,234,0.548608,85863.348570,0.728135,2.9
cem_linear_raw,cem_linear,continuous,49,235,0.563052,91336.259270,0.709168,2.9
cem_linear_raw,cem_linear,continuous,49,236,0.552074,90135.909510,0.714436,2.9
cem_linear_raw,cem_linear,continuous,49,237,0.575628,91079.159771,0.724974,2.9
cem_linear_raw,cem_linear,continuous,49,238,0.534196,89736.434473,0.732350,2.9
cem_linear_raw,cem_linear,continuous,49,239,0.544847,86732.958427,0.722866,2.9
cem_linear_raw,cem_linear,continuous,49,240,0.525906,81834.098270,0.748156,2.9
cem_linear_raw,cem_linear,continuous,49,241,0.556467,88712.064315,0.706006,2.9
cem_linear_raw,cem_linear,continuous,49,242,0.563036,92002.528821,0.687039,2.9
cem_linear_raw,cem_linear,continuous,49,243,0.526990,86576.280089,0.742887,2.9
cem_linear_raw,cem_linear,continuous,49,244,0.537706,80755.210693,0.724974,2.9
cem_linear_raw,cem_linear,continuous,49,245,0.546716,81558.195654,0.718651,2.9
cem_linear_raw,cem_linear,continuous,49,246,0.558062,90978.830644,0.698630,2.9
cem_linear_raw,cem_linear,continuous,49,247,0.554971,91498.203240,0.722866,2.9
cem_linear_raw,cem_linear,continuous,49,248,0.531874,104297.304339,0.732350,2.9
cem_linear_raw,cem_linear,continuous,49,249,0.544375,88421.747399,0.726027,2.9
cem_linear_raw,cem_linear,continuous,49,250,0.524535,89551.652149,0.737619,2.9
cem_linear_raw,cem_linear,continuous,50,1,0.703446,579880.483627,0.525571,2.9
cem_linear_raw,cem_linear,continuous,50,2,0.682838,470844.663238,0.561480,2.9
cem_linear_raw,cem_linear,continuous,50,3,0.692204,459491.820457,0.528836,2.9
cem_linear_raw,cem_linear,continuous,50,4,0.692596,453381.649194,0.533188,2.9
cem_linear_raw,cem_linear,continuous,50,5,0.698964,444684.815382,0.520131,2.9
cem_linear_raw,cem_linear,continuous,50,6,0.686029,453491.928612,0.537541,2.9
cem_linear_raw,cem_linear,continuous,50,7,0.695743,442117.248317,0.532100,2.9
cem_linear_raw,cem_linear,continuous,50,8,0.692740,437746.541978,0.550598,2.9
cem_linear_raw,cem_linear,continuous,50,9,0.698611,427993.441308,0.520131,2.9
cem_linear_raw,cem_linear,continuous,50,10,0.685335,423079.862129,0.535365,2.9
cem_linear_raw,cem_linear,continuous,50,11,0.693267,430793.168390,0.507073,2.9
cem_linear_raw,cem_linear,continuous,50,12,0.684121,416512.848800,0.541893,2.9
cem_linear_raw,cem_linear,continuous,50,13,0.686018,423011.257124,0.535365,2.9
cem_linear_raw,cem_linear,continuous,50,14,0.689265,411861.614816,0.541893,2.9
cem_linear_raw,cem_linear,continuous,50,15,0.688481,418593.426364,0.536453,2.9
cem_linear_raw,cem_linear,continuous,50,16,0.695483,397930.248266,0.516866,2.9
cem_linear_raw,cem_linear,continuous,50,17,0.686180,405320.887981,0.536453,2.9
cem_linear_raw,cem_linear,continuous,50,18,0.677568,401961.837663,0.565832,2.9
cem_linear_raw,cem_linear,continuous,50,19,0.696606,405466.419070,0.521219,2.9
cem_linear_raw,cem_linear,continuous,50,20,0.682385,405518.306379,0.545158,2.9
cem_linear_raw,cem_linear,continuous,50,21,0.696912,388110.790941,0.513602,2.9
cem_linear_raw,cem_linear,continuous,50,22,0.686396,374388.810005,0.539717,2.9
cem_linear_raw,cem_linear,continuous,50,23,0.693839,374372.936828,0.527748,2.9
cem_linear_raw,cem_linear,continuous,50,24,0.686621,382485.119831,0.561480,2.9
cem_linear_raw,cem_linear,continuous,50,25,0.682680,376887.274075,0.537541,2.9
cem_linear_raw,cem_linear,continuous,50,26,0.682709,363360.009317,0.550598,3.0
cem_linear_raw,cem_linear,continuous,50,27,0.679084,356157.615003,0.576714,2.9
cem_linear_raw,cem_linear,continuous,50,28,0.666665,367952.094124,0.579978,3.0
cem_linear_raw,cem_linear,continuous,50,29,0.662198,362842.258535,0.609358,2.9
cem_linear_raw,cem_linear,continuous,50,30,0.681035,354765.542607,0.577802,2.9
cem_linear_raw,cem_linear,continuous,50,31,0.649408,334005.623011,0.626768,3.0
cem_linear_raw,cem_linear,continuous,50,32,0.660383,314630.265591,0.621328,2.9
cem_linear_raw,cem_linear,continuous,50,33,0.658179,309437.884432,0.611534,3.0
cem_linear_raw,cem_linear,continuous,50,34,0.658520,284360.612894,0.625680,2.9
cem_linear_raw,cem_linear,continuous,50,35,0.630044,275398.738940,0.635473,3.0
cem_linear_raw,cem_linear,continuous,50,36,0.628826,248021.591047,0.663765,3.0
cem_linear_raw,cem_linear,continuous,50,37,0.627609,233438.256835,0.667029,2.8
cem_linear_raw,cem_linear,continuous,50,38,0.638314,225050.044630,0.645267,2.8
cem_linear_raw,cem_linear,continuous,50,39,0.631154,274524.970106,0.656148,2.8
cem_linear_raw,cem_linear,continuous,50,40,0.633393,203281.505203,0.667029,2.8
cem_linear_raw,cem_linear,continuous,50,41,0.647057,212931.280145,0.616975,2.8
cem_linear_raw,cem_linear,continuous,50,42,0.625356,218065.665125,0.661589,2.8
cem_linear_raw,cem_linear,continuous,50,43,0.641336,246195.491907,0.646355,2.8
cem_linear_raw,cem_linear,continuous,50,44,0.624669,195920.573347,0.660501,2.8
cem_linear_raw,cem_linear,continuous,50,45,0.630137,201483.785671,0.646355,2.8
cem_linear_raw,cem_linear,continuous,50,46,0.628455,205243.837391,0.672470,2.8
cem_linear_raw,cem_linear,continuous,50,47,0.640646,189703.254544,0.635473,2.8
cem_linear_raw,cem_linear,continuous,50,48,0.622820,163132.164526,0.668118,2.8
cem_linear_raw,cem_linear,continuous,50,49,0.611300,167145.728679,0.671382,2.8
cem_linear_raw,cem_linear,continuous,50,50,0.608802,155607.354793,0.669206,2.8
cem_linear_raw,cem_linear,continuous,50,51,0.614751,171421.438622,0.676823,2.8
cem_linear_raw,cem_linear,continuous,50,52,0.653256,157784.660416,0.610446,2.8
cem_linear_raw,cem_linear,continuous,50,53,0.637914,181694.706364,0.653972,2.8
cem_linear_raw,cem_linear,continuous,50,54,0.617569,159260.261716,0.670294,2.8
cem_linear_raw,cem_linear,continuous,50,55,0.604477,150844.587935,0.685528,2.8
cem_linear_raw,cem_linear,continuous,50,56,0.633551,188128.117077,0.663765,2.8
cem_linear_raw,cem_linear,continuous,50,57,0.614709,160686.900155,0.676823,2.8
cem_linear_raw,cem_linear,continuous,50,58,0.604369,154450.896049,0.685528,2.8
cem_linear_raw,cem_linear,continuous,50,59,0.605504,142817.478934,0.692057,2.8
cem_linear_raw,cem_linear,continuous,50,60,0.617709,165775.847899,0.652884,2.8
cem_linear_raw,cem_linear,continuous,50,61,0.614924,147158.115377,0.668118,2.8
cem_linear_raw,cem_linear,continuous,50,62,0.607566,147192.142113,0.673558,2.8
cem_linear_raw,cem_linear,continuous,50,63,0.617314,133609.403049,0.681175,2.8
cem_linear_raw,cem_linear,continuous,50,64,0.599337,151441.548439,0.684440,2.8
cem_linear_raw,cem_linear,continuous,50,65,0.610356,129854.310455,0.681175,2.8
cem_linear_raw,cem_linear,continuous,50,66,0.614916,146591.448568,0.668118,2.8
cem_linear_raw,cem_linear,continuous,50,67,0.599038,150818.493522,0.686616,2.8
cem_linear_raw,cem_linear,continuous,50,68,0.614245,171603.557297,0.682263,2.8
cem_linear_raw,cem_linear,continuous,50,69,0.613683,175874.031420,0.696409,2.8
cem_linear_raw,cem_linear,continuous,50,70,0.604921,138975.490149,0.688792,2.8
cem_linear_raw,cem_linear,continuous,50,71,0.577349,142050.564319,0.709467,2.8
cem_linear_raw,cem_linear,continuous,50,72,0.595412,147978.063962,0.706202,2.8
cem_linear_raw,cem_linear,continuous,50,73,0.595834,159565.853956,0.692057,2.8
cem_linear_raw,cem_linear,continuous,50,74,0.575330,134189.797522,0.721436,2.8
cem_linear_raw,cem_linear,continuous,50,75,0.590122,147742.325456,0.709467,2.8
cem_linear_raw,cem_linear,continuous,50,76,0.565305,121816.617315,0.708379,2.8
cem_linear_raw,cem_linear,continuous,50,77,0.569808,129179.042658,0.723613,2.8
cem_linear_raw,cem_linear,continuous,50,78,0.604018,131340.374405,0.683351,2.8
cem_linear_raw,cem_linear,continuous,50,79,0.607851,163721.682256,0.665941,2.8
cem_linear_raw,cem_linear,continuous,50,80,0.597928,146954.716008,0.701850,2.8
cem_linear_raw,cem_linear,continuous,50,81,0.566333,144140.349050,0.712731,2.8
cem_linear_raw,cem_linear,continuous,50,82,0.558438,134041.460274,0.724701,2.8
cem_linear_raw,cem_linear,continuous,50,83,0.609053,132388.678171,0.675734,2.8
cem_linear_raw,cem_linear,continuous,50,84,0.585990,125144.693387,0.699674,2.8
cem_linear_raw,cem_linear,continuous,50,85,0.575062,134122.571715,0.718172,2.8
cem_linear_raw,cem_linear,continuous,50,86,0.590771,130191.223715,0.701850,2.8
cem_linear_raw,cem_linear,continuous,50,87,0.583594,106389.660061,0.700762,2.8
cem_linear_raw,cem_linear,continuous,50,88,0.578734,112099.978968,0.710555,2.8
cem_linear_raw,cem_linear,continuous,50,89,0.573880,122211.270369,0.725789,2.8
cem_linear_raw,cem_linear,continuous,50,90,0.586182,122607.300365,0.688792,2.8
cem_linear_raw,cem_linear,continuous,50,91,0.590462,135796.139639,0.707291,2.8
cem_linear_raw,cem_linear,continuous,50,92,0.594934,155260.176372,0.709467,2.8
cem_linear_raw,cem_linear,continuous,50,93,0.600891,141271.634160,0.689880,2.8
cem_linear_raw,cem_linear,continuous,50,94,0.574646,113528.368937,0.720348,2.8
cem_linear_raw,cem_linear,continuous,50,95,0.585588,117182.754119,0.698585,2.8
cem_linear_raw,cem_linear,continuous,50,96,0.599934,95929.700464,0.690968,2.8
cem_linear_raw,cem_linear,continuous,50,97,0.572192,116615.849310,0.711643,2.8
cem_linear_raw,cem_linear,continuous,50,98,0.584144,129419.399364,0.714908,2.8
cem_linear_raw,cem_linear,continuous,50,99,0.577337,131074.104385,0.699674,2.8
cem_linear_raw,cem_linear,continuous,50,100,0.586948,118863.100102,0.708379,2.8
cem_linear_raw,cem_linear,continuous,50,101,0.584253,130046.282549,0.710555,2.8
cem_linear_raw,cem_linear,continuous,50,102,0.579772,128990.064220,0.717084,2.8
cem_linear_raw,cem_linear,continuous,50,103,0.577737,142513.835223,0.708379,2.8
cem_linear_raw,cem_linear,continuous,50,104,0.581347,125716.789541,0.705114,2.8
cem_linear_raw,cem_linear,continuous,50,105,0.590020,134127.326246,0.695321,2.8
cem_linear_raw,cem_linear,continuous,50,106,0.575204,127688.191755,0.708379,2.8
cem_linear_raw,cem_linear,continuous,50,107,0.594223,117580.134185,0.695321,2.8
cem_linear_raw,cem_linear,continuous,50,108,0.564606,96307.947482,0.723613,2.8
cem_linear_raw,cem_linear,continuous,50,109,0.607816,139731.178961,0.697497,2.8
cem_linear_raw,cem_linear,continuous,50,110,0.578963,98714.951834,0.697497,2.8
cem_linear_raw,cem_linear,continuous,50,111,0.575385,110659.128547,0.723613,2.8
cem_linear_raw,cem_linear,continuous,50,112,0.579779,121753.372900,0.721436,2.8
cem_linear_raw,cem_linear,continuous,50,113,0.584605,124924.040788,0.718172,2.8
cem_linear_raw,cem_linear,continuous,50,114,0.583011,115113.692715,0.697497,2.8
cem_linear_raw,cem_linear,continuous,50,115,0.604663,94752.511561,0.693145,2.8
cem_linear_raw,cem_linear,continuous,50,116,0.588262,104871.407058,0.708379,2.8
cem_linear_raw,cem_linear,continuous,50,117,0.596510,114294.365783,0.688792,2.8
cem_linear_raw,cem_linear,continuous,50,118,0.563643,111539.990946,0.726877,2.8
cem_linear_raw,cem_linear,continuous,50,119,0.563757,112372.551257,0.742111,2.8
cem_linear_raw,cem_linear,continuous,50,120,0.570772,95190.930784,0.718172,2.8
cem_linear_raw,cem_linear,continuous,50,121,0.585533,124952.488251,0.695321,2.8
cem_linear_raw,cem_linear,continuous,50,122,0.605536,123729.865432,0.693145,2.8
cem_linear_raw,cem_linear,continuous,50,123,0.579837,99187.804483,0.715996,2.8
cem_linear_raw,cem_linear,continuous,50,124,0.581166,128298.473386,0.712731,2.8
cem_linear_raw,cem_linear,continuous,50,125,0.557916,111210.774228,0.727965,2.8
cem_linear_raw,cem_linear,continuous,50,126,0.563648,112537.591663,0.721436,2.8
cem_linear_raw,cem_linear,continuous,50,127,0.568555,110379.134646,0.727965,2.8
cem_linear_raw,cem_linear,continuous,50,128,0.582500,111195.628879,0.708379,2.8
cem_linear_raw,cem_linear,continuous,50,129,0.581791,114328.038412,0.700762,2.8
cem_linear_raw,cem_linear,continuous,50,130,0.574465,104853.729130,0.726877,2.8
cem_linear_raw,cem_linear,continuous,50,131,0.580271,104320.490434,0.721436,2.8
cem_linear_raw,cem_linear,continuous,50,132,0.574023,97855.900282,0.707291,2.8
cem_linear_raw,cem_linear,continuous,50,133,0.591061,105244.415499,0.702938,2.8
cem_linear_raw,cem_linear,continuous,50,134,0.602526,109400.986039,0.705114,2.8
cem_linear_raw,cem_linear,continuous,50,135,0.560197,115867.385677,0.725789,2.8
cem_linear_raw,cem_linear,continuous,50,136,0.563148,98153.286861,0.726877,2.8
cem_linear_raw,cem_linear,continuous,50,137,0.599488,108524.964842,0.684440,2.8
cem_linear_raw,cem_linear,continuous,50,138,0.596789,122036.327732,0.701850,2.8
cem_linear_raw,cem_linear,continuous,50,139,0.590670,127860.598292,0.705114,2.8
cem_linear_raw,cem_linear,continuous,50,140,0.568472,93631.658375,0.717084,2.8
cem_linear_raw,cem_linear,continuous,50,141,0.553204,99478.639851,0.742111,2.8
cem_linear_raw,cem_linear,continuous,50,142,0.592184,98662.248028,0.714908,2.8
cem_linear_raw,cem_linear,continuous,50,143,0.559714,87592.013007,0.727965,2.8
cem_linear_raw,cem_linear,continuous,50,144,0.547305,125979.553820,0.747552,2.8
cem_linear_raw,cem_linear,continuous,50,145,0.565756,85927.469972,0.724701,2.8
cem_linear_raw,cem_linear,continuous,50,146,0.557822,84993.967556,0.726877,2.8
cem_linear_raw,cem_linear,continuous,50,147,0.566634,110300.112372,0.732318,2.8
cem_linear_raw,cem_linear,continuous,50,148,0.565461,110251.288289,0.730141,2.8
cem_linear_raw,cem_linear,continuous,50,149,0.554936,103789.843631,0.746464,2.8
cem_linear_raw,cem_linear,continuous,50,150,0.554422,115486.614629,0.729053,2.8
cem_linear_raw,cem_linear,continuous,50,151,0.577315,98819.592653,0.718172,2.8
cem_linear_raw,cem_linear,continuous,50,152,0.562532,104701.088981,0.725789,2.8
cem_linear_raw,cem_linear,continuous,50,153,0.535807,74989.483485,0.750816,2.8
cem_linear_raw,cem_linear,continuous,50,154,0.595976,123021.135465,0.705114,2.8
cem_linear_raw,cem_linear,continuous,50,155,0.570640,105413.329424,0.727965,2.9
cem_linear_raw,cem_linear,continuous,50,156,0.555156,117208.462672,0.734494,2.8
cem_linear_raw,cem_linear,continuous,50,157,0.570306,101585.526719,0.723613,2.8
cem_linear_raw,cem_linear,continuous,50,158,0.579815,102108.893039,0.723613,2.8
cem_linear_raw,cem_linear,continuous,50,159,0.578367,92172.900597,0.719260,2.8
cem_linear_raw,cem_linear,continuous,50,160,0.554630,106856.559792,0.714908,2.8
cem_linear_raw,cem_linear,continuous,50,161,0.553466,92644.038863,0.741023,2.8
cem_linear_raw,cem_linear,continuous,50,162,0.562364,114422.475661,0.729053,2.8
cem_linear_raw,cem_linear,continuous,50,163,0.614505,190240.719768,0.708379,2.8
cem_linear_raw,cem_linear,continuous,50,164,0.566697,97658.397417,0.734494,2.8
cem_linear_raw,cem_linear,continuous,50,165,0.553160,98885.001041,0.738847,2.8
cem_linear_raw,cem_linear,continuous,50,166,0.554774,100844.674770,0.738847,2.8
cem_linear_raw,cem_linear,continuous,50,167,0.542180,109915.855558,0.747552,2.8
cem_linear_raw,cem_linear,continuous,50,168,0.544527,107489.835572,0.746464,2.8
cem_linear_raw,cem_linear,continuous,50,169,0.572060,119500.337952,0.730141,2.8
cem_linear_raw,cem_linear,continuous,50,170,0.560862,83959.830582,0.726877,2.8
cem_linear_raw,cem_linear,continuous,50,171,0.547247,88162.922598,0.736670,2.8
cem_linear_raw,cem_linear,continuous,50,172,0.533967,93031.531965,0.759521,2.8
cem_linear_raw,cem_linear,continuous,50,173,0.560008,81623.452428,0.737758,2.8
cem_linear_raw,cem_linear,continuous,50,174,0.571768,93273.370328,0.730141,2.8
cem_linear_raw,cem_linear,continuous,50,175,0.538717,79815.401505,0.738847,2.8
cem_linear_raw,cem_linear,continuous,50,176,0.568911,103354.069420,0.726877,2.8
cem_linear_raw,cem_linear,continuous,50,177,0.551604,112161.509895,0.733406,2.8
cem_linear_raw,cem_linear,continuous,50,178,0.571575,94334.722763,0.719260,2.8
cem_linear_raw,cem_linear,continuous,50,179,0.532494,83609.790100,0.738847,2.8
cem_linear_raw,cem_linear,continuous,50,180,0.553838,116164.964786,0.742111,2.8
cem_linear_raw,cem_linear,continuous,50,181,0.554348,82599.973369,0.746464,2.8
cem_linear_raw,cem_linear,continuous,50,182,0.561965,96769.605473,0.724701,2.8
cem_linear_raw,cem_linear,continuous,50,183,0.574630,131898.384705,0.721436,2.8
cem_linear_raw,cem_linear,continuous,50,184,0.558864,100469.856196,0.736670,2.8
cem_linear_raw,cem_linear,continuous,50,185,0.569666,116623.659795,0.734494,2.8
cem_linear_raw,cem_linear,continuous,50,186,0.570216,119169.309390,0.723613,2.8
cem_linear_raw,cem_linear,continuous,50,187,0.554123,90115.909230,0.731230,2.8
cem_linear_raw,cem_linear,continuous,50,188,0.549760,96135.561663,0.745375,2.8
cem_linear_raw,cem_linear,continuous,50,189,0.541335,104383.826510,0.741023,2.8
cem_linear_raw,cem_linear,continuous,50,190,0.539988,82707.060230,0.752992,2.8
cem_linear_raw,cem_linear,continuous,50,191,0.542780,85454.434272,0.757345,2.8
cem_linear_raw,cem_linear,continuous,50,192,0.543054,88986.881754,0.743199,2.8
cem_linear_raw,cem_linear,continuous,50,193,0.532599,74154.184458,0.750816,2.8
cem_linear_raw,cem_linear,continuous,50,194,0.545220,97508.427728,0.747552,2.8
cem_linear_raw,cem_linear,continuous,50,195,0.535632,110753.170678,0.737758,2.8
cem_linear_raw,cem_linear,continuous,50,196,0.548938,89761.455354,0.744287,2.8
cem_linear_raw,cem_linear,continuous,50,197,0.532907,88605.681698,0.749728,2.8
cem_linear_raw,cem_linear,continuous,50,198,0.565061,89364.645403,0.724701,2.8
cem_linear_raw,cem_linear,continuous,50,199,0.537950,87991.567128,0.742111,2.8
cem_linear_raw,cem_linear,continuous,50,200,0.564678,108787.869017,0.727965,2.8
cem_linear_raw,cem_linear,continuous,50,201,0.544837,83390.892899,0.734494,2.8
cem_linear_raw,cem_linear,continuous,50,202,0.531428,74450.853595,0.742111,2.8
cem_linear_raw,cem_linear,continuous,50,203,0.529916,85225.812891,0.750816,2.8
cem_linear_raw,cem_linear,continuous,50,204,0.558005,86699.155481,0.727965,2.8
cem_linear_raw,cem_linear,continuous,50,205,0.529248,85095.328814,0.757345,2.8
cem_linear_raw,cem_linear,continuous,50,206,0.525677,68959.286295,0.763874,2.8
cem_linear_raw,cem_linear,continuous,50,207,0.525249,91436.082958,0.752992,2.8
cem_linear_raw,cem_linear,continuous,50,208,0.566093,78216.101537,0.715996,2.8
cem_linear_raw,cem_linear,continuous,50,209,0.524385,100905.642593,0.752992,2.8
cem_linear_raw,cem_linear,continuous,50,210,0.545919,85209.666873,0.751904,2.9
cem_linear_raw,cem_linear,continuous,50,211,0.553740,82943.197633,0.730141,2.8
cem_linear_raw,cem_linear,continuous,50,212,0.539709,91236.747305,0.750816,2.8
cem_linear_raw,cem_linear,continuous,50,213,0.544102,96770.736343,0.739935,2.8
cem_linear_raw,cem_linear,continuous,50,214,0.551521,99605.160292,0.737758,2.8
cem_linear_raw,cem_linear,continuous,50,215,0.528785,68901.338005,0.750816,2.8
cem_linear_raw,cem_linear,continuous,50,216,0.547311,91450.351012,0.743199,2.8
cem_linear_raw,cem_linear,continuous,50,217,0.535950,75110.476409,0.749728,2.8
cem_linear_raw,cem_linear,continuous,50,218,0.544972,74454.270352,0.749728,2.8
cem_linear_raw,cem_linear,continuous,50,219,0.528726,101456.385514,0.752992,2.8
cem_linear_raw,cem_linear,continuous,50,220,0.555199,77295.388577,0.748640,2.8
cem_linear_raw,cem_linear,continuous,50,221,0.540938,102454.378502,0.762786,2.8
cem_linear_raw,cem_linear,continuous,50,222,0.549310,93301.595824,0.732318,2.8
cem_linear_raw,cem_linear,continuous,50,223,0.529712,79044.050513,0.761697,2.8
cem_linear_raw,cem_linear,continuous,50,224,0.520136,77765.665176,0.755169,2.8
cem_linear_raw,cem_linear,continuous,50,225,0.555551,84405.325796,0.750816,2.8
cem_linear_raw,cem_linear,continuous,50,226,0.544761,79076.525109,0.733406,2.8
cem_linear_raw,cem_linear,continuous,50,227,0.537574,85842.213382,0.745375,2.8
cem_linear_raw,cem_linear,continuous,50,228,0.518389,95741.075770,0.766050,2.8
cem_linear_raw,cem_linear,continuous,50,229,0.567735,157823.090938,0.734494,2.8
cem_linear_raw,cem_linear,continuous,50,230,0.564904,103016.911614,0.751904,2.8
cem_linear_raw,cem_linear,continuous,50,231,0.527605,65168.743086,0.751904,2.8
cem_linear_raw,cem_linear,continuous,50,232,0.539014,78829.613371,0.742111,2.8
cem_linear_raw,cem_linear,continuous,50,233,0.552908,83922.102651,0.739935,2.8
cem_linear_raw,cem_linear,continuous,50,234,0.535028,80503.821101,0.752992,2.8
cem_linear_raw,cem_linear,continuous,50,235,0.539901,96584.364267,0.754081,2.8
cem_linear_raw,cem_linear,continuous,50,236,0.518807,90426.210161,0.758433,2.8
cem_linear_raw,cem_linear,continuous,50,237,0.520461,79811.018215,0.760609,2.8
cem_linear_raw,cem_linear,continuous,50,238,0.533951,73005.482887,0.755169,2.8
cem_linear_raw,cem_linear,continuous,50,239,0.537862,86773.468144,0.743199,2.8
cem_linear_raw,cem_linear,continuous,50,240,0.530598,79369.503256,0.752992,2.8
cem_linear_raw,cem_linear,continuous,50,241,0.516462,87049.781207,0.752992,2.9
cem_linear_raw,cem_linear,continuous,50,242,0.530653,79334.527410,0.748640,2.9
cem_linear_raw,cem_linear,continuous,50,243,0.508217,80531.945513,0.767138,2.9
cem_linear_raw,cem_linear,continuous,50,244,0.517123,77941.975887,0.771491,2.8
cem_linear_raw,cem_linear,continuous,50,245,0.530054,73289.830674,0.755169,2.8
cem_linear_raw,cem_linear,continuous,50,246,0.557623,90428.125723,0.742111,2.8
cem_linear_raw,cem_linear,continuous,50,247,0.523173,64772.130451,0.754081,2.8
cem_linear_raw,cem_linear,continuous,50,248,0.515955,78163.490500,0.761697,2.8
cem_linear_raw,cem_linear,continuous,50,249,0.552040,98914.281798,0.744287,2.8
cem_linear_raw,cem_linear,continuous,50,250,0.519321,89952.071860,0.760609,2.8
cem_linear_raw,cem_linear,continuous,51,1,0.739566,521401.003985,0.495218,2.9
cem_linear_raw,cem_linear,continuous,51,2,0.695949,418111.917724,0.503719,2.9
cem_linear_raw,cem_linear,continuous,51,3,0.690238,418546.146383,0.511158,2.9
cem_linear_raw,cem_linear,continuous,51,4,0.684015,408129.826415,0.562168,2.9
cem_linear_raw,cem_linear,continuous,51,5,0.684728,406640.740079,0.560043,2.9
cem_linear_raw,cem_linear,continuous,51,6,0.678161,403007.564891,0.565356,2.9
cem_linear_raw,cem_linear,continuous,51,7,0.684346,398960.988177,0.558980,2.9
cem_linear_raw,cem_linear,continuous,51,8,0.687509,384171.042873,0.555792,2.9
cem_linear_raw,cem_linear,continuous,51,9,0.695464,381320.079686,0.536663,2.9
cem_linear_raw,cem_linear,continuous,51,10,0.676161,377531.491789,0.565356,2.9
cem_linear_raw,cem_linear,continuous,51,11,0.681627,384549.474993,0.544102,2.9
cem_linear_raw,cem_linear,continuous,51,12,0.679378,376781.086278,0.563231,2.9
cem_linear_raw,cem_linear,continuous,51,13,0.692434,368649.765974,0.520723,2.9
cem_linear_raw,cem_linear,continuous,51,14,0.674886,360990.039287,0.571732,2.9
cem_linear_raw,cem_linear,continuous,51,15,0.689187,368904.666777,0.513284,2.9
cem_linear_raw,cem_linear,continuous,51,16,0.679956,358107.545912,0.563231,2.9
cem_linear_raw,cem_linear,continuous,51,17,0.682549,353052.682701,0.532412,2.9
cem_linear_raw,cem_linear,continuous,51,18,0.680945,351932.550146,0.561105,2.9
cem_linear_raw,cem_linear,continuous,51,19,0.676050,342371.732191,0.578108,2.9
cem_linear_raw,cem_linear,continuous,51,20,0.673077,342004.961876,0.565356,2.9
cem_linear_raw,cem_linear,continuous,51,21,0.667601,340523.406316,0.597237,2.9
cem_linear_raw,cem_linear,continuous,51,22,0.672594,345998.206213,0.590861,2.9
cem_linear_raw,cem_linear,continuous,51,23,0.663231,327260.282512,0.616366,2.9
cem_linear_raw,cem_linear,continuous,51,24,0.673961,319262.374560,0.600425,2.9
cem_linear_raw,cem_linear,continuous,51,25,0.654448,298990.795264,0.624867,2.9
cem_linear_raw,cem_linear,continuous,51,26,0.654001,305120.031864,0.638682,2.9
cem_linear_raw,cem_linear,continuous,51,27,0.633084,297694.802902,0.640808,2.9
cem_linear_raw,cem_linear,continuous,51,28,0.624834,299891.095112,0.656748,2.9
cem_linear_raw,cem_linear,continuous,51,29,0.633821,275938.280727,0.647184,2.9
cem_linear_raw,cem_linear,continuous,51,30,0.635602,273068.553666,0.633369,2.9
cem_linear_raw,cem_linear,continuous,51,31,0.646183,236495.417172,0.645058,2.9
cem_linear_raw,cem_linear,continuous,51,32,0.622939,243063.489705,0.653560,2.9
cem_linear_raw,cem_linear,continuous,51,33,0.665389,220657.453341,0.631243,2.9
cem_linear_raw,cem_linear,continuous,51,34,0.634571,238630.104975,0.645058,2.9
cem_linear_raw,cem_linear,continuous,51,35,0.649743,222615.094613,0.633369,2.9
cem_linear_raw,cem_linear,continuous,51,36,0.636721,174143.829835,0.653560,2.9
cem_linear_raw,cem_linear,continuous,51,37,0.626845,190058.376287,0.656748,2.9
cem_linear_raw,cem_linear,continuous,51,38,0.615576,215351.670132,0.658874,2.9
cem_linear_raw,cem_linear,continuous,51,39,0.644041,222465.212590,0.632306,2.9
cem_linear_raw,cem_linear,continuous,51,40,0.629034,188213.980257,0.650372,2.9
cem_linear_raw,cem_linear,continuous,51,41,0.631916,192812.823586,0.655685,2.9
cem_linear_raw,cem_linear,continuous,51,42,0.650524,197614.835240,0.615303,2.9
cem_linear_raw,cem_linear,continuous,51,43,0.614823,160879.916744,0.687566,2.9
cem_linear_raw,cem_linear,continuous,51,44,0.618768,170174.131775,0.660999,2.9
cem_linear_raw,cem_linear,continuous,51,45,0.608894,176938.936894,0.669501,2.9
cem_linear_raw,cem_linear,continuous,51,46,0.633895,155957.755305,0.657811,2.9
cem_linear_raw,cem_linear,continuous,51,47,0.653849,187766.475317,0.624867,2.9
cem_linear_raw,cem_linear,continuous,51,48,0.617868,161404.703308,0.665250,2.9
cem_linear_raw,cem_linear,continuous,51,49,0.609010,156948.924233,0.682253,2.9
cem_linear_raw,cem_linear,continuous,51,50,0.609103,154132.556439,0.672689,2.9
cem_linear_raw,cem_linear,continuous,51,51,0.634105,149318.748987,0.640808,2.9
cem_linear_raw,cem_linear,continuous,51,52,0.645430,139913.541130,0.607864,2.9
cem_linear_raw,cem_linear,continuous,51,53,0.605838,159149.759523,0.669501,2.9
cem_linear_raw,cem_linear,continuous,51,54,0.612514,160842.428854,0.675877,2.9
cem_linear_raw,cem_linear,continuous,51,55,0.608846,171874.269039,0.672689,2.9
cem_linear_raw,cem_linear,continuous,51,56,0.616252,151958.041146,0.673751,2.9
cem_linear_raw,cem_linear,continuous,51,57,0.607840,150154.359242,0.654623,2.9
cem_linear_raw,cem_linear,continuous,51,58,0.605999,166810.772450,0.672689,2.9
cem_linear_raw,cem_linear,continuous,51,59,0.601478,160483.871961,0.685441,2.9
cem_linear_raw,cem_linear,continuous,51,60,0.645963,170821.958986,0.628055,2.9
cem_linear_raw,cem_linear,continuous,51,61,0.611361,138875.028934,0.686504,2.9
cem_linear_raw,cem_linear,continuous,51,62,0.598310,124341.299050,0.702444,2.9
cem_linear_raw,cem_linear,continuous,51,63,0.622182,164098.093916,0.647184,2.9
cem_linear_raw,cem_linear,continuous,51,64,0.629430,146944.836265,0.654623,2.9
cem_linear_raw,cem_linear,continuous,51,65,0.608498,164584.311803,0.670563,2.9
cem_linear_raw,cem_linear,continuous,51,66,0.597859,139361.501179,0.685441,2.9
cem_linear_raw,cem_linear,continuous,51,67,0.597384,145734.021669,0.686504,2.9
cem_linear_raw,cem_linear,continuous,51,68,0.611853,153306.567066,0.670563,2.9
cem_linear_raw,cem_linear,continuous,51,69,0.590339,142641.819154,0.696068,2.9
cem_linear_raw,cem_linear,continuous,51,70,0.626856,140190.540167,0.654623,2.9
cem_linear_raw,cem_linear,continuous,51,71,0.603571,142870.767987,0.688629,2.9
cem_linear_raw,cem_linear,continuous,51,72,0.612636,155365.590579,0.655685,2.9
cem_linear_raw,cem_linear,continuous,51,73,0.600804,144616.205798,0.679065,2.9
cem_linear_raw,cem_linear,continuous,51,74,0.623749,134904.447596,0.667375,2.9
cem_linear_raw,cem_linear,continuous,51,75,0.619548,151849.817614,0.676939,2.9
cem_linear_raw,cem_linear,continuous,51,76,0.617546,137812.799042,0.669501,2.9
cem_linear_raw,cem_linear,continuous,51,77,0.583439,151390.314509,0.686504,2.9
cem_linear_raw,cem_linear,continuous,51,78,0.624575,133459.659035,0.659936,2.9
cem_linear_raw,cem_linear,continuous,51,79,0.621864,123500.822928,0.642933,2.9
cem_linear_raw,cem_linear,continuous,51,80,0.605876,141768.268215,0.650372,2.9
cem_linear_raw,cem_linear,continuous,51,81,0.611304,140355.667276,0.663124,2.9
cem_linear_raw,cem_linear,continuous,51,82,0.587276,127484.269046,0.693943,2.9
cem_linear_raw,cem_linear,continuous,51,83,0.622359,119744.353121,0.657811,2.9
cem_linear_raw,cem_linear,continuous,51,84,0.616373,124124.253715,0.654623,2.9
cem_linear_raw,cem_linear,continuous,51,85,0.594339,142619.776169,0.685441,2.9
cem_linear_raw,cem_linear,continuous,51,86,0.620538,133354.757157,0.659936,2.9
cem_linear_raw,cem_linear,continuous,51,87,0.581872,135405.251328,0.686504,2.9
cem_linear_raw,cem_linear,continuous,51,88,0.602949,123688.098001,0.684378,2.9
cem_linear_raw,cem_linear,continuous,51,89,0.593311,136058.047207,0.697131,2.9
cem_linear_raw,cem_linear,continuous,51,90,0.613726,132111.383701,0.665250,2.9
cem_linear_raw,cem_linear,continuous,51,91,0.607607,123228.399118,0.666312,2.9
cem_linear_raw,cem_linear,continuous,51,92,0.619264,135564.118234,0.679065,2.9
cem_linear_raw,cem_linear,continuous,51,93,0.588911,134277.436637,0.691817,2.9
cem_linear_raw,cem_linear,continuous,51,94,0.626582,140754.886275,0.674814,2.9
cem_linear_raw,cem_linear,continuous,51,95,0.610011,109325.531250,0.685441,2.9
cem_linear_raw,cem_linear,continuous,51,96,0.596422,119602.608512,0.680128,2.9
cem_linear_raw,cem_linear,continuous,51,97,0.606363,141173.876135,0.670563,2.9
cem_linear_raw,cem_linear,continuous,51,98,0.614619,128766.956218,0.657811,2.9
cem_linear_raw,cem_linear,continuous,51,99,0.595708,132048.906707,0.707758,2.9
cem_linear_raw,cem_linear,continuous,51,100,0.603954,122810.574015,0.682253,2.9
cem_linear_raw,cem_linear,continuous,51,101,0.594227,110944.316850,0.693943,2.9
cem_linear_raw,cem_linear,continuous,51,102,0.609500,128228.940107,0.684378,2.9
cem_linear_raw,cem_linear,continuous,51,103,0.584799,108705.679746,0.697131,2.9
cem_linear_raw,cem_linear,continuous,51,104,0.574186,113340.741637,0.712009,2.9
cem_linear_raw,cem_linear,continuous,51,105,0.595243,114533.044031,0.681190,2.9
cem_linear_raw,cem_linear,continuous,51,106,0.581331,126197.161053,0.700319,2.9
cem_linear_raw,cem_linear,continuous,51,107,0.586669,113436.626494,0.693943,2.9
cem_linear_raw,cem_linear,continuous,51,108,0.592182,108861.316327,0.696068,2.9
cem_linear_raw,cem_linear,continuous,51,109,0.605786,134117.587872,0.686504,2.9
cem_linear_raw,cem_linear,continuous,51,110,0.596096,123519.201680,0.675877,2.9
cem_linear_raw,cem_linear,continuous,51,111,0.607162,125066.366332,0.681190,2.9
cem_linear_raw,cem_linear,continuous,51,112,0.592993,123095.446772,0.710946,2.9
cem_linear_raw,cem_linear,continuous,51,113,0.594936,110000.672805,0.682253,2.9
cem_linear_raw,cem_linear,continuous,51,114,0.612346,124836.976280,0.672689,2.9
cem_linear_raw,cem_linear,continuous,51,115,0.599228,112683.475027,0.690755,2.9
cem_linear_raw,cem_linear,continuous,51,116,0.603782,128383.921161,0.695005,2.9
cem_linear_raw,cem_linear,continuous,51,117,0.582802,106474.740917,0.699256,2.9
cem_linear_raw,cem_linear,continuous,51,118,0.587502,90431.091097,0.708820,2.9
cem_linear_raw,cem_linear,continuous,51,119,0.565774,94776.644851,0.724761,2.9
cem_linear_raw,cem_linear,continuous,51,120,0.584571,103914.072795,0.702444,2.9
cem_linear_raw,cem_linear,continuous,51,121,0.588846,122530.129641,0.706695,2.9
cem_linear_raw,cem_linear,continuous,51,122,0.586033,112721.070142,0.703507,2.9
cem_linear_raw,cem_linear,continuous,51,123,0.582110,95639.387337,0.710946,2.9
cem_linear_raw,cem_linear,continuous,51,124,0.559317,99704.828665,0.718385,2.9
cem_linear_raw,cem_linear,continuous,51,125,0.589404,125593.906366,0.701382,2.9
cem_linear_raw,cem_linear,continuous,51,126,0.591748,106892.407296,0.692880,2.9
cem_linear_raw,cem_linear,continuous,51,127,0.570095,106844.374103,0.718385,2.9
cem_linear_raw,cem_linear,continuous,51,128,0.579278,99076.860903,0.701382,2.9
cem_linear_raw,cem_linear,continuous,51,129,0.571368,97455.091427,0.724761,2.9
cem_linear_raw,cem_linear,continuous,51,130,0.610914,105671.682070,0.672689,2.9
cem_linear_raw,cem_linear,continuous,51,131,0.570263,112857.356191,0.716259,2.9
cem_linear_raw,cem_linear,continuous,51,132,0.571855,107084.834779,0.715197,2.9
cem_linear_raw,cem_linear,continuous,51,133,0.600459,129912.633043,0.695005,2.9
cem_linear_raw,cem_linear,continuous,51,134,0.585584,113861.113950,0.697131,2.9
cem_linear_raw,cem_linear,continuous,51,135,0.582617,104153.649322,0.697131,2.9
cem_linear_raw,cem_linear,continuous,51,136,0.583388,113944.768597,0.721573,2.9
cem_linear_raw,cem_linear,continuous,51,137,0.586483,108746.865187,0.707758,2.9
cem_linear_raw,cem_linear,continuous,51,138,0.614016,99127.104028,0.682253,2.9
cem_linear_raw,cem_linear,continuous,51,139,0.609385,116159.302678,0.669501,2.9
cem_linear_raw,cem_linear,continuous,51,140,0.585271,112866.044750,0.702444,2.9
cem_linear_raw,cem_linear,continuous,51,141,0.558186,81011.478090,0.734325,2.9
cem_linear_raw,cem_linear,continuous,51,142,0.582625,107116.501092,0.706695,2.9
cem_linear_raw,cem_linear,continuous,51,143,0.554985,92412.934667,0.725824,2.9
cem_linear_raw,cem_linear,continuous,51,144,0.587023,95741.409546,0.697131,2.9
cem_linear_raw,cem_linear,continuous,51,145,0.545349,97268.568038,0.743889,2.9
cem_linear_raw,cem_linear,continuous,51,146,0.562965,97305.859898,0.720510,2.9
cem_linear_raw,cem_linear,continuous,51,147,0.561993,102214.804181,0.720510,2.9
cem_linear_raw,cem_linear,continuous,51,148,0.570396,99912.782304,0.718385,2.9
cem_linear_raw,cem_linear,continuous,51,149,0.560245,105355.897538,0.738576,2.9
cem_linear_raw,cem_linear,continuous,51,150,0.584670,112640.831815,0.704570,2.9
cem_linear_raw,cem_linear,continuous,51,151,0.572507,100539.051775,0.724761,2.9
cem_linear_raw,cem_linear,continuous,51,152,0.559383,116531.023039,0.717322,2.9
cem_linear_raw,cem_linear,continuous,51,153,0.563385,103876.740685,0.722635,2.9
cem_linear_raw,cem_linear,continuous,51,154,0.562879,100399.912452,0.725824,2.9
cem_linear_raw,cem_linear,continuous,51,155,0.552670,102165.635050,0.724761,2.9
cem_linear_raw,cem_linear,continuous,51,156,0.575011,101631.129699,0.715197,2.9
cem_linear_raw,cem_linear,continuous,51,157,0.580921,112468.991096,0.713071,2.9
cem_linear_raw,cem_linear,continuous,51,158,0.549654,117560.970577,0.724761,2.9
cem_linear_raw,cem_linear,continuous,51,159,0.568181,92920.007310,0.721573,2.9
cem_linear_raw,cem_linear,continuous,51,160,0.597539,81105.747563,0.696068,2.9
cem_linear_raw,cem_linear,continuous,51,161,0.556695,88814.993449,0.724761,2.9
cem_linear_raw,cem_linear,continuous,51,162,0.557557,121282.766654,0.725824,2.9
cem_linear_raw,cem_linear,continuous,51,163,0.562138,97702.300997,0.727949,2.9
cem_linear_raw,cem_linear,continuous,51,164,0.584110,102311.080794,0.715197,2.9
cem_linear_raw,cem_linear,continuous,51,165,0.570282,115874.798477,0.719447,2.9
cem_linear_raw,cem_linear,continuous,51,166,0.556937,100216.232290,0.727949,2.9
cem_linear_raw,cem_linear,continuous,51,167,0.575447,97436.752848,0.713071,2.9
cem_linear_raw,cem_linear,continuous,51,168,0.556008,84124.375689,0.731137,2.9
cem_linear_raw,cem_linear,continuous,51,169,0.561664,105523.022134,0.724761,2.9
cem_linear_raw,cem_linear,continuous,51,170,0.560807,94463.453573,0.730074,2.9
cem_linear_raw,cem_linear,continuous,51,171,0.562153,90237.763960,0.713071,2.9
cem_linear_raw,cem_linear,continuous,51,172,0.573976,94239.592696,0.717322,2.9
cem_linear_raw,cem_linear,continuous,51,173,0.552596,107830.962490,0.725824,2.9
cem_linear_raw,cem_linear,continuous,51,174,0.560271,92836.598960,0.712009,2.9
cem_linear_raw,cem_linear,continuous,51,175,0.568437,91769.537319,0.720510,2.9
cem_linear_raw,cem_linear,continuous,51,176,0.556832,96491.954943,0.718385,2.9
cem_linear_raw,cem_linear,continuous,51,177,0.559357,101058.719796,0.717322,2.9
cem_linear_raw,cem_linear,continuous,51,178,0.572755,121648.503856,0.706695,2.9
cem_linear_raw,cem_linear,continuous,51,179,0.569620,88499.954171,0.722635,2.9
cem_linear_raw,cem_linear,continuous,51,180,0.568327,88200.246882,0.729012,2.9
cem_linear_raw,cem_linear,continuous,51,181,0.561937,82244.093700,0.734325,2.9
cem_linear_raw,cem_linear,continuous,51,182,0.576321,85679.630372,0.700319,2.9
cem_linear_raw,cem_linear,continuous,51,183,0.538369,99863.723595,0.742827,2.9
cem_linear_raw,cem_linear,continuous,51,184,0.567635,93969.543255,0.723698,2.9
cem_linear_raw,cem_linear,continuous,51,185,0.552226,99272.263358,0.730074,2.9
cem_linear_raw,cem_linear,continuous,51,186,0.561865,102562.409538,0.719447,2.9
cem_linear_raw,cem_linear,continuous,51,187,0.573737,108295.632414,0.722635,2.9
cem_linear_raw,cem_linear,continuous,51,188,0.559990,102792.986650,0.716259,2.9
cem_linear_raw,cem_linear,continuous,51,189,0.554105,83403.847567,0.727949,2.9
cem_linear_raw,cem_linear,continuous,51,190,0.536244,89006.349952,0.742827,2.9
cem_linear_raw,cem_linear,continuous,51,191,0.562733,82058.324572,0.715197,2.9
cem_linear_raw,cem_linear,continuous,51,192,0.561817,102966.743446,0.737513,2.9
cem_linear_raw,cem_linear,continuous,51,193,0.547315,76629.777394,0.738576,2.9
cem_linear_raw,cem_linear,continuous,51,194,0.574616,105189.906036,0.717322,2.9
cem_linear_raw,cem_linear,continuous,51,195,0.558258,96080.487057,0.741764,2.9
cem_linear_raw,cem_linear,continuous,51,196,0.543290,90140.874647,0.731137,2.9
cem_linear_raw,cem_linear,continuous,51,197,0.578276,87488.457442,0.722635,2.9
cem_linear_raw,cem_linear,continuous,51,198,0.567261,104661.782180,0.714134,2.9
cem_linear_raw,cem_linear,continuous,51,199,0.563423,95466.696093,0.731137,2.9
cem_linear_raw,cem_linear,continuous,51,200,0.548067,87122.786198,0.727949,2.9
cem_linear_raw,cem_linear,continuous,51,201,0.576353,84676.444906,0.715197,2.9
cem_linear_raw,cem_linear,continuous,51,202,0.569615,97527.660445,0.709883,2.9
cem_linear_raw,cem_linear,continuous,51,203,0.560588,91218.440339,0.729012,2.9
cem_linear_raw,cem_linear,continuous,51,204,0.568666,91303.498198,0.718385,2.9
cem_linear_raw,cem_linear,continuous,51,205,0.558902,81245.913479,0.725824,2.9
cem_linear_raw,cem_linear,continuous,51,206,0.561037,98890.878786,0.720510,2.9
cem_linear_raw,cem_linear,continuous,51,207,0.564588,94624.631866,0.726886,2.9
cem_linear_raw,cem_linear,continuous,51,208,0.547035,79730.504027,0.740701,2.9
cem_linear_raw,cem_linear,continuous,51,209,0.561572,98509.883763,0.719447,2.9
cem_linear_raw,cem_linear,continuous,51,210,0.551996,78072.158247,0.740701,2.9
cem_linear_raw,cem_linear,continuous,51,211,0.535341,76670.987115,0.740701,2.9
cem_linear_raw,cem_linear,continuous,51,212,0.533848,90475.623589,0.744952,2.9
cem_linear_raw,cem_linear,continuous,51,213,0.530248,81864.625465,0.739639,2.9
cem_linear_raw,cem_linear,continuous,51,214,0.569980,88314.867721,0.732200,2.9
cem_linear_raw,cem_linear,continuous,51,215,0.553465,93523.331255,0.725824,2.9
cem_linear_raw,cem_linear,continuous,51,216,0.552007,91055.422110,0.725824,2.9
cem_linear_raw,cem_linear,continuous,51,217,0.519784,76128.257215,0.761955,2.9
cem_linear_raw,cem_linear,continuous,51,218,0.538810,75266.023776,0.756642,2.9
cem_linear_raw,cem_linear,continuous,51,219,0.517249,79779.141978,0.766206,2.9
cem_linear_raw,cem_linear,continuous,51,220,0.539338,91399.237260,0.742827,2.9
cem_linear_raw,cem_linear,continuous,51,221,0.552527,88152.270677,0.729012,2.9
cem_linear_raw,cem_linear,continuous,51,222,0.547649,95408.961618,0.735388,2.9
cem_linear_raw,cem_linear,continuous,51,223,0.564977,82376.655594,0.716259,2.9
cem_linear_raw,cem_linear,continuous,51,224,0.548356,92313.494666,0.731137,2.9
cem_linear_raw,cem_linear,continuous,51,225,0.562263,92864.591442,0.709883,2.9
cem_linear_raw,cem_linear,continuous,51,226,0.561993,76309.374024,0.727949,2.9
cem_linear_raw,cem_linear,continuous,51,227,0.500249,65246.275563,0.783209,2.9
cem_linear_raw,cem_linear,continuous,51,228,0.537109,67225.854560,0.738576,2.9
cem_linear_raw,cem_linear,continuous,51,229,0.568209,93542.978057,0.730074,2.9
cem_linear_raw,cem_linear,continuous,51,230,0.543003,84049.967295,0.752391,2.9
cem_linear_raw,cem_linear,continuous,51,231,0.525159,77877.645507,0.750266,2.9
cem_linear_raw,cem_linear,continuous,51,232,0.565951,108838.910019,0.722635,2.9
cem_linear_raw,cem_linear,continuous,51,233,0.529004,78890.818368,0.739639,2.9
cem_linear_raw,cem_linear,continuous,51,234,0.539169,78613.953698,0.732200,2.9
cem_linear_raw,cem_linear,continuous,51,235,0.552504,85834.214649,0.720510,2.9
cem_linear_raw,cem_linear,continuous,51,236,0.522805,67868.999967,0.765143,2.9
cem_linear_raw,cem_linear,continuous,51,237,0.529260,84699.053335,0.753454,2.9
cem_linear_raw,cem_linear,continuous,51,238,0.520511,66348.819740,0.755579,2.9
cem_linear_raw,cem_linear,continuous,51,239,0.532293,72050.979099,0.739639,2.9
cem_linear_raw,cem_linear,continuous,51,240,0.544986,81723.718677,0.718385,2.9
cem_linear_raw,cem_linear,continuous,51,241,0.523394,91057.549669,0.748140,2.9
cem_linear_raw,cem_linear,continuous,51,242,0.522858,80254.201290,0.752391,2.9
cem_linear_raw,cem_linear,continuous,51,243,0.521731,75104.110189,0.755579,2.9
cem_linear_raw,cem_linear,continuous,51,244,0.545376,78992.231120,0.737513,2.9
cem_linear_raw,cem_linear,continuous,51,245,0.560381,89155.402406,0.722635,2.9
cem_linear_raw,cem_linear,continuous,51,246,0.512307,79029.382937,0.756642,2.9
cem_linear_raw,cem_linear,continuous,51,247,0.549268,81494.263778,0.731137,2.9
cem_linear_raw,cem_linear,continuous,51,248,0.542926,71090.524666,0.736451,2.9
cem_linear_raw,cem_linear,continuous,51,249,0.537072,77501.349645,0.720510,2.9
cem_linear_raw,cem_linear,continuous,51,250,0.524617,94984.912070,0.747078,2.9
cem_linear_raw,cem_linear,continuous,52,1,0.735374,573996.253699,0.477674,2.9
cem_linear_raw,cem_linear,continuous,52,2,0.696009,482934.055588,0.509865,2.9
cem_linear_raw,cem_linear,continuous,52,3,0.686936,468445.054387,0.536864,3.0
cem_linear_raw,cem_linear,continuous,52,4,0.688242,459687.413194,0.517134,3.0
cem_linear_raw,cem_linear,continuous,52,5,0.688619,459377.127239,0.531672,3.0
cem_linear_raw,cem_linear,continuous,52,6,0.680609,460072.977398,0.579439,3.0
cem_linear_raw,cem_linear,continuous,52,7,0.681252,445399.378781,0.530633,2.9
cem_linear_raw,cem_linear,continuous,52,8,0.688756,455620.091349,0.537902,3.0
cem_linear_raw,cem_linear,continuous,52,9,0.684032,438870.846768,0.551402,3.0
cem_linear_raw,cem_linear,continuous,52,10,0.696113,437958.423287,0.509865,2.9
cem_linear_raw,cem_linear,continuous,52,11,0.690997,442815.190810,0.509865,2.9
cem_linear_raw,cem_linear,continuous,52,12,0.690126,429605.175558,0.532710,2.9
cem_linear_raw,cem_linear,continuous,52,13,0.675957,436654.184579,0.554517,3.0
cem_linear_raw,cem_linear,continuous,52,14,0.679760,421947.099542,0.558671,2.9
cem_linear_raw,cem_linear,continuous,52,15,0.679510,426630.659836,0.558671,2.9
cem_linear_raw,cem_linear,continuous,52,16,0.674299,422276.394284,0.549325,2.9
cem_linear_raw,cem_linear,continuous,52,17,0.689314,410910.267718,0.549325,3.0
cem_linear_raw,cem_linear,continuous,52,18,0.679880,409548.673465,0.548287,2.9
cem_linear_raw,cem_linear,continuous,52,19,0.687385,414808.596443,0.538941,2.9
cem_linear_raw,cem_linear,continuous,52,20,0.691619,412624.610397,0.535826,2.9
cem_linear_raw,cem_linear,continuous,52,21,0.679402,388876.682462,0.577362,2.9
cem_linear_raw,cem_linear,continuous,52,22,0.666350,387547.945840,0.579439,3.0
cem_linear_raw,cem_linear,continuous,52,23,0.676954,391077.796599,0.580478,2.9
cem_linear_raw,cem_linear,continuous,52,24,0.669677,388940.580964,0.576324,3.0
cem_linear_raw,cem_linear,continuous,52,25,0.671108,370718.017661,0.575286,3.0
cem_linear_raw,cem_linear,continuous,52,26,0.677886,382339.686007,0.574247,2.9
cem_linear_raw,cem_linear,continuous,52,27,0.669050,337511.974924,0.598131,3.0
cem_linear_raw,cem_linear,continuous,52,28,0.682776,333274.514019,0.582555,3.0
cem_linear_raw,cem_linear,continuous,52,29,0.653764,344258.026528,0.608515,3.0
cem_linear_raw,cem_linear,continuous,52,30,0.649424,300598.009484,0.631360,3.0
cem_linear_raw,cem_linear,continuous,52,31,0.649031,296548.674339,0.644860,3.0
cem_linear_raw,cem_linear,continuous,52,32,0.644783,308168.245386,0.638629,3.0
cem_linear_raw,cem_linear,continuous,52,33,0.646944,310660.030114,0.624091,3.0
cem_linear_raw,cem_linear,continuous,52,34,0.640513,252640.818844,0.655244,3.0
cem_linear_raw,cem_linear,continuous,52,35,0.634306,271823.972561,0.647975,2.9
cem_linear_raw,cem_linear,continuous,52,36,0.644645,247718.709445,0.622015,3.0
cem_linear_raw,cem_linear,continuous,52,37,0.646833,229355.657256,0.663551,2.9
cem_linear_raw,cem_linear,continuous,52,38,0.631826,247607.724031,0.660436,2.9
cem_linear_raw,cem_linear,continuous,52,39,0.630295,252331.669782,0.660436,2.9
cem_linear_raw,cem_linear,continuous,52,40,0.617056,202177.924800,0.685358,2.9
cem_linear_raw,cem_linear,continuous,52,41,0.631319,168196.381523,0.664590,2.9
cem_linear_raw,cem_linear,continuous,52,42,0.626448,236371.445572,0.653167,2.9
cem_linear_raw,cem_linear,continuous,52,43,0.634595,225808.484825,0.656282,2.9
cem_linear_raw,cem_linear,continuous,52,44,0.609472,188064.949539,0.682243,2.9
cem_linear_raw,cem_linear,continuous,52,45,0.604947,171886.835832,0.685358,2.9
cem_linear_raw,cem_linear,continuous,52,46,0.631289,182949.225394,0.668744,2.9
cem_linear_raw,cem_linear,continuous,52,47,0.624215,181406.157009,0.653167,3.0
cem_linear_raw,cem_linear,continuous,52,48,0.601861,159380.672623,0.687435,3.0
cem_linear_raw,cem_linear,continuous,52,49,0.606439,161074.878271,0.673936,3.0
cem_linear_raw,cem_linear,continuous,52,50,0.590325,158045.983933,0.681205,3.0
cem_linear_raw,cem_linear,continuous,52,51,0.602469,174575.917470,0.669782,3.0
cem_linear_raw,cem_linear,continuous,52,52,0.649068,191709.196087,0.640706,2.9
cem_linear_raw,cem_linear,continuous,52,53,0.618438,177313.215432,0.658359,3.0
cem_linear_raw,cem_linear,continuous,52,54,0.620279,166943.967939,0.663551,2.9
cem_linear_raw,cem_linear,continuous,52,55,0.625640,181963.362878,0.674974,2.9
cem_linear_raw,cem_linear,continuous,52,56,0.628498,169292.786897,0.663551,2.9
cem_linear_raw,cem_linear,continuous,52,57,0.599369,143574.554193,0.678089,2.9
cem_linear_raw,cem_linear,continuous,52,58,0.666084,238022.720754,0.636552,3.0
cem_linear_raw,cem_linear,continuous,52,59,0.619555,163481.690567,0.683281,3.0
cem_linear_raw,cem_linear,continuous,52,60,0.616626,133576.689815,0.684320,3.0
cem_linear_raw,cem_linear,continuous,52,61,0.604643,161564.248134,0.681205,3.0
cem_linear_raw,cem_linear,continuous,52,62,0.625490,156199.287044,0.667705,3.0
cem_linear_raw,cem_linear,continuous,52,63,0.611836,155924.090971,0.685358,3.0
cem_linear_raw,cem_linear,continuous,52,64,0.608064,136559.435050,0.669782,3.0
cem_linear_raw,cem_linear,continuous,52,65,0.610110,158712.670897,0.674974,2.9
cem_linear_raw,cem_linear,continuous,52,66,0.604219,154278.413495,0.696781,3.0
cem_linear_raw,cem_linear,continuous,52,67,0.586050,145846.923537,0.698858,3.0
cem_linear_raw,cem_linear,continuous,52,68,0.593616,138767.825415,0.680166,3.0
cem_linear_raw,cem_linear,continuous,52,69,0.596251,117791.203635,0.678089,3.0
cem_linear_raw,cem_linear,continuous,52,70,0.606218,145659.104313,0.688474,3.0
cem_linear_raw,cem_linear,continuous,52,71,0.604027,155075.847072,0.712357,3.0
cem_linear_raw,cem_linear,continuous,52,72,0.577266,129962.324637,0.705088,3.0
cem_linear_raw,cem_linear,continuous,52,73,0.609348,136667.014724,0.672897,3.0
cem_linear_raw,cem_linear,continuous,52,74,0.593010,129212.875338,0.700935,3.0
cem_linear_raw,cem_linear,continuous,52,75,0.587003,148070.416602,0.697819,2.9
cem_linear_raw,cem_linear,continuous,52,76,0.577128,131804.463371,0.710280,2.9
cem_linear_raw,cem_linear,continuous,52,77,0.589879,123297.865046,0.691589,3.0
cem_linear_raw,cem_linear,continuous,52,78,0.605061,161106.892126,0.701973,3.0
cem_linear_raw,cem_linear,continuous,52,79,0.605752,158912.372390,0.690550,2.9
cem_linear_raw,cem_linear,continuous,52,80,0.579667,133819.698708,0.706127,2.9
cem_linear_raw,cem_linear,continuous,52,81,0.589403,150366.251539,0.715472,2.9
cem_linear_raw,cem_linear,continuous,52,82,0.585000,134787.056054,0.704050,2.9
cem_linear_raw,cem_linear,continuous,52,83,0.572790,115852.491368,0.727934,3.0
cem_linear_raw,cem_linear,continuous,52,84,0.591997,145922.097839,0.704050,3.0
cem_linear_raw,cem_linear,continuous,52,85,0.611305,125625.122842,0.679128,3.0
cem_linear_raw,cem_linear,continuous,52,86,0.595537,131490.354783,0.695742,3.0
cem_linear_raw,cem_linear,continuous,52,87,0.598730,137077.780958,0.704050,3.0
cem_linear_raw,cem_linear,continuous,52,88,0.591853,136365.395793,0.706127,2.9
cem_linear_raw,cem_linear,continuous,52,89,0.588287,117004.265414,0.714434,2.9
cem_linear_raw,cem_linear,continuous,52,90,0.610507,127922.896077,0.690550,2.9
cem_linear_raw,cem_linear,continuous,52,91,0.588639,108424.898900,0.707165,2.9
cem_linear_raw,cem_linear,continuous,52,92,0.588185,124809.676777,0.711319,3.0
cem_linear_raw,cem_linear,continuous,52,93,0.594543,141882.588286,0.704050,3.0
cem_linear_raw,cem_linear,continuous,52,94,0.598560,119774.305105,0.691589,3.0
cem_linear_raw,cem_linear,continuous,52,95,0.573018,126480.226105,0.721703,2.9
cem_linear_raw,cem_linear,continuous,52,96,0.582860,107499.764623,0.707165,2.9
cem_linear_raw,cem_linear,continuous,52,97,0.584030,124218.868615,0.719626,2.9
cem_linear_raw,cem_linear,continuous,52,98,0.579282,122191.159406,0.714434,2.9
cem_linear_raw,cem_linear,continuous,52,99,0.599284,137560.205507,0.715472,2.9
cem_linear_raw,cem_linear,continuous,52,100,0.571307,118878.856633,0.725857,2.9
cem_linear_raw,cem_linear,continuous,52,101,0.578949,116926.736565,0.721703,2.9
cem_linear_raw,cem_linear,continuous,52,102,0.603823,118103.174380,0.692627,3.0
cem_linear_raw,cem_linear,continuous,52,103,0.569777,103524.601865,0.724818,2.9
cem_linear_raw,cem_linear,continuous,52,104,0.585627,122447.353136,0.713396,2.9
cem_linear_raw,cem_linear,continuous,52,105,0.574418,91371.859729,0.706127,2.9
cem_linear_raw,cem_linear,continuous,52,106,0.577952,120806.361991,0.718588,3.0
cem_linear_raw,cem_linear,continuous,52,107,0.558671,108146.920064,0.726895,3.0
cem_linear_raw,cem_linear,continuous,52,108,0.586571,106951.985332,0.713396,3.0
cem_linear_raw,cem_linear,continuous,52,109,0.572232,110170.258291,0.726895,3.0
cem_linear_raw,cem_linear,continuous,52,110,0.556493,127718.064307,0.746625,2.9
cem_linear_raw,cem_linear,continuous,52,111,0.564760,125135.596503,0.734164,3.0
cem_linear_raw,cem_linear,continuous,52,112,0.580838,116456.983791,0.724818,3.0
cem_linear_raw,cem_linear,continuous,52,113,0.563797,106556.164957,0.737279,2.9
cem_linear_raw,cem_linear,continuous,52,114,0.564145,118027.387358,0.742471,3.0
cem_linear_raw,cem_linear,continuous,52,115,0.566516,130035.539618,0.723780,3.0
cem_linear_raw,cem_linear,continuous,52,116,0.557310,111004.240277,0.738318,2.9
cem_linear_raw,cem_linear,continuous,52,117,0.568592,111412.653843,0.739356,2.9
cem_linear_raw,cem_linear,continuous,52,118,0.571927,113980.856097,0.726895,2.9
cem_linear_raw,cem_linear,continuous,52,119,0.583282,126237.415524,0.727934,3.0
cem_linear_raw,cem_linear,continuous,52,120,0.569360,120223.327693,0.725857,3.0
cem_linear_raw,cem_linear,continuous,52,121,0.555778,105919.304468,0.736241,2.9
cem_linear_raw,cem_linear,continuous,52,122,0.588389,123798.387698,0.700935,3.0
cem_linear_raw,cem_linear,continuous,52,123,0.570726,93493.219528,0.745587,2.9
cem_linear_raw,cem_linear,continuous,52,124,0.568800,100764.553519,0.733126,3.0
cem_linear_raw,cem_linear,continuous,52,125,0.570483,107760.513266,0.726895,3.0
cem_linear_raw,cem_linear,continuous,52,126,0.555301,112164.083958,0.745587,3.0
cem_linear_raw,cem_linear,continuous,52,127,0.546867,107167.571927,0.740395,2.9
cem_linear_raw,cem_linear,continuous,52,128,0.567878,89837.476296,0.734164,2.9
cem_linear_raw,cem_linear,continuous,52,129,0.577983,94332.825509,0.720665,2.9
cem_linear_raw,cem_linear,continuous,52,130,0.572095,90291.243377,0.732087,2.9
cem_linear_raw,cem_linear,continuous,52,131,0.563120,105270.358233,0.730010,2.9
cem_linear_raw,cem_linear,continuous,52,132,0.549412,97476.748111,0.748702,2.9
cem_linear_raw,cem_linear,continuous,52,133,0.555874,74563.878521,0.730010,3.0
cem_linear_raw,cem_linear,continuous,52,134,0.557341,97675.560857,0.746625,2.9
cem_linear_raw,cem_linear,continuous,52,135,0.582180,97532.508900,0.715472,2.9
cem_linear_raw,cem_linear,continuous,52,136,0.574224,98303.334500,0.721703,2.9
cem_linear_raw,cem_linear,continuous,52,137,0.551068,78878.636597,0.752856,3.0
cem_linear_raw,cem_linear,continuous,52,138,0.558310,112738.949766,0.742471,2.9
cem_linear_raw,cem_linear,continuous,52,139,0.559445,92891.314217,0.734164,2.9
cem_linear_raw,cem_linear,continuous,52,140,0.578654,102701.793857,0.716511,3.0
cem_linear_raw,cem_linear,continuous,52,141,0.551190,90491.903309,0.754933,2.9
cem_linear_raw,cem_linear,continuous,52,142,0.558497,107764.462004,0.749740,3.0
cem_linear_raw,cem_linear,continuous,52,143,0.556805,122962.957433,0.738318,3.0
cem_linear_raw,cem_linear,continuous,52,144,0.569177,113506.821829,0.730010,3.0
cem_linear_raw,cem_linear,continuous,52,145,0.588233,132443.700845,0.712357,2.9
cem_linear_raw,cem_linear,continuous,52,146,0.557023,97062.297580,0.748702,2.9
cem_linear_raw,cem_linear,continuous,52,147,0.561810,109773.780319,0.736241,3.0
cem_linear_raw,cem_linear,continuous,52,148,0.582979,103661.728141,0.711319,2.9
cem_linear_raw,cem_linear,continuous,52,149,0.543543,94077.226226,0.751817,2.9
cem_linear_raw,cem_linear,continuous,52,150,0.547530,92123.990180,0.757009,2.9
cem_linear_raw,cem_linear,continuous,52,151,0.551290,98218.967251,0.737279,2.9
cem_linear_raw,cem_linear,continuous,52,152,0.574083,105554.659481,0.732087,2.9
cem_linear_raw,cem_linear,continuous,52,153,0.571869,113605.215059,0.734164,2.9
cem_linear_raw,cem_linear,continuous,52,154,0.543560,94240.212004,0.759086,2.9
cem_linear_raw,cem_linear,continuous,52,155,0.562612,94186.636414,0.754933,2.9
cem_linear_raw,cem_linear,continuous,52,156,0.570660,98370.990776,0.731049,2.9
cem_linear_raw,cem_linear,continuous,52,157,0.544542,70314.622084,0.752856,2.9
cem_linear_raw,cem_linear,continuous,52,158,0.553003,95655.679416,0.739356,3.0
cem_linear_raw,cem_linear,continuous,52,159,0.567463,102379.702669,0.733126,2.9
cem_linear_raw,cem_linear,continuous,52,160,0.544906,91044.618583,0.759086,3.0
cem_linear_raw,cem_linear,continuous,52,161,0.563407,86641.750245,0.746625,2.9
cem_linear_raw,cem_linear,continuous,52,162,0.552173,96594.861010,0.754933,2.9
cem_linear_raw,cem_linear,continuous,52,163,0.539363,107247.634587,0.765317,2.9
cem_linear_raw,cem_linear,continuous,52,164,0.556485,89130.073943,0.759086,2.9
cem_linear_raw,cem_linear,continuous,52,165,0.546382,81923.826376,0.748702,3.0
cem_linear_raw,cem_linear,continuous,52,166,0.542767,90984.694241,0.757009,3.0
cem_linear_raw,cem_linear,continuous,52,167,0.521893,95765.679173,0.773624,2.9
cem_linear_raw,cem_linear,continuous,52,168,0.571929,82780.957498,0.740395,2.9
cem_linear_raw,cem_linear,continuous,52,169,0.556465,97929.136350,0.738318,2.9
cem_linear_raw,cem_linear,continuous,52,170,0.538602,97734.105081,0.755971,2.9
cem_linear_raw,cem_linear,continuous,52,171,0.538295,97690.186640,0.744548,2.9
cem_linear_raw,cem_linear,continuous,52,172,0.555262,112291.775576,0.740395,3.0
cem_linear_raw,cem_linear,continuous,52,173,0.540876,101040.074156,0.757009,3.0
cem_linear_raw,cem_linear,continuous,52,174,0.550793,91438.866336,0.748702,2.9
cem_linear_raw,cem_linear,continuous,52,175,0.548637,86584.359423,0.745587,2.9
cem_linear_raw,cem_linear,continuous,52,176,0.547575,88853.462300,0.749740,3.0
cem_linear_raw,cem_linear,continuous,52,177,0.516684,87181.783445,0.782970,2.9
cem_linear_raw,cem_linear,continuous,52,178,0.525418,84572.782771,0.762201,2.9
cem_linear_raw,cem_linear,continuous,52,179,0.538288,96982.888743,0.749740,2.9
cem_linear_raw,cem_linear,continuous,52,180,0.533616,89630.708713,0.764278,2.9
cem_linear_raw,cem_linear,continuous,52,181,0.542921,138756.925936,0.736241,2.9
cem_linear_raw,cem_linear,continuous,52,182,0.553276,78579.837609,0.748702,2.9
cem_linear_raw,cem_linear,continuous,52,183,0.544285,114719.140852,0.744548,2.9
cem_linear_raw,cem_linear,continuous,52,184,0.532985,94505.670225,0.753894,2.9
cem_linear_raw,cem_linear,continuous,52,185,0.539315,93183.585069,0.741433,2.9
cem_linear_raw,cem_linear,continuous,52,186,0.530300,78153.144839,0.752856,3.0
cem_linear_raw,cem_linear,continuous,52,187,0.513525,78988.963217,0.745587,3.0
cem_linear_raw,cem_linear,continuous,52,188,0.506780,86820.508376,0.763240,2.9
cem_linear_raw,cem_linear,continuous,52,189,0.513549,74865.072418,0.764278,2.9
cem_linear_raw,cem_linear,continuous,52,190,0.546415,88644.610027,0.738318,3.0
cem_linear_raw,cem_linear,continuous,52,191,0.529891,79152.573489,0.744548,3.0
cem_linear_raw,cem_linear,continuous,52,192,0.518438,80509.439755,0.754933,2.9
cem_linear_raw,cem_linear,continuous,52,193,0.514581,82993.255606,0.768432,2.9
cem_linear_raw,cem_linear,continuous,52,194,0.509090,71307.422582,0.769470,2.9
cem_linear_raw,cem_linear,continuous,52,195,0.508519,89079.526042,0.774663,3.0
cem_linear_raw,cem_linear,continuous,52,196,0.520538,85139.469367,0.760125,3.0
cem_linear_raw,cem_linear,continuous,52,197,0.519766,84407.371926,0.746625,3.0
cem_linear_raw,cem_linear,continuous,52,198,0.505811,90719.544731,0.768432,2.9
cem_linear_raw,cem_linear,continuous,52,199,0.513024,86353.372687,0.765317,3.0
cem_linear_raw,cem_linear,continuous,52,200,0.510104,64722.072929,0.766355,2.9
cem_linear_raw,cem_linear,continuous,52,201,0.509302,87562.477593,0.769470,2.9
cem_linear_raw,cem_linear,continuous,52,202,0.507999,70244.243879,0.767394,3.0
cem_linear_raw,cem_linear,continuous,52,203,0.486064,73997.586119,0.782970,2.9
cem_linear_raw,cem_linear,continuous,52,204,0.499372,79797.442464,0.759086,3.0
cem_linear_raw,cem_linear,continuous,52,205,0.498375,91364.334755,0.763240,2.9
cem_linear_raw,cem_linear,continuous,52,206,0.516479,92189.377109,0.768432,2.9
cem_linear_raw,cem_linear,continuous,52,207,0.506152,74043.444193,0.763240,2.9
cem_linear_raw,cem_linear,continuous,52,208,0.525991,94104.130784,0.747664,3.0
cem_linear_raw,cem_linear,continuous,52,209,0.542507,142518.714158,0.755971,2.9
cem_linear_raw,cem_linear,continuous,52,210,0.543711,115467.573790,0.724818,2.9
cem_linear_raw,cem_linear,continuous,52,211,0.528860,81651.098506,0.742471,3.0
cem_linear_raw,cem_linear,continuous,52,212,0.515739,95226.022610,0.772586,3.0
cem_linear_raw,cem_linear,continuous,52,213,0.517644,76108.252154,0.751817,3.0
cem_linear_raw,cem_linear,continuous,52,214,0.495044,89801.624006,0.776739,2.9
cem_linear_raw,cem_linear,continuous,52,215,0.502360,67802.663784,0.765317,3.0
cem_linear_raw,cem_linear,continuous,52,216,0.496994,74124.693398,0.772586,2.9
cem_linear_raw,cem_linear,continuous,52,217,0.518053,92058.208886,0.739356,2.9
cem_linear_raw,cem_linear,continuous,52,218,0.493362,71895.687206,0.777778,2.9
cem_linear_raw,cem_linear,continuous,52,219,0.518719,83715.026752,0.761163,2.9
cem_linear_raw,cem_linear,continuous,52,220,0.508867,78411.680361,0.765317,3.0
cem_linear_raw,cem_linear,continuous,52,221,0.488803,88923.727942,0.784008,3.0
cem_linear_raw,cem_linear,continuous,52,222,0.511792,82509.636260,0.780893,2.9
cem_linear_raw,cem_linear,continuous,52,223,0.500581,85997.700793,0.764278,3.0
cem_linear_raw,cem_linear,continuous,52,224,0.501668,82630.277396,0.764278,2.9
cem_linear_raw,cem_linear,continuous,52,225,0.530966,76493.977536,0.743510,2.9
cem_linear_raw,cem_linear,continuous,52,226,0.525969,76110.892297,0.752856,2.9
cem_linear_raw,cem_linear,continuous,52,227,0.512138,86595.238058,0.770509,3.0
cem_linear_raw,cem_linear,continuous,52,228,0.506558,79948.743047,0.766355,3.0
cem_linear_raw,cem_linear,continuous,52,229,0.521299,85472.911662,0.750779,2.9
cem_linear_raw,cem_linear,continuous,52,230,0.506730,89320.853441,0.769470,3.0
cem_linear_raw,cem_linear,continuous,52,231,0.501694,95163.973847,0.773624,3.0
cem_linear_raw,cem_linear,continuous,52,232,0.518139,105876.381648,0.762201,3.0
cem_linear_raw,cem_linear,continuous,52,233,0.526732,93085.504259,0.764278,2.9
cem_linear_raw,cem_linear,continuous,52,234,0.497102,73710.740083,0.770509,3.0
cem_linear_raw,cem_linear,continuous,52,235,0.501365,89608.385412,0.782970,2.9
cem_linear_raw,cem_linear,continuous,52,236,0.509332,85529.536341,0.765317,3.0
cem_linear_raw,cem_linear,continuous,52,237,0.498311,67646.736162,0.769470,3.0
cem_linear_raw,cem_linear,continuous,52,238,0.493773,82049.575638,0.792316,2.9
cem_linear_raw,cem_linear,continuous,52,239,0.498532,72405.557868,0.764278,3.0
cem_linear_raw,cem_linear,continuous,52,240,0.512992,87365.809603,0.764278,3.0
cem_linear_raw,cem_linear,continuous,52,241,0.515457,62638.131920,0.777778,3.0
cem_linear_raw,cem_linear,continuous,52,242,0.466806,62580.489640,0.792316,3.0
cem_linear_raw,cem_linear,continuous,52,243,0.477959,78303.774888,0.787124,3.0
cem_linear_raw,cem_linear,continuous,52,244,0.510233,84954.820929,0.769470,3.0
cem_linear_raw,cem_linear,continuous,52,245,0.491221,75492.195759,0.774663,2.9
cem_linear_raw,cem_linear,continuous,52,246,0.483331,88312.901556,0.780893,3.0
cem_linear_raw,cem_linear,continuous,52,247,0.502256,81540.223841,0.782970,2.9
cem_linear_raw,cem_linear,continuous,52,248,0.496705,69541.498817,0.769470,2.9
cem_linear_raw,cem_linear,continuous,52,249,0.527909,61686.521300,0.764278,2.9
cem_linear_raw,cem_linear,continuous,52,250,0.486122,55997.065481,0.784008,2.9
cem_linear_raw,cem_linear,continuous,53,1,0.713771,589057.679874,0.535197,3.0
cem_linear_raw,cem_linear,continuous,53,2,0.691955,488470.896416,0.531056,3.0
cem_linear_raw,cem_linear,continuous,53,3,0.696731,486014.390140,0.516563,3.0
cem_linear_raw,cem_linear,continuous,53,4,0.686129,491597.384123,0.520704,3.0
cem_linear_raw,cem_linear,continuous,53,5,0.687383,481270.879917,0.526915,3.0
cem_linear_raw,cem_linear,continuous,53,6,0.689488,472810.244630,0.544513,2.9
cem_linear_raw,cem_linear,continuous,53,7,0.682267,475530.024068,0.540373,3.0
cem_linear_raw,cem_linear,continuous,53,8,0.691117,463282.975374,0.524845,2.9
cem_linear_raw,cem_linear,continuous,53,9,0.684523,469690.917581,0.531056,3.0
cem_linear_raw,cem_linear,continuous,53,10,0.688721,454140.638910,0.545549,2.9
cem_linear_raw,cem_linear,continuous,53,11,0.695111,447868.806321,0.539337,3.0
cem_linear_raw,cem_linear,continuous,53,12,0.696721,455793.164014,0.493789,3.0
cem_linear_raw,cem_linear,continuous,53,13,0.689791,448665.496894,0.528986,3.0
cem_linear_raw,cem_linear,continuous,53,14,0.702578,440748.451904,0.477226,3.0
cem_linear_raw,cem_linear,continuous,53,15,0.677702,429722.501294,0.565217,3.0
cem_linear_raw,cem_linear,continuous,53,16,0.697010,459278.378979,0.535197,3.0
cem_linear_raw,cem_linear,continuous,53,17,0.687707,435978.289532,0.534161,3.0
cem_linear_raw,cem_linear,continuous,53,18,0.683700,437484.717553,0.555901,2.9
cem_linear_raw,cem_linear,continuous,53,19,0.691394,419607.964011,0.512422,2.9
cem_linear_raw,cem_linear,continuous,53,20,0.680337,413310.072140,0.557971,2.9
cem_linear_raw,cem_linear,continuous,53,21,0.678745,435248.127329,0.562112,3.0
cem_linear_raw,cem_linear,continuous,53,22,0.689832,409764.493562,0.531056,2.9
cem_linear_raw,cem_linear,continuous,53,23,0.689316,413542.138652,0.543478,3.0
cem_linear_raw,cem_linear,continuous,53,24,0.695961,408644.738548,0.513458,2.9
cem_linear_raw,cem_linear,continuous,53,25,0.696839,421762.641725,0.521739,3.0
cem_linear_raw,cem_linear,continuous,53,26,0.684404,402641.649618,0.543478,3.0
cem_linear_raw,cem_linear,continuous,53,27,0.693026,398838.794061,0.515528,2.9
cem_linear_raw,cem_linear,continuous,53,28,0.683493,409291.340628,0.565217,2.9
cem_linear_raw,cem_linear,continuous,53,29,0.674421,375360.620859,0.591097,3.0
cem_linear_raw,cem_linear,continuous,53,30,0.672111,372195.200990,0.576605,2.9
cem_linear_raw,cem_linear,continuous,53,31,0.671852,392068.372186,0.598344,2.9
cem_linear_raw,cem_linear,continuous,53,32,0.707994,370230.367236,0.539337,2.9
cem_linear_raw,cem_linear,continuous,53,33,0.674487,367009.082363,0.570393,3.0
cem_linear_raw,cem_linear,continuous,53,34,0.658665,358864.594688,0.622153,3.0
cem_linear_raw,cem_linear,continuous,53,35,0.671166,346935.290017,0.598344,3.0
cem_linear_raw,cem_linear,continuous,53,36,0.657215,350212.119501,0.626294,2.9
cem_linear_raw,cem_linear,continuous,53,37,0.684881,332294.639557,0.585921,2.9
cem_linear_raw,cem_linear,continuous,53,38,0.660273,324017.304995,0.607660,3.0
cem_linear_raw,cem_linear,continuous,53,39,0.670593,306245.189862,0.595238,2.9
cem_linear_raw,cem_linear,continuous,53,40,0.661022,301017.697949,0.619048,2.9
cem_linear_raw,cem_linear,continuous,53,41,0.658076,293523.532706,0.639752,2.9
cem_linear_raw,cem_linear,continuous,53,42,0.656107,262940.714189,0.620083,2.9
cem_linear_raw,cem_linear,continuous,53,43,0.647691,256005.058462,0.631470,2.9
cem_linear_raw,cem_linear,continuous,53,44,0.633999,245287.218297,0.639752,3.0
cem_linear_raw,cem_linear,continuous,53,45,0.632735,210650.701750,0.655280,3.0
cem_linear_raw,cem_linear,continuous,53,46,0.623310,239663.046260,0.658385,3.0
cem_linear_raw,cem_linear,continuous,53,47,0.628935,205548.480683,0.644928,3.0
cem_linear_raw,cem_linear,continuous,53,48,0.658116,224335.761500,0.612836,3.0
cem_linear_raw,cem_linear,continuous,53,49,0.628519,204010.052277,0.659420,3.0
cem_linear_raw,cem_linear,continuous,53,50,0.610194,226569.759470,0.679089,3.0
cem_linear_raw,cem_linear,continuous,53,51,0.647915,182575.900322,0.638716,2.9
cem_linear_raw,cem_linear,continuous,53,52,0.644643,210324.503639,0.635611,3.0
cem_linear_raw,cem_linear,continuous,53,53,0.625802,199875.042209,0.638716,3.0
cem_linear_raw,cem_linear,continuous,53,54,0.612179,170151.365263,0.677019,3.0
cem_linear_raw,cem_linear,continuous,53,55,0.608955,171356.345788,0.680124,3.0
cem_linear_raw,cem_linear,continuous,53,56,0.632949,162499.427067,0.650104,3.0
cem_linear_raw,cem_linear,continuous,53,57,0.616756,174850.288614,0.675983,3.0
cem_linear_raw,cem_linear,continuous,53,58,0.615056,151564.415336,0.668737,3.0
cem_linear_raw,cem_linear,continuous,53,59,0.623722,145032.281642,0.656315,3.0
cem_linear_raw,cem_linear,continuous,53,60,0.626602,183080.780524,0.663561,3.0
cem_linear_raw,cem_linear,continuous,53,61,0.601280,146228.925102,0.687371,3.0
cem_linear_raw,cem_linear,continuous,53,62,0.611611,148496.654810,0.671843,3.0
cem_linear_raw,cem_linear,continuous,53,63,0.630416,146547.719332,0.632505,2.9
cem_linear_raw,cem_linear,continuous,53,64,0.609546,187428.669416,0.684265,2.9
cem_linear_raw,cem_linear,continuous,53,65,0.615226,163538.796810,0.666667,2.9
cem_linear_raw,cem_linear,continuous,53,66,0.600215,142121.782963,0.664596,2.9
cem_linear_raw,cem_linear,continuous,53,67,0.594149,149189.037239,0.668737,3.0
cem_linear_raw,cem_linear,continuous,53,68,0.626210,136218.866330,0.656315,2.9
cem_linear_raw,cem_linear,continuous,53,69,0.604232,144405.772774,0.662526,3.0
cem_linear_raw,cem_linear,continuous,53,70,0.615208,170850.920348,0.674948,3.0
cem_linear_raw,cem_linear,continuous,53,71,0.625870,159119.314215,0.643892,3.0
cem_linear_raw,cem_linear,continuous,53,72,0.605865,139816.043333,0.666667,3.0
cem_linear_raw,cem_linear,continuous,53,73,0.596030,136612.979731,0.681159,2.9
cem_linear_raw,cem_linear,continuous,53,74,0.594628,156154.042144,0.690476,2.9
cem_linear_raw,cem_linear,continuous,53,75,0.618299,148245.403397,0.671843,3.0
cem_linear_raw,cem_linear,continuous,53,76,0.596982,145659.495358,0.680124,2.9
cem_linear_raw,cem_linear,continuous,53,77,0.586999,131819.434702,0.699793,3.0
cem_linear_raw,cem_linear,continuous,53,78,0.594835,129545.129145,0.693582,2.9
cem_linear_raw,cem_linear,continuous,53,79,0.603604,137362.533907,0.671843,2.9
cem_linear_raw,cem_linear,continuous,53,80,0.596258,152149.050923,0.682195,2.9
cem_linear_raw,cem_linear,continuous,53,81,0.598003,144054.900188,0.697723,2.9
cem_linear_raw,cem_linear,continuous,53,82,0.593718,144556.638886,0.691511,2.9
cem_linear_raw,cem_linear,continuous,53,83,0.591063,143750.916990,0.677019,2.9
cem_linear_raw,cem_linear,continuous,53,84,0.613261,130826.217642,0.643892,2.9
cem_linear_raw,cem_linear,continuous,53,85,0.598910,138370.674239,0.691511,2.9
cem_linear_raw,cem_linear,continuous,53,86,0.596452,137378.528630,0.683230,3.0
cem_linear_raw,cem_linear,continuous,53,87,0.580432,141839.171503,0.687371,2.9
cem_linear_raw,cem_linear,continuous,53,88,0.592626,140728.123308,0.682195,2.9
cem_linear_raw,cem_linear,continuous,53,89,0.607110,145260.199664,0.672878,3.8
cem_linear_raw,cem_linear,continuous,53,90,0.583705,131166.382734,0.703934,4.6
cem_linear_raw,cem_linear,continuous,53,91,0.605065,173138.596152,0.675983,3.0
cem_linear_raw,cem_linear,continuous,53,92,0.576948,116161.462882,0.715321,2.9
cem_linear_raw,cem_linear,continuous,53,93,0.581564,109938.236227,0.689441,3.0
cem_linear_raw,cem_linear,continuous,53,94,0.587223,137039.725309,0.680124,3.0
cem_linear_raw,cem_linear,continuous,53,95,0.612862,132543.230946,0.682195,3.0
cem_linear_raw,cem_linear,continuous,53,96,0.599897,139094.835602,0.681159,3.0
cem_linear_raw,cem_linear,continuous,53,97,0.600336,125976.276414,0.709110,2.9
cem_linear_raw,cem_linear,continuous,53,98,0.599804,133844.534356,0.688406,3.0
cem_linear_raw,cem_linear,continuous,53,99,0.596552,142166.170899,0.712215,3.0
cem_linear_raw,cem_linear,continuous,53,100,0.588814,107649.623738,0.712215,3.0
cem_linear_raw,cem_linear,continuous,53,101,0.594904,125489.398417,0.689441,3.0
cem_linear_raw,cem_linear,continuous,53,102,0.583041,102057.724055,0.691511,3.0
cem_linear_raw,cem_linear,continuous,53,103,0.573835,124579.080939,0.720497,3.0
cem_linear_raw,cem_linear,continuous,53,104,0.602538,132635.745342,0.700828,3.0
cem_linear_raw,cem_linear,continuous,53,105,0.602549,132104.503251,0.669772,2.9
cem_linear_raw,cem_linear,continuous,53,106,0.589662,128209.829492,0.702899,3.0
cem_linear_raw,cem_linear,continuous,53,107,0.610815,153372.380451,0.684265,3.0
cem_linear_raw,cem_linear,continuous,53,108,0.577334,85980.097215,0.703934,3.0
cem_linear_raw,cem_linear,continuous,53,109,0.591379,170560.469664,0.696687,3.0
cem_linear_raw,cem_linear,continuous,53,110,0.632603,118540.405178,0.653209,3.0
cem_linear_raw,cem_linear,continuous,53,111,0.559662,104555.067878,0.727743,3.0
cem_linear_raw,cem_linear,continuous,53,112,0.583421,117091.958980,0.691511,3.0
cem_linear_raw,cem_linear,continuous,53,113,0.573707,135070.382910,0.725673,3.0
cem_linear_raw,cem_linear,continuous,53,114,0.568079,117861.422182,0.730849,3.0
cem_linear_raw,cem_linear,continuous,53,115,0.579400,120904.962037,0.708075,3.0
cem_linear_raw,cem_linear,continuous,53,116,0.582805,118227.737764,0.717391,3.0
cem_linear_raw,cem_linear,continuous,53,117,0.567279,102262.209773,0.725673,3.0
cem_linear_raw,cem_linear,continuous,53,118,0.578563,118878.558003,0.694617,3.0
cem_linear_raw,cem_linear,continuous,53,119,0.586703,116978.722365,0.706004,3.0
cem_linear_raw,cem_linear,continuous,53,120,0.568126,102783.348635,0.699793,2.9
cem_linear_raw,cem_linear,continuous,53,121,0.589800,105933.570046,0.698758,3.0
cem_linear_raw,cem_linear,continuous,53,122,0.564714,96779.526001,0.721532,3.0
cem_linear_raw,cem_linear,continuous,53,123,0.572724,106265.925037,0.702899,2.9
cem_linear_raw,cem_linear,continuous,53,124,0.598859,108797.905207,0.689441,3.0
cem_linear_raw,cem_linear,continuous,53,125,0.598521,117993.392815,0.689441,3.0
cem_linear_raw,cem_linear,continuous,53,126,0.583432,108922.482693,0.707039,3.0
cem_linear_raw,cem_linear,continuous,53,127,0.564041,93006.369731,0.704969,3.0
cem_linear_raw,cem_linear,continuous,53,128,0.581705,101281.218718,0.710145,2.9
cem_linear_raw,cem_linear,continuous,53,129,0.584501,148832.408531,0.697723,3.0
cem_linear_raw,cem_linear,continuous,53,130,0.582168,98961.446766,0.706004,2.9
cem_linear_raw,cem_linear,continuous,53,131,0.577163,106340.167002,0.715321,3.0
cem_linear_raw,cem_linear,continuous,53,132,0.583382,87971.638587,0.701863,3.0
cem_linear_raw,cem_linear,continuous,53,133,0.576964,113703.977869,0.711180,3.0
cem_linear_raw,cem_linear,continuous,53,134,0.591187,119121.500303,0.694617,2.9
cem_linear_raw,cem_linear,continuous,53,135,0.585782,101311.931717,0.684265,3.0
cem_linear_raw,cem_linear,continuous,53,136,0.567353,108373.510619,0.724638,3.0
cem_linear_raw,cem_linear,continuous,53,137,0.580654,111823.067118,0.706004,3.0
cem_linear_raw,cem_linear,continuous,53,138,0.576838,109284.452696,0.712215,2.9
cem_linear_raw,cem_linear,continuous,53,139,0.555426,103725.995730,0.722567,3.0
cem_linear_raw,cem_linear,continuous,53,140,0.615382,117885.763935,0.702899,3.0
cem_linear_raw,cem_linear,continuous,53,141,0.581809,110018.040106,0.689441,3.0
cem_linear_raw,cem_linear,continuous,53,142,0.585285,104330.931038,0.702899,3.0
cem_linear_raw,cem_linear,continuous,53,143,0.587683,99191.900431,0.714286,3.0
cem_linear_raw,cem_linear,continuous,53,144,0.582075,91539.601138,0.723602,3.0
cem_linear_raw,cem_linear,continuous,53,145,0.547982,83589.263999,0.734990,3.0
cem_linear_raw,cem_linear,continuous,53,146,0.561732,103911.472242,0.731884,3.0
cem_linear_raw,cem_linear,continuous,53,147,0.590578,99811.941075,0.688406,3.0
cem_linear_raw,cem_linear,continuous,53,148,0.590678,122650.416764,0.688406,2.9
cem_linear_raw,cem_linear,continuous,53,149,0.566853,90248.829979,0.732919,2.9
cem_linear_raw,cem_linear,continuous,53,150,0.564924,111614.108623,0.727743,3.0
cem_linear_raw,cem_linear,continuous,53,151,0.602801,117211.389274,0.684265,3.0
cem_linear_raw,cem_linear,continuous,53,152,0.544359,91948.457104,0.746377,3.0
cem_linear_raw,cem_linear,continuous,53,153,0.582950,111944.415794,0.706004,2.9
cem_linear_raw,cem_linear,continuous,53,154,0.559285,79341.276482,0.721532,2.9
cem_linear_raw,cem_linear,continuous,53,155,0.565216,88412.885265,0.719462,3.0
cem_linear_raw,cem_linear,continuous,53,156,0.579159,94091.879954,0.708075,3.0
cem_linear_raw,cem_linear,continuous,53,157,0.587499,92116.506462,0.701863,3.0
cem_linear_raw,cem_linear,continuous,53,158,0.594782,99152.966130,0.714286,3.0
cem_linear_raw,cem_linear,continuous,53,159,0.562668,98903.850527,0.732919,2.9
cem_linear_raw,cem_linear,continuous,53,160,0.556710,118578.787813,0.719462,3.0
cem_linear_raw,cem_linear,continuous,53,161,0.614765,144491.660876,0.660455,2.9
cem_linear_raw,cem_linear,continuous,53,162,0.560030,101190.218230,0.724638,2.9
cem_linear_raw,cem_linear,continuous,53,163,0.573313,95660.876003,0.717391,2.9
cem_linear_raw,cem_linear,continuous,53,164,0.553860,96342.321327,0.737060,3.0
cem_linear_raw,cem_linear,continuous,53,165,0.548174,93806.494645,0.742236,3.0
cem_linear_raw,cem_linear,continuous,53,166,0.561679,121561.844963,0.724638,3.0
cem_linear_raw,cem_linear,continuous,53,167,0.569021,94302.114946,0.718427,3.0
cem_linear_raw,cem_linear,continuous,53,168,0.538744,101534.612675,0.750518,3.0
cem_linear_raw,cem_linear,continuous,53,169,0.600574,155289.656978,0.692547,3.0
cem_linear_raw,cem_linear,continuous,53,170,0.575134,97758.458914,0.722567,3.0
cem_linear_raw,cem_linear,continuous,53,171,0.539996,86317.781853,0.743271,2.9
cem_linear_raw,cem_linear,continuous,53,172,0.563005,100044.962252,0.711180,3.0
cem_linear_raw,cem_linear,continuous,53,173,0.549061,102259.745576,0.743271,3.0
cem_linear_raw,cem_linear,continuous,53,174,0.560203,91470.662799,0.720497,2.9
cem_linear_raw,cem_linear,continuous,53,175,0.548960,82217.315800,0.731884,2.9
cem_linear_raw,cem_linear,continuous,53,176,0.542424,100686.940525,0.752588,3.0
cem_linear_raw,cem_linear,continuous,53,177,0.534863,89971.238807,0.748447,3.0
cem_linear_raw,cem_linear,continuous,53,178,0.570750,131132.808169,0.704969,3.0
cem_linear_raw,cem_linear,continuous,53,179,0.567500,105755.902352,0.716356,2.9
cem_linear_raw,cem_linear,continuous,53,180,0.538196,77528.516838,0.731884,3.0
cem_linear_raw,cem_linear,continuous,53,181,0.530068,82446.832246,0.739130,3.0
cem_linear_raw,cem_linear,continuous,53,182,0.560428,77664.394507,0.730849,3.0
cem_linear_raw,cem_linear,continuous,53,183,0.534477,113882.581635,0.746377,3.0
cem_linear_raw,cem_linear,continuous,53,184,0.525610,97504.280378,0.759834,3.0
cem_linear_raw,cem_linear,continuous,53,185,0.565205,100640.196210,0.713251,3.0
cem_linear_raw,cem_linear,continuous,53,186,0.553664,95241.365408,0.741201,3.0
cem_linear_raw,cem_linear,continuous,53,187,0.540100,78040.327280,0.743271,3.0
cem_linear_raw,cem_linear,continuous,53,188,0.559181,88403.331860,0.720497,2.9
cem_linear_raw,cem_linear,continuous,53,189,0.540015,99909.595456,0.736025,3.0
cem_linear_raw,cem_linear,continuous,53,190,0.571378,110113.549730,0.725673,2.9
cem_linear_raw,cem_linear,continuous,53,191,0.544431,84455.374173,0.746377,3.0
cem_linear_raw,cem_linear,continuous,53,192,0.555058,93496.994549,0.720497,3.0
cem_linear_raw,cem_linear,continuous,53,193,0.544608,101190.048945,0.737060,2.9
cem_linear_raw,cem_linear,continuous,53,194,0.546137,87422.421996,0.741201,2.9
cem_linear_raw,cem_linear,continuous,53,195,0.543772,108611.426877,0.722567,3.0
cem_linear_raw,cem_linear,continuous,53,196,0.551295,81007.821044,0.739130,3.0
cem_linear_raw,cem_linear,continuous,53,197,0.566689,95952.514143,0.719462,3.0
cem_linear_raw,cem_linear,continuous,53,198,0.520652,77476.163360,0.736025,2.9
cem_linear_raw,cem_linear,continuous,53,199,0.520298,97111.920953,0.756729,3.0
cem_linear_raw,cem_linear,continuous,53,200,0.529642,101258.926873,0.750518,2.9
cem_linear_raw,cem_linear,continuous,53,201,0.558904,104765.956938,0.737060,3.0
cem_linear_raw,cem_linear,continuous,53,202,0.535341,98192.650945,0.737060,3.0
cem_linear_raw,cem_linear,continuous,53,203,0.527349,78428.328174,0.757764,2.9
cem_linear_raw,cem_linear,continuous,53,204,0.549946,102084.640415,0.723602,3.0
cem_linear_raw,cem_linear,continuous,53,205,0.531470,83580.364122,0.750518,2.9
cem_linear_raw,cem_linear,continuous,53,206,0.551779,92421.894248,0.719462,3.0
cem_linear_raw,cem_linear,continuous,53,207,0.533327,87723.827413,0.758799,3.0
cem_linear_raw,cem_linear,continuous,53,208,0.524732,90060.390924,0.749482,3.0
cem_linear_raw,cem_linear,continuous,53,209,0.539789,111776.648478,0.749482,3.0
cem_linear_raw,cem_linear,continuous,53,210,0.556642,92051.334498,0.715321,3.0
cem_linear_raw,cem_linear,continuous,53,211,0.560228,89020.547412,0.714286,3.0
cem_linear_raw,cem_linear,continuous,53,212,0.539910,119489.796115,0.725673,3.0
cem_linear_raw,cem_linear,continuous,53,213,0.513504,90537.242220,0.749482,3.0
cem_linear_raw,cem_linear,continuous,53,214,0.539796,96697.837110,0.749482,2.9
cem_linear_raw,cem_linear,continuous,53,215,0.561213,80844.627232,0.726708,3.0
cem_linear_raw,cem_linear,continuous,53,216,0.540629,83432.321724,0.737060,3.0
cem_linear_raw,cem_linear,continuous,53,217,0.531008,76241.489470,0.756729,3.0
cem_linear_raw,cem_linear,continuous,53,218,0.561407,114287.730327,0.717391,3.0
cem_linear_raw,cem_linear,continuous,53,219,0.551751,93131.125756,0.728778,3.0
cem_linear_raw,cem_linear,continuous,53,220,0.544578,88811.798499,0.728778,3.0
cem_linear_raw,cem_linear,continuous,53,221,0.528963,82419.569484,0.752588,3.0
cem_linear_raw,cem_linear,continuous,53,222,0.535664,85748.214098,0.741201,2.9
cem_linear_raw,cem_linear,continuous,53,223,0.516625,70537.079271,0.772257,3.0
cem_linear_raw,cem_linear,continuous,53,224,0.519716,90385.406513,0.763975,2.9
cem_linear_raw,cem_linear,continuous,53,225,0.544229,95160.233865,0.755694,3.0
cem_linear_raw,cem_linear,continuous,53,226,0.521633,71608.001647,0.756729,3.0
cem_linear_raw,cem_linear,continuous,53,227,0.532900,98795.118805,0.741201,3.0
cem_linear_raw,cem_linear,continuous,53,228,0.509652,78806.790482,0.775362,2.9
cem_linear_raw,cem_linear,continuous,53,229,0.539346,101741.034457,0.751553,2.9
cem_linear_raw,cem_linear,continuous,53,230,0.545500,112685.413294,0.722567,3.0
cem_linear_raw,cem_linear,continuous,53,231,0.548637,93177.796710,0.728778,2.9
cem_linear_raw,cem_linear,continuous,53,232,0.541577,82581.375869,0.758799,2.9
cem_linear_raw,cem_linear,continuous,53,233,0.533240,108285.810822,0.753623,3.0
cem_linear_raw,cem_linear,continuous,53,234,0.498503,81707.038697,0.763975,3.0
cem_linear_raw,cem_linear,continuous,53,235,0.517223,80940.755774,0.737060,3.0
cem_linear_raw,cem_linear,continuous,53,236,0.538173,90227.215851,0.730849,3.0
cem_linear_raw,cem_linear,continuous,53,237,0.539945,79675.626828,0.740166,2.9
cem_linear_raw,cem_linear,continuous,53,238,0.504665,80132.175150,0.781573,3.0
cem_linear_raw,cem_linear,continuous,53,239,0.554061,107905.948725,0.725673,3.0
cem_linear_raw,cem_linear,continuous,53,240,0.519068,86852.980194,0.768116,3.0
cem_linear_raw,cem_linear,continuous,53,241,0.537806,106352.507978,0.728778,3.0
cem_linear_raw,cem_linear,continuous,53,242,0.551378,61591.259809,0.755694,3.0
cem_linear_raw,cem_linear,continuous,53,243,0.511828,83815.912607,0.768116,2.9
cem_linear_raw,cem_linear,continuous,53,244,0.553569,90869.318201,0.737060,2.9
cem_linear_raw,cem_linear,continuous,53,245,0.524294,96651.830032,0.750518,3.0
cem_linear_raw,cem_linear,continuous,53,246,0.542269,79349.392311,0.733954,3.0
cem_linear_raw,cem_linear,continuous,53,247,0.507224,79482.326346,0.765010,2.9
cem_linear_raw,cem_linear,continuous,53,248,0.512251,78725.474492,0.752588,3.0
cem_linear_raw,cem_linear,continuous,53,249,0.519334,86974.616019,0.745342,2.9
cem_linear_raw,cem_linear,continuous,53,250,0.494351,82192.871983,0.755694,3.0
cem_linear_raw,cem_linear,continuous,54,1,0.684127,629692.082289,0.559701,2.9
cem_linear_raw,cem_linear,continuous,54,2,0.690713,525724.480677,0.518124,2.9
cem_linear_raw,cem_linear,continuous,54,3,0.691528,513282.321512,0.543710,2.9
cem_linear_raw,cem_linear,continuous,54,4,0.683181,500813.863273,0.544776,2.9
cem_linear_raw,cem_linear,continuous,54,5,0.687537,498126.357209,0.533049,2.9
cem_linear_raw,cem_linear,continuous,54,6,0.687886,488208.976163,0.523454,2.9
cem_linear_raw,cem_linear,continuous,54,7,0.695356,485123.151569,0.519190,2.9
cem_linear_raw,cem_linear,continuous,54,8,0.692999,484922.824227,0.492537,2.9
cem_linear_raw,cem_linear,continuous,54,9,0.686577,479759.472681,0.522388,2.9
cem_linear_raw,cem_linear,continuous,54,10,0.691982,485646.010928,0.528785,2.8
cem_linear_raw,cem_linear,continuous,54,11,0.688524,483921.668843,0.519190,2.8
cem_linear_raw,cem_linear,continuous,54,12,0.680977,478107.037713,0.545842,2.9
cem_linear_raw,cem_linear,continuous,54,13,0.685748,468997.040445,0.552239,2.9
cem_linear_raw,cem_linear,continuous,54,14,0.692754,460771.931137,0.526652,2.9
cem_linear_raw,cem_linear,continuous,54,15,0.684835,454100.542644,0.513859,2.9
cem_linear_raw,cem_linear,continuous,54,16,0.684655,464101.873001,0.524520,2.9
cem_linear_raw,cem_linear,continuous,54,17,0.673334,459805.798991,0.566098,7.2
cem_linear_raw,cem_linear,continuous,54,18,0.690323,441097.093817,0.522388,3.6
cem_linear_raw,cem_linear,continuous,54,19,0.679948,446237.933935,0.544776,2.9
cem_linear_raw,cem_linear,continuous,54,20,0.683078,435352.718417,0.534115,2.9
cem_linear_raw,cem_linear,continuous,54,21,0.681272,442654.478045,0.562900,2.9
cem_linear_raw,cem_linear,continuous,54,22,0.679104,447561.305004,0.559701,2.9
cem_linear_raw,cem_linear,continuous,54,23,0.688185,425044.681220,0.554371,2.9
cem_linear_raw,cem_linear,continuous,54,24,0.687986,424091.951376,0.527719,2.9
cem_linear_raw,cem_linear,continuous,54,25,0.682245,413995.075826,0.551173,2.9
cem_linear_raw,cem_linear,continuous,54,26,0.679719,426016.102812,0.534115,2.9
cem_linear_raw,cem_linear,continuous,54,27,0.678353,418555.859308,0.561834,2.9
cem_linear_raw,cem_linear,continuous,54,28,0.678740,423114.891358,0.560768,2.9
cem_linear_raw,cem_linear,continuous,54,29,0.683476,398116.404917,0.558635,2.9
cem_linear_raw,cem_linear,continuous,54,30,0.683520,414664.134795,0.572495,2.9
cem_linear_raw,cem_linear,continuous,54,31,0.673030,408625.576626,0.583156,2.9
cem_linear_raw,cem_linear,continuous,54,32,0.683503,389841.741338,0.558635,2.9
cem_linear_raw,cem_linear,continuous,54,33,0.663394,366408.397321,0.603412,2.9
cem_linear_raw,cem_linear,continuous,54,34,0.666692,374024.778951,0.592751,2.9
cem_linear_raw,cem_linear,continuous,54,35,0.664504,347308.220366,0.614072,2.9
cem_linear_raw,cem_linear,continuous,54,36,0.665655,343502.432170,0.613006,2.9
cem_linear_raw,cem_linear,continuous,54,37,0.650427,322393.945962,0.617271,2.9
cem_linear_raw,cem_linear,continuous,54,38,0.645586,287907.912747,0.666311,2.9
cem_linear_raw,cem_linear,continuous,54,39,0.634089,308666.319113,0.678038,2.9
cem_linear_raw,cem_linear,continuous,54,40,0.632159,294442.732468,0.653518,2.8
cem_linear_raw,cem_linear,continuous,54,41,0.645572,272420.258462,0.638593,2.9
cem_linear_raw,cem_linear,continuous,54,42,0.644447,235786.680171,0.644989,2.9
cem_linear_raw,cem_linear,continuous,54,43,0.616576,219227.557919,0.668443,2.9
cem_linear_raw,cem_linear,continuous,54,44,0.624232,239181.262535,0.660981,2.9
cem_linear_raw,cem_linear,continuous,54,45,0.644294,228418.901036,0.649254,2.9
cem_linear_raw,cem_linear,continuous,54,46,0.626345,213243.502232,0.667377,2.9
cem_linear_raw,cem_linear,continuous,54,47,0.638484,222267.907649,0.647122,2.9
cem_linear_raw,cem_linear,continuous,54,48,0.618463,194640.430904,0.687633,2.9
cem_linear_raw,cem_linear,continuous,54,49,0.627506,165842.635761,0.667377,2.9
cem_linear_raw,cem_linear,continuous,54,50,0.616911,199468.433510,0.675906,2.8
cem_linear_raw,cem_linear,continuous,54,51,0.628647,191981.706490,0.672708,2.9
cem_linear_raw,cem_linear,continuous,54,52,0.635730,204223.114972,0.651386,2.9
cem_linear_raw,cem_linear,continuous,54,53,0.617480,196634.253223,0.680171,2.9
cem_linear_raw,cem_linear,continuous,54,54,0.623798,243816.830957,0.669510,2.9
cem_linear_raw,cem_linear,continuous,54,55,0.609746,160218.921375,0.678038,2.9
cem_linear_raw,cem_linear,continuous,54,56,0.606255,160860.993903,0.696162,2.9
cem_linear_raw,cem_linear,continuous,54,57,0.605813,156848.100896,0.686567,2.9
cem_linear_raw,cem_linear,continuous,54,58,0.626804,165636.746544,0.676972,2.9
cem_linear_raw,cem_linear,continuous,54,59,0.591944,162597.282349,0.692964,2.9
cem_linear_raw,cem_linear,continuous,54,60,0.610319,150161.143886,0.680171,2.9
cem_linear_raw,cem_linear,continuous,54,61,0.602534,185484.415662,0.682303,2.9
cem_linear_raw,cem_linear,continuous,54,62,0.622728,151994.405350,0.660981,2.9
cem_linear_raw,cem_linear,continuous,54,63,0.595342,158382.501993,0.686567,2.9
cem_linear_raw,cem_linear,continuous,54,64,0.603242,164296.782050,0.678038,2.9
cem_linear_raw,cem_linear,continuous,54,65,0.598292,171740.479744,0.680171,2.9
cem_linear_raw,cem_linear,continuous,54,66,0.605005,169990.444571,0.699360,2.8
cem_linear_raw,cem_linear,continuous,54,67,0.601239,154840.806970,0.689765,2.9
cem_linear_raw,cem_linear,continuous,54,68,0.607222,159117.554538,0.683369,2.9
cem_linear_raw,cem_linear,continuous,54,69,0.606894,144428.703358,0.689765,2.9
cem_linear_raw,cem_linear,continuous,54,70,0.595074,150811.316236,0.704691,2.9
cem_linear_raw,cem_linear,continuous,54,71,0.591112,166010.414512,0.696162,2.9
cem_linear_raw,cem_linear,continuous,54,72,0.594128,160450.954799,0.699360,2.8
cem_linear_raw,cem_linear,continuous,54,73,0.597103,150772.434985,0.687633,2.9
cem_linear_raw,cem_linear,continuous,54,74,0.598005,148840.143890,0.686567,2.9
cem_linear_raw,cem_linear,continuous,54,75,0.606093,162655.729186,0.691898,2.9
cem_linear_raw,cem_linear,continuous,54,76,0.628814,152518.262010,0.660981,2.9
cem_linear_raw,cem_linear,continuous,54,77,0.605516,143328.035439,0.686567,2.9
cem_linear_raw,cem_linear,continuous,54,78,0.597359,161686.571928,0.687633,2.9
cem_linear_raw,cem_linear,continuous,54,79,0.617461,154535.693430,0.680171,2.9
cem_linear_raw,cem_linear,continuous,54,80,0.593586,141999.552372,0.698294,2.9
cem_linear_raw,cem_linear,continuous,54,81,0.596554,145087.384861,0.698294,2.9
cem_linear_raw,cem_linear,continuous,54,82,0.580428,139313.518174,0.708955,2.9
cem_linear_raw,cem_linear,continuous,54,83,0.604020,112705.972098,0.690832,2.9
cem_linear_raw,cem_linear,continuous,54,84,0.576950,150175.909148,0.712154,2.9
cem_linear_raw,cem_linear,continuous,54,85,0.597377,135611.883062,0.688699,2.9
cem_linear_raw,cem_linear,continuous,54,86,0.595533,178203.457956,0.692964,2.9
cem_linear_raw,cem_linear,continuous,54,87,0.603043,145368.250183,0.696162,2.9
cem_linear_raw,cem_linear,continuous,54,88,0.586643,114406.629914,0.706823,2.9
cem_linear_raw,cem_linear,continuous,54,89,0.582936,142073.945063,0.705757,2.9
cem_linear_raw,cem_linear,continuous,54,90,0.595615,154467.882912,0.692964,2.9
cem_linear_raw,cem_linear,continuous,54,91,0.589298,118797.003656,0.690832,2.9
cem_linear_raw,cem_linear,continuous,54,92,0.591698,145045.747368,0.695096,2.9
cem_linear_raw,cem_linear,continuous,54,93,0.593808,122508.700801,0.685501,2.9
cem_linear_raw,cem_linear,continuous,54,94,0.597227,153364.775528,0.694030,2.9
cem_linear_raw,cem_linear,continuous,54,95,0.603586,138496.032033,0.687633,2.9
cem_linear_raw,cem_linear,continuous,54,96,0.613815,173251.658540,0.676972,2.9
cem_linear_raw,cem_linear,continuous,54,97,0.583102,148037.924923,0.718550,2.9
cem_linear_raw,cem_linear,continuous,54,98,0.587115,114043.583864,0.712154,2.9
cem_linear_raw,cem_linear,continuous,54,99,0.588444,122325.060251,0.700426,2.9
cem_linear_raw,cem_linear,continuous,54,100,0.593357,141234.590918,0.697228,2.9
cem_linear_raw,cem_linear,continuous,54,101,0.590496,127949.154905,0.692964,2.9
cem_linear_raw,cem_linear,continuous,54,102,0.592121,133142.508437,0.711087,2.9
cem_linear_raw,cem_linear,continuous,54,103,0.574504,114490.345732,0.722814,2.9
cem_linear_raw,cem_linear,continuous,54,104,0.590400,129821.806986,0.697228,2.9
cem_linear_raw,cem_linear,continuous,54,105,0.572234,133367.217950,0.717484,2.9
cem_linear_raw,cem_linear,continuous,54,106,0.568895,116243.978362,0.716418,2.9
cem_linear_raw,cem_linear,continuous,54,107,0.562069,114734.717559,0.722814,2.9
cem_linear_raw,cem_linear,continuous,54,108,0.612408,120180.161147,0.672708,2.9
cem_linear_raw,cem_linear,continuous,54,109,0.566727,110244.984625,0.730277,2.9
cem_linear_raw,cem_linear,continuous,54,110,0.599862,136528.725288,0.702559,2.9
cem_linear_raw,cem_linear,continuous,54,111,0.591917,132497.831365,0.708955,2.9
cem_linear_raw,cem_linear,continuous,54,112,0.585493,126594.868545,0.708955,2.9
cem_linear_raw,cem_linear,continuous,54,113,0.609036,143008.521355,0.689765,2.9
cem_linear_raw,cem_linear,continuous,54,114,0.622780,186991.749400,0.669510,2.9
cem_linear_raw,cem_linear,continuous,54,115,0.590205,136841.144502,0.698294,2.9
cem_linear_raw,cem_linear,continuous,54,116,0.579778,106659.781383,0.708955,2.9
cem_linear_raw,cem_linear,continuous,54,117,0.584868,123353.134778,0.707889,2.9
cem_linear_raw,cem_linear,continuous,54,118,0.583323,116217.409923,0.707889,2.9
cem_linear_raw,cem_linear,continuous,54,119,0.591482,145283.473306,0.694030,2.9
cem_linear_raw,cem_linear,continuous,54,120,0.582216,109976.422525,0.712154,3.0
cem_linear_raw,cem_linear,continuous,54,121,0.563748,116250.749034,0.728145,2.9
cem_linear_raw,cem_linear,continuous,54,122,0.601038,126826.978378,0.695096,3.0
cem_linear_raw,cem_linear,continuous,54,123,0.586064,126040.503315,0.707889,2.9
cem_linear_raw,cem_linear,continuous,54,124,0.567405,113258.773446,0.731343,2.9
cem_linear_raw,cem_linear,continuous,54,125,0.560483,109083.749149,0.729211,2.9
cem_linear_raw,cem_linear,continuous,54,126,0.591325,119287.241948,0.705757,2.9
cem_linear_raw,cem_linear,continuous,54,127,0.582217,115170.664469,0.718550,2.9
cem_linear_raw,cem_linear,continuous,54,128,0.585193,107125.026436,0.700426,2.9
cem_linear_raw,cem_linear,continuous,54,129,0.559763,99786.786439,0.717484,2.9
cem_linear_raw,cem_linear,continuous,54,130,0.580247,120333.191448,0.706823,2.9
cem_linear_raw,cem_linear,continuous,54,131,0.564626,112119.356743,0.730277,2.9
cem_linear_raw,cem_linear,continuous,54,132,0.583211,113612.672008,0.707889,2.9
cem_linear_raw,cem_linear,continuous,54,133,0.592967,132772.938899,0.686567,2.9
cem_linear_raw,cem_linear,continuous,54,134,0.557766,118849.913271,0.738806,2.9
cem_linear_raw,cem_linear,continuous,54,135,0.557879,149290.073615,0.735608,2.9
cem_linear_raw,cem_linear,continuous,54,136,0.573520,99862.424365,0.704691,2.9
cem_linear_raw,cem_linear,continuous,54,137,0.574657,124369.205224,0.702559,2.9
cem_linear_raw,cem_linear,continuous,54,138,0.574593,105038.631513,0.729211,2.9
cem_linear_raw,cem_linear,continuous,54,139,0.581741,120511.702584,0.715352,2.9
cem_linear_raw,cem_linear,continuous,54,140,0.574487,119587.045984,0.710021,2.9
cem_linear_raw,cem_linear,continuous,54,141,0.570817,113302.452817,0.720682,2.9
cem_linear_raw,cem_linear,continuous,54,142,0.571409,130404.577409,0.720682,2.9
cem_linear_raw,cem_linear,continuous,54,143,0.575106,100028.110243,0.700426,2.9
cem_linear_raw,cem_linear,continuous,54,144,0.566819,98313.270964,0.732409,2.9
cem_linear_raw,cem_linear,continuous,54,145,0.546158,114159.617442,0.738806,2.9
cem_linear_raw,cem_linear,continuous,54,146,0.575389,113128.080378,0.721748,2.9
cem_linear_raw,cem_linear,continuous,54,147,0.579044,111505.717043,0.706823,2.9
cem_linear_raw,cem_linear,continuous,54,148,0.557588,117740.753969,0.724947,2.9
cem_linear_raw,cem_linear,continuous,54,149,0.569582,113670.586508,0.721748,2.9
cem_linear_raw,cem_linear,continuous,54,150,0.529353,131374.975648,0.751599,2.9
cem_linear_raw,cem_linear,continuous,54,151,0.605762,179191.585038,0.685501,2.9
cem_linear_raw,cem_linear,continuous,54,152,0.576342,98132.819038,0.723881,2.9
cem_linear_raw,cem_linear,continuous,54,153,0.565659,108565.045542,0.724947,2.9
cem_linear_raw,cem_linear,continuous,54,154,0.559155,113046.548455,0.713220,2.9
cem_linear_raw,cem_linear,continuous,54,155,0.549164,96561.410789,0.728145,2.9
cem_linear_raw,cem_linear,continuous,54,156,0.554144,103669.312084,0.733475,2.9
cem_linear_raw,cem_linear,continuous,54,157,0.536850,104661.442993,0.738806,2.9
cem_linear_raw,cem_linear,continuous,54,158,0.564746,108422.578175,0.723881,2.9
cem_linear_raw,cem_linear,continuous,54,159,0.568525,97556.934560,0.727079,2.9
cem_linear_raw,cem_linear,continuous,54,160,0.561725,92420.257404,0.742004,2.9
cem_linear_raw,cem_linear,continuous,54,161,0.548916,91651.302647,0.740938,2.9
cem_linear_raw,cem_linear,continuous,54,162,0.557545,103780.455107,0.740938,2.9
cem_linear_raw,cem_linear,continuous,54,163,0.570950,108896.725821,0.718550,2.9
cem_linear_raw,cem_linear,continuous,54,164,0.538716,101668.986316,0.732409,2.9
cem_linear_raw,cem_linear,continuous,54,165,0.547310,114811.581779,0.746269,2.9
cem_linear_raw,cem_linear,continuous,54,166,0.561254,100100.184515,0.732409,2.9
cem_linear_raw,cem_linear,continuous,54,167,0.558105,104518.167811,0.737740,2.9
cem_linear_raw,cem_linear,continuous,54,168,0.559227,120183.705532,0.735608,2.9
cem_linear_raw,cem_linear,continuous,54,169,0.555028,116579.503498,0.730277,2.9
cem_linear_raw,cem_linear,continuous,54,170,0.566112,131537.429658,0.712154,2.9
cem_linear_raw,cem_linear,continuous,54,171,0.556678,95371.747047,0.728145,2.9
cem_linear_raw,cem_linear,continuous,54,172,0.561856,106814.179038,0.721748,2.9
cem_linear_raw,cem_linear,continuous,54,173,0.564971,89143.192797,0.721748,2.9
cem_linear_raw,cem_linear,continuous,54,174,0.547587,92742.412330,0.739872,2.9
cem_linear_raw,cem_linear,continuous,54,175,0.556345,94995.786689,0.733475,2.9
cem_linear_raw,cem_linear,continuous,54,176,0.550126,136446.636536,0.744136,2.9
cem_linear_raw,cem_linear,continuous,54,177,0.555267,107486.144856,0.739872,2.9
cem_linear_raw,cem_linear,continuous,54,178,0.575651,102748.481643,0.715352,2.9
cem_linear_raw,cem_linear,continuous,54,179,0.578231,95813.209505,0.722814,4.0
cem_linear_raw,cem_linear,continuous,54,180,0.563777,105373.239331,0.730277,2.9
cem_linear_raw,cem_linear,continuous,54,181,0.557706,91902.413521,0.727079,2.9
cem_linear_raw,cem_linear,continuous,54,182,0.543292,105079.048874,0.739872,2.9
cem_linear_raw,cem_linear,continuous,54,183,0.553462,105420.219075,0.742004,2.9
cem_linear_raw,cem_linear,continuous,54,184,0.559308,89171.415768,0.729211,2.9
cem_linear_raw,cem_linear,continuous,54,185,0.548858,90369.230219,0.743070,2.9
cem_linear_raw,cem_linear,continuous,54,186,0.568032,87591.183804,0.722814,2.9
cem_linear_raw,cem_linear,continuous,54,187,0.552078,98691.394548,0.734542,2.9
cem_linear_raw,cem_linear,continuous,54,188,0.557216,108830.911064,0.746269,2.9
cem_linear_raw,cem_linear,continuous,54,189,0.542414,94408.284298,0.748401,2.9
cem_linear_raw,cem_linear,continuous,54,190,0.542231,93922.124441,0.740938,2.9
cem_linear_raw,cem_linear,continuous,54,191,0.537485,114208.400066,0.747335,2.9
cem_linear_raw,cem_linear,continuous,54,192,0.533565,83263.638026,0.755864,2.9
cem_linear_raw,cem_linear,continuous,54,193,0.530992,90509.787980,0.756930,2.9
cem_linear_raw,cem_linear,continuous,54,194,0.563612,100415.798453,0.722814,2.9
cem_linear_raw,cem_linear,continuous,54,195,0.551443,94261.546863,0.727079,2.9
cem_linear_raw,cem_linear,continuous,54,196,0.528829,106156.657258,0.740938,2.9
cem_linear_raw,cem_linear,continuous,54,197,0.538633,88652.573586,0.742004,2.9
cem_linear_raw,cem_linear,continuous,54,198,0.549954,90846.973414,0.721748,2.9
cem_linear_raw,cem_linear,continuous,54,199,0.547824,110923.943713,0.740938,3.7
cem_linear_raw,cem_linear,continuous,54,200,0.562972,80495.136952,0.730277,2.9
cem_linear_raw,cem_linear,continuous,54,201,0.543039,84513.772771,0.736674,2.9
cem_linear_raw,cem_linear,continuous,54,202,0.527927,91749.217871,0.756930,2.9
cem_linear_raw,cem_linear,continuous,54,203,0.534064,105731.103870,0.744136,2.9
cem_linear_raw,cem_linear,continuous,54,204,0.538922,87285.745019,0.740938,2.9
cem_linear_raw,cem_linear,continuous,54,205,0.546433,145857.961487,0.739872,2.9
cem_linear_raw,cem_linear,continuous,54,206,0.581951,106565.108892,0.728145,2.9
cem_linear_raw,cem_linear,continuous,54,207,0.540792,107727.444430,0.739872,2.9
cem_linear_raw,cem_linear,continuous,54,208,0.538215,70930.338898,0.730277,2.9
cem_linear_raw,cem_linear,continuous,54,209,0.563559,96067.874134,0.729211,2.9
cem_linear_raw,cem_linear,continuous,54,210,0.552389,89470.497318,0.726013,2.9
cem_linear_raw,cem_linear,continuous,54,211,0.547752,118814.157733,0.745203,2.9
cem_linear_raw,cem_linear,continuous,54,212,0.534812,102603.607513,0.744136,2.9
cem_linear_raw,cem_linear,continuous,54,213,0.545691,89368.215044,0.732409,2.9
cem_linear_raw,cem_linear,continuous,54,214,0.544577,91703.607526,0.745203,2.9
cem_linear_raw,cem_linear,continuous,54,215,0.550980,112858.277683,0.736674,2.9
cem_linear_raw,cem_linear,continuous,54,216,0.527492,89795.671194,0.760128,2.9
cem_linear_raw,cem_linear,continuous,54,217,0.550998,82205.495661,0.726013,2.9
cem_linear_raw,cem_linear,continuous,54,218,0.557490,78501.979161,0.718550,2.9
cem_linear_raw,cem_linear,continuous,54,219,0.545672,89121.078841,0.738806,2.9
cem_linear_raw,cem_linear,continuous,54,220,0.553605,125378.533565,0.733475,2.9
cem_linear_raw,cem_linear,continuous,54,221,0.551075,113091.898129,0.737740,2.9
cem_linear_raw,cem_linear,continuous,54,222,0.528393,96377.502790,0.750533,2.9
cem_linear_raw,cem_linear,continuous,54,223,0.551141,106210.492435,0.730277,2.9
cem_linear_raw,cem_linear,continuous,54,224,0.533881,108028.965052,0.745203,2.9
cem_linear_raw,cem_linear,continuous,54,225,0.541167,81708.977021,0.757996,2.9
cem_linear_raw,cem_linear,continuous,54,226,0.543240,91598.507887,0.757996,2.9
cem_linear_raw,cem_linear,continuous,54,227,0.535674,112411.195227,0.738806,2.9
cem_linear_raw,cem_linear,continuous,54,228,0.525623,108159.578550,0.732409,2.9
cem_linear_raw,cem_linear,continuous,54,229,0.547211,94423.544593,0.736674,2.9
cem_linear_raw,cem_linear,continuous,54,230,0.547555,92856.396472,0.746269,2.9
cem_linear_raw,cem_linear,continuous,54,231,0.529778,97372.968642,0.751599,2.9
cem_linear_raw,cem_linear,continuous,54,232,0.535660,88858.779632,0.733475,2.9
cem_linear_raw,cem_linear,continuous,54,233,0.530496,107872.913677,0.763326,2.9
cem_linear_raw,cem_linear,continuous,54,234,0.529953,90446.368118,0.746269,2.9
cem_linear_raw,cem_linear,continuous,54,235,0.551482,100748.474130,0.738806,2.9
cem_linear_raw,cem_linear,continuous,54,236,0.552400,102063.031508,0.740938,2.9
cem_linear_raw,cem_linear,continuous,54,237,0.510587,86883.133675,0.782516,2.9
cem_linear_raw,cem_linear,continuous,54,238,0.525227,76968.274279,0.749467,2.9
cem_linear_raw,cem_linear,continuous,54,239,0.522451,77120.972881,0.756930,2.9
cem_linear_raw,cem_linear,continuous,54,240,0.557840,104000.417794,0.743070,2.9
cem_linear_raw,cem_linear,continuous,54,241,0.521440,103337.124492,0.740938,2.9
cem_linear_raw,cem_linear,continuous,54,242,0.542212,117770.368187,0.746269,2.9
cem_linear_raw,cem_linear,continuous,54,243,0.538962,88116.495881,0.746269,2.9
cem_linear_raw,cem_linear,continuous,54,244,0.532501,92284.397805,0.757996,2.9
cem_linear_raw,cem_linear,continuous,54,245,0.523670,74494.392569,0.757996,2.9
cem_linear_raw,cem_linear,continuous,54,246,0.526795,91207.243270,0.740938,2.9
cem_linear_raw,cem_linear,continuous,54,247,0.511942,98884.986101,0.764392,2.9
cem_linear_raw,cem_linear,continuous,54,248,0.556695,137335.795417,0.743070,2.9
cem_linear_raw,cem_linear,continuous,54,249,0.528163,94278.084272,0.754797,2.9
cem_linear_raw,cem_linear,continuous,54,250,0.531543,88967.566723,0.749467,2.9
cem_linear_raw,cem_linear,continuous,55,1,0.725238,541469.364702,0.486170,2.9
cem_linear_raw,cem_linear,continuous,55,2,0.691051,455668.599535,0.539362,2.9
cem_linear_raw,cem_linear,continuous,55,3,0.697054,441651.639378,0.507447,2.9
cem_linear_raw,cem_linear,continuous,55,4,0.691796,438163.614495,0.538298,2.9
cem_linear_raw,cem_linear,continuous,55,5,0.690222,429166.276928,0.517021,2.9
cem_linear_raw,cem_linear,continuous,55,6,0.691296,433955.916822,0.558511,2.9
cem_linear_raw,cem_linear,continuous,55,7,0.680450,428703.217221,0.550000,2.9
cem_linear_raw,cem_linear,continuous,55,8,0.684869,424558.310306,0.545745,2.9
cem_linear_raw,cem_linear,continuous,55,9,0.687184,425176.429521,0.550000,2.9
cem_linear_raw,cem_linear,continuous,55,10,0.687227,419675.939362,0.538298,2.9
cem_linear_raw,cem_linear,continuous,55,11,0.679478,418827.903424,0.555319,2.9
cem_linear_raw,cem_linear,continuous,55,12,0.711498,419421.080186,0.512766,2.9
cem_linear_raw,cem_linear,continuous,55,13,0.683809,406062.270246,0.546809,2.9
cem_linear_raw,cem_linear,continuous,55,14,0.685925,410035.197939,0.555319,2.9
cem_linear_raw,cem_linear,continuous,55,15,0.682300,416329.432247,0.545745,2.9
cem_linear_raw,cem_linear,continuous,55,16,0.687800,402670.085306,0.521277,2.9
cem_linear_raw,cem_linear,continuous,55,17,0.690658,395951.526562,0.538298,2.9
cem_linear_raw,cem_linear,continuous,55,18,0.688891,395951.699451,0.540426,2.9
cem_linear_raw,cem_linear,continuous,55,19,0.680969,403059.411569,0.563830,2.9
cem_linear_raw,cem_linear,continuous,55,20,0.686821,390710.763165,0.522340,2.9
cem_linear_raw,cem_linear,continuous,55,21,0.685676,398475.854721,0.538298,2.9
cem_linear_raw,cem_linear,continuous,55,22,0.674815,386569.249501,0.569149,2.9
cem_linear_raw,cem_linear,continuous,55,23,0.678087,376452.411769,0.577660,2.9
cem_linear_raw,cem_linear,continuous,55,24,0.673484,383190.192154,0.575532,2.9
cem_linear_raw,cem_linear,continuous,55,25,0.693531,371880.419182,0.541489,2.9
cem_linear_raw,cem_linear,continuous,55,26,0.667204,359317.573072,0.597872,2.9
cem_linear_raw,cem_linear,continuous,55,27,0.650120,360878.419747,0.631915,2.9
cem_linear_raw,cem_linear,continuous,55,28,0.671430,366543.856582,0.582979,2.9
cem_linear_raw,cem_linear,continuous,55,29,0.651141,328537.814694,0.626596,2.9
cem_linear_raw,cem_linear,continuous,55,30,0.657921,332865.484176,0.622340,2.9
cem_linear_raw,cem_linear,continuous,55,31,0.674778,366487.157779,0.596809,2.9
cem_linear_raw,cem_linear,continuous,55,32,0.677168,318892.870612,0.589362,2.9
cem_linear_raw,cem_linear,continuous,55,33,0.669404,283186.875233,0.591489,2.9
cem_linear_raw,cem_linear,continuous,55,34,0.662296,294847.315525,0.605319,2.9
cem_linear_raw,cem_linear,continuous,55,35,0.683237,288882.724119,0.576596,2.9
cem_linear_raw,cem_linear,continuous,55,36,0.674286,303090.717653,0.581915,2.9
cem_linear_raw,cem_linear,continuous,55,37,0.653983,274441.421576,0.626596,2.9
cem_linear_raw,cem_linear,continuous,55,38,0.687410,261440.381632,0.560638,2.9
cem_linear_raw,cem_linear,continuous,55,39,0.675500,237307.720113,0.579787,2.9
cem_linear_raw,cem_linear,continuous,55,40,0.676114,251547.646144,0.584043,2.9
cem_linear_raw,cem_linear,continuous,55,41,0.678507,263696.577593,0.568085,2.9
cem_linear_raw,cem_linear,continuous,55,42,0.658743,220117.346277,0.640426,2.9
cem_linear_raw,cem_linear,continuous,55,43,0.663662,297528.304322,0.575532,2.9
cem_linear_raw,cem_linear,continuous,55,44,0.652357,209133.869781,0.611702,2.9
cem_linear_raw,cem_linear,continuous,55,45,0.653412,212478.596077,0.614894,2.9
cem_linear_raw,cem_linear,continuous,55,46,0.643607,219166.189179,0.629787,2.9
cem_linear_raw,cem_linear,continuous,55,47,0.632669,196013.736287,0.641489,2.9
cem_linear_raw,cem_linear,continuous,55,48,0.654563,220779.272640,0.602128,2.9
cem_linear_raw,cem_linear,continuous,55,49,0.647443,195377.471401,0.627660,2.9
cem_linear_raw,cem_linear,continuous,55,50,0.641750,199414.391290,0.640426,2.9
cem_linear_raw,cem_linear,continuous,55,51,0.648015,189532.774983,0.609574,2.9
cem_linear_raw,cem_linear,continuous,55,52,0.650942,159295.173853,0.619149,2.9
cem_linear_raw,cem_linear,continuous,55,53,0.642697,184392.688531,0.626596,2.9
cem_linear_raw,cem_linear,continuous,55,54,0.659545,197081.056832,0.601064,2.9
cem_linear_raw,cem_linear,continuous,55,55,0.637903,198803.425150,0.650000,2.9
cem_linear_raw,cem_linear,continuous,55,56,0.659790,197212.548263,0.617021,2.9
cem_linear_raw,cem_linear,continuous,55,57,0.638193,180761.747349,0.620213,2.9
cem_linear_raw,cem_linear,continuous,55,58,0.636770,172454.688198,0.642553,2.9
cem_linear_raw,cem_linear,continuous,55,59,0.628174,170254.097407,0.651064,2.9
cem_linear_raw,cem_linear,continuous,55,60,0.618734,183439.346526,0.671277,2.9
cem_linear_raw,cem_linear,continuous,55,61,0.623217,179041.679006,0.661702,2.9
cem_linear_raw,cem_linear,continuous,55,62,0.627913,160889.998861,0.661702,2.9
cem_linear_raw,cem_linear,continuous,55,63,0.626987,165271.885156,0.650000,2.8
cem_linear_raw,cem_linear,continuous,55,64,0.625280,137283.046443,0.646809,2.9
cem_linear_raw,cem_linear,continuous,55,65,0.627206,155364.653507,0.667021,2.9
cem_linear_raw,cem_linear,continuous,55,66,0.623191,139316.384774,0.648936,2.9
cem_linear_raw,cem_linear,continuous,55,67,0.608396,137348.055037,0.689362,2.9
cem_linear_raw,cem_linear,continuous,55,68,0.620038,173841.462666,0.661702,2.9
cem_linear_raw,cem_linear,continuous,55,69,0.631289,159507.352493,0.647872,2.9
cem_linear_raw,cem_linear,continuous,55,70,0.606746,154245.082779,0.660638,2.9
cem_linear_raw,cem_linear,continuous,55,71,0.628822,150805.939112,0.648936,2.9
cem_linear_raw,cem_linear,continuous,55,72,0.624801,160017.939254,0.663830,2.9
cem_linear_raw,cem_linear,continuous,55,73,0.617408,142794.280552,0.656383,2.9
cem_linear_raw,cem_linear,continuous,55,74,0.616382,133752.579222,0.679787,2.9
cem_linear_raw,cem_linear,continuous,55,75,0.624170,182345.882148,0.675532,2.9
cem_linear_raw,cem_linear,continuous,55,76,0.615388,133915.895213,0.665957,2.9
cem_linear_raw,cem_linear,continuous,55,77,0.613336,123421.974119,0.660638,2.9
cem_linear_raw,cem_linear,continuous,55,78,0.623665,134145.052045,0.659574,2.9
cem_linear_raw,cem_linear,continuous,55,79,0.613897,132184.002485,0.654255,2.9
cem_linear_raw,cem_linear,continuous,55,80,0.605210,152746.187151,0.667021,2.9
cem_linear_raw,cem_linear,continuous,55,81,0.607691,154550.171343,0.677660,2.9
cem_linear_raw,cem_linear,continuous,55,82,0.617262,132275.029363,0.687234,2.9
cem_linear_raw,cem_linear,continuous,55,83,0.630776,133728.435696,0.668085,2.9
cem_linear_raw,cem_linear,continuous,55,84,0.633367,161274.471908,0.641489,2.9
cem_linear_raw,cem_linear,continuous,55,85,0.598940,148439.253657,0.695745,2.9
cem_linear_raw,cem_linear,continuous,55,86,0.611333,120338.797989,0.658511,2.9
cem_linear_raw,cem_linear,continuous,55,87,0.618630,127063.759043,0.665957,2.9
cem_linear_raw,cem_linear,continuous,55,88,0.616908,120495.167104,0.668085,2.9
cem_linear_raw,cem_linear,continuous,55,89,0.605427,117277.082630,0.677660,2.9
cem_linear_raw,cem_linear,continuous,55,90,0.625683,127304.074651,0.656383,2.9
cem_linear_raw,cem_linear,continuous,55,91,0.613643,127381.660987,0.665957,2.9
cem_linear_raw,cem_linear,continuous,55,92,0.606028,144593.625648,0.675532,2.9
cem_linear_raw,cem_linear,continuous,55,93,0.616695,128156.715775,0.673404,2.9
cem_linear_raw,cem_linear,continuous,55,94,0.647494,143022.888348,0.619149,2.9
cem_linear_raw,cem_linear,continuous,55,95,0.595503,141148.203050,0.676596,2.9
cem_linear_raw,cem_linear,continuous,55,96,0.611582,113804.135480,0.674468,2.9
cem_linear_raw,cem_linear,continuous,55,97,0.602961,128210.214245,0.670213,2.9
cem_linear_raw,cem_linear,continuous,55,98,0.594661,131635.405236,0.673404,2.9
cem_linear_raw,cem_linear,continuous,55,99,0.587037,120482.067761,0.706383,2.9
cem_linear_raw,cem_linear,continuous,55,100,0.590193,124127.648172,0.680851,2.9
cem_linear_raw,cem_linear,continuous,55,101,0.616865,101489.793900,0.669149,2.9
cem_linear_raw,cem_linear,continuous,55,102,0.591294,124635.570192,0.692553,2.9
cem_linear_raw,cem_linear,continuous,55,103,0.594471,113164.669132,0.700000,2.9
cem_linear_raw,cem_linear,continuous,55,104,0.611205,115811.251130,0.665957,2.9
cem_linear_raw,cem_linear,continuous,55,105,0.600035,122807.432871,0.684043,2.9
cem_linear_raw,cem_linear,continuous,55,106,0.623677,137906.988896,0.652128,2.9
cem_linear_raw,cem_linear,continuous,55,107,0.603379,130006.085273,0.677660,2.9
cem_linear_raw,cem_linear,continuous,55,108,0.596471,94826.957414,0.691489,2.9
cem_linear_raw,cem_linear,continuous,55,109,0.605830,121921.987350,0.680851,2.9
cem_linear_raw,cem_linear,continuous,55,110,0.585555,128610.006134,0.703191,2.9
cem_linear_raw,cem_linear,continuous,55,111,0.591846,113844.653433,0.704255,2.9
cem_linear_raw,cem_linear,continuous,55,112,0.575226,100258.684824,0.692553,2.9
cem_linear_raw,cem_linear,continuous,55,113,0.596260,100530.717088,0.689362,2.9
cem_linear_raw,cem_linear,continuous,55,114,0.590882,99229.611773,0.688298,2.9
cem_linear_raw,cem_linear,continuous,55,115,0.595760,123615.390883,0.688298,2.9
cem_linear_raw,cem_linear,continuous,55,116,0.576853,114459.611565,0.690426,2.9
cem_linear_raw,cem_linear,continuous,55,117,0.582721,119013.832330,0.704255,2.9
cem_linear_raw,cem_linear,continuous,55,118,0.632849,159198.151321,0.643617,2.9
cem_linear_raw,cem_linear,continuous,55,119,0.597615,98194.997939,0.688298,2.9
cem_linear_raw,cem_linear,continuous,55,120,0.573089,106420.360169,0.685106,2.9
cem_linear_raw,cem_linear,continuous,55,121,0.585201,108397.121227,0.706383,2.9
cem_linear_raw,cem_linear,continuous,55,122,0.560053,110170.541315,0.724468,2.9
cem_linear_raw,cem_linear,continuous,55,123,0.590598,128058.740509,0.690426,2.9
cem_linear_raw,cem_linear,continuous,55,124,0.568740,118704.723371,0.704255,2.9
cem_linear_raw,cem_linear,continuous,55,125,0.563654,108369.591147,0.706383,2.9
cem_linear_raw,cem_linear,continuous,55,126,0.564655,128424.339320,0.731915,2.9
cem_linear_raw,cem_linear,continuous,55,127,0.531038,107481.567262,0.737234,2.8
cem_linear_raw,cem_linear,continuous,55,128,0.581652,126411.143916,0.690426,2.9
cem_linear_raw,cem_linear,continuous,55,129,0.557162,117556.352693,0.715957,2.9
cem_linear_raw,cem_linear,continuous,55,130,0.583471,83771.927003,0.685106,2.9
cem_linear_raw,cem_linear,continuous,55,131,0.609535,124392.016689,0.692553,2.9
cem_linear_raw,cem_linear,continuous,55,132,0.562916,124394.956765,0.710638,2.9
cem_linear_raw,cem_linear,continuous,55,133,0.595377,114810.727086,0.681915,2.9
cem_linear_raw,cem_linear,continuous,55,134,0.562511,85080.138564,0.708511,2.9
cem_linear_raw,cem_linear,continuous,55,135,0.558623,116838.188830,0.725532,2.9
cem_linear_raw,cem_linear,continuous,55,136,0.543858,96628.572399,0.731915,2.9
cem_linear_raw,cem_linear,continuous,55,137,0.551723,112924.496376,0.730851,2.9
cem_linear_raw,cem_linear,continuous,55,138,0.588319,134919.994889,0.692553,2.9
cem_linear_raw,cem_linear,continuous,55,139,0.558670,151185.965209,0.713830,2.9
cem_linear_raw,cem_linear,continuous,55,140,0.563386,107193.674817,0.711702,2.9
cem_linear_raw,cem_linear,continuous,55,141,0.532516,105788.442940,0.737234,2.9
cem_linear_raw,cem_linear,continuous,55,142,0.526462,91249.163784,0.746809,2.8
cem_linear_raw,cem_linear,continuous,55,143,0.558282,104183.177011,0.718085,2.9
cem_linear_raw,cem_linear,continuous,55,144,0.581804,109364.534001,0.708511,2.9
cem_linear_raw,cem_linear,continuous,55,145,0.562467,89190.462350,0.719149,2.9
cem_linear_raw,cem_linear,continuous,55,146,0.548284,91171.970273,0.714894,2.9
cem_linear_raw,cem_linear,continuous,55,147,0.563656,85352.148824,0.724468,2.9
cem_linear_raw,cem_linear,continuous,55,148,0.586160,100850.507771,0.689362,2.9
cem_linear_raw,cem_linear,continuous,55,149,0.556448,98090.302460,0.725532,2.9
cem_linear_raw,cem_linear,continuous,55,150,0.536287,85821.626155,0.744681,2.8
cem_linear_raw,cem_linear,continuous,55,151,0.550726,93778.768517,0.720213,2.9
cem_linear_raw,cem_linear,continuous,55,152,0.579925,118309.042613,0.705319,2.8
cem_linear_raw,cem_linear,continuous,55,153,0.557983,99883.789337,0.727660,2.9
cem_linear_raw,cem_linear,continuous,55,154,0.568011,104085.535705,0.704255,2.9
cem_linear_raw,cem_linear,continuous,55,155,0.549857,103698.770587,0.734043,2.9
cem_linear_raw,cem_linear,continuous,55,156,0.544337,84506.906516,0.706383,2.8
cem_linear_raw,cem_linear,continuous,55,157,0.549730,85216.578175,0.743617,2.8
cem_linear_raw,cem_linear,continuous,55,158,0.616218,113558.562001,0.680851,2.8
cem_linear_raw,cem_linear,continuous,55,159,0.554812,102793.738456,0.715957,2.9
cem_linear_raw,cem_linear,continuous,55,160,0.551005,85894.175740,0.717021,2.9
cem_linear_raw,cem_linear,continuous,55,161,0.524484,133272.214636,0.742553,2.8
cem_linear_raw,cem_linear,continuous,55,162,0.536797,109351.232663,0.722340,2.9
cem_linear_raw,cem_linear,continuous,55,163,0.558981,103241.283000,0.717021,2.9
cem_linear_raw,cem_linear,continuous,55,164,0.584179,85126.432871,0.697872,2.8
cem_linear_raw,cem_linear,continuous,55,165,0.582626,115843.269203,0.691489,2.9
cem_linear_raw,cem_linear,continuous,55,166,0.544926,112272.413925,0.735106,2.9
cem_linear_raw,cem_linear,continuous,55,167,0.532847,91314.335048,0.732979,2.8
cem_linear_raw,cem_linear,continuous,55,168,0.554915,95344.417653,0.715957,2.9
cem_linear_raw,cem_linear,continuous,55,169,0.582397,116279.022324,0.706383,2.9
cem_linear_raw,cem_linear,continuous,55,170,0.547855,97658.190808,0.728723,2.9
cem_linear_raw,cem_linear,continuous,55,171,0.538127,104341.386104,0.741489,2.9
cem_linear_raw,cem_linear,continuous,55,172,0.546337,101002.873521,0.736170,2.8
cem_linear_raw,cem_linear,continuous,55,173,0.587703,114857.451878,0.715957,2.9
cem_linear_raw,cem_linear,continuous,55,174,0.560311,121095.415384,0.729787,2.8
cem_linear_raw,cem_linear,continuous,55,175,0.558101,93482.899771,0.724468,2.9
cem_linear_raw,cem_linear,continuous,55,176,0.568321,103284.778782,0.703191,2.9
cem_linear_raw,cem_linear,continuous,55,177,0.550862,109232.207015,0.706383,2.8
cem_linear_raw,cem_linear,continuous,55,178,0.582606,97720.413984,0.691489,2.9
cem_linear_raw,cem_linear,continuous,55,179,0.575581,108059.533768,0.722340,2.9
cem_linear_raw,cem_linear,continuous,55,180,0.560491,100310.748803,0.708511,2.9
cem_linear_raw,cem_linear,continuous,55,181,0.554422,91136.453216,0.729787,2.9
cem_linear_raw,cem_linear,continuous,55,182,0.523917,86569.647241,0.752128,2.8
cem_linear_raw,cem_linear,continuous,55,183,0.576245,119791.670113,0.698936,2.9
cem_linear_raw,cem_linear,continuous,55,184,0.555668,99381.286818,0.727660,2.9
cem_linear_raw,cem_linear,continuous,55,185,0.554601,93557.491065,0.713830,2.8
cem_linear_raw,cem_linear,continuous,55,186,0.530674,84242.755527,0.736170,2.9
cem_linear_raw,cem_linear,continuous,55,187,0.530617,93280.248230,0.755319,2.9
cem_linear_raw,cem_linear,continuous,55,188,0.543912,92944.314304,0.728723,2.9
cem_linear_raw,cem_linear,continuous,55,189,0.569803,99126.504775,0.715957,2.9
cem_linear_raw,cem_linear,continuous,55,190,0.523218,85452.983511,0.740426,2.9
cem_linear_raw,cem_linear,continuous,55,191,0.527475,99473.770919,0.743617,2.9
cem_linear_raw,cem_linear,continuous,55,192,0.561137,87278.073271,0.714894,2.9
cem_linear_raw,cem_linear,continuous,55,193,0.551496,107355.972814,0.717021,2.9
cem_linear_raw,cem_linear,continuous,55,194,0.557704,92524.705327,0.718085,2.9
cem_linear_raw,cem_linear,continuous,55,195,0.539997,70101.893792,0.731915,2.9
cem_linear_raw,cem_linear,continuous,55,196,0.547929,89404.483049,0.738298,2.9
cem_linear_raw,cem_linear,continuous,55,197,0.552146,88835.912895,0.724468,2.9
cem_linear_raw,cem_linear,continuous,55,198,0.583847,78395.208245,0.661702,2.9
cem_linear_raw,cem_linear,continuous,55,199,0.556227,91109.402302,0.737234,2.9
cem_linear_raw,cem_linear,continuous,55,200,0.544132,78766.672939,0.738298,2.9
cem_linear_raw,cem_linear,continuous,55,201,0.535689,88028.787841,0.748936,2.8
cem_linear_raw,cem_linear,continuous,55,202,0.563658,78687.227826,0.722340,2.9
cem_linear_raw,cem_linear,continuous,55,203,0.537434,88022.576330,0.763830,2.8
cem_linear_raw,cem_linear,continuous,55,204,0.521006,86393.219382,0.752128,2.9
cem_linear_raw,cem_linear,continuous,55,205,0.551208,87272.491822,0.728723,2.9
cem_linear_raw,cem_linear,continuous,55,206,0.551214,99608.603782,0.717021,2.8
cem_linear_raw,cem_linear,continuous,55,207,0.532400,87532.682596,0.738298,2.9
cem_linear_raw,cem_linear,continuous,55,208,0.555959,98326.890068,0.740426,2.9
cem_linear_raw,cem_linear,continuous,55,209,0.535120,84595.222947,0.728723,2.9
cem_linear_raw,cem_linear,continuous,55,210,0.537975,99670.242570,0.744681,2.9
cem_linear_raw,cem_linear,continuous,55,211,0.537435,78953.479721,0.745745,2.9
cem_linear_raw,cem_linear,continuous,55,212,0.570083,87813.020670,0.709574,2.8
cem_linear_raw,cem_linear,continuous,55,213,0.588943,102743.383378,0.693617,2.9
cem_linear_raw,cem_linear,continuous,55,214,0.576635,97001.551754,0.726596,2.9
cem_linear_raw,cem_linear,continuous,55,215,0.545464,89102.242911,0.738298,2.9
cem_linear_raw,cem_linear,continuous,55,216,0.543597,69915.639428,0.732979,2.9
cem_linear_raw,cem_linear,continuous,55,217,0.535317,97601.129293,0.742553,2.9
cem_linear_raw,cem_linear,continuous,55,218,0.523031,112007.287650,0.746809,2.9
cem_linear_raw,cem_linear,continuous,55,219,0.534424,76957.112683,0.741489,2.8
cem_linear_raw,cem_linear,continuous,55,220,0.527947,91055.753632,0.731915,2.9
cem_linear_raw,cem_linear,continuous,55,221,0.552376,91526.590426,0.710638,2.9
cem_linear_raw,cem_linear,continuous,55,222,0.569816,94929.373138,0.713830,2.9
cem_linear_raw,cem_linear,continuous,55,223,0.540192,74245.096177,0.746809,2.9
cem_linear_raw,cem_linear,continuous,55,224,0.529707,84883.468866,0.731915,2.9
cem_linear_raw,cem_linear,continuous,55,225,0.545304,84722.142308,0.729787,2.9
cem_linear_raw,cem_linear,continuous,55,226,0.532341,88839.774900,0.762766,2.9
cem_linear_raw,cem_linear,continuous,55,227,0.518073,63656.801139,0.757447,2.9
cem_linear_raw,cem_linear,continuous,55,228,0.536434,101646.003324,0.744681,2.9
cem_linear_raw,cem_linear,continuous,55,229,0.559196,86764.105652,0.735106,2.9
cem_linear_raw,cem_linear,continuous,55,230,0.529505,73585.340750,0.751064,2.9
cem_linear_raw,cem_linear,continuous,55,231,0.554153,81570.399285,0.729787,2.9
cem_linear_raw,cem_linear,continuous,55,232,0.522553,75244.776280,0.743617,2.9
cem_linear_raw,cem_linear,continuous,55,233,0.538040,80927.997885,0.745745,2.9
cem_linear_raw,cem_linear,continuous,55,234,0.541110,106977.293145,0.745745,2.9
cem_linear_raw,cem_linear,continuous,55,235,0.520545,93569.531416,0.757447,2.9
cem_linear_raw,cem_linear,continuous,55,236,0.519661,94745.189906,0.753191,2.9
cem_linear_raw,cem_linear,continuous,55,237,0.544003,78997.339919,0.731915,2.9
cem_linear_raw,cem_linear,continuous,55,238,0.544496,81882.499019,0.725532,2.9
cem_linear_raw,cem_linear,continuous,55,239,0.540777,81048.849094,0.726596,2.9
cem_linear_raw,cem_linear,continuous,55,240,0.530129,74185.467264,0.748936,2.9
cem_linear_raw,cem_linear,continuous,55,241,0.574358,76040.630997,0.714894,2.9
cem_linear_raw,cem_linear,continuous,55,242,0.557344,91381.996380,0.728723,2.9
cem_linear_raw,cem_linear,continuous,55,243,0.537136,77197.724751,0.760638,2.9
cem_linear_raw,cem_linear,continuous,55,244,0.531132,77376.975150,0.726596,2.9
cem_linear_raw,cem_linear,continuous,55,245,0.562706,94861.167229,0.704255,2.9
cem_linear_raw,cem_linear,continuous,55,246,0.571232,106315.009034,0.714894,2.9
cem_linear_raw,cem_linear,continuous,55,247,0.526433,75897.151762,0.744681,2.8
cem_linear_raw,cem_linear,continuous,55,248,0.563991,97870.782547,0.709574,2.9
cem_linear_raw,cem_linear,continuous,55,249,0.545739,79114.705893,0.745745,2.9
cem_linear_raw,cem_linear,continuous,55,250,0.515705,83551.201745,0.742553,2.9
