variant,bottleneck,concept_mode,seed,epoch,task_loss,concept_loss,train_acc,seconds
cem,cem,continuous,41,1,0.727137,0.241079,0.536201,3.1
cem,cem,continuous,41,2,0.651222,0.150695,0.604407,2.7
cem,cem,continuous,41,3,0.656550,0.150327,0.608604,2.7
cem,cem,continuous,41,4,0.643411,0.149534,0.621196,2.7
cem,cem,continuous,41,5,0.647283,0.149504,0.614900,2.7
cem,cem,continuous,41,6,0.637483,0.151707,0.646380,2.7
cem,cem,continuous,41,7,0.649906,0.149152,0.621196,2.7
cem,cem,continuous,41,8,0.608151,0.146187,0.673662,2.7
cem,cem,continuous,41,9,0.627154,0.146835,0.647429,2.7
cem,cem,continuous,41,10,0.618254,0.145171,0.648478,2.7
cem,cem,continuous,41,11,0.573814,0.143852,0.692550,2.7
cem,cem,continuous,41,12,0.590981,0.145846,0.689402,2.7
cem,cem,continuous,41,13,0.609124,0.142781,0.661070,2.7
cem,cem,continuous,41,14,0.560535,0.139139,0.717733,2.7
cem,cem,continuous,41,15,0.575252,0.140330,0.708290,2.7
cem,cem,continuous,41,16,0.548762,0.137672,0.730325,2.7
cem,cem,continuous,41,17,0.522955,0.135900,0.736621,2.7
cem,cem,continuous,41,18,0.526666,0.133281,0.738720,2.7
cem,cem,continuous,41,19,0.517332,0.131313,0.764953,2.8
cem,cem,continuous,41,20,0.493473,0.129172,0.778594,2.7
cem,cem,continuous,41,21,0.469199,0.127480,0.794334,2.7
cem,cem,continuous,41,22,0.473948,0.128909,0.791186,2.7
cem,cem,continuous,41,23,0.451790,0.130080,0.791186,2.7
cem,cem,continuous,41,24,0.452377,0.123856,0.798531,2.7
cem,cem,continuous,41,25,0.413457,0.123324,0.822665,2.7
cem,cem,continuous,41,26,0.413801,0.123205,0.820567,2.7
cem,cem,continuous,41,27,0.449591,0.126896,0.800630,2.7
cem,cem,continuous,41,28,0.387495,0.121068,0.834208,2.7
cem,cem,continuous,41,29,0.367238,0.123303,0.856243,2.7
cem,cem,continuous,41,30,0.372190,0.122672,0.849948,2.7
cem,cem,continuous,41,31,0.352642,0.121711,0.856243,2.7
cem,cem,continuous,41,32,0.351351,0.122015,0.856243,2.7
cem,cem,continuous,41,33,0.347895,0.122342,0.841553,2.7
cem,cem,continuous,41,34,0.316754,0.118825,0.873033,2.7
cem,cem,continuous,41,35,0.346282,0.118036,0.860441,2.7
cem,cem,continuous,41,36,0.311885,0.118619,0.869885,2.7
cem,cem,continuous,41,37,0.320422,0.120367,0.868835,2.8
cem,cem,continuous,41,38,0.248296,0.118226,0.909759,2.7
cem,cem,continuous,41,39,0.247052,0.120277,0.903463,2.7
cem,cem,continuous,41,40,0.310377,0.119973,0.870934,2.7
cem,cem,continuous,41,41,0.296293,0.122006,0.877230,2.7
cem,cem,continuous,41,42,0.269815,0.118838,0.886674,2.8
cem,cem,continuous,41,43,0.202842,0.115455,0.921301,2.7
cem,cem,continuous,41,44,0.223094,0.118355,0.917104,2.7
cem,cem,continuous,41,45,0.216831,0.116090,0.918153,2.7
cem,cem,continuous,41,46,0.197819,0.116778,0.924449,2.7
cem,cem,continuous,41,47,0.205009,0.118175,0.921301,2.7
cem,cem,continuous,41,48,0.183273,0.119104,0.920252,2.7
cem,cem,continuous,41,49,0.174699,0.118296,0.935992,2.7
cem,cem,continuous,41,50,0.177743,0.116900,0.945435,2.7
cem,cem,continuous,41,51,0.179700,0.115819,0.926548,2.7
cem,cem,continuous,41,52,0.104914,0.116064,0.963274,2.7
cem,cem,continuous,41,53,0.189937,0.118748,0.930745,2.8
cem,cem,continuous,41,54,0.123528,0.117543,0.955929,2.7
cem,cem,continuous,41,55,0.115741,0.114954,0.955929,2.7
cem,cem,continuous,41,56,0.131792,0.115676,0.956978,2.7
cem,cem,continuous,41,57,0.112793,0.115312,0.961175,2.7
cem,cem,continuous,41,58,0.162278,0.117047,0.938090,2.7
cem,cem,continuous,41,59,0.074821,0.115291,0.971668,2.7
cem,cem,continuous,41,60,0.138542,0.119590,0.940189,2.7
cem,cem,continuous,41,61,0.095242,0.114431,0.963274,2.7
cem,cem,continuous,41,62,0.085515,0.115785,0.969570,2.7
cem,cem,continuous,41,63,0.123051,0.116469,0.950682,2.7
cem,cem,continuous,41,64,0.098509,0.115366,0.956978,2.7
cem,cem,continuous,41,65,0.058255,0.114234,0.979014,2.7
cem,cem,continuous,41,66,0.101160,0.116089,0.965373,2.7
cem,cem,continuous,41,67,0.072234,0.113948,0.976915,2.7
cem,cem,continuous,41,68,0.051404,0.112759,0.984260,2.7
cem,cem,continuous,41,69,0.065560,0.113235,0.977964,2.7
cem,cem,continuous,41,70,0.074900,0.113846,0.970619,2.7
cem,cem,continuous,41,71,0.056304,0.112777,0.982162,2.7
cem,cem,continuous,41,72,0.082580,0.113298,0.964323,2.7
cem,cem,continuous,41,73,0.088289,0.112254,0.965373,2.7
cem,cem,continuous,41,74,0.067669,0.112938,0.982162,2.7
cem,cem,continuous,41,75,0.055911,0.112542,0.980063,2.7
cem,cem,continuous,41,76,0.093964,0.111913,0.968520,2.7
cem,cem,continuous,41,77,0.048604,0.112821,0.984260,2.7
cem,cem,continuous,41,78,0.061316,0.111260,0.980063,2.7
cem,cem,continuous,41,79,0.071109,0.110669,0.973767,2.7
cem,cem,continuous,41,80,0.026662,0.109771,0.987408,2.7
cem,cem,continuous,41,81,0.063980,0.111159,0.976915,2.7
cem,cem,continuous,41,82,0.029774,0.110774,0.989507,2.8
cem,cem,continuous,41,83,0.021093,0.108320,0.994753,2.7
cem,cem,continuous,41,84,0.062517,0.109432,0.979014,2.7
cem,cem,continuous,41,85,0.056596,0.109862,0.980063,2.7
cem,cem,continuous,41,86,0.069866,0.114992,0.976915,2.7
cem,cem,continuous,41,87,0.044921,0.108062,0.983211,2.8
cem,cem,continuous,41,88,0.053319,0.108972,0.982162,2.7
cem,cem,continuous,41,89,0.020506,0.108644,0.994753,2.7
cem,cem,continuous,41,90,0.025121,0.105729,0.992655,2.7
cem,cem,continuous,41,91,0.031139,0.106544,0.992655,2.7
cem,cem,continuous,41,92,0.072593,0.112613,0.977964,2.8
cem,cem,continuous,41,93,0.029256,0.110887,0.993704,2.7
cem,cem,continuous,41,94,0.038136,0.106644,0.988458,2.7
cem,cem,continuous,41,95,0.075996,0.107948,0.972718,2.7
cem,cem,continuous,41,96,0.034069,0.107146,0.990556,2.7
cem,cem,continuous,41,97,0.042465,0.106544,0.989507,2.7
cem,cem,continuous,41,98,0.041749,0.104338,0.985310,2.7
cem,cem,continuous,41,99,0.058166,0.107343,0.980063,2.7
cem,cem,continuous,41,100,0.049635,0.111507,0.984260,2.7
cem,cem,continuous,42,1,0.696012,0.248603,0.574468,2.7
cem,cem,continuous,42,2,0.660595,0.154314,0.613830,2.7
cem,cem,continuous,42,3,0.662412,0.153444,0.603191,2.7
cem,cem,continuous,42,4,0.643958,0.152915,0.621277,2.7
cem,cem,continuous,42,5,0.657310,0.156835,0.613830,2.7
cem,cem,continuous,42,6,0.621978,0.153554,0.646809,2.7
cem,cem,continuous,42,7,0.672619,0.152338,0.582979,2.7
cem,cem,continuous,42,8,0.609938,0.150802,0.657447,2.7
cem,cem,continuous,42,9,0.602464,0.151782,0.656383,2.7
cem,cem,continuous,42,10,0.625695,0.147311,0.628723,2.7
cem,cem,continuous,42,11,0.584190,0.146184,0.680851,2.7
cem,cem,continuous,42,12,0.593059,0.147197,0.679787,2.7
cem,cem,continuous,42,13,0.615790,0.145230,0.667021,2.7
cem,cem,continuous,42,14,0.590914,0.143683,0.686170,2.7
cem,cem,continuous,42,15,0.613533,0.147508,0.660638,2.7
cem,cem,continuous,42,16,0.613410,0.146231,0.656383,2.7
cem,cem,continuous,42,17,0.565501,0.142316,0.709574,2.7
cem,cem,continuous,42,18,0.532943,0.141173,0.735106,2.7
cem,cem,continuous,42,19,0.541356,0.139604,0.717021,2.7
cem,cem,continuous,42,20,0.553292,0.144944,0.711702,2.7
cem,cem,continuous,42,21,0.517782,0.138192,0.740426,2.7
cem,cem,continuous,42,22,0.528520,0.136607,0.741489,2.7
cem,cem,continuous,42,23,0.506148,0.132195,0.763830,2.7
cem,cem,continuous,42,24,0.472218,0.133040,0.768085,2.7
cem,cem,continuous,42,25,0.476949,0.131666,0.779787,2.7
cem,cem,continuous,42,26,0.460319,0.127196,0.789362,2.7
cem,cem,continuous,42,27,0.446887,0.127706,0.793617,2.7
cem,cem,continuous,42,28,0.386980,0.124060,0.831915,2.7
cem,cem,continuous,42,29,0.401095,0.125466,0.821277,2.7
cem,cem,continuous,42,30,0.421251,0.125325,0.821277,2.7
cem,cem,continuous,42,31,0.380684,0.122392,0.841489,2.7
cem,cem,continuous,42,32,0.362691,0.127248,0.839362,2.7
cem,cem,continuous,42,33,0.329076,0.122977,0.856383,2.7
cem,cem,continuous,42,34,0.375756,0.122238,0.832979,2.7
cem,cem,continuous,42,35,0.325897,0.120733,0.860638,2.7
cem,cem,continuous,42,36,0.344402,0.124426,0.844681,2.7
cem,cem,continuous,42,37,0.309750,0.121408,0.861702,2.7
cem,cem,continuous,42,38,0.296707,0.121569,0.877660,2.7
cem,cem,continuous,42,39,0.315110,0.120255,0.881915,2.7
cem,cem,continuous,42,40,0.272327,0.122553,0.886170,2.7
cem,cem,continuous,42,41,0.251338,0.121933,0.901064,2.7
cem,cem,continuous,42,42,0.223552,0.118174,0.918085,2.7
cem,cem,continuous,42,43,0.269236,0.120291,0.888298,2.7
cem,cem,continuous,42,44,0.235130,0.121926,0.917021,2.7
cem,cem,continuous,42,45,0.227086,0.120065,0.913830,2.7
cem,cem,continuous,42,46,0.229903,0.120570,0.912766,2.7
cem,cem,continuous,42,47,0.204540,0.122911,0.920213,2.7
cem,cem,continuous,42,48,0.217968,0.120598,0.912766,2.7
cem,cem,continuous,42,49,0.201024,0.118016,0.917021,2.7
cem,cem,continuous,42,50,0.167401,0.118225,0.938298,2.7
cem,cem,continuous,42,51,0.119467,0.117940,0.960638,2.7
cem,cem,continuous,42,52,0.202424,0.120586,0.922340,2.7
cem,cem,continuous,42,53,0.114490,0.117369,0.964894,2.7
cem,cem,continuous,42,54,0.119552,0.116543,0.958511,2.7
cem,cem,continuous,42,55,0.109256,0.116718,0.960638,2.7
cem,cem,continuous,42,56,0.145423,0.116325,0.938298,2.7
cem,cem,continuous,42,57,0.126647,0.117457,0.956383,2.7
cem,cem,continuous,42,58,0.118463,0.120164,0.955319,2.7
cem,cem,continuous,42,59,0.096765,0.117003,0.963830,2.7
cem,cem,continuous,42,60,0.075466,0.114903,0.971277,2.7
cem,cem,continuous,42,61,0.114184,0.117128,0.963830,2.7
cem,cem,continuous,42,62,0.027870,0.114973,0.994681,2.7
cem,cem,continuous,42,63,0.146397,0.117403,0.950000,2.7
cem,cem,continuous,42,64,0.132083,0.118012,0.947872,2.7
cem,cem,continuous,42,65,0.083958,0.114002,0.974468,2.7
cem,cem,continuous,42,66,0.171878,0.116627,0.926596,2.7
cem,cem,continuous,42,67,0.098526,0.113919,0.957447,2.7
cem,cem,continuous,42,68,0.069585,0.113485,0.969149,2.7
cem,cem,continuous,42,69,0.065520,0.112512,0.978723,2.7
cem,cem,continuous,42,70,0.057678,0.113823,0.981915,2.7
cem,cem,continuous,42,71,0.054413,0.112878,0.981915,2.7
cem,cem,continuous,42,72,0.100417,0.113393,0.961702,2.7
cem,cem,continuous,42,73,0.076897,0.112465,0.969149,2.7
cem,cem,continuous,42,74,0.052327,0.110539,0.984043,2.7
cem,cem,continuous,42,75,0.042227,0.111542,0.982979,2.7
cem,cem,continuous,42,76,0.052331,0.112208,0.980851,2.7
cem,cem,continuous,42,77,0.099267,0.113516,0.967021,2.7
cem,cem,continuous,42,78,0.069462,0.113081,0.971277,2.7
cem,cem,continuous,42,79,0.091996,0.115943,0.963830,2.7
cem,cem,continuous,42,80,0.048660,0.113471,0.982979,2.7
cem,cem,continuous,42,81,0.077075,0.114206,0.974468,2.7
cem,cem,continuous,42,82,0.035762,0.112205,0.988298,2.7
cem,cem,continuous,42,83,0.045833,0.108993,0.982979,2.7
cem,cem,continuous,42,84,0.036212,0.111261,0.988298,2.7
cem,cem,continuous,42,85,0.058731,0.111318,0.981915,2.7
cem,cem,continuous,42,86,0.008669,0.107860,0.997872,2.7
cem,cem,continuous,42,87,0.072661,0.109346,0.968085,2.7
cem,cem,continuous,42,88,0.042099,0.109501,0.980851,2.7
cem,cem,continuous,42,89,0.084228,0.113057,0.968085,2.7
cem,cem,continuous,42,90,0.061223,0.110454,0.975532,2.7
cem,cem,continuous,42,91,0.036173,0.107252,0.986170,2.7
cem,cem,continuous,42,92,0.014177,0.106422,0.994681,2.7
cem,cem,continuous,42,93,0.035366,0.107586,0.989362,2.7
cem,cem,continuous,42,94,0.046392,0.108502,0.984043,2.7
cem,cem,continuous,42,95,0.023992,0.108941,0.991489,2.7
cem,cem,continuous,42,96,0.054054,0.108942,0.980851,2.7
cem,cem,continuous,42,97,0.048083,0.108351,0.980851,2.7
cem,cem,continuous,42,98,0.040082,0.107432,0.986170,2.7
cem,cem,continuous,42,99,0.036877,0.108467,0.990426,2.7
cem,cem,continuous,42,100,0.058011,0.110247,0.980851,2.7
cem,cem,continuous,43,1,0.720849,0.233603,0.527426,2.7
cem,cem,continuous,43,2,0.641602,0.153289,0.608650,2.7
cem,cem,continuous,43,3,0.647129,0.155954,0.601266,2.7
cem,cem,continuous,43,4,0.659561,0.154754,0.585443,2.7
cem,cem,continuous,43,5,0.626356,0.151679,0.655063,2.7
cem,cem,continuous,43,6,0.609970,0.151460,0.671941,2.7
cem,cem,continuous,43,7,0.624863,0.149063,0.646624,2.7
cem,cem,continuous,43,8,0.602811,0.149339,0.663502,2.7
cem,cem,continuous,43,9,0.586895,0.149932,0.682489,2.7
cem,cem,continuous,43,10,0.600214,0.147907,0.688819,2.7
cem,cem,continuous,43,11,0.594012,0.148544,0.688819,2.7
cem,cem,continuous,43,12,0.589480,0.152109,0.687764,2.7
cem,cem,continuous,43,13,0.557175,0.144956,0.716245,2.7
cem,cem,continuous,43,14,0.550516,0.144621,0.715190,2.7
cem,cem,continuous,43,15,0.599132,0.144488,0.681435,2.7
cem,cem,continuous,43,16,0.514080,0.140566,0.732068,2.7
cem,cem,continuous,43,17,0.569682,0.140275,0.710970,2.7
cem,cem,continuous,43,18,0.519908,0.139782,0.737342,2.7
cem,cem,continuous,43,19,0.528177,0.139016,0.738397,2.7
cem,cem,continuous,43,20,0.501063,0.135645,0.764768,2.7
cem,cem,continuous,43,21,0.513571,0.136892,0.758439,2.7
cem,cem,continuous,43,22,0.508402,0.136129,0.767932,2.7
cem,cem,continuous,43,23,0.469896,0.130069,0.778481,2.7
cem,cem,continuous,43,24,0.442948,0.132036,0.796414,2.7
cem,cem,continuous,43,25,0.445663,0.130881,0.787975,2.7
cem,cem,continuous,43,26,0.424369,0.127761,0.798523,2.7
cem,cem,continuous,43,27,0.431832,0.131228,0.812236,2.7
cem,cem,continuous,43,28,0.429133,0.128165,0.800633,2.7
cem,cem,continuous,43,29,0.430551,0.128197,0.811181,2.7
cem,cem,continuous,43,30,0.394763,0.126356,0.834388,2.7
cem,cem,continuous,43,31,0.347063,0.125042,0.857595,2.7
cem,cem,continuous,43,32,0.377615,0.124974,0.831224,2.7
cem,cem,continuous,43,33,0.351160,0.122884,0.854430,2.7
cem,cem,continuous,43,34,0.406150,0.125447,0.817511,2.7
cem,cem,continuous,43,35,0.339669,0.125213,0.857595,2.7
cem,cem,continuous,43,36,0.335292,0.124056,0.850211,2.7
cem,cem,continuous,43,37,0.333409,0.124396,0.862869,2.7
cem,cem,continuous,43,38,0.334337,0.124937,0.854430,2.7
cem,cem,continuous,43,39,0.271259,0.122757,0.894515,2.7
cem,cem,continuous,43,40,0.288687,0.123658,0.878692,2.7
cem,cem,continuous,43,41,0.290988,0.124360,0.887131,2.7
cem,cem,continuous,43,42,0.326820,0.126095,0.862869,2.7
cem,cem,continuous,43,43,0.282272,0.122312,0.891350,2.7
cem,cem,continuous,43,44,0.249077,0.120940,0.892405,2.7
cem,cem,continuous,43,45,0.233570,0.120450,0.913502,2.7
cem,cem,continuous,43,46,0.227830,0.120296,0.914557,2.7
cem,cem,continuous,43,47,0.200784,0.121860,0.921941,2.7
cem,cem,continuous,43,48,0.221064,0.121379,0.918776,2.7
cem,cem,continuous,43,49,0.234763,0.125914,0.912447,2.7
cem,cem,continuous,43,50,0.189664,0.121378,0.925105,2.7
cem,cem,continuous,43,51,0.184695,0.121410,0.930380,2.7
cem,cem,continuous,43,52,0.169979,0.121457,0.926160,2.7
cem,cem,continuous,43,53,0.157179,0.120542,0.944093,2.7
cem,cem,continuous,43,54,0.205042,0.120253,0.920886,2.7
cem,cem,continuous,43,55,0.180266,0.121979,0.928270,2.7
cem,cem,continuous,43,56,0.125414,0.117332,0.960970,2.7
cem,cem,continuous,43,57,0.125984,0.117682,0.951477,2.7
cem,cem,continuous,43,58,0.162992,0.120319,0.939873,2.7
cem,cem,continuous,43,59,0.184152,0.119016,0.933544,2.7
cem,cem,continuous,43,60,0.113579,0.118218,0.959916,2.7
cem,cem,continuous,43,61,0.154375,0.120367,0.946203,2.7
cem,cem,continuous,43,62,0.130274,0.119032,0.950422,2.7
cem,cem,continuous,43,63,0.114554,0.120577,0.958861,2.7
cem,cem,continuous,43,64,0.088140,0.118886,0.969409,2.7
cem,cem,continuous,43,65,0.144458,0.117615,0.947257,2.7
cem,cem,continuous,43,66,0.074015,0.116459,0.977848,2.7
cem,cem,continuous,43,67,0.056171,0.117930,0.979958,2.7
cem,cem,continuous,43,68,0.145252,0.118092,0.948312,2.7
cem,cem,continuous,43,69,0.065140,0.118749,0.977848,2.7
cem,cem,continuous,43,70,0.072492,0.116017,0.975738,2.7
cem,cem,continuous,43,71,0.052781,0.116146,0.982068,2.7
cem,cem,continuous,43,72,0.076804,0.118055,0.975738,2.7
cem,cem,continuous,43,73,0.052933,0.117372,0.981013,2.7
cem,cem,continuous,43,74,0.077706,0.117095,0.974684,2.7
cem,cem,continuous,43,75,0.061986,0.115688,0.977848,2.7
cem,cem,continuous,43,76,0.089045,0.117505,0.968354,2.7
cem,cem,continuous,43,77,0.057807,0.114748,0.978903,2.7
cem,cem,continuous,43,78,0.071515,0.117306,0.971519,2.7
cem,cem,continuous,43,79,0.054321,0.116792,0.982068,2.7
cem,cem,continuous,43,80,0.046740,0.115784,0.985232,2.7
cem,cem,continuous,43,81,0.077806,0.116934,0.972574,2.7
cem,cem,continuous,43,82,0.032865,0.111908,0.990506,2.7
cem,cem,continuous,43,83,0.034781,0.115319,0.988397,2.7
cem,cem,continuous,43,84,0.070474,0.115585,0.968354,2.7
cem,cem,continuous,43,85,0.044948,0.115258,0.986287,2.7
cem,cem,continuous,43,86,0.041046,0.115783,0.989451,2.7
cem,cem,continuous,43,87,0.027662,0.111525,0.993671,2.7
cem,cem,continuous,43,88,0.042710,0.114189,0.987342,2.7
cem,cem,continuous,43,89,0.048508,0.115428,0.981013,2.7
cem,cem,continuous,43,90,0.048907,0.114540,0.985232,2.7
cem,cem,continuous,43,91,0.077536,0.114890,0.976793,2.7
cem,cem,continuous,43,92,0.042373,0.112361,0.985232,2.7
cem,cem,continuous,43,93,0.022010,0.111826,0.991561,2.7
cem,cem,continuous,43,94,0.096717,0.117962,0.967300,2.7
cem,cem,continuous,43,95,0.049076,0.117645,0.985232,2.7
cem,cem,continuous,43,96,0.033648,0.114342,0.991561,2.7
cem,cem,continuous,43,97,0.015387,0.111413,0.994726,2.7
cem,cem,continuous,43,98,0.023610,0.111791,0.993671,2.7
cem,cem,continuous,43,99,0.016785,0.111312,0.995781,2.7
cem,cem,continuous,43,100,0.041849,0.110446,0.987342,2.7
cem,cem,continuous,44,1,0.691232,0.260353,0.554631,2.8
cem,cem,continuous,44,2,0.677282,0.155524,0.601457,2.7
cem,cem,continuous,44,3,0.633650,0.151926,0.634755,2.8
cem,cem,continuous,44,4,0.624608,0.151201,0.616025,2.8
cem,cem,continuous,44,5,0.592917,0.149883,0.699272,2.8
cem,cem,continuous,44,6,0.637632,0.152058,0.637877,2.8
cem,cem,continuous,44,7,0.578700,0.146642,0.693028,2.7
cem,cem,continuous,44,8,0.599898,0.148978,0.672216,2.8
cem,cem,continuous,44,9,0.595279,0.145265,0.678460,2.8
cem,cem,continuous,44,10,0.598441,0.147077,0.677419,2.7
cem,cem,continuous,44,11,0.593423,0.143810,0.680541,2.8
cem,cem,continuous,44,12,0.572205,0.143857,0.716961,2.7
cem,cem,continuous,44,13,0.570021,0.141544,0.709677,2.7
cem,cem,continuous,44,14,0.574223,0.140245,0.704475,2.7
cem,cem,continuous,44,15,0.528506,0.142830,0.746098,2.7
cem,cem,continuous,44,16,0.539202,0.139135,0.733611,2.8
cem,cem,continuous,44,17,0.581928,0.137793,0.691988,2.7
cem,cem,continuous,44,18,0.559639,0.139538,0.713840,2.8
cem,cem,continuous,44,19,0.547892,0.140600,0.712799,2.8
cem,cem,continuous,44,20,0.494805,0.134408,0.764828,2.7
cem,cem,continuous,44,21,0.481155,0.135939,0.773153,2.8
cem,cem,continuous,44,22,0.462147,0.130991,0.789802,2.7
cem,cem,continuous,44,23,0.485149,0.134831,0.774194,2.7
cem,cem,continuous,44,24,0.435579,0.129838,0.803330,2.8
cem,cem,continuous,44,25,0.474375,0.131310,0.779396,2.7
cem,cem,continuous,44,26,0.431129,0.124000,0.809573,2.7
cem,cem,continuous,44,27,0.417185,0.125789,0.813736,3.6
cem,cem,continuous,44,28,0.403170,0.126322,0.826223,2.8
cem,cem,continuous,44,29,0.382708,0.124506,0.822060,2.7
cem,cem,continuous,44,30,0.403880,0.122973,0.823101,2.7
cem,cem,continuous,44,31,0.357792,0.124695,0.844953,2.8
cem,cem,continuous,44,32,0.388779,0.122195,0.832466,2.8
cem,cem,continuous,44,33,0.347859,0.121471,0.848075,2.8
cem,cem,continuous,44,34,0.352392,0.121144,0.843913,2.7
cem,cem,continuous,44,35,0.332888,0.122584,0.870968,2.7
cem,cem,continuous,44,36,0.327838,0.123065,0.862643,2.7
cem,cem,continuous,44,37,0.273787,0.117515,0.891779,2.7
cem,cem,continuous,44,38,0.302560,0.119094,0.870968,2.7
cem,cem,continuous,44,39,0.256387,0.120681,0.907388,2.8
cem,cem,continuous,44,40,0.248071,0.120359,0.891779,2.8
cem,cem,continuous,44,41,0.256200,0.119582,0.913632,2.7
cem,cem,continuous,44,42,0.256096,0.119536,0.900104,2.7
cem,cem,continuous,44,43,0.244356,0.121622,0.904266,2.8
cem,cem,continuous,44,44,0.237892,0.121591,0.898023,2.8
cem,cem,continuous,44,45,0.381708,0.132669,0.824142,2.7
cem,cem,continuous,44,46,0.288274,0.123149,0.868887,2.7
cem,cem,continuous,44,47,0.197605,0.119743,0.930281,2.7
cem,cem,continuous,44,48,0.211486,0.118671,0.920916,2.8
cem,cem,continuous,44,49,0.185854,0.118054,0.925078,2.7
cem,cem,continuous,44,50,0.175119,0.116962,0.926119,2.7
cem,cem,continuous,44,51,0.185542,0.117823,0.928200,2.8
cem,cem,continuous,44,52,0.211185,0.118639,0.916753,2.8
cem,cem,continuous,44,53,0.176553,0.117276,0.934443,2.7
cem,cem,continuous,44,54,0.199903,0.114593,0.918835,2.7
cem,cem,continuous,44,55,0.144754,0.117735,0.949011,2.7
cem,cem,continuous,44,56,0.135961,0.118179,0.947971,2.7
cem,cem,continuous,44,57,0.383077,0.133424,0.837669,2.7
cem,cem,continuous,44,58,0.193574,0.119674,0.924037,2.7
cem,cem,continuous,44,59,0.139706,0.119668,0.941727,2.7
cem,cem,continuous,44,60,0.137023,0.117243,0.947971,2.8
cem,cem,continuous,44,61,0.120766,0.115858,0.953174,2.7
cem,cem,continuous,44,62,0.135590,0.118061,0.957336,2.8
cem,cem,continuous,44,63,0.124123,0.116226,0.957336,2.8
cem,cem,continuous,44,64,0.110407,0.115380,0.961498,2.7
cem,cem,continuous,44,65,0.129485,0.115996,0.956296,2.7
cem,cem,continuous,44,66,0.143171,0.117634,0.950052,2.7
cem,cem,continuous,44,67,0.169715,0.120101,0.943809,2.7
cem,cem,continuous,44,68,0.222413,0.121435,0.905307,2.7
cem,cem,continuous,44,69,0.081831,0.116700,0.971904,2.8
cem,cem,continuous,44,70,0.096896,0.114988,0.971904,2.8
cem,cem,continuous,44,71,0.051352,0.113598,0.984391,2.7
cem,cem,continuous,44,72,0.077501,0.113209,0.973985,2.7
cem,cem,continuous,44,73,0.084770,0.113994,0.969823,2.7
cem,cem,continuous,44,74,0.267257,0.126381,0.889698,2.8
cem,cem,continuous,44,75,0.143148,0.123827,0.956296,2.8
cem,cem,continuous,44,76,0.068210,0.117266,0.973985,2.7
cem,cem,continuous,44,77,0.083240,0.114961,0.972945,2.7
cem,cem,continuous,44,78,0.063659,0.115470,0.978148,2.7
cem,cem,continuous,44,79,0.060978,0.113192,0.981270,2.8
cem,cem,continuous,44,80,0.095647,0.114978,0.970864,2.7
cem,cem,continuous,44,81,0.050646,0.114385,0.985432,2.8
cem,cem,continuous,44,82,0.071184,0.112311,0.980229,2.8
cem,cem,continuous,44,83,0.409678,0.155599,0.852237,2.7
cem,cem,continuous,44,84,0.098877,0.120748,0.969823,2.7
cem,cem,continuous,44,85,0.057923,0.115855,0.977107,2.7
cem,cem,continuous,44,86,0.047176,0.115387,0.986472,2.7
cem,cem,continuous,44,87,0.031849,0.113902,0.989594,2.7
cem,cem,continuous,44,88,0.028048,0.111017,0.993757,2.7
cem,cem,continuous,44,89,0.060731,0.110376,0.982310,2.8
cem,cem,continuous,44,90,0.279399,0.128113,0.902185,2.8
cem,cem,continuous,44,91,0.086032,0.117462,0.975026,2.7
cem,cem,continuous,44,92,0.053602,0.112807,0.984391,2.7
cem,cem,continuous,44,93,0.041997,0.112245,0.987513,2.7
cem,cem,continuous,44,94,0.080214,0.112270,0.967742,2.7
cem,cem,continuous,44,95,0.052998,0.111776,0.977107,2.8
cem,cem,continuous,44,96,0.258991,0.129062,0.910510,2.7
cem,cem,continuous,44,97,0.067538,0.116279,0.973985,2.7
cem,cem,continuous,44,98,0.048510,0.112524,0.980229,2.8
cem,cem,continuous,44,99,0.119769,0.117930,0.955255,2.7
cem,cem,continuous,44,100,0.052818,0.112770,0.980229,2.8
cem,cem,continuous,45,1,0.710831,0.251139,0.547771,2.7
cem,cem,continuous,45,2,0.659421,0.157333,0.604034,2.7
cem,cem,continuous,45,3,0.650440,0.155645,0.607219,2.7
cem,cem,continuous,45,4,0.643676,0.157096,0.630573,2.7
cem,cem,continuous,45,5,0.618602,0.156467,0.652866,2.7
cem,cem,continuous,45,6,0.612668,0.156317,0.657113,2.7
cem,cem,continuous,45,7,0.632244,0.154323,0.635881,2.7
cem,cem,continuous,45,8,0.615242,0.152542,0.651805,2.7
cem,cem,continuous,45,9,0.636090,0.157616,0.631635,2.7
cem,cem,continuous,45,10,0.606003,0.151544,0.660297,2.7
cem,cem,continuous,45,11,0.577248,0.151114,0.675159,2.7
cem,cem,continuous,45,12,0.563667,0.149910,0.714437,2.7
cem,cem,continuous,45,13,0.595844,0.150613,0.676221,2.7
cem,cem,continuous,45,14,0.573315,0.144262,0.713376,2.7
cem,cem,continuous,45,15,0.592010,0.149484,0.685775,2.7
cem,cem,continuous,45,16,0.576047,0.145661,0.699575,2.7
cem,cem,continuous,45,17,0.540703,0.143916,0.718684,2.7
cem,cem,continuous,45,18,0.544249,0.143627,0.730361,2.7
cem,cem,continuous,45,19,0.531277,0.143824,0.727176,2.7
cem,cem,continuous,45,20,0.508964,0.141113,0.760085,2.7
cem,cem,continuous,45,21,0.508381,0.138901,0.757962,2.7
cem,cem,continuous,45,22,0.515800,0.134567,0.754777,2.7
cem,cem,continuous,45,23,0.524315,0.138469,0.750531,2.7
cem,cem,continuous,45,24,0.498745,0.135634,0.767516,2.7
cem,cem,continuous,45,25,0.500063,0.131396,0.768577,2.7
cem,cem,continuous,45,26,0.446935,0.131115,0.791932,2.7
cem,cem,continuous,45,27,0.427414,0.130396,0.796178,2.7
cem,cem,continuous,45,28,0.446734,0.129100,0.784501,2.7
cem,cem,continuous,45,29,0.392990,0.127988,0.829087,2.7
cem,cem,continuous,45,30,0.380339,0.128238,0.828025,2.7
cem,cem,continuous,45,31,0.403750,0.129919,0.819533,2.7
cem,cem,continuous,45,32,0.380773,0.125756,0.829087,2.7
cem,cem,continuous,45,33,0.384700,0.127840,0.824841,2.7
cem,cem,continuous,45,34,0.400961,0.124808,0.824841,2.7
cem,cem,continuous,45,35,0.358749,0.123539,0.842887,2.7
cem,cem,continuous,45,36,0.358847,0.122691,0.831210,2.7
cem,cem,continuous,45,37,0.333971,0.124376,0.863057,2.7
cem,cem,continuous,45,38,0.325317,0.125580,0.874735,2.7
cem,cem,continuous,45,39,0.347728,0.126383,0.856688,2.7
cem,cem,continuous,45,40,0.310945,0.122766,0.864119,2.7
cem,cem,continuous,45,41,0.308108,0.121903,0.861996,2.7
cem,cem,continuous,45,42,0.304751,0.120819,0.883227,2.7
cem,cem,continuous,45,43,0.336051,0.123347,0.856688,2.7
cem,cem,continuous,45,44,0.273400,0.118963,0.880042,2.7
cem,cem,continuous,45,45,0.245347,0.119098,0.901274,2.7
cem,cem,continuous,45,46,0.289354,0.119883,0.870488,2.7
cem,cem,continuous,45,47,0.219160,0.118412,0.921444,2.7
cem,cem,continuous,45,48,0.207436,0.119132,0.911890,2.7
cem,cem,continuous,45,49,0.219784,0.119609,0.919321,2.7
cem,cem,continuous,45,50,0.233357,0.119338,0.901274,2.7
cem,cem,continuous,45,51,0.215460,0.119157,0.911890,2.7
cem,cem,continuous,45,52,0.196934,0.118702,0.919321,2.7
cem,cem,continuous,45,53,0.142332,0.117581,0.956476,2.7
cem,cem,continuous,45,54,0.192235,0.121521,0.924628,2.7
cem,cem,continuous,45,55,0.191193,0.118937,0.925690,2.7
cem,cem,continuous,45,56,0.128049,0.117157,0.955414,2.7
cem,cem,continuous,45,57,0.184818,0.117969,0.932059,2.7
cem,cem,continuous,45,58,0.173869,0.119631,0.936306,2.7
cem,cem,continuous,45,59,0.194305,0.119416,0.922505,2.7
cem,cem,continuous,45,60,0.099165,0.116650,0.966030,2.7
cem,cem,continuous,45,61,0.125842,0.116315,0.958599,2.7
cem,cem,continuous,45,62,0.133350,0.115793,0.952229,2.7
cem,cem,continuous,45,63,0.104312,0.116923,0.960722,2.7
cem,cem,continuous,45,64,0.075472,0.114288,0.975584,2.7
cem,cem,continuous,45,65,0.138955,0.116535,0.946921,2.7
cem,cem,continuous,45,66,0.079998,0.113985,0.974522,2.7
cem,cem,continuous,45,67,0.108312,0.115756,0.960722,2.7
cem,cem,continuous,45,68,0.103389,0.116064,0.961783,2.7
cem,cem,continuous,45,69,0.089308,0.115539,0.967091,2.7
cem,cem,continuous,45,70,0.092363,0.118266,0.961783,2.7
cem,cem,continuous,45,71,0.064049,0.115791,0.976645,2.7
cem,cem,continuous,45,72,0.072837,0.114000,0.971338,2.7
cem,cem,continuous,45,73,0.072064,0.114139,0.976645,2.7
cem,cem,continuous,45,74,0.090211,0.112114,0.967091,2.7
cem,cem,continuous,45,75,0.084210,0.115108,0.968153,2.7
cem,cem,continuous,45,76,0.057838,0.112453,0.978769,2.7
cem,cem,continuous,45,77,0.067370,0.111073,0.975584,2.7
cem,cem,continuous,45,78,0.050718,0.110767,0.980892,2.7
cem,cem,continuous,45,79,0.021518,0.109656,0.993631,2.7
cem,cem,continuous,45,80,0.062095,0.112376,0.975584,2.7
cem,cem,continuous,45,81,0.038263,0.113320,0.989384,2.7
cem,cem,continuous,45,82,0.075659,0.112251,0.970276,2.7
cem,cem,continuous,45,83,0.024088,0.109273,0.993631,2.7
cem,cem,continuous,45,84,0.004630,0.107649,1.000000,2.7
cem,cem,continuous,45,85,0.065961,0.110090,0.978769,2.7
cem,cem,continuous,45,86,0.048113,0.109874,0.981953,2.7
cem,cem,continuous,45,87,0.022890,0.110295,0.992569,2.7
cem,cem,continuous,45,88,0.050475,0.110834,0.985138,2.7
cem,cem,continuous,45,89,0.072991,0.112925,0.970276,2.7
cem,cem,continuous,45,90,0.069546,0.110223,0.976645,2.7
cem,cem,continuous,45,91,0.007145,0.105222,0.996815,2.7
cem,cem,continuous,45,92,0.017518,0.106570,0.994692,2.7
cem,cem,continuous,45,93,0.055155,0.105764,0.979830,2.7
cem,cem,continuous,45,94,0.060720,0.110616,0.977707,2.7
cem,cem,continuous,45,95,0.099827,0.111911,0.960722,2.7
cem,cem,continuous,45,96,0.033161,0.108824,0.987261,2.7
cem,cem,continuous,45,97,0.009063,0.104283,0.997877,2.7
cem,cem,continuous,45,98,0.002977,0.104038,1.000000,2.6
cem,cem,continuous,45,99,0.035744,0.106060,0.987261,2.7
cem,cem,continuous,45,100,0.050230,0.111211,0.983015,2.7
cem,cem,continuous,46,1,0.701049,0.243469,0.551688,2.7
cem,cem,continuous,46,2,0.651569,0.157417,0.611814,2.7
cem,cem,continuous,46,3,0.639921,0.159130,0.613924,2.7
cem,cem,continuous,46,4,0.593498,0.155670,0.676160,2.7
cem,cem,continuous,46,5,0.626892,0.155779,0.666667,2.7
cem,cem,continuous,46,6,0.636810,0.154304,0.641350,2.7
cem,cem,continuous,46,7,0.594725,0.155678,0.699367,2.7
cem,cem,continuous,46,8,0.589353,0.152652,0.689873,2.7
cem,cem,continuous,46,9,0.581841,0.150950,0.687764,2.7
cem,cem,continuous,46,10,0.558325,0.150396,0.732068,2.7
cem,cem,continuous,46,11,0.578627,0.150738,0.689873,2.7
cem,cem,continuous,46,12,0.585566,0.149740,0.678270,2.7
cem,cem,continuous,46,13,0.574087,0.146711,0.714135,2.7
cem,cem,continuous,46,14,0.550903,0.142626,0.707806,2.7
cem,cem,continuous,46,15,0.566330,0.146753,0.707806,2.7
cem,cem,continuous,46,16,0.515052,0.143964,0.744726,2.7
cem,cem,continuous,46,17,0.534575,0.142820,0.734177,2.7
cem,cem,continuous,46,18,0.542596,0.140130,0.729958,2.7
cem,cem,continuous,46,19,0.524011,0.139882,0.740506,2.7
cem,cem,continuous,46,20,0.489504,0.137833,0.780591,2.7
cem,cem,continuous,46,21,0.486591,0.137212,0.770042,2.7
cem,cem,continuous,46,22,0.453033,0.134558,0.785865,2.7
cem,cem,continuous,46,23,0.460320,0.135003,0.785865,2.7
cem,cem,continuous,46,24,0.421273,0.128960,0.799578,2.7
cem,cem,continuous,46,25,0.418642,0.128015,0.800633,2.7
cem,cem,continuous,46,26,0.421187,0.129557,0.805907,2.7
cem,cem,continuous,46,27,0.382251,0.130033,0.835443,2.7
cem,cem,continuous,46,28,0.429912,0.130486,0.798523,2.7
cem,cem,continuous,46,29,0.399490,0.127139,0.819620,2.7
cem,cem,continuous,46,30,0.412542,0.128315,0.818565,2.7
cem,cem,continuous,46,31,0.397150,0.126630,0.827004,2.7
cem,cem,continuous,46,32,0.353118,0.123540,0.855485,2.7
cem,cem,continuous,46,33,0.374651,0.127229,0.844937,2.7
cem,cem,continuous,46,34,0.341828,0.131441,0.859705,2.7
cem,cem,continuous,46,35,0.339941,0.124571,0.856540,2.7
cem,cem,continuous,46,36,0.336135,0.127872,0.852321,2.7
cem,cem,continuous,46,37,0.317480,0.125610,0.861814,2.7
cem,cem,continuous,46,38,0.339371,0.131677,0.857595,2.7
cem,cem,continuous,46,39,0.308653,0.126487,0.881857,2.7
cem,cem,continuous,46,40,0.298656,0.125735,0.877637,2.7
cem,cem,continuous,46,41,0.289021,0.125699,0.889241,2.7
cem,cem,continuous,46,42,0.340251,0.128519,0.863924,2.7
cem,cem,continuous,46,43,0.278499,0.122544,0.888186,2.7
cem,cem,continuous,46,44,0.252266,0.123178,0.896624,2.7
cem,cem,continuous,46,45,0.288991,0.123758,0.886076,2.7
cem,cem,continuous,46,46,0.231623,0.121577,0.914557,2.7
cem,cem,continuous,46,47,0.252318,0.123447,0.902954,2.7
cem,cem,continuous,46,48,0.236987,0.123064,0.904008,2.7
cem,cem,continuous,46,49,0.195535,0.121152,0.925105,2.7
cem,cem,continuous,46,50,0.241584,0.123630,0.904008,2.7
cem,cem,continuous,46,51,0.215028,0.123037,0.913502,2.7
cem,cem,continuous,46,52,0.172466,0.121126,0.943038,2.7
cem,cem,continuous,46,53,0.150261,0.118518,0.940928,2.7
cem,cem,continuous,46,54,0.153635,0.120725,0.940928,2.7
cem,cem,continuous,46,55,0.167549,0.119668,0.935654,2.7
cem,cem,continuous,46,56,0.154019,0.119780,0.951477,2.7
cem,cem,continuous,46,57,0.160390,0.122362,0.939873,2.7
cem,cem,continuous,46,58,0.160310,0.121325,0.941983,2.7
cem,cem,continuous,46,59,0.156401,0.119798,0.937764,2.7
cem,cem,continuous,46,60,0.141493,0.119464,0.947257,2.7
cem,cem,continuous,46,61,0.174074,0.118201,0.919831,2.7
cem,cem,continuous,46,62,0.218185,0.124936,0.918776,2.7
cem,cem,continuous,46,63,0.073463,0.118689,0.972574,2.7
cem,cem,continuous,46,64,0.149688,0.119460,0.950422,2.7
cem,cem,continuous,46,65,0.090213,0.119372,0.968354,2.7
cem,cem,continuous,46,66,0.059358,0.118456,0.983122,2.7
cem,cem,continuous,46,67,0.116188,0.118973,0.952532,2.7
cem,cem,continuous,46,68,0.064489,0.118913,0.974684,2.7
cem,cem,continuous,46,69,0.169164,0.121735,0.936709,2.7
cem,cem,continuous,46,70,0.090890,0.118875,0.966245,2.7
cem,cem,continuous,46,71,0.105504,0.118069,0.964135,2.7
cem,cem,continuous,46,72,0.122765,0.118924,0.957806,2.7
cem,cem,continuous,46,73,0.073771,0.118162,0.979958,2.7
cem,cem,continuous,46,74,0.067956,0.116751,0.977848,2.7
cem,cem,continuous,46,75,0.165933,0.119370,0.932489,2.7
cem,cem,continuous,46,76,0.082440,0.118178,0.974684,2.7
cem,cem,continuous,46,77,0.067839,0.117961,0.976793,2.7
cem,cem,continuous,46,78,0.092347,0.116703,0.974684,2.7
cem,cem,continuous,46,79,0.047322,0.115841,0.982068,2.7
cem,cem,continuous,46,80,0.044040,0.114011,0.986287,2.7
cem,cem,continuous,46,81,0.096233,0.116750,0.969409,2.7
cem,cem,continuous,46,82,0.049913,0.113398,0.983122,2.7
cem,cem,continuous,46,83,0.042307,0.113115,0.990506,2.7
cem,cem,continuous,46,84,0.042073,0.114313,0.988397,2.7
cem,cem,continuous,46,85,0.016518,0.111302,0.996835,2.7
cem,cem,continuous,46,86,0.147415,0.119096,0.945148,2.7
cem,cem,continuous,46,87,0.025756,0.111228,0.993671,2.7
cem,cem,continuous,46,88,0.092191,0.113984,0.968354,2.7
cem,cem,continuous,46,89,0.047708,0.113056,0.983122,2.7
cem,cem,continuous,46,90,0.042809,0.111870,0.986287,2.7
cem,cem,continuous,46,91,0.032500,0.110520,0.992616,2.7
cem,cem,continuous,46,92,0.076680,0.117300,0.971519,2.7
cem,cem,continuous,46,93,0.039099,0.112131,0.987342,2.7
cem,cem,continuous,46,94,0.075143,0.113309,0.974684,2.7
cem,cem,continuous,46,95,0.025718,0.110655,0.990506,2.7
cem,cem,continuous,46,96,0.079344,0.114653,0.974684,2.7
cem,cem,continuous,46,97,0.094354,0.116568,0.958861,2.7
cem,cem,continuous,46,98,0.037770,0.111262,0.986287,2.7
cem,cem,continuous,46,99,0.015125,0.109130,0.994726,2.7
cem,cem,continuous,46,100,0.019385,0.106847,0.995781,2.7
cem,cem,continuous,47,1,0.718405,0.246873,0.521602,2.7
cem,cem,continuous,47,2,0.668789,0.154793,0.604847,2.7
cem,cem,continuous,47,3,0.609610,0.155622,0.664910,2.7
cem,cem,continuous,47,4,0.663855,0.157923,0.617492,2.7
cem,cem,continuous,47,5,0.633206,0.152952,0.636459,2.7
cem,cem,continuous,47,6,0.633874,0.152272,0.640674,2.7
cem,cem,continuous,47,7,0.621450,0.152499,0.658588,2.7
cem,cem,continuous,47,8,0.607303,0.146681,0.656481,2.7
cem,cem,continuous,47,9,0.618495,0.148209,0.673340,2.7
cem,cem,continuous,47,10,0.575252,0.141623,0.730242,2.7
cem,cem,continuous,47,11,0.568607,0.143560,0.726027,2.7
cem,cem,continuous,47,12,0.573892,0.142470,0.691254,2.7
cem,cem,continuous,47,13,0.563368,0.143977,0.701791,2.7
cem,cem,continuous,47,14,0.524695,0.135574,0.748156,2.7
cem,cem,continuous,47,15,0.496111,0.134749,0.767123,2.7
cem,cem,continuous,47,16,0.516222,0.137514,0.748156,2.7
cem,cem,continuous,47,17,0.502416,0.134256,0.760801,2.7
cem,cem,continuous,47,18,0.507859,0.137069,0.758693,2.7
cem,cem,continuous,47,19,0.430260,0.129120,0.795574,2.7
cem,cem,continuous,47,20,0.450263,0.129508,0.783983,2.7
cem,cem,continuous,47,21,0.470623,0.127911,0.791359,2.7
cem,cem,continuous,47,22,0.430921,0.130618,0.825079,2.7
cem,cem,continuous,47,23,0.427144,0.128382,0.824025,2.7
cem,cem,continuous,47,24,0.449927,0.129100,0.811380,2.7
cem,cem,continuous,47,25,0.426186,0.126626,0.813488,2.7
cem,cem,continuous,47,26,0.421440,0.127173,0.819810,2.7
cem,cem,continuous,47,27,0.380659,0.126001,0.835616,2.7
cem,cem,continuous,47,28,0.370753,0.121118,0.841939,2.7
cem,cem,continuous,47,29,0.353467,0.121261,0.849315,2.7
cem,cem,continuous,47,30,0.336507,0.122080,0.860906,2.7
cem,cem,continuous,47,31,0.351777,0.120396,0.846154,2.8
cem,cem,continuous,47,32,0.335448,0.120446,0.854584,2.8
cem,cem,continuous,47,33,0.337101,0.121674,0.865121,2.8
cem,cem,continuous,47,34,0.296074,0.121939,0.881981,2.8
cem,cem,continuous,47,35,0.326617,0.119441,0.861960,2.8
cem,cem,continuous,47,36,0.275898,0.120857,0.895680,2.8
cem,cem,continuous,47,37,0.270493,0.120376,0.890411,2.8
cem,cem,continuous,47,38,0.267102,0.122262,0.902002,2.8
cem,cem,continuous,47,39,0.242631,0.120728,0.908325,2.8
cem,cem,continuous,47,40,0.251996,0.115282,0.905163,2.8
cem,cem,continuous,47,41,0.258834,0.119248,0.895680,2.8
cem,cem,continuous,47,42,0.320918,0.122755,0.872497,2.8
cem,cem,continuous,47,43,0.215090,0.117619,0.922023,2.8
cem,cem,continuous,47,44,0.245515,0.120401,0.906217,2.8
cem,cem,continuous,47,45,0.180857,0.117282,0.943098,2.8
cem,cem,continuous,47,46,0.200803,0.119784,0.916754,2.8
cem,cem,continuous,47,47,0.231911,0.119598,0.904110,2.9
cem,cem,continuous,47,48,0.162844,0.117144,0.944152,2.7
cem,cem,continuous,47,49,0.216665,0.119803,0.908325,2.7
cem,cem,continuous,47,50,0.169749,0.117615,0.932561,2.7
cem,cem,continuous,47,51,0.140873,0.117652,0.943098,2.7
cem,cem,continuous,47,52,0.164145,0.116152,0.933614,2.7
cem,cem,continuous,47,53,0.191928,0.118997,0.920969,2.7
cem,cem,continuous,47,54,0.128575,0.113927,0.950474,2.7
cem,cem,continuous,47,55,0.150051,0.116266,0.943098,2.7
cem,cem,continuous,47,56,0.115374,0.115403,0.955743,2.7
cem,cem,continuous,47,57,0.114644,0.118864,0.955743,2.7
cem,cem,continuous,47,58,0.093930,0.116615,0.970495,2.7
cem,cem,continuous,47,59,0.155296,0.118907,0.938883,2.7
cem,cem,continuous,47,60,0.086559,0.118026,0.970495,2.7
cem,cem,continuous,47,61,0.127999,0.117711,0.952582,2.7
cem,cem,continuous,47,62,0.098484,0.117033,0.958904,2.7
cem,cem,continuous,47,63,0.097243,0.116124,0.970495,2.7
cem,cem,continuous,47,64,0.156661,0.116518,0.936776,2.7
cem,cem,continuous,47,65,0.089518,0.114755,0.973656,2.7
cem,cem,continuous,47,66,0.192631,0.118943,0.923077,2.7
cem,cem,continuous,47,67,0.097657,0.115364,0.964173,2.7
cem,cem,continuous,47,68,0.083192,0.115843,0.966280,2.7
cem,cem,continuous,47,69,0.085752,0.115196,0.966280,2.7
cem,cem,continuous,47,70,0.029985,0.113408,0.990516,2.7
cem,cem,continuous,47,71,0.056792,0.114029,0.976818,2.7
cem,cem,continuous,47,72,0.080410,0.116244,0.973656,2.7
cem,cem,continuous,47,73,0.039182,0.113400,0.987355,2.7
cem,cem,continuous,47,74,0.041827,0.113406,0.987355,2.7
cem,cem,continuous,47,75,0.018009,0.111434,0.995785,2.7
cem,cem,continuous,47,76,0.066887,0.113112,0.976818,2.7
cem,cem,continuous,47,77,0.094498,0.115374,0.966280,2.7
cem,cem,continuous,47,78,0.081951,0.115825,0.966280,2.7
cem,cem,continuous,47,79,0.036254,0.113636,0.987355,2.7
cem,cem,continuous,47,80,0.028320,0.111381,0.993678,2.7
cem,cem,continuous,47,81,0.103932,0.113024,0.963119,2.7
cem,cem,continuous,47,82,0.038347,0.110884,0.990516,2.7
cem,cem,continuous,47,83,0.033503,0.111724,0.991570,2.7
cem,cem,continuous,47,84,0.022100,0.109754,0.992624,2.7
cem,cem,continuous,47,85,0.091211,0.114666,0.967334,2.7
cem,cem,continuous,47,86,0.039291,0.112166,0.987355,2.7
cem,cem,continuous,47,87,0.023827,0.110749,0.992624,2.7
cem,cem,continuous,47,88,0.053449,0.110164,0.983140,2.7
cem,cem,continuous,47,89,0.029728,0.110067,0.988409,2.7
cem,cem,continuous,47,90,0.025788,0.108762,0.992624,2.7
cem,cem,continuous,47,91,0.041176,0.108912,0.987355,2.7
cem,cem,continuous,47,92,0.050211,0.113853,0.985248,2.7
cem,cem,continuous,47,93,0.049885,0.110951,0.979979,2.7
cem,cem,continuous,47,94,0.049034,0.111096,0.981033,2.7
cem,cem,continuous,47,95,0.039059,0.108604,0.986301,2.7
cem,cem,continuous,47,96,0.148925,0.116065,0.946259,2.7
cem,cem,continuous,47,97,0.043322,0.112018,0.981033,2.7
cem,cem,continuous,47,98,0.050811,0.109306,0.987355,2.7
cem,cem,continuous,47,99,0.056249,0.111505,0.982086,2.7
cem,cem,continuous,47,100,0.073348,0.108428,0.975764,2.7
cem,cem,continuous,48,1,0.718475,0.253898,0.551613,2.6
cem,cem,continuous,48,2,0.658652,0.159362,0.601075,2.6
cem,cem,continuous,48,3,0.644288,0.156500,0.619355,2.7
cem,cem,continuous,48,4,0.642469,0.156327,0.627957,2.7
cem,cem,continuous,48,5,0.627510,0.150736,0.633333,2.6
cem,cem,continuous,48,6,0.631118,0.150229,0.651613,2.7
cem,cem,continuous,48,7,0.638227,0.149652,0.629032,2.7
cem,cem,continuous,48,8,0.618307,0.148339,0.644086,2.6
cem,cem,continuous,48,9,0.587692,0.148336,0.687097,2.6
cem,cem,continuous,48,10,0.559026,0.148534,0.703226,2.7
cem,cem,continuous,48,11,0.569285,0.148971,0.718280,2.6
cem,cem,continuous,48,12,0.563645,0.144826,0.693548,2.6
cem,cem,continuous,48,13,0.580360,0.145009,0.713978,2.6
cem,cem,continuous,48,14,0.592062,0.146053,0.723656,2.7
cem,cem,continuous,48,15,0.537050,0.138672,0.741935,2.7
cem,cem,continuous,48,16,0.511601,0.137686,0.759140,2.7
cem,cem,continuous,48,17,0.539262,0.137641,0.740860,2.6
cem,cem,continuous,48,18,0.497429,0.136017,0.782796,2.6
cem,cem,continuous,48,19,0.616734,0.147336,0.669892,2.6
cem,cem,continuous,48,20,0.494498,0.132945,0.769892,2.7
cem,cem,continuous,48,21,0.483163,0.131487,0.766667,2.6
cem,cem,continuous,48,22,0.455916,0.128780,0.802151,2.7
cem,cem,continuous,48,23,0.466082,0.129322,0.774194,2.7
cem,cem,continuous,48,24,0.399149,0.127286,0.833333,2.7
cem,cem,continuous,48,25,0.415966,0.128311,0.808602,2.6
cem,cem,continuous,48,26,0.407352,0.126193,0.826882,2.6
cem,cem,continuous,48,27,0.411799,0.126881,0.820430,2.7
cem,cem,continuous,48,28,0.460120,0.129048,0.783871,2.7
cem,cem,continuous,48,29,0.367997,0.123288,0.852688,2.7
cem,cem,continuous,48,30,0.361394,0.123109,0.843011,2.6
cem,cem,continuous,48,31,0.341639,0.121979,0.853763,2.7
cem,cem,continuous,48,32,0.364307,0.123541,0.843011,2.7
cem,cem,continuous,48,33,0.325997,0.123277,0.865591,2.6
cem,cem,continuous,48,34,0.317735,0.123881,0.863441,2.6
cem,cem,continuous,48,35,0.385752,0.126951,0.838710,2.7
cem,cem,continuous,48,36,0.287634,0.124390,0.877419,2.6
cem,cem,continuous,48,37,0.283577,0.122064,0.881720,2.7
cem,cem,continuous,48,38,0.266958,0.122023,0.897849,2.6
cem,cem,continuous,48,39,0.250849,0.123029,0.889247,2.6
cem,cem,continuous,48,40,0.281619,0.122661,0.889247,2.6
cem,cem,continuous,48,41,0.265523,0.124231,0.892473,2.6
cem,cem,continuous,48,42,0.253789,0.121702,0.897849,2.6
cem,cem,continuous,48,43,0.242781,0.121542,0.895699,2.7
cem,cem,continuous,48,44,0.201262,0.121514,0.920430,2.7
cem,cem,continuous,48,45,0.206113,0.119842,0.909677,2.7
cem,cem,continuous,48,46,0.172574,0.121418,0.934409,2.6
cem,cem,continuous,48,47,0.169434,0.120568,0.945161,2.7
cem,cem,continuous,48,48,0.162980,0.118183,0.936559,2.6
cem,cem,continuous,48,49,0.408838,0.131564,0.833333,2.7
cem,cem,continuous,48,50,0.157010,0.122035,0.945161,2.7
cem,cem,continuous,48,51,0.166676,0.122306,0.934409,2.6
cem,cem,continuous,48,52,0.184067,0.121868,0.930108,2.7
cem,cem,continuous,48,53,0.110166,0.119347,0.966667,2.6
cem,cem,continuous,48,54,0.277973,0.124536,0.892473,2.6
cem,cem,continuous,48,55,0.205133,0.125123,0.913978,2.7
cem,cem,continuous,48,56,0.117208,0.120994,0.955914,2.7
cem,cem,continuous,48,57,0.139136,0.119470,0.949462,2.6
cem,cem,continuous,48,58,0.205065,0.121725,0.922581,2.7
cem,cem,continuous,48,59,0.123831,0.121376,0.954839,2.7
cem,cem,continuous,48,60,0.089451,0.119584,0.964516,2.6
cem,cem,continuous,48,61,0.249300,0.122715,0.905376,2.6
cem,cem,continuous,48,62,0.134600,0.120565,0.946237,2.7
cem,cem,continuous,48,63,0.086443,0.118760,0.970968,2.7
cem,cem,continuous,48,64,0.086429,0.119365,0.967742,2.7
cem,cem,continuous,48,65,0.092644,0.117968,0.967742,2.7
cem,cem,continuous,48,66,0.123692,0.121175,0.956989,2.7
cem,cem,continuous,48,67,0.074123,0.117127,0.974194,2.7
cem,cem,continuous,48,68,0.062567,0.117472,0.978495,2.6
cem,cem,continuous,48,69,0.057449,0.115836,0.979570,2.7
cem,cem,continuous,48,70,0.086668,0.116176,0.968817,2.6
cem,cem,continuous,48,71,0.050818,0.117613,0.988172,2.7
cem,cem,continuous,48,72,0.042421,0.115239,0.987097,2.7
cem,cem,continuous,48,73,0.068863,0.116246,0.978495,2.7
cem,cem,continuous,48,74,0.082284,0.116871,0.976344,2.7
cem,cem,continuous,48,75,0.059375,0.115503,0.978495,2.6
cem,cem,continuous,48,76,0.104625,0.122104,0.966667,2.7
cem,cem,continuous,48,77,0.046098,0.115642,0.984946,2.6
cem,cem,continuous,48,78,0.047089,0.117458,0.987097,2.7
cem,cem,continuous,48,79,0.186877,0.122848,0.933333,2.7
cem,cem,continuous,48,80,0.077532,0.117264,0.976344,2.7
cem,cem,continuous,48,81,0.087014,0.116729,0.973118,2.7
cem,cem,continuous,48,82,0.058052,0.115407,0.986022,2.7
cem,cem,continuous,48,83,0.070514,0.117610,0.982796,2.7
cem,cem,continuous,48,84,0.036721,0.115489,0.986022,2.7
cem,cem,continuous,48,85,0.037039,0.114284,0.988172,2.6
cem,cem,continuous,48,86,0.051872,0.115700,0.982796,2.7
cem,cem,continuous,48,87,0.035102,0.113979,0.990323,2.7
cem,cem,continuous,48,88,0.040471,0.113494,0.984946,2.6
cem,cem,continuous,48,89,0.090174,0.115863,0.967742,2.6
cem,cem,continuous,48,90,0.026692,0.112398,0.993548,2.6
cem,cem,continuous,48,91,0.021061,0.111848,0.993548,2.7
cem,cem,continuous,48,92,0.026373,0.111388,0.994624,2.6
cem,cem,continuous,48,93,0.037330,0.113370,0.988172,2.7
cem,cem,continuous,48,94,0.041476,0.113325,0.987097,2.6
cem,cem,continuous,48,95,0.011360,0.109814,0.996774,2.7
cem,cem,continuous,48,96,0.052950,0.113605,0.983871,2.7
cem,cem,continuous,48,97,0.077604,0.116694,0.972043,2.7
cem,cem,continuous,48,98,0.053928,0.115250,0.982796,2.7
cem,cem,continuous,48,99,0.020266,0.111636,0.997849,2.7
cem,cem,continuous,48,100,0.051713,0.113618,0.987097,2.7
cem,cem,continuous,49,1,0.716562,0.234617,0.564805,2.7
cem,cem,continuous,49,2,0.698059,0.153487,0.562698,2.7
cem,cem,continuous,49,3,0.640544,0.153730,0.617492,2.7
cem,cem,continuous,49,4,0.615983,0.153519,0.626976,2.7
cem,cem,continuous,49,5,0.646987,0.152000,0.602740,2.7
cem,cem,continuous,49,6,0.643751,0.156124,0.604847,2.7
cem,cem,continuous,49,7,0.646004,0.152012,0.623815,2.7
cem,cem,continuous,49,8,0.575740,0.151743,0.682824,2.7
cem,cem,continuous,49,9,0.607139,0.150998,0.664910,2.7
cem,cem,continuous,49,10,0.620776,0.150831,0.650158,2.7
cem,cem,continuous,49,11,0.592562,0.148730,0.671233,2.7
cem,cem,continuous,49,12,0.603119,0.146354,0.670179,2.7
cem,cem,continuous,49,13,0.581876,0.145372,0.680717,2.7
cem,cem,continuous,49,14,0.555436,0.142605,0.729189,2.7
cem,cem,continuous,49,15,0.584809,0.144721,0.685985,2.7
cem,cem,continuous,49,16,0.522767,0.142037,0.736565,2.7
cem,cem,continuous,49,17,0.532431,0.139982,0.722866,2.7
cem,cem,continuous,49,18,0.554559,0.140578,0.718651,2.7
cem,cem,continuous,49,19,0.539390,0.140109,0.726027,2.7
cem,cem,continuous,49,20,0.515500,0.135975,0.744995,2.7
cem,cem,continuous,49,21,0.529457,0.136338,0.742887,2.7
cem,cem,continuous,49,22,0.493083,0.133107,0.742887,2.7
cem,cem,continuous,49,23,0.480378,0.132712,0.762908,2.7
cem,cem,continuous,49,24,0.461882,0.130671,0.783983,2.7
cem,cem,continuous,49,25,0.491212,0.133239,0.772392,2.7
cem,cem,continuous,49,26,0.429994,0.129796,0.798736,2.7
cem,cem,continuous,49,27,0.462921,0.128393,0.781876,2.7
cem,cem,continuous,49,28,0.440874,0.129185,0.820864,2.7
cem,cem,continuous,49,29,0.417418,0.126108,0.813488,2.7
cem,cem,continuous,49,30,0.390550,0.124291,0.826133,2.7
cem,cem,continuous,49,31,0.418095,0.128978,0.825079,2.7
cem,cem,continuous,49,32,0.400134,0.124843,0.839831,2.7
cem,cem,continuous,49,33,0.360187,0.121923,0.854584,2.7
cem,cem,continuous,49,34,0.349764,0.122659,0.853530,2.7
cem,cem,continuous,49,35,0.380659,0.125172,0.838778,2.7
cem,cem,continuous,49,36,0.358351,0.122788,0.839831,2.7
cem,cem,continuous,49,37,0.351573,0.121663,0.853530,2.7
cem,cem,continuous,49,38,0.343592,0.121900,0.859852,2.7
cem,cem,continuous,49,39,0.318792,0.122317,0.870390,2.7
cem,cem,continuous,49,40,0.307133,0.122877,0.877766,2.7
cem,cem,continuous,49,41,0.279994,0.120615,0.876712,2.7
cem,cem,continuous,49,42,0.304810,0.123809,0.879874,2.7
cem,cem,continuous,49,43,0.279488,0.121257,0.886196,2.7
cem,cem,continuous,49,44,0.238411,0.119336,0.909378,2.8
cem,cem,continuous,49,45,0.318801,0.123410,0.866175,2.7
cem,cem,continuous,49,46,0.284491,0.121170,0.886196,2.7
cem,cem,continuous,49,47,0.233145,0.119885,0.908325,2.7
cem,cem,continuous,49,48,0.261524,0.119337,0.892518,2.7
cem,cem,continuous,49,49,0.266892,0.121339,0.897787,2.7
cem,cem,continuous,49,50,0.219650,0.118105,0.912540,2.7
cem,cem,continuous,49,51,0.239996,0.118079,0.907271,2.7
cem,cem,continuous,49,52,0.204130,0.120210,0.916754,2.7
cem,cem,continuous,49,53,0.169075,0.117957,0.926238,2.7
cem,cem,continuous,49,54,0.180296,0.118459,0.922023,2.7
cem,cem,continuous,49,55,0.246914,0.120301,0.905163,2.7
cem,cem,continuous,49,56,0.112598,0.118021,0.953635,2.8
cem,cem,continuous,49,57,0.171800,0.122633,0.928346,2.8
cem,cem,continuous,49,58,0.167404,0.119675,0.935722,2.8
cem,cem,continuous,49,59,0.116996,0.118645,0.959958,2.7
cem,cem,continuous,49,60,0.107620,0.116783,0.956797,2.7
cem,cem,continuous,49,61,0.099208,0.118373,0.961012,2.7
cem,cem,continuous,49,62,0.107927,0.117784,0.954689,2.7
cem,cem,continuous,49,63,0.180258,0.120778,0.932561,2.7
cem,cem,continuous,49,64,0.104755,0.117421,0.956797,2.7
cem,cem,continuous,49,65,0.068452,0.115637,0.971549,2.7
cem,cem,continuous,49,66,0.124049,0.117651,0.957850,2.7
cem,cem,continuous,49,67,0.102887,0.120544,0.958904,2.8
cem,cem,continuous,49,68,0.158061,0.117674,0.942044,2.7
cem,cem,continuous,49,69,0.114613,0.122297,0.958904,2.7
cem,cem,continuous,49,70,0.037775,0.116116,0.986301,2.7
cem,cem,continuous,49,71,0.207137,0.125568,0.924131,2.7
cem,cem,continuous,49,72,0.068129,0.116143,0.976818,2.7
cem,cem,continuous,49,73,0.102257,0.118653,0.961012,2.7
cem,cem,continuous,49,74,0.062567,0.112987,0.974710,2.7
cem,cem,continuous,49,75,0.062324,0.114424,0.971549,2.7
cem,cem,continuous,49,76,0.061598,0.115549,0.976818,2.7
cem,cem,continuous,49,77,0.046458,0.113522,0.987355,2.7
cem,cem,continuous,49,78,0.081248,0.116713,0.972603,2.7
cem,cem,continuous,49,79,0.110962,0.116465,0.957850,2.7
cem,cem,continuous,49,80,0.013236,0.113524,0.995785,2.7
cem,cem,continuous,49,81,0.013812,0.112390,0.996839,2.7
cem,cem,continuous,49,82,0.015323,0.111513,0.993678,2.7
cem,cem,continuous,49,83,0.160440,0.118054,0.939937,2.8
cem,cem,continuous,49,84,0.029725,0.112400,0.989463,2.7
cem,cem,continuous,49,85,0.042554,0.111804,0.987355,2.7
cem,cem,continuous,49,86,0.099664,0.114571,0.956797,2.7
cem,cem,continuous,49,87,0.011219,0.110048,0.995785,2.7
cem,cem,continuous,49,88,0.023457,0.112335,0.994731,2.7
cem,cem,continuous,49,89,0.108433,0.115451,0.965227,2.7
cem,cem,continuous,49,90,0.047449,0.111488,0.982086,2.8
cem,cem,continuous,49,91,0.024104,0.110483,0.988409,2.7
cem,cem,continuous,49,92,0.041893,0.111362,0.987355,2.7
cem,cem,continuous,49,93,0.043274,0.112283,0.987355,2.7
cem,cem,continuous,49,94,0.022342,0.108432,0.991570,2.7
cem,cem,continuous,49,95,0.029298,0.109112,0.988409,2.7
cem,cem,continuous,49,96,0.080178,0.113028,0.970495,2.7
cem,cem,continuous,49,97,0.056448,0.113616,0.979979,2.7
cem,cem,continuous,49,98,0.041283,0.110526,0.986301,2.7
cem,cem,continuous,49,99,0.030671,0.109670,0.990516,2.7
cem,cem,continuous,49,100,0.064835,0.108879,0.973656,2.7
cem,cem,continuous,50,1,0.721247,0.236076,0.551687,2.6
cem,cem,continuous,50,2,0.641925,0.152384,0.615887,2.6
cem,cem,continuous,50,3,0.652610,0.154245,0.603917,2.6
cem,cem,continuous,50,4,0.631924,0.153658,0.643090,2.7
cem,cem,continuous,50,5,0.657916,0.151450,0.611534,2.6
cem,cem,continuous,50,6,0.617528,0.148469,0.652884,2.6
cem,cem,continuous,50,7,0.639702,0.148329,0.622416,2.6
cem,cem,continuous,50,8,0.614387,0.146776,0.647443,2.6
cem,cem,continuous,50,9,0.602463,0.147554,0.667029,2.6
cem,cem,continuous,50,10,0.591021,0.147317,0.682263,2.7
cem,cem,continuous,50,11,0.616067,0.145190,0.664853,2.7
cem,cem,continuous,50,12,0.576843,0.144706,0.696409,2.6
cem,cem,continuous,50,13,0.567718,0.147144,0.701850,2.7
cem,cem,continuous,50,14,0.585506,0.143734,0.700762,2.7
cem,cem,continuous,50,15,0.583916,0.140221,0.686616,2.6
cem,cem,continuous,50,16,0.597591,0.140916,0.685528,2.7
cem,cem,continuous,50,17,0.543622,0.138027,0.726877,2.6
cem,cem,continuous,50,18,0.544391,0.137904,0.731230,2.6
cem,cem,continuous,50,19,0.542386,0.137693,0.730141,2.6
cem,cem,continuous,50,20,0.514806,0.136169,0.746464,2.6
cem,cem,continuous,50,21,0.536484,0.133503,0.735582,2.7
cem,cem,continuous,50,22,0.483929,0.132590,0.760609,2.6
cem,cem,continuous,50,23,0.469930,0.133569,0.789989,2.6
cem,cem,continuous,50,24,0.501353,0.131264,0.757345,2.7
cem,cem,continuous,50,25,0.438700,0.130875,0.810664,2.6
cem,cem,continuous,50,26,0.447808,0.127173,0.796518,2.6
cem,cem,continuous,50,27,0.470583,0.131216,0.783460,2.7
cem,cem,continuous,50,28,0.452476,0.126275,0.798694,2.6
cem,cem,continuous,50,29,0.423340,0.123898,0.816104,2.7
cem,cem,continuous,50,30,0.390475,0.124127,0.829162,2.6
cem,cem,continuous,50,31,0.432961,0.125090,0.813928,2.7
cem,cem,continuous,50,32,0.356587,0.119809,0.857454,2.6
cem,cem,continuous,50,33,0.355632,0.123258,0.855277,2.6
cem,cem,continuous,50,34,0.373161,0.123224,0.849837,2.6
cem,cem,continuous,50,35,0.368008,0.123671,0.835691,2.6
cem,cem,continuous,50,36,0.326254,0.122424,0.871600,2.6
cem,cem,continuous,50,37,0.304682,0.123264,0.872688,2.6
cem,cem,continuous,50,38,0.351142,0.122853,0.859630,2.6
cem,cem,continuous,50,39,0.356584,0.121363,0.861806,2.6
cem,cem,continuous,50,40,0.302479,0.120748,0.884657,2.6
cem,cem,continuous,50,41,0.267430,0.117665,0.895539,2.6
cem,cem,continuous,50,42,0.262309,0.119829,0.905332,2.6
cem,cem,continuous,50,43,0.288917,0.121008,0.885745,2.7
cem,cem,continuous,50,44,0.256494,0.120066,0.900979,2.6
cem,cem,continuous,50,45,0.245240,0.121910,0.907508,2.6
cem,cem,continuous,50,46,0.269626,0.120501,0.894450,2.6
cem,cem,continuous,50,47,0.227252,0.118120,0.911861,2.6
cem,cem,continuous,50,48,0.206896,0.119640,0.923830,2.6
cem,cem,continuous,50,49,0.226747,0.120458,0.911861,2.6
cem,cem,continuous,50,50,0.191206,0.118886,0.934712,2.6
cem,cem,continuous,50,51,0.171958,0.117676,0.939064,2.7
cem,cem,continuous,50,52,0.208001,0.120335,0.919478,2.6
cem,cem,continuous,50,53,0.156567,0.118253,0.944505,2.6
cem,cem,continuous,50,54,0.134212,0.116930,0.953210,2.7
cem,cem,continuous,50,55,0.143691,0.117400,0.945593,2.6
cem,cem,continuous,50,56,0.157711,0.121058,0.942329,2.6
cem,cem,continuous,50,57,0.152115,0.115395,0.939064,2.7
cem,cem,continuous,50,58,0.104774,0.116644,0.963003,2.7
cem,cem,continuous,50,59,0.107774,0.115473,0.968444,2.6
cem,cem,continuous,50,60,0.080579,0.114979,0.969532,2.6
cem,cem,continuous,50,61,0.092519,0.115722,0.967356,2.6
cem,cem,continuous,50,62,0.092323,0.116827,0.966268,2.7
cem,cem,continuous,50,63,0.097067,0.115751,0.965180,2.6
cem,cem,continuous,50,64,0.104989,0.116674,0.961915,2.6
cem,cem,continuous,50,65,0.112955,0.115778,0.960827,2.6
cem,cem,continuous,50,66,0.096468,0.114496,0.961915,2.6
cem,cem,continuous,50,67,0.107484,0.115557,0.958651,2.7
cem,cem,continuous,50,68,0.132749,0.119228,0.943417,2.6
cem,cem,continuous,50,69,0.056297,0.114996,0.984766,2.6
cem,cem,continuous,50,70,0.050152,0.115587,0.983678,2.6
cem,cem,continuous,50,71,0.057465,0.115009,0.981502,2.6
cem,cem,continuous,50,72,0.073183,0.116117,0.969532,2.6
cem,cem,continuous,50,73,0.068360,0.114578,0.979325,2.6
cem,cem,continuous,50,74,0.024254,0.114564,0.992383,2.6
cem,cem,continuous,50,75,0.120803,0.114357,0.958651,2.6
cem,cem,continuous,50,76,0.062719,0.115724,0.981502,2.7
cem,cem,continuous,50,77,0.048545,0.113992,0.980413,2.6
cem,cem,continuous,50,78,0.077780,0.113266,0.973885,2.6
cem,cem,continuous,50,79,0.087785,0.115482,0.961915,2.7
cem,cem,continuous,50,80,0.078171,0.114653,0.971708,2.7
cem,cem,continuous,50,81,0.089384,0.117190,0.964091,2.6
cem,cem,continuous,50,82,0.011643,0.111758,0.998912,2.6
cem,cem,continuous,50,83,0.015877,0.112944,0.996736,2.6
cem,cem,continuous,50,84,0.035998,0.112725,0.990207,2.6
cem,cem,continuous,50,85,0.059536,0.112377,0.979325,2.6
cem,cem,continuous,50,86,0.054504,0.112092,0.983678,2.6
cem,cem,continuous,50,87,0.071938,0.113265,0.972797,2.6
cem,cem,continuous,50,88,0.033731,0.112770,0.991295,2.6
cem,cem,continuous,50,89,0.028694,0.110358,0.990207,2.6
cem,cem,continuous,50,90,0.101271,0.113550,0.969532,2.7
cem,cem,continuous,50,91,0.033244,0.113972,0.988030,2.6
cem,cem,continuous,50,92,0.033827,0.111398,0.990207,2.7
cem,cem,continuous,50,93,0.046864,0.112184,0.988030,2.6
cem,cem,continuous,50,94,0.038473,0.111347,0.985854,2.6
cem,cem,continuous,50,95,0.033690,0.111543,0.990207,2.7
cem,cem,continuous,50,96,0.043875,0.111411,0.981502,2.6
cem,cem,continuous,50,97,0.034537,0.110373,0.990207,2.6
cem,cem,continuous,50,98,0.011249,0.108654,0.998912,2.6
cem,cem,continuous,50,99,0.009450,0.108508,0.998912,2.6
cem,cem,continuous,50,100,0.024485,0.106510,0.993471,2.6
cem,cem,continuous,51,1,0.695743,0.256627,0.560043,2.7
cem,cem,continuous,51,2,0.683849,0.156223,0.569607,2.7
cem,cem,continuous,51,3,0.639004,0.154104,0.626993,2.7
cem,cem,continuous,51,4,0.595550,0.151897,0.663124,2.7
cem,cem,continuous,51,5,0.609613,0.152738,0.652497,2.7
cem,cem,continuous,51,6,0.636259,0.159772,0.645058,2.7
cem,cem,continuous,51,7,0.588399,0.149861,0.659936,2.7
cem,cem,continuous,51,8,0.600780,0.151665,0.680128,2.7
cem,cem,continuous,51,9,0.610738,0.152683,0.660999,2.7
cem,cem,continuous,51,10,0.591996,0.152152,0.689692,2.7
cem,cem,continuous,51,11,0.573522,0.150123,0.691817,2.7
cem,cem,continuous,51,12,0.569174,0.147904,0.702444,2.7
cem,cem,continuous,51,13,0.557228,0.145252,0.720510,2.7
cem,cem,continuous,51,14,0.531755,0.144876,0.725824,2.7
cem,cem,continuous,51,15,0.542170,0.144067,0.718385,2.7
cem,cem,continuous,51,16,0.550399,0.144590,0.723698,2.7
cem,cem,continuous,51,17,0.536175,0.141161,0.727949,2.7
cem,cem,continuous,51,18,0.505301,0.138635,0.757705,2.7
cem,cem,continuous,51,19,0.554985,0.140688,0.720510,2.7
cem,cem,continuous,51,20,0.472760,0.134283,0.777896,2.7
cem,cem,continuous,51,21,0.488876,0.135809,0.767269,2.7
cem,cem,continuous,51,22,0.465690,0.132208,0.787460,2.7
cem,cem,continuous,51,23,0.471194,0.131392,0.782147,2.7
cem,cem,continuous,51,24,0.480178,0.130824,0.768332,2.7
cem,cem,continuous,51,25,0.475082,0.130502,0.768332,2.7
cem,cem,continuous,51,26,0.445368,0.130012,0.791711,2.7
cem,cem,continuous,51,27,0.435400,0.127872,0.815090,2.7
cem,cem,continuous,51,28,0.411016,0.128115,0.826780,2.7
cem,cem,continuous,51,29,0.393082,0.124481,0.837407,2.7
cem,cem,continuous,51,30,0.381450,0.126675,0.837407,2.7
cem,cem,continuous,51,31,0.373273,0.125577,0.843783,2.7
cem,cem,continuous,51,32,0.415071,0.123102,0.821467,2.7
cem,cem,continuous,51,33,0.338146,0.125001,0.858661,2.7
cem,cem,continuous,51,34,0.354065,0.122756,0.854410,2.7
cem,cem,continuous,51,35,0.392641,0.127851,0.825717,2.7
cem,cem,continuous,51,36,0.328178,0.123643,0.863974,2.7
cem,cem,continuous,51,37,0.293829,0.120443,0.887354,2.7
cem,cem,continuous,51,38,0.349172,0.122737,0.857598,2.7
cem,cem,continuous,51,39,0.306502,0.124741,0.880978,2.7
cem,cem,continuous,51,40,0.309777,0.121339,0.870351,2.7
cem,cem,continuous,51,41,0.279995,0.119632,0.886291,2.7
cem,cem,continuous,51,42,0.268768,0.120267,0.908608,2.7
cem,cem,continuous,51,43,0.250337,0.121273,0.905420,2.7
cem,cem,continuous,51,44,0.270689,0.120221,0.887354,2.7
cem,cem,continuous,51,45,0.241241,0.118616,0.904357,2.7
cem,cem,continuous,51,46,0.201985,0.117818,0.925611,2.7
cem,cem,continuous,51,47,0.216459,0.116463,0.920298,2.7
cem,cem,continuous,51,48,0.226042,0.116592,0.924548,2.7
cem,cem,continuous,51,49,0.205812,0.118721,0.926674,2.7
cem,cem,continuous,51,50,0.233984,0.118254,0.912859,2.7
cem,cem,continuous,51,51,0.149627,0.117531,0.944740,2.7
cem,cem,continuous,51,52,0.195519,0.119931,0.935175,2.7
cem,cem,continuous,51,53,0.168551,0.119453,0.936238,2.7
cem,cem,continuous,51,54,0.143676,0.116159,0.952179,2.7
cem,cem,continuous,51,55,0.140821,0.116108,0.952179,2.7
cem,cem,continuous,51,56,0.152607,0.118540,0.951116,2.7
cem,cem,continuous,51,57,0.119966,0.116951,0.956429,2.7
cem,cem,continuous,51,58,0.134851,0.117863,0.954304,2.7
cem,cem,continuous,51,59,0.100238,0.115408,0.963868,2.7
cem,cem,continuous,51,60,0.140293,0.120534,0.950053,2.7
cem,cem,continuous,51,61,0.120049,0.115810,0.961743,2.7
cem,cem,continuous,51,62,0.131211,0.116401,0.948990,2.7
cem,cem,continuous,51,63,0.108127,0.117321,0.960680,2.7
cem,cem,continuous,51,64,0.146959,0.114700,0.946865,2.7
cem,cem,continuous,51,65,0.090266,0.114319,0.971307,2.7
cem,cem,continuous,51,66,0.076984,0.114968,0.977683,2.7
cem,cem,continuous,51,67,0.069215,0.115139,0.977683,2.7
cem,cem,continuous,51,68,0.076677,0.114842,0.977683,2.7
cem,cem,continuous,51,69,0.087245,0.114071,0.969182,2.7
cem,cem,continuous,51,70,0.088862,0.114320,0.973433,2.7
cem,cem,continuous,51,71,0.110056,0.113968,0.959617,2.7
cem,cem,continuous,51,72,0.071926,0.115410,0.975558,2.7
cem,cem,continuous,51,73,0.062664,0.115363,0.978746,2.7
cem,cem,continuous,51,74,0.025806,0.111658,0.994687,2.7
cem,cem,continuous,51,75,0.068703,0.113445,0.979809,2.7
cem,cem,continuous,51,76,0.083276,0.114832,0.970244,2.7
cem,cem,continuous,51,77,0.064536,0.112774,0.974495,2.7
cem,cem,continuous,51,78,0.056518,0.113707,0.981934,2.7
cem,cem,continuous,51,79,0.076380,0.113304,0.971307,2.7
cem,cem,continuous,51,80,0.047020,0.113149,0.985122,2.7
cem,cem,continuous,51,81,0.040233,0.110859,0.986185,2.7
cem,cem,continuous,51,82,0.082830,0.112047,0.974495,2.7
cem,cem,continuous,51,83,0.028988,0.110697,0.991498,2.7
cem,cem,continuous,51,84,0.069460,0.113471,0.972370,2.7
cem,cem,continuous,51,85,0.045218,0.111364,0.985122,2.7
cem,cem,continuous,51,86,0.082363,0.115957,0.965994,2.7
cem,cem,continuous,51,87,0.043652,0.110717,0.988310,2.7
cem,cem,continuous,51,88,0.014356,0.109230,0.995749,2.7
cem,cem,continuous,51,89,0.055975,0.112314,0.985122,2.7
cem,cem,continuous,51,90,0.072938,0.114262,0.970244,2.7
cem,cem,continuous,51,91,0.047083,0.113206,0.978746,2.7
cem,cem,continuous,51,92,0.044394,0.108791,0.987248,2.7
cem,cem,continuous,51,93,0.018073,0.109586,0.996812,2.7
cem,cem,continuous,51,94,0.030553,0.109438,0.990436,2.7
cem,cem,continuous,51,95,0.055309,0.109213,0.978746,2.7
cem,cem,continuous,51,96,0.068530,0.113632,0.975558,2.7
cem,cem,continuous,51,97,0.029328,0.109746,0.990436,2.7
cem,cem,continuous,51,98,0.008942,0.105463,0.998937,2.7
cem,cem,continuous,51,99,0.009607,0.105382,0.998937,2.7
cem,cem,continuous,51,100,0.098383,0.112154,0.963868,2.7
cem,cem,continuous,52,1,0.682024,0.253437,0.592939,2.8
cem,cem,continuous,52,2,0.634977,0.150965,0.636552,2.8
cem,cem,continuous,52,3,0.633726,0.150921,0.654206,2.8
cem,cem,continuous,52,4,0.638868,0.150080,0.636552,2.8
cem,cem,continuous,52,5,0.613227,0.147946,0.666667,2.8
cem,cem,continuous,52,6,0.581882,0.149877,0.693666,2.8
cem,cem,continuous,52,7,0.593587,0.147823,0.669782,2.8
cem,cem,continuous,52,8,0.582314,0.147608,0.700935,2.8
cem,cem,continuous,52,9,0.578832,0.142058,0.715472,2.8
cem,cem,continuous,52,10,0.582987,0.145212,0.698858,2.7
cem,cem,continuous,52,11,0.558100,0.139827,0.716511,2.7
cem,cem,continuous,52,12,0.584096,0.139572,0.692627,2.8
cem,cem,continuous,52,13,0.534957,0.138116,0.739356,2.7
cem,cem,continuous,52,14,0.517876,0.139952,0.734164,2.8
cem,cem,continuous,52,15,0.506634,0.133824,0.764278,2.8
cem,cem,continuous,52,16,0.497518,0.133396,0.761163,2.8
cem,cem,continuous,52,17,0.502202,0.134047,0.785047,2.7
cem,cem,continuous,52,18,0.470661,0.129519,0.789200,2.7
cem,cem,continuous,52,19,0.451980,0.128804,0.806854,2.7
cem,cem,continuous,52,20,0.436080,0.127366,0.814123,2.8
cem,cem,continuous,52,21,0.441657,0.131081,0.811007,2.8
cem,cem,continuous,52,22,0.457769,0.129076,0.785047,2.7
cem,cem,continuous,52,23,0.407447,0.123387,0.830737,2.8
cem,cem,continuous,52,24,0.405433,0.124709,0.839045,2.8
cem,cem,continuous,52,25,0.370367,0.121860,0.850467,2.7
cem,cem,continuous,52,26,0.400629,0.122224,0.822430,2.7
cem,cem,continuous,52,27,0.350283,0.119665,0.863967,2.8
cem,cem,continuous,52,28,0.385089,0.121634,0.841121,2.8
cem,cem,continuous,52,29,0.328598,0.120710,0.868120,2.7
cem,cem,continuous,52,30,0.360045,0.123540,0.851506,2.8
cem,cem,continuous,52,31,0.335615,0.118627,0.870197,2.7
cem,cem,continuous,52,32,0.305267,0.118934,0.885774,2.7
cem,cem,continuous,52,33,0.332054,0.121749,0.867082,2.7
cem,cem,continuous,52,34,0.292010,0.118526,0.890966,2.7
cem,cem,continuous,52,35,0.312686,0.120476,0.873313,2.8
cem,cem,continuous,52,36,0.277352,0.116886,0.895119,2.8
cem,cem,continuous,52,37,0.234451,0.117782,0.910696,2.8
cem,cem,continuous,52,38,0.249208,0.117946,0.904465,2.8
cem,cem,continuous,52,39,0.285282,0.119243,0.893043,2.8
cem,cem,continuous,52,40,0.241419,0.118286,0.903427,2.8
cem,cem,continuous,52,41,0.229511,0.118519,0.927310,2.8
cem,cem,continuous,52,42,0.200906,0.117577,0.919003,2.8
cem,cem,continuous,52,43,0.213755,0.117439,0.909657,2.8
cem,cem,continuous,52,44,0.177943,0.118689,0.937695,2.8
cem,cem,continuous,52,45,0.265102,0.120213,0.899273,2.7
cem,cem,continuous,52,46,0.162542,0.117596,0.935618,2.7
cem,cem,continuous,52,47,0.185645,0.117493,0.932503,2.7
cem,cem,continuous,52,48,0.156423,0.116497,0.943925,2.8
cem,cem,continuous,52,49,0.147827,0.116902,0.951194,2.8
cem,cem,continuous,52,50,0.153312,0.116114,0.941848,2.7
cem,cem,continuous,52,51,0.119468,0.115139,0.960540,2.8
cem,cem,continuous,52,52,0.150860,0.117701,0.944964,2.7
cem,cem,continuous,52,53,0.114349,0.115126,0.955348,2.8
cem,cem,continuous,52,54,0.135589,0.117590,0.937695,2.8
cem,cem,continuous,52,55,0.097882,0.116594,0.963655,2.8
cem,cem,continuous,52,56,0.104760,0.117327,0.959502,2.8
cem,cem,continuous,52,57,0.086589,0.116271,0.968847,2.8
cem,cem,continuous,52,58,0.110191,0.117054,0.954309,2.7
cem,cem,continuous,52,59,0.154301,0.116363,0.934579,2.8
cem,cem,continuous,52,60,0.102314,0.117098,0.958463,2.7
cem,cem,continuous,52,61,0.128858,0.115401,0.956386,2.7
cem,cem,continuous,52,62,0.061319,0.112490,0.981308,2.8
cem,cem,continuous,52,63,0.089563,0.114182,0.967809,2.8
cem,cem,continuous,52,64,0.106162,0.114671,0.959502,2.7
cem,cem,continuous,52,65,0.087634,0.115689,0.970924,2.7
cem,cem,continuous,52,66,0.074993,0.116017,0.977155,2.7
cem,cem,continuous,52,67,0.073487,0.117379,0.975078,2.7
cem,cem,continuous,52,68,0.085133,0.114379,0.969886,2.8
cem,cem,continuous,52,69,0.021489,0.113988,0.996885,2.8
cem,cem,continuous,52,70,0.024667,0.113858,0.991693,2.8
cem,cem,continuous,52,71,0.186941,0.117523,0.932503,2.7
cem,cem,continuous,52,72,0.044770,0.113855,0.987539,2.7
cem,cem,continuous,52,73,0.060479,0.112753,0.976116,2.7
cem,cem,continuous,52,74,0.066574,0.113787,0.976116,2.8
cem,cem,continuous,52,75,0.050169,0.112107,0.983385,2.8
cem,cem,continuous,52,76,0.050487,0.112509,0.978193,2.8
cem,cem,continuous,52,77,0.035475,0.112766,0.990654,2.8
cem,cem,continuous,52,78,0.014077,0.110000,0.996885,2.8
cem,cem,continuous,52,79,0.094416,0.113953,0.966771,2.7
cem,cem,continuous,52,80,0.049959,0.113714,0.983385,2.8
cem,cem,continuous,52,81,0.023744,0.111566,0.993769,2.8
cem,cem,continuous,52,82,0.028987,0.110421,0.993769,2.7
cem,cem,continuous,52,83,0.098038,0.114681,0.963655,2.8
cem,cem,continuous,52,84,0.064934,0.116266,0.973001,2.7
cem,cem,continuous,52,85,0.038449,0.112024,0.989616,2.8
cem,cem,continuous,52,86,0.017532,0.109958,0.993769,2.7
cem,cem,continuous,52,87,0.117947,0.116277,0.955348,2.7
cem,cem,continuous,52,88,0.051753,0.111793,0.983385,2.7
cem,cem,continuous,52,89,0.012619,0.111316,0.996885,2.7
cem,cem,continuous,52,90,0.007800,0.107905,0.998962,2.7
cem,cem,continuous,52,91,0.007296,0.107771,0.998962,2.7
cem,cem,continuous,52,92,0.007646,0.106948,0.998962,2.7
cem,cem,continuous,52,93,0.058179,0.110270,0.980270,2.7
cem,cem,continuous,52,94,0.048268,0.112329,0.984424,2.7
cem,cem,continuous,52,95,0.130274,0.114237,0.958463,2.7
cem,cem,continuous,52,96,0.033066,0.110205,0.990654,2.7
cem,cem,continuous,52,97,0.012915,0.109377,0.997923,2.7
cem,cem,continuous,52,98,0.008924,0.108107,0.998962,2.7
cem,cem,continuous,52,99,0.011758,0.106501,0.995846,2.7
cem,cem,continuous,52,100,0.065510,0.110521,0.978193,2.7
cem,cem,continuous,53,1,0.698222,0.239918,0.573499,2.8
cem,cem,continuous,53,2,0.648543,0.158551,0.621118,2.8
cem,cem,continuous,53,3,0.634975,0.154520,0.635611,2.8
cem,cem,continuous,53,4,0.611655,0.155143,0.663561,2.7
cem,cem,continuous,53,5,0.597834,0.151536,0.662526,2.7
cem,cem,continuous,53,6,0.621646,0.152692,0.645963,2.7
cem,cem,continuous,53,7,0.618044,0.149379,0.648033,2.8
cem,cem,continuous,53,8,0.564503,0.150493,0.718427,2.7
cem,cem,continuous,53,9,0.591161,0.151621,0.674948,2.7
cem,cem,continuous,53,10,0.610276,0.147008,0.652174,2.8
cem,cem,continuous,53,11,0.556618,0.144247,0.725673,2.8
cem,cem,continuous,53,12,0.576466,0.144559,0.692547,2.8
cem,cem,continuous,53,13,0.519266,0.139406,0.740166,2.7
cem,cem,continuous,53,14,0.552362,0.141250,0.733954,2.7
cem,cem,continuous,53,15,0.497269,0.138332,0.759834,2.7
cem,cem,continuous,53,16,0.474555,0.132880,0.780538,2.7
cem,cem,continuous,53,17,0.452260,0.133340,0.795031,2.7
cem,cem,continuous,53,18,0.439496,0.131529,0.804348,2.7
cem,cem,continuous,53,19,0.434127,0.129852,0.792961,2.7
cem,cem,continuous,53,20,0.400275,0.129082,0.829193,2.8
cem,cem,continuous,53,21,0.432622,0.129376,0.821946,2.7
cem,cem,continuous,53,22,0.393354,0.125687,0.839545,2.8
cem,cem,continuous,53,23,0.358755,0.126218,0.851967,2.7
cem,cem,continuous,53,24,0.430377,0.126910,0.810559,2.7
cem,cem,continuous,53,25,0.349313,0.122959,0.864389,2.8
cem,cem,continuous,53,26,0.330793,0.123946,0.864389,2.8
cem,cem,continuous,53,27,0.348347,0.124395,0.866460,2.7
cem,cem,continuous,53,28,0.346443,0.123705,0.861284,2.8
cem,cem,continuous,53,29,0.294909,0.120870,0.883023,2.7
cem,cem,continuous,53,30,0.294632,0.123442,0.884058,2.8
cem,cem,continuous,53,31,0.290657,0.123139,0.881988,2.8
cem,cem,continuous,53,32,0.270265,0.123156,0.885093,2.7
cem,cem,continuous,53,33,0.275904,0.124302,0.892340,2.7
cem,cem,continuous,53,34,0.258256,0.120840,0.896480,2.7
cem,cem,continuous,53,35,0.263552,0.120394,0.897516,2.8
cem,cem,continuous,53,36,0.255726,0.122432,0.896480,2.7
cem,cem,continuous,53,37,0.234447,0.118450,0.907867,2.7
cem,cem,continuous,53,38,0.188263,0.119301,0.933747,2.7
cem,cem,continuous,53,39,0.198751,0.117691,0.921325,2.7
cem,cem,continuous,53,40,0.194286,0.120159,0.928571,2.7
cem,cem,continuous,53,41,0.190801,0.120189,0.936853,2.7
cem,cem,continuous,53,42,0.179649,0.119448,0.934783,2.8
cem,cem,continuous,53,43,0.209641,0.119748,0.906832,2.8
cem,cem,continuous,53,44,0.224078,0.122631,0.910973,2.8
cem,cem,continuous,53,45,0.172664,0.119418,0.935818,2.7
cem,cem,continuous,53,46,0.171509,0.120435,0.934783,2.8
cem,cem,continuous,53,47,0.164254,0.119166,0.935818,2.8
cem,cem,continuous,53,48,0.122566,0.118930,0.956522,2.7
cem,cem,continuous,53,49,0.165203,0.120282,0.934783,2.7
cem,cem,continuous,53,50,0.121029,0.116282,0.956522,2.7
cem,cem,continuous,53,51,0.087255,0.113668,0.969979,2.8
cem,cem,continuous,53,52,0.131995,0.115479,0.945135,2.8
cem,cem,continuous,53,53,0.120722,0.117221,0.955487,2.7
cem,cem,continuous,53,54,0.049119,0.115603,0.989648,2.7
cem,cem,continuous,53,55,0.109663,0.118166,0.956522,2.7
cem,cem,continuous,53,56,0.094934,0.118627,0.968944,2.7
cem,cem,continuous,53,57,0.059246,0.112790,0.984472,2.8
cem,cem,continuous,53,58,0.103411,0.116525,0.962733,2.8
cem,cem,continuous,53,59,0.090386,0.114977,0.968944,2.8
cem,cem,continuous,53,60,0.086268,0.114666,0.969979,2.8
cem,cem,continuous,53,61,0.073179,0.111412,0.975155,2.7
cem,cem,continuous,53,62,0.088533,0.113531,0.969979,2.8
cem,cem,continuous,53,63,0.113457,0.117684,0.958592,2.8
cem,cem,continuous,53,64,0.061677,0.113511,0.980331,2.8
cem,cem,continuous,53,65,0.052242,0.113321,0.976190,2.8
cem,cem,continuous,53,66,0.100623,0.117304,0.964803,2.8
cem,cem,continuous,53,67,0.024190,0.111110,0.991718,2.7
cem,cem,continuous,53,68,0.023928,0.109783,0.993789,2.7
cem,cem,continuous,53,69,0.197515,0.120282,0.918219,2.7
cem,cem,continuous,53,70,0.061976,0.115838,0.978261,2.7
cem,cem,continuous,53,71,0.038373,0.114355,0.987578,2.8
cem,cem,continuous,53,72,0.063807,0.115784,0.976190,2.7
cem,cem,continuous,53,73,0.020523,0.112826,0.994824,2.7
cem,cem,continuous,53,74,0.094016,0.115142,0.969979,2.7
cem,cem,continuous,53,75,0.071582,0.110970,0.977226,2.8
cem,cem,continuous,53,76,0.042490,0.113294,0.986542,2.7
cem,cem,continuous,53,77,0.042937,0.113869,0.984472,2.8
cem,cem,continuous,53,78,0.032427,0.111788,0.991718,2.8
cem,cem,continuous,53,79,0.046885,0.112277,0.982402,2.8
cem,cem,continuous,53,80,0.054704,0.111626,0.982402,2.8
cem,cem,continuous,53,81,0.026335,0.110512,0.990683,2.8
cem,cem,continuous,53,82,0.023331,0.109701,0.992754,2.8
cem,cem,continuous,53,83,0.089252,0.113525,0.965839,2.7
cem,cem,continuous,53,84,0.037690,0.111607,0.986542,2.7
cem,cem,continuous,53,85,0.081177,0.114755,0.968944,2.7
cem,cem,continuous,53,86,0.016596,0.108555,0.997930,2.7
cem,cem,continuous,53,87,0.009972,0.105395,0.998965,2.7
cem,cem,continuous,53,88,0.009167,0.105940,0.998965,2.8
cem,cem,continuous,53,89,0.007655,0.103697,0.998965,2.7
cem,cem,continuous,53,90,0.008455,0.105457,0.997930,2.7
cem,cem,continuous,53,91,0.017867,0.102335,0.996894,2.8
cem,cem,continuous,53,92,0.045816,0.107555,0.984472,2.8
cem,cem,continuous,53,93,0.087993,0.114561,0.969979,2.8
cem,cem,continuous,53,94,0.021885,0.105716,0.993789,2.8
cem,cem,continuous,53,95,0.077087,0.106870,0.973085,2.8
cem,cem,continuous,53,96,0.037530,0.104363,0.986542,2.8
cem,cem,continuous,53,97,0.012844,0.104109,0.997930,2.8
cem,cem,continuous,53,98,0.034184,0.102510,0.988613,2.8
cem,cem,continuous,53,99,0.028164,0.104032,0.987578,2.8
cem,cem,continuous,53,100,0.034464,0.105192,0.993789,2.8
cem,cem,continuous,54,1,0.690768,0.235696,0.571429,2.6
cem,cem,continuous,54,2,0.634300,0.153927,0.623667,2.7
cem,cem,continuous,54,3,0.640776,0.152444,0.619403,2.7
cem,cem,continuous,54,4,0.630565,0.149636,0.643923,2.7
cem,cem,continuous,54,5,0.611045,0.151013,0.656716,2.7
cem,cem,continuous,54,6,0.641866,0.153217,0.631130,2.7
cem,cem,continuous,54,7,0.639285,0.149790,0.654584,2.7
cem,cem,continuous,54,8,0.610579,0.145609,0.649254,2.7
cem,cem,continuous,54,9,0.598973,0.144855,0.672708,2.6
cem,cem,continuous,54,10,0.587226,0.145284,0.669510,2.7
cem,cem,continuous,54,11,0.606106,0.146534,0.658849,2.7
cem,cem,continuous,54,12,0.568314,0.144862,0.717484,2.7
cem,cem,continuous,54,13,0.568004,0.143412,0.713220,2.7
cem,cem,continuous,54,14,0.550689,0.138938,0.722814,2.7
cem,cem,continuous,54,15,0.547833,0.136811,0.739872,2.7
cem,cem,continuous,54,16,0.560620,0.138834,0.705757,2.7
cem,cem,continuous,54,17,0.533433,0.136135,0.735608,2.7
cem,cem,continuous,54,18,0.519858,0.134744,0.751599,2.7
cem,cem,continuous,54,19,0.482059,0.131850,0.755864,2.7
cem,cem,continuous,54,20,0.509982,0.131871,0.750533,2.7
cem,cem,continuous,54,21,0.464946,0.127646,0.784648,2.7
cem,cem,continuous,54,22,0.480945,0.129388,0.778252,2.7
cem,cem,continuous,54,23,0.489499,0.129183,0.783582,2.7
cem,cem,continuous,54,24,0.463962,0.129163,0.789979,2.7
cem,cem,continuous,54,25,0.415522,0.121392,0.809168,2.7
cem,cem,continuous,54,26,0.390549,0.123685,0.826226,2.7
cem,cem,continuous,54,27,0.405197,0.121920,0.817697,2.7
cem,cem,continuous,54,28,0.356455,0.121038,0.843284,2.7
cem,cem,continuous,54,29,0.396829,0.124369,0.837953,3.8
cem,cem,continuous,54,30,0.352301,0.119068,0.857143,2.7
cem,cem,continuous,54,31,0.383270,0.118907,0.834755,2.7
cem,cem,continuous,54,32,0.337333,0.119753,0.851812,2.7
cem,cem,continuous,54,33,0.330571,0.119061,0.865672,2.7
cem,cem,continuous,54,34,0.361646,0.122665,0.831557,2.7
cem,cem,continuous,54,35,0.305288,0.117887,0.874200,2.7
cem,cem,continuous,54,36,0.284354,0.118152,0.882729,2.6
cem,cem,continuous,54,37,0.322189,0.118975,0.872068,2.7
cem,cem,continuous,54,38,0.278217,0.117554,0.889126,2.7
cem,cem,continuous,54,39,0.254285,0.119807,0.909382,2.7
cem,cem,continuous,54,40,0.279356,0.118700,0.886994,2.7
cem,cem,continuous,54,41,0.301495,0.119580,0.874200,2.7
cem,cem,continuous,54,42,0.274372,0.118690,0.882729,2.7
cem,cem,continuous,54,43,0.234938,0.118256,0.906183,2.7
cem,cem,continuous,54,44,0.230833,0.115837,0.920043,2.7
cem,cem,continuous,54,45,0.224404,0.116720,0.910448,2.7
cem,cem,continuous,54,46,0.208277,0.118720,0.921109,2.7
cem,cem,continuous,54,47,0.236077,0.121253,0.906183,2.7
cem,cem,continuous,54,48,0.238057,0.121508,0.900853,2.7
cem,cem,continuous,54,49,0.180714,0.117756,0.938166,2.6
cem,cem,continuous,54,50,0.208195,0.116252,0.912580,2.7
cem,cem,continuous,54,51,0.140177,0.116288,0.957356,2.6
cem,cem,continuous,54,52,0.185709,0.116222,0.929638,2.7
cem,cem,continuous,54,53,0.169338,0.116628,0.937100,2.7
cem,cem,continuous,54,54,0.136009,0.115476,0.948827,2.7
cem,cem,continuous,54,55,0.158774,0.115857,0.947761,2.7
cem,cem,continuous,54,56,0.168032,0.115413,0.931770,2.7
cem,cem,continuous,54,57,0.237395,0.118079,0.906183,2.7
cem,cem,continuous,54,58,0.105329,0.115775,0.964819,2.7
cem,cem,continuous,54,59,0.124858,0.116149,0.958422,2.7
cem,cem,continuous,54,60,0.145399,0.117238,0.943497,2.7
cem,cem,continuous,54,61,0.096433,0.114545,0.961620,2.7
cem,cem,continuous,54,62,0.089736,0.114520,0.968017,2.7
cem,cem,continuous,54,63,0.116931,0.114899,0.957356,2.7
cem,cem,continuous,54,64,0.097100,0.114259,0.969083,2.7
cem,cem,continuous,54,65,0.183112,0.117970,0.933902,2.7
cem,cem,continuous,54,66,0.067662,0.115577,0.979744,2.7
cem,cem,continuous,54,67,0.064335,0.114970,0.984009,2.7
cem,cem,continuous,54,68,0.051049,0.113681,0.982942,2.7
cem,cem,continuous,54,69,0.107434,0.115013,0.953092,2.7
cem,cem,continuous,54,70,0.146923,0.116483,0.944563,2.7
cem,cem,continuous,54,71,0.066515,0.113634,0.975480,2.7
cem,cem,continuous,54,72,0.105062,0.117476,0.964819,2.7
cem,cem,continuous,54,73,0.042358,0.114413,0.989339,2.7
cem,cem,continuous,54,74,0.084403,0.113809,0.965885,2.7
cem,cem,continuous,54,75,0.087998,0.113426,0.971215,2.7
cem,cem,continuous,54,76,0.067776,0.112044,0.976546,2.7
cem,cem,continuous,54,77,0.074194,0.114826,0.972281,2.7
cem,cem,continuous,54,78,0.091041,0.114541,0.961620,2.7
cem,cem,continuous,54,79,0.021845,0.111723,0.989339,2.7
cem,cem,continuous,54,80,0.134853,0.114727,0.956290,2.7
cem,cem,continuous,54,81,0.037692,0.113865,0.988273,2.7
cem,cem,continuous,54,82,0.084548,0.112389,0.964819,2.7
cem,cem,continuous,54,83,0.030074,0.112833,0.994670,2.7
cem,cem,continuous,54,84,0.110844,0.115474,0.963753,2.7
cem,cem,continuous,54,85,0.050453,0.112690,0.985075,2.7
cem,cem,continuous,54,86,0.022122,0.111110,0.992537,2.7
cem,cem,continuous,54,87,0.064494,0.113046,0.978678,2.7
cem,cem,continuous,54,88,0.048523,0.108811,0.981876,2.7
cem,cem,continuous,54,89,0.067967,0.114807,0.974414,2.7
cem,cem,continuous,54,90,0.084984,0.111294,0.972281,2.7
cem,cem,continuous,54,91,0.022641,0.110380,0.993603,2.7
cem,cem,continuous,54,92,0.018664,0.108401,0.994670,2.7
cem,cem,continuous,54,93,0.070437,0.110010,0.978678,2.7
cem,cem,continuous,54,94,0.018534,0.109751,0.993603,2.7
cem,cem,continuous,54,95,0.012933,0.109848,0.993603,2.7
cem,cem,continuous,54,96,0.093279,0.112120,0.970149,2.7
cem,cem,continuous,54,97,0.044593,0.110162,0.987207,2.7
cem,cem,continuous,54,98,0.041174,0.109538,0.987207,2.7
cem,cem,continuous,54,99,0.033718,0.110323,0.987207,2.7
cem,cem,continuous,54,100,0.013391,0.106828,0.996802,2.7
cem,cem,continuous,55,1,0.730598,0.237718,0.548936,2.7
cem,cem,continuous,55,2,0.653068,0.155860,0.610638,2.7
cem,cem,continuous,55,3,0.642265,0.151520,0.628723,2.7
cem,cem,continuous,55,4,0.638849,0.150931,0.634043,2.7
cem,cem,continuous,55,5,0.623914,0.152800,0.653191,2.7
cem,cem,continuous,55,6,0.618358,0.150127,0.654255,2.7
cem,cem,continuous,55,7,0.566352,0.148447,0.701064,2.7
cem,cem,continuous,55,8,0.603952,0.151588,0.661702,2.7
cem,cem,continuous,55,9,0.584065,0.149130,0.681915,2.7
cem,cem,continuous,55,10,0.571665,0.147317,0.690426,2.7
cem,cem,continuous,55,11,0.591304,0.150583,0.681915,2.7
cem,cem,continuous,55,12,0.577046,0.147689,0.684043,2.7
cem,cem,continuous,55,13,0.563228,0.146474,0.686170,2.7
cem,cem,continuous,55,14,0.523086,0.143493,0.727660,2.7
cem,cem,continuous,55,15,0.516356,0.144627,0.743617,2.7
cem,cem,continuous,55,16,0.530672,0.142398,0.728723,2.7
cem,cem,continuous,55,17,0.518213,0.139134,0.758511,2.7
cem,cem,continuous,55,18,0.480953,0.138990,0.770213,2.7
cem,cem,continuous,55,19,0.498160,0.139276,0.757447,2.7
cem,cem,continuous,55,20,0.485218,0.135524,0.761702,2.7
cem,cem,continuous,55,21,0.521961,0.137681,0.729787,2.7
cem,cem,continuous,55,22,0.492125,0.133672,0.753191,2.7
cem,cem,continuous,55,23,0.427771,0.129413,0.813830,2.7
cem,cem,continuous,55,24,0.435351,0.132287,0.811702,2.7
cem,cem,continuous,55,25,0.420376,0.128146,0.811702,2.7
cem,cem,continuous,55,26,0.390728,0.126892,0.830851,2.7
cem,cem,continuous,55,27,0.400183,0.127533,0.832979,2.7
cem,cem,continuous,55,28,0.372629,0.128360,0.838298,2.7
cem,cem,continuous,55,29,0.379412,0.125068,0.839362,2.7
cem,cem,continuous,55,30,0.328908,0.122754,0.859574,2.7
cem,cem,continuous,55,31,0.349913,0.125043,0.858511,2.7
cem,cem,continuous,55,32,0.333118,0.124460,0.857447,2.7
cem,cem,continuous,55,33,0.327472,0.125372,0.856383,2.7
cem,cem,continuous,55,34,0.313590,0.122773,0.872340,2.7
cem,cem,continuous,55,35,0.298673,0.120989,0.873404,2.7
cem,cem,continuous,55,36,0.274681,0.119294,0.893617,2.7
cem,cem,continuous,55,37,0.276388,0.123372,0.893617,2.7
cem,cem,continuous,55,38,0.283564,0.122107,0.884043,2.7
cem,cem,continuous,55,39,0.299826,0.123940,0.873404,2.7
cem,cem,continuous,55,40,0.289141,0.121778,0.872340,2.7
cem,cem,continuous,55,41,0.289710,0.121728,0.878723,2.7
cem,cem,continuous,55,42,0.212676,0.118031,0.924468,2.7
cem,cem,continuous,55,43,0.242589,0.119046,0.906383,2.7
cem,cem,continuous,55,44,0.255904,0.123499,0.892553,2.7
cem,cem,continuous,55,45,0.194934,0.117745,0.928723,2.7
cem,cem,continuous,55,46,0.215050,0.119688,0.911702,2.7
cem,cem,continuous,55,47,0.204620,0.117654,0.925532,2.7
cem,cem,continuous,55,48,0.215173,0.119856,0.921277,2.7
cem,cem,continuous,55,49,0.174617,0.117909,0.937234,2.7
cem,cem,continuous,55,50,0.199533,0.120080,0.919149,2.7
cem,cem,continuous,55,51,0.164448,0.117291,0.941489,2.7
cem,cem,continuous,55,52,0.152309,0.116898,0.947872,2.7
cem,cem,continuous,55,53,0.154977,0.117077,0.936170,2.7
cem,cem,continuous,55,54,0.162700,0.117642,0.934043,2.7
cem,cem,continuous,55,55,0.120282,0.115905,0.954255,2.7
cem,cem,continuous,55,56,0.138182,0.117974,0.942553,2.7
cem,cem,continuous,55,57,0.082683,0.115238,0.972340,2.7
cem,cem,continuous,55,58,0.107571,0.117505,0.950000,2.7
cem,cem,continuous,55,59,0.083223,0.117673,0.968085,2.7
cem,cem,continuous,55,60,0.088475,0.115332,0.965957,2.7
cem,cem,continuous,55,61,0.141569,0.116982,0.944681,2.7
cem,cem,continuous,55,62,0.068957,0.115065,0.974468,2.7
cem,cem,continuous,55,63,0.113737,0.115792,0.963830,2.7
cem,cem,continuous,55,64,0.068156,0.115600,0.974468,2.7
cem,cem,continuous,55,65,0.109718,0.115330,0.959574,2.7
cem,cem,continuous,55,66,0.093519,0.113578,0.963830,2.7
cem,cem,continuous,55,67,0.080122,0.115158,0.968085,2.7
cem,cem,continuous,55,68,0.110872,0.116021,0.956383,2.7
cem,cem,continuous,55,69,0.061953,0.113003,0.973404,2.7
cem,cem,continuous,55,70,0.058554,0.114032,0.980851,2.7
cem,cem,continuous,55,71,0.052122,0.111971,0.980851,2.7
cem,cem,continuous,55,72,0.079881,0.112070,0.968085,2.7
cem,cem,continuous,55,73,0.048329,0.113581,0.982979,2.7
cem,cem,continuous,55,74,0.032354,0.111895,0.989362,2.7
cem,cem,continuous,55,75,0.079414,0.114145,0.975532,2.7
cem,cem,continuous,55,76,0.018994,0.112009,0.992553,2.7
cem,cem,continuous,55,77,0.036276,0.112714,0.987234,2.7
cem,cem,continuous,55,78,0.059759,0.111375,0.976596,2.7
cem,cem,continuous,55,79,0.031120,0.111389,0.986170,2.7
cem,cem,continuous,55,80,0.044070,0.111157,0.989362,2.7
cem,cem,continuous,55,81,0.034589,0.110495,0.988298,2.7
cem,cem,continuous,55,82,0.036661,0.112031,0.988298,2.7
cem,cem,continuous,55,83,0.059457,0.111833,0.975532,2.7
cem,cem,continuous,55,84,0.050844,0.112152,0.977660,2.7
cem,cem,continuous,55,85,0.041932,0.112575,0.984043,2.7
cem,cem,continuous,55,86,0.046145,0.112408,0.987234,2.7
cem,cem,continuous,55,87,0.089145,0.112918,0.967021,2.7
cem,cem,continuous,55,88,0.006022,0.108156,0.998936,2.7
cem,cem,continuous,55,89,0.005577,0.107126,0.998936,2.7
cem,cem,continuous,55,90,0.048496,0.111117,0.979787,2.7
cem,cem,continuous,55,91,0.042194,0.110969,0.990426,2.7
cem,cem,continuous,55,92,0.068132,0.111893,0.979787,2.7
cem,cem,continuous,55,93,0.034892,0.108831,0.987234,2.7
cem,cem,continuous,55,94,0.006394,0.108897,1.000000,2.7
cem,cem,continuous,55,95,0.000734,0.105468,1.000000,2.7
cem,cem,continuous,55,96,0.000793,0.104083,1.000000,2.7
cem,cem,continuous,55,97,0.001486,0.103394,1.000000,2.7
cem,cem,continuous,55,98,0.096774,0.115590,0.965957,2.7
cem,cem,continuous,55,99,0.019715,0.109431,0.990426,2.7
cem,cem,continuous,55,100,0.039411,0.109744,0.990426,2.7
cem,cem,continuous,56,1,0.700125,0.230071,0.560622,2.8
cem,cem,continuous,56,2,0.615040,0.156207,0.632124,2.8
cem,cem,continuous,56,3,0.671895,0.156154,0.588601,2.8
cem,cem,continuous,56,4,0.635501,0.153565,0.642487,2.8
cem,cem,continuous,56,5,0.632302,0.153160,0.630052,2.8
cem,cem,continuous,56,6,0.601980,0.151091,0.680829,2.8
cem,cem,continuous,56,7,0.627182,0.151115,0.651813,2.8
cem,cem,continuous,56,8,0.634536,0.151943,0.629016,2.8
cem,cem,continuous,56,9,0.615767,0.149560,0.655959,2.8
cem,cem,continuous,56,10,0.591559,0.148430,0.691192,2.7
cem,cem,continuous,56,11,0.583415,0.148839,0.679793,2.8
cem,cem,continuous,56,12,0.609809,0.145979,0.674611,2.8
cem,cem,continuous,56,13,0.570679,0.147072,0.694301,2.8
cem,cem,continuous,56,14,0.597377,0.145647,0.691192,2.7
cem,cem,continuous,56,15,0.587583,0.142342,0.706736,2.8
cem,cem,continuous,56,16,0.545508,0.139629,0.739896,2.8
cem,cem,continuous,56,17,0.548102,0.139592,0.705699,2.7
cem,cem,continuous,56,18,0.512173,0.134457,0.735751,2.8
cem,cem,continuous,56,19,0.516462,0.136069,0.750259,2.8
cem,cem,continuous,56,20,0.496396,0.137550,0.763731,2.8
cem,cem,continuous,56,21,0.480200,0.134796,0.759585,2.8
cem,cem,continuous,56,22,0.446097,0.129304,0.798964,2.7
cem,cem,continuous,56,23,0.469515,0.130877,0.777202,2.8
cem,cem,continuous,56,24,0.452515,0.130112,0.790674,2.8
cem,cem,continuous,56,25,0.429518,0.127143,0.811399,2.7
cem,cem,continuous,56,26,0.426419,0.126675,0.809326,2.8
cem,cem,continuous,56,27,0.421514,0.127518,0.792746,2.8
cem,cem,continuous,56,28,0.362449,0.124840,0.840415,2.7
cem,cem,continuous,56,29,0.407091,0.128515,0.820725,2.8
cem,cem,continuous,56,30,0.383280,0.126181,0.839378,2.8
cem,cem,continuous,56,31,0.362626,0.123563,0.831088,2.7
cem,cem,continuous,56,32,0.334537,0.123723,0.864249,2.7
cem,cem,continuous,56,33,0.332846,0.123929,0.861140,2.8
cem,cem,continuous,56,34,0.326905,0.122788,0.858031,2.8
cem,cem,continuous,56,35,0.301444,0.125099,0.884974,2.7
cem,cem,continuous,56,36,0.310525,0.124253,0.883938,2.8
cem,cem,continuous,56,37,0.296630,0.123556,0.894301,2.7
cem,cem,continuous,56,38,0.326157,0.123092,0.854922,2.8
cem,cem,continuous,56,39,0.284607,0.124057,0.883938,2.8
cem,cem,continuous,56,40,0.261232,0.120153,0.898446,2.8
cem,cem,continuous,56,41,0.277112,0.122674,0.890155,2.8
cem,cem,continuous,56,42,0.251213,0.122205,0.906736,2.7
cem,cem,continuous,56,43,0.242730,0.121346,0.902591,2.7
cem,cem,continuous,56,44,0.221565,0.122091,0.916062,2.7
cem,cem,continuous,56,45,0.221958,0.121695,0.911917,2.8
cem,cem,continuous,56,46,0.258201,0.126650,0.897409,2.8
cem,cem,continuous,56,47,0.214273,0.124496,0.918135,2.7
cem,cem,continuous,56,48,0.153703,0.120767,0.951295,2.8
cem,cem,continuous,56,49,0.162831,0.120971,0.943005,2.8
cem,cem,continuous,56,50,0.171630,0.120845,0.943005,2.7
cem,cem,continuous,56,51,0.179134,0.123702,0.941969,2.7
cem,cem,continuous,56,52,0.223769,0.122842,0.907772,2.8
cem,cem,continuous,56,53,0.191313,0.121537,0.930570,2.7
cem,cem,continuous,56,54,0.140638,0.119774,0.954404,2.8
cem,cem,continuous,56,55,0.125363,0.120041,0.953368,2.8
cem,cem,continuous,56,56,0.217206,0.122242,0.917098,2.8
cem,cem,continuous,56,57,0.096013,0.118708,0.968912,2.8
cem,cem,continuous,56,58,0.135902,0.118897,0.950259,2.8
cem,cem,continuous,56,59,0.100085,0.119063,0.963731,2.8
cem,cem,continuous,56,60,0.104914,0.118862,0.967876,2.8
cem,cem,continuous,56,61,0.149235,0.118992,0.938860,2.8
cem,cem,continuous,56,62,0.109613,0.119645,0.964767,2.7
cem,cem,continuous,56,63,0.104238,0.120477,0.966839,2.8
cem,cem,continuous,56,64,0.104358,0.119425,0.958549,2.8
cem,cem,continuous,56,65,0.077156,0.116987,0.969948,2.7
cem,cem,continuous,56,66,0.155715,0.119637,0.939896,2.7
cem,cem,continuous,56,67,0.070122,0.119870,0.979275,2.7
cem,cem,continuous,56,68,0.107150,0.118689,0.959585,2.8
cem,cem,continuous,56,69,0.079494,0.115814,0.966839,2.8
cem,cem,continuous,56,70,0.060665,0.116755,0.981347,2.8
cem,cem,continuous,56,71,0.080648,0.118825,0.969948,2.8
cem,cem,continuous,56,72,0.042105,0.116586,0.988601,2.8
cem,cem,continuous,56,73,0.060012,0.116763,0.982383,2.8
cem,cem,continuous,56,74,0.055161,0.115198,0.978238,2.8
cem,cem,continuous,56,75,0.051656,0.114356,0.986528,2.7
cem,cem,continuous,56,76,0.044310,0.115348,0.983420,2.8
cem,cem,continuous,56,77,0.091705,0.119627,0.963731,2.8
cem,cem,continuous,56,78,0.027528,0.114983,0.992746,2.8
cem,cem,continuous,56,79,0.084922,0.114326,0.976166,2.7
cem,cem,continuous,56,80,0.035200,0.116431,0.991710,2.7
cem,cem,continuous,56,81,0.052959,0.113285,0.985492,2.8
cem,cem,continuous,56,82,0.028582,0.113839,0.990674,2.8
cem,cem,continuous,56,83,0.016028,0.111132,0.995855,2.8
cem,cem,continuous,56,84,0.081393,0.115552,0.972021,2.8
cem,cem,continuous,56,85,0.056005,0.114984,0.978238,2.8
cem,cem,continuous,56,86,0.089878,0.115053,0.964767,2.7
cem,cem,continuous,56,87,0.022501,0.112052,0.994819,2.8
cem,cem,continuous,56,88,0.047516,0.113420,0.983420,2.8
cem,cem,continuous,56,89,0.080059,0.118484,0.973057,2.8
cem,cem,continuous,56,90,0.030455,0.113027,0.991710,2.8
cem,cem,continuous,56,91,0.027252,0.112729,0.988601,2.8
cem,cem,continuous,56,92,0.057793,0.115176,0.979275,2.8
cem,cem,continuous,56,93,0.027405,0.110199,0.990674,2.8
cem,cem,continuous,56,94,0.130159,0.120862,0.955440,2.8
cem,cem,continuous,56,95,0.033332,0.114505,0.990674,2.8
cem,cem,continuous,56,96,0.020287,0.112446,0.993782,2.7
cem,cem,continuous,56,97,0.076057,0.117724,0.978238,2.7
cem,cem,continuous,56,98,0.052315,0.115147,0.984456,2.8
cem,cem,continuous,56,99,0.122146,0.130868,0.949223,2.8
cem,cem,continuous,56,100,0.014138,0.115419,0.997927,2.8
cem,cem,continuous,57,1,0.708359,0.259586,0.531283,2.8
cem,cem,continuous,57,2,0.653328,0.155525,0.612937,2.8
cem,cem,continuous,57,3,0.612402,0.158301,0.669141,2.8
cem,cem,continuous,57,4,0.639663,0.153413,0.627784,2.8
cem,cem,continuous,57,5,0.614763,0.151311,0.656416,2.8
cem,cem,continuous,57,6,0.597563,0.150409,0.683987,2.8
cem,cem,continuous,57,7,0.617156,0.149167,0.655355,2.8
cem,cem,continuous,57,8,0.578752,0.147991,0.678685,2.8
cem,cem,continuous,57,9,0.623876,0.150537,0.663839,2.9
cem,cem,continuous,57,10,0.562433,0.146498,0.702015,2.7
cem,cem,continuous,57,11,0.579196,0.143517,0.703075,2.7
cem,cem,continuous,57,12,0.578686,0.143676,0.678685,2.7
cem,cem,continuous,57,13,0.572740,0.145867,0.706257,2.7
cem,cem,continuous,57,14,0.537559,0.138791,0.733828,2.7
cem,cem,continuous,57,15,0.515846,0.139830,0.745493,2.7
cem,cem,continuous,57,16,0.493958,0.137627,0.765642,2.7
cem,cem,continuous,57,17,0.485917,0.132356,0.780488,2.7
cem,cem,continuous,57,18,0.507561,0.130620,0.767762,2.7
cem,cem,continuous,57,19,0.453628,0.130296,0.801697,2.7
cem,cem,continuous,57,20,0.426393,0.128147,0.804878,2.7
cem,cem,continuous,57,21,0.484074,0.132343,0.770944,2.7
cem,cem,continuous,57,22,0.412288,0.126094,0.813362,2.7
cem,cem,continuous,57,23,0.421121,0.129413,0.819724,2.7
cem,cem,continuous,57,24,0.373810,0.124958,0.840933,2.7
cem,cem,continuous,57,25,0.435510,0.126534,0.797455,2.7
cem,cem,continuous,57,26,0.352810,0.121719,0.844115,2.7
cem,cem,continuous,57,27,0.394550,0.124096,0.835631,2.7
cem,cem,continuous,57,28,0.360350,0.125161,0.854719,2.7
cem,cem,continuous,57,29,0.348923,0.120940,0.841994,2.7
cem,cem,continuous,57,30,0.355500,0.123250,0.846235,2.7
cem,cem,continuous,57,31,0.348317,0.122946,0.857900,2.7
cem,cem,continuous,57,32,0.361052,0.122861,0.841994,2.7
cem,cem,continuous,57,33,0.294263,0.119688,0.874867,2.7
cem,cem,continuous,57,34,0.356013,0.123679,0.835631,2.7
cem,cem,continuous,57,35,0.308822,0.121016,0.879109,2.7
cem,cem,continuous,57,36,0.313146,0.122783,0.874867,2.7
cem,cem,continuous,57,37,0.272627,0.121820,0.898197,2.7
cem,cem,continuous,57,38,0.244256,0.121557,0.908802,2.7
cem,cem,continuous,57,39,0.310515,0.124021,0.869565,2.7
cem,cem,continuous,57,40,0.250433,0.120426,0.908802,2.7
cem,cem,continuous,57,41,0.217728,0.118081,0.921527,2.7
cem,cem,continuous,57,42,0.222007,0.120064,0.911983,2.7
cem,cem,continuous,57,43,0.192222,0.120257,0.935313,2.7
cem,cem,continuous,57,44,0.245726,0.119498,0.899258,2.7
cem,cem,continuous,57,45,0.238620,0.121700,0.901379,2.7
cem,cem,continuous,57,46,0.215585,0.119940,0.919406,2.7
cem,cem,continuous,57,47,0.221768,0.118875,0.904560,2.7
cem,cem,continuous,57,48,0.202955,0.120993,0.917285,2.7
cem,cem,continuous,57,49,0.178292,0.117610,0.936373,2.7
cem,cem,continuous,57,50,0.194283,0.120687,0.921527,2.7
cem,cem,continuous,57,51,0.140447,0.116648,0.953340,2.7
cem,cem,continuous,57,52,0.150530,0.117370,0.943796,2.7
cem,cem,continuous,57,53,0.191134,0.118695,0.930011,2.7
cem,cem,continuous,57,54,0.168868,0.118290,0.935313,2.7
cem,cem,continuous,57,55,0.192473,0.118878,0.924708,2.7
cem,cem,continuous,57,56,0.122272,0.115578,0.960764,2.7
cem,cem,continuous,57,57,0.149994,0.116893,0.938494,2.7
cem,cem,continuous,57,58,0.138016,0.117432,0.949099,2.7
cem,cem,continuous,57,59,0.128237,0.116303,0.953340,2.7
cem,cem,continuous,57,60,0.114988,0.120011,0.965005,2.7
cem,cem,continuous,57,61,0.093300,0.117144,0.971368,2.7
cem,cem,continuous,57,62,0.131907,0.116991,0.949099,2.7
cem,cem,continuous,57,63,0.105606,0.117012,0.967126,2.7
cem,cem,continuous,57,64,0.098883,0.114297,0.961824,2.7
cem,cem,continuous,57,65,0.128807,0.115325,0.960764,2.7
cem,cem,continuous,57,66,0.084181,0.114217,0.966066,2.7
cem,cem,continuous,57,67,0.088939,0.115398,0.969247,2.7
cem,cem,continuous,57,68,0.072590,0.114630,0.971368,2.7
cem,cem,continuous,57,69,0.102541,0.115150,0.960764,2.7
cem,cem,continuous,57,70,0.133666,0.114295,0.948038,2.7
cem,cem,continuous,57,71,0.079967,0.115347,0.973489,2.7
cem,cem,continuous,57,72,0.081622,0.113221,0.970308,2.7
cem,cem,continuous,57,73,0.119226,0.115114,0.957582,2.7
cem,cem,continuous,57,74,0.054527,0.113475,0.983033,2.7
cem,cem,continuous,57,75,0.071221,0.112128,0.976670,2.7
cem,cem,continuous,57,76,0.070346,0.111757,0.977731,2.7
cem,cem,continuous,57,77,0.070551,0.114740,0.975610,2.7
cem,cem,continuous,57,78,0.114213,0.114016,0.960764,2.7
cem,cem,continuous,57,79,0.085349,0.113227,0.967126,2.7
cem,cem,continuous,57,80,0.050375,0.111652,0.986214,2.7
cem,cem,continuous,57,81,0.038799,0.108597,0.985154,2.7
cem,cem,continuous,57,82,0.029127,0.109950,0.992577,2.7
cem,cem,continuous,57,83,0.038091,0.110601,0.986214,2.7
cem,cem,continuous,57,84,0.102078,0.113788,0.962884,2.7
cem,cem,continuous,57,85,0.052306,0.112793,0.984093,2.7
cem,cem,continuous,57,86,0.045493,0.110633,0.985154,2.7
cem,cem,continuous,57,87,0.060802,0.112900,0.975610,2.7
cem,cem,continuous,57,88,0.072936,0.110380,0.975610,2.7
cem,cem,continuous,57,89,0.060816,0.110968,0.975610,2.7
cem,cem,continuous,57,90,0.095709,0.112394,0.961824,2.7
cem,cem,continuous,57,91,0.040488,0.110402,0.987275,2.7
cem,cem,continuous,57,92,0.032257,0.109388,0.991516,2.7
cem,cem,continuous,57,93,0.031883,0.107957,0.992577,2.7
cem,cem,continuous,57,94,0.038640,0.109518,0.990456,2.7
cem,cem,continuous,57,95,0.020385,0.106017,0.993637,2.7
cem,cem,continuous,57,96,0.071883,0.110735,0.976670,2.7
cem,cem,continuous,57,97,0.042584,0.110594,0.988335,2.7
cem,cem,continuous,57,98,0.047384,0.109833,0.985154,2.7
cem,cem,continuous,57,99,0.060177,0.109973,0.977731,2.7
cem,cem,continuous,57,100,0.015313,0.106732,0.996819,2.7
cem,cem,continuous,58,1,0.706278,0.215660,0.543184,2.8
cem,cem,continuous,58,2,0.637765,0.155352,0.628512,2.7
cem,cem,continuous,58,3,0.629983,0.154005,0.660770,2.8
cem,cem,continuous,58,4,0.646628,0.152886,0.616025,2.7
cem,cem,continuous,58,5,0.611565,0.150258,0.664932,2.7
cem,cem,continuous,58,6,0.619245,0.150972,0.658689,2.7
cem,cem,continuous,58,7,0.630148,0.148735,0.639958,2.8
cem,cem,continuous,58,8,0.608367,0.147117,0.673257,2.7
cem,cem,continuous,58,9,0.623205,0.148075,0.645161,2.8
cem,cem,continuous,58,10,0.603987,0.146071,0.658689,2.7
cem,cem,continuous,58,11,0.597678,0.146766,0.678460,2.7
cem,cem,continuous,58,12,0.583214,0.145322,0.701353,2.8
cem,cem,continuous,58,13,0.563965,0.143169,0.721124,2.8
cem,cem,continuous,58,14,0.566603,0.144787,0.702393,2.7
cem,cem,continuous,58,15,0.554510,0.141193,0.724246,2.7
cem,cem,continuous,58,16,0.533002,0.143971,0.721124,2.7
cem,cem,continuous,58,17,0.541258,0.138858,0.733611,2.7
cem,cem,continuous,58,18,0.525142,0.138861,0.738814,2.8
cem,cem,continuous,58,19,0.550564,0.136628,0.705515,2.8
cem,cem,continuous,58,20,0.479202,0.134322,0.763788,2.8
cem,cem,continuous,58,21,0.509791,0.134890,0.747138,2.7
cem,cem,continuous,58,22,0.481976,0.131659,0.774194,2.8
cem,cem,continuous,58,23,0.480671,0.131528,0.796046,2.8
cem,cem,continuous,58,24,0.515493,0.135350,0.759625,2.8
cem,cem,continuous,58,25,0.454973,0.128599,0.793965,2.7
cem,cem,continuous,58,26,0.452676,0.127113,0.800208,2.7
cem,cem,continuous,58,27,0.437807,0.125554,0.810614,2.8
cem,cem,continuous,58,28,0.413660,0.127734,0.824142,2.7
cem,cem,continuous,58,29,0.458017,0.129805,0.802289,2.8
cem,cem,continuous,58,30,0.404513,0.127975,0.811655,2.7
cem,cem,continuous,58,31,0.405271,0.125708,0.831426,2.7
cem,cem,continuous,58,32,0.405587,0.123123,0.823101,2.8
cem,cem,continuous,58,33,0.362606,0.124567,0.842872,2.7
cem,cem,continuous,58,34,0.421159,0.122800,0.816857,2.8
cem,cem,continuous,58,35,0.362013,0.120989,0.841831,2.7
cem,cem,continuous,58,36,0.376122,0.122427,0.829344,2.8
cem,cem,continuous,58,37,0.322789,0.120824,0.873049,2.7
cem,cem,continuous,58,38,0.354425,0.121897,0.845994,2.8
cem,cem,continuous,58,39,0.361086,0.125477,0.853278,2.8
cem,cem,continuous,58,40,0.333731,0.122633,0.866805,2.7
cem,cem,continuous,58,41,0.301874,0.120871,0.878252,2.8
cem,cem,continuous,58,42,0.289697,0.119623,0.879292,2.7
cem,cem,continuous,58,43,0.277980,0.121522,0.887617,2.8
cem,cem,continuous,58,44,0.261785,0.118690,0.890739,2.7
cem,cem,continuous,58,45,0.257146,0.119087,0.902185,2.7
cem,cem,continuous,58,46,0.311169,0.123435,0.876171,2.7
cem,cem,continuous,58,47,0.239042,0.118272,0.902185,2.7
cem,cem,continuous,58,48,0.249545,0.122489,0.899063,2.7
cem,cem,continuous,58,49,0.229053,0.118824,0.906348,2.7
cem,cem,continuous,58,50,0.233915,0.117862,0.906348,2.8
cem,cem,continuous,58,51,0.262640,0.119690,0.893861,2.8
cem,cem,continuous,58,52,0.166899,0.116003,0.938606,2.8
cem,cem,continuous,58,53,0.163271,0.117035,0.929240,2.7
cem,cem,continuous,58,54,0.159276,0.115478,0.939646,2.8
cem,cem,continuous,58,55,0.200472,0.117878,0.927159,2.7
cem,cem,continuous,58,56,0.174704,0.117329,0.938606,2.7
cem,cem,continuous,58,57,0.143032,0.116451,0.949011,2.7
cem,cem,continuous,58,58,0.200834,0.121685,0.921956,2.8
cem,cem,continuous,58,59,0.242947,0.118314,0.903226,2.7
cem,cem,continuous,58,60,0.137247,0.116685,0.942768,2.7
cem,cem,continuous,58,61,0.123644,0.116834,0.956296,2.7
cem,cem,continuous,58,62,0.244696,0.119767,0.903226,2.7
cem,cem,continuous,58,63,0.197695,0.117525,0.914672,2.7
cem,cem,continuous,58,64,0.139735,0.118172,0.944849,2.7
cem,cem,continuous,58,65,0.091574,0.115360,0.973985,2.7
cem,cem,continuous,58,66,0.094860,0.114155,0.971904,2.7
cem,cem,continuous,58,67,0.170837,0.116804,0.934443,2.8
cem,cem,continuous,58,68,0.099175,0.114435,0.970864,2.7
cem,cem,continuous,58,69,0.103860,0.114951,0.963580,2.8
cem,cem,continuous,58,70,0.083606,0.113547,0.970864,2.7
cem,cem,continuous,58,71,0.169008,0.118182,0.933403,2.7
cem,cem,continuous,58,72,0.070234,0.114960,0.980229,2.7
cem,cem,continuous,58,73,0.327398,0.121046,0.866805,2.8
cem,cem,continuous,58,74,0.108826,0.114889,0.964620,2.8
cem,cem,continuous,58,75,0.196012,0.120605,0.928200,2.7
cem,cem,continuous,58,76,0.084208,0.116888,0.968783,2.7
cem,cem,continuous,58,77,0.074178,0.114640,0.977107,2.7
cem,cem,continuous,58,78,0.057301,0.113715,0.985432,2.8
cem,cem,continuous,58,79,0.042827,0.112262,0.988554,2.8
cem,cem,continuous,58,80,0.245526,0.121745,0.910510,2.8
cem,cem,continuous,58,81,0.068315,0.115246,0.980229,2.7
cem,cem,continuous,58,82,0.067526,0.114126,0.975026,2.7
cem,cem,continuous,58,83,0.109632,0.115001,0.968783,2.7
cem,cem,continuous,58,84,0.042339,0.110235,0.989594,2.7
cem,cem,continuous,58,85,0.019176,0.110433,0.996878,2.7
cem,cem,continuous,58,86,0.085370,0.112431,0.968783,2.8
cem,cem,continuous,58,87,0.116571,0.115430,0.951093,2.7
cem,cem,continuous,58,88,0.196045,0.117194,0.928200,2.7
cem,cem,continuous,58,89,0.068295,0.113674,0.972945,2.8
cem,cem,continuous,58,90,0.053083,0.112315,0.978148,2.8
cem,cem,continuous,58,91,0.039957,0.110888,0.987513,2.8
cem,cem,continuous,58,92,0.096755,0.114213,0.963580,2.7
cem,cem,continuous,58,93,0.215966,0.118044,0.921956,2.7
cem,cem,continuous,58,94,0.082535,0.114890,0.970864,2.8
cem,cem,continuous,58,95,0.038393,0.110176,0.990635,2.8
cem,cem,continuous,58,96,0.051102,0.112361,0.984391,2.8
cem,cem,continuous,58,97,0.218426,0.119445,0.915713,2.8
cem,cem,continuous,58,98,0.055159,0.111419,0.982310,2.8
cem,cem,continuous,58,99,0.044442,0.108733,0.989594,2.8
cem,cem,continuous,58,100,0.075918,0.111406,0.978148,2.7
cem,cem,continuous,59,1,0.699886,0.269491,0.547974,2.7
cem,cem,continuous,59,2,0.643034,0.155712,0.632196,2.7
cem,cem,continuous,59,3,0.627772,0.157837,0.618337,2.7
cem,cem,continuous,59,4,0.654093,0.153605,0.602345,2.7
cem,cem,continuous,59,5,0.619517,0.150883,0.655650,2.7
cem,cem,continuous,59,6,0.597933,0.154389,0.676972,2.7
cem,cem,continuous,59,7,0.607917,0.148255,0.655650,2.7
cem,cem,continuous,59,8,0.607668,0.151074,0.658849,2.7
cem,cem,continuous,59,9,0.612317,0.148959,0.675906,2.7
cem,cem,continuous,59,10,0.614172,0.147533,0.672708,2.7
cem,cem,continuous,59,11,0.584151,0.146404,0.687633,2.7
cem,cem,continuous,59,12,0.599103,0.146632,0.669510,2.7
cem,cem,continuous,59,13,0.566185,0.144998,0.694030,2.7
cem,cem,continuous,59,14,0.570200,0.142395,0.700426,2.7
cem,cem,continuous,59,15,0.573027,0.143011,0.701493,2.7
cem,cem,continuous,59,16,0.566468,0.141167,0.714286,2.7
cem,cem,continuous,59,17,0.584970,0.144075,0.699360,2.7
cem,cem,continuous,59,18,0.569900,0.141608,0.707889,2.7
cem,cem,continuous,59,19,0.549763,0.136923,0.727079,2.7
cem,cem,continuous,59,20,0.494893,0.133451,0.763326,2.7
cem,cem,continuous,59,21,0.559927,0.137004,0.726013,2.7
cem,cem,continuous,59,22,0.521816,0.136756,0.739872,2.7
cem,cem,continuous,59,23,0.536722,0.139177,0.734542,2.7
cem,cem,continuous,59,24,0.476118,0.134664,0.768657,2.7
cem,cem,continuous,59,25,0.480657,0.134799,0.756930,2.7
cem,cem,continuous,59,26,0.474657,0.128944,0.786780,2.7
cem,cem,continuous,59,27,0.429868,0.126471,0.801706,2.7
cem,cem,continuous,59,28,0.472828,0.128932,0.784648,2.7
cem,cem,continuous,59,29,0.416317,0.124511,0.795309,2.7
cem,cem,continuous,59,30,0.425675,0.124855,0.802772,2.7
cem,cem,continuous,59,31,0.404560,0.123768,0.823028,2.7
cem,cem,continuous,59,32,0.411038,0.123932,0.821962,2.7
cem,cem,continuous,59,33,0.444167,0.129714,0.805970,2.7
cem,cem,continuous,59,34,0.403268,0.125698,0.831557,2.7
cem,cem,continuous,59,35,0.380932,0.122231,0.834755,2.7
cem,cem,continuous,59,36,0.382591,0.121910,0.821962,2.7
cem,cem,continuous,59,37,0.371377,0.120600,0.829424,2.7
cem,cem,continuous,59,38,0.374632,0.122464,0.824094,2.7
cem,cem,continuous,59,39,0.335291,0.121875,0.853945,2.7
cem,cem,continuous,59,40,0.314993,0.120123,0.861407,2.7
cem,cem,continuous,59,41,0.366605,0.123500,0.833689,2.6
cem,cem,continuous,59,42,0.358095,0.123586,0.846482,2.7
cem,cem,continuous,59,43,0.342870,0.124228,0.851812,2.7
cem,cem,continuous,59,44,0.304843,0.120723,0.877399,2.7
cem,cem,continuous,59,45,0.320811,0.121427,0.864606,2.7
cem,cem,continuous,59,46,0.318333,0.121272,0.863539,2.7
cem,cem,continuous,59,47,0.261575,0.118505,0.889126,2.7
cem,cem,continuous,59,48,0.274992,0.120571,0.881663,2.7
cem,cem,continuous,59,49,0.271616,0.117211,0.889126,2.7
cem,cem,continuous,59,50,0.239053,0.119639,0.905117,2.7
cem,cem,continuous,59,51,0.242606,0.120638,0.901919,2.7
cem,cem,continuous,59,52,0.224848,0.118293,0.905117,2.7
cem,cem,continuous,59,53,0.275890,0.119989,0.886994,2.7
cem,cem,continuous,59,54,0.193805,0.118482,0.926439,2.7
cem,cem,continuous,59,55,0.182095,0.120108,0.924307,2.7
cem,cem,continuous,59,56,0.207999,0.120338,0.915778,2.7
cem,cem,continuous,59,57,0.195495,0.117537,0.921109,2.7
cem,cem,continuous,59,58,0.164778,0.116560,0.946695,2.7
cem,cem,continuous,59,59,0.154709,0.115908,0.936034,2.7
cem,cem,continuous,59,60,0.181766,0.119428,0.920043,2.7
cem,cem,continuous,59,61,0.155809,0.118031,0.945629,2.7
cem,cem,continuous,59,62,0.137598,0.117652,0.948827,2.7
cem,cem,continuous,59,63,0.131377,0.116915,0.945629,2.7
cem,cem,continuous,59,64,0.124712,0.117284,0.953092,2.7
cem,cem,continuous,59,65,0.161280,0.118450,0.940299,2.7
cem,cem,continuous,59,66,0.098474,0.117103,0.964819,2.7
cem,cem,continuous,59,67,0.127342,0.118446,0.952026,2.7
cem,cem,continuous,59,68,0.105395,0.116447,0.955224,2.7
cem,cem,continuous,59,69,0.179502,0.118803,0.923241,2.7
cem,cem,continuous,59,70,0.089311,0.115722,0.970149,2.7
cem,cem,continuous,59,71,0.137536,0.116018,0.947761,2.7
cem,cem,continuous,59,72,0.039650,0.115000,0.989339,2.7
cem,cem,continuous,59,73,0.152820,0.118415,0.937100,2.7
cem,cem,continuous,59,74,0.091700,0.117657,0.964819,2.7
cem,cem,continuous,59,75,0.092818,0.114960,0.968017,2.7
cem,cem,continuous,59,76,0.062973,0.116233,0.977612,2.7
cem,cem,continuous,59,77,0.082587,0.114060,0.973348,2.7
cem,cem,continuous,59,78,0.087866,0.116548,0.970149,2.7
cem,cem,continuous,59,79,0.111028,0.114325,0.957356,2.7
cem,cem,continuous,59,80,0.060710,0.115791,0.984009,2.7
cem,cem,continuous,59,81,0.117346,0.116421,0.950959,2.7
cem,cem,continuous,59,82,0.038795,0.113621,0.987207,2.7
cem,cem,continuous,59,83,0.057722,0.116698,0.974414,2.7
cem,cem,continuous,59,84,0.032079,0.113920,0.988273,2.7
cem,cem,continuous,59,85,0.032918,0.113970,0.987207,2.7
cem,cem,continuous,59,86,0.095873,0.117407,0.960554,2.7
cem,cem,continuous,59,87,0.026670,0.112336,0.990405,2.7
cem,cem,continuous,59,88,0.071568,0.113667,0.972281,2.7
cem,cem,continuous,59,89,0.052989,0.114514,0.975480,2.7
cem,cem,continuous,59,90,0.060070,0.115813,0.980810,2.7
cem,cem,continuous,59,91,0.056319,0.113951,0.980810,2.7
cem,cem,continuous,59,92,0.087466,0.114422,0.970149,2.7
cem,cem,continuous,59,93,0.019936,0.113754,0.994670,2.7
cem,cem,continuous,59,94,0.054700,0.114143,0.979744,2.7
cem,cem,continuous,59,95,0.044387,0.114515,0.982942,2.7
cem,cem,continuous,59,96,0.025535,0.111666,0.990405,2.7
cem,cem,continuous,59,97,0.067677,0.110005,0.985075,2.7
cem,cem,continuous,59,98,0.040579,0.112152,0.982942,2.7
cem,cem,continuous,59,99,0.038467,0.111580,0.984009,2.7
cem,cem,continuous,59,100,0.045105,0.113400,0.985075,2.7
cem,cem,continuous,60,1,0.740102,0.226003,0.524008,2.8
cem,cem,continuous,60,2,0.670041,0.151961,0.589770,2.7
cem,cem,continuous,60,3,0.614093,0.149073,0.639875,2.7
cem,cem,continuous,60,4,0.638032,0.147833,0.600209,2.7
cem,cem,continuous,60,5,0.615896,0.147914,0.624217,2.7
cem,cem,continuous,60,6,0.661930,0.148342,0.596033,2.7
cem,cem,continuous,60,7,0.628955,0.145832,0.641962,2.7
cem,cem,continuous,60,8,0.620934,0.146092,0.655532,2.7
cem,cem,continuous,60,9,0.615590,0.152488,0.627349,2.7
cem,cem,continuous,60,10,0.604035,0.145500,0.656576,2.7
cem,cem,continuous,60,11,0.608738,0.143783,0.657620,2.7
cem,cem,continuous,60,12,0.591111,0.144615,0.696242,2.7
cem,cem,continuous,60,13,0.593396,0.146732,0.679541,2.7
cem,cem,continuous,60,14,0.606768,0.144572,0.672234,2.7
cem,cem,continuous,60,15,0.585962,0.144340,0.695198,2.7
cem,cem,continuous,60,16,0.560725,0.143366,0.705637,2.7
cem,cem,continuous,60,17,0.562981,0.141330,0.703549,2.8
cem,cem,continuous,60,18,0.570161,0.139004,0.694154,2.7
cem,cem,continuous,60,19,0.569009,0.137207,0.707724,2.7
cem,cem,continuous,60,20,0.548412,0.140437,0.727557,2.7
cem,cem,continuous,60,21,0.556168,0.139128,0.725470,2.7
cem,cem,continuous,60,22,0.512041,0.135613,0.755741,2.7
cem,cem,continuous,60,23,0.538654,0.133151,0.742171,2.7
cem,cem,continuous,60,24,0.472797,0.129690,0.783925,2.7
cem,cem,continuous,60,25,0.459712,0.132185,0.782881,2.7
cem,cem,continuous,60,26,0.453603,0.129467,0.794363,2.7
cem,cem,continuous,60,27,0.435257,0.126885,0.800626,2.7
cem,cem,continuous,60,28,0.470573,0.125093,0.792276,2.8
cem,cem,continuous,60,29,0.416837,0.122492,0.824635,2.7
cem,cem,continuous,60,30,0.453052,0.123931,0.810021,2.8
cem,cem,continuous,60,31,0.412820,0.124030,0.820459,2.8
cem,cem,continuous,60,32,0.420715,0.125409,0.823591,2.7
cem,cem,continuous,60,33,0.397688,0.123157,0.839248,2.7
cem,cem,continuous,60,34,0.355256,0.120362,0.872651,2.7
cem,cem,continuous,60,35,0.342009,0.121397,0.865344,2.7
cem,cem,continuous,60,36,0.338028,0.121557,0.867432,2.7
cem,cem,continuous,60,37,0.322778,0.120534,0.868476,2.7
cem,cem,continuous,60,38,0.341444,0.121238,0.854906,2.8
cem,cem,continuous,60,39,0.262417,0.118237,0.898747,2.8
cem,cem,continuous,60,40,0.294096,0.122774,0.878914,2.7
cem,cem,continuous,60,41,0.282465,0.122119,0.884134,2.7
cem,cem,continuous,60,42,0.254761,0.120559,0.902923,2.7
cem,cem,continuous,60,43,0.274092,0.120719,0.890397,2.8
cem,cem,continuous,60,44,0.306820,0.122418,0.874739,2.7
cem,cem,continuous,60,45,0.251116,0.118740,0.900835,2.8
cem,cem,continuous,60,46,0.238780,0.117270,0.911273,2.7
cem,cem,continuous,60,47,0.229123,0.117369,0.910230,2.7
cem,cem,continuous,60,48,0.199767,0.116913,0.923800,2.7
cem,cem,continuous,60,49,0.187161,0.118081,0.917537,2.8
cem,cem,continuous,60,50,0.234701,0.121480,0.911273,2.8
cem,cem,continuous,60,51,0.178740,0.115867,0.941545,2.7
cem,cem,continuous,60,52,0.171213,0.118336,0.935282,2.7
cem,cem,continuous,60,53,0.190084,0.118486,0.929019,2.7
cem,cem,continuous,60,54,0.188203,0.116796,0.935282,2.7
cem,cem,continuous,60,55,0.176708,0.118459,0.930063,2.7
cem,cem,continuous,60,56,0.130309,0.116239,0.946764,2.8
cem,cem,continuous,60,57,0.168799,0.116783,0.934238,2.7
cem,cem,continuous,60,58,0.118283,0.112987,0.957203,2.7
cem,cem,continuous,60,59,0.127604,0.116730,0.949896,2.7
cem,cem,continuous,60,60,0.108853,0.116158,0.962422,2.7
cem,cem,continuous,60,61,0.200729,0.118162,0.918580,2.7
cem,cem,continuous,60,62,0.100375,0.115849,0.968685,2.7
cem,cem,continuous,60,63,0.111304,0.116039,0.958246,2.7
cem,cem,continuous,60,64,0.143140,0.116816,0.944676,2.7
cem,cem,continuous,60,65,0.097825,0.113725,0.964509,2.7
cem,cem,continuous,60,66,0.110039,0.113334,0.959290,2.7
cem,cem,continuous,60,67,0.121294,0.115412,0.956159,2.7
cem,cem,continuous,60,68,0.093659,0.115186,0.966597,2.8
cem,cem,continuous,60,69,0.074762,0.112710,0.972860,2.7
cem,cem,continuous,60,70,0.100126,0.112831,0.967641,2.7
cem,cem,continuous,60,71,0.101802,0.114463,0.961378,2.7
cem,cem,continuous,60,72,0.063368,0.114773,0.975992,2.8
cem,cem,continuous,60,73,0.071943,0.114918,0.968685,2.7
cem,cem,continuous,60,74,0.105880,0.112636,0.956159,2.7
cem,cem,continuous,60,75,0.080191,0.111537,0.967641,2.7
cem,cem,continuous,60,76,0.073879,0.111347,0.970772,2.7
cem,cem,continuous,60,77,0.089806,0.118198,0.965553,2.8
cem,cem,continuous,60,78,0.022276,0.112105,0.991649,2.7
cem,cem,continuous,60,79,0.057612,0.113076,0.980167,2.7
cem,cem,continuous,60,80,0.032288,0.111339,0.989562,2.7
cem,cem,continuous,60,81,0.068571,0.112544,0.971816,2.7
cem,cem,continuous,60,82,0.082836,0.112998,0.966597,2.7
cem,cem,continuous,60,83,0.051759,0.111462,0.984342,2.8
cem,cem,continuous,60,84,0.165252,0.113725,0.943633,2.7
cem,cem,continuous,60,85,0.034217,0.109362,0.988518,2.8
cem,cem,continuous,60,86,0.060823,0.113190,0.978079,2.7
cem,cem,continuous,60,87,0.033475,0.111484,0.986430,2.8
cem,cem,continuous,60,88,0.080138,0.110411,0.969729,2.8
cem,cem,continuous,60,89,0.046807,0.110652,0.984342,2.7
cem,cem,continuous,60,90,0.028867,0.110346,0.988518,2.7
cem,cem,continuous,60,91,0.063195,0.112442,0.975992,2.7
cem,cem,continuous,60,92,0.084423,0.112770,0.965553,2.7
cem,cem,continuous,60,93,0.017380,0.108842,0.995825,2.7
cem,cem,continuous,60,94,0.108689,0.113086,0.959290,2.7
cem,cem,continuous,60,95,0.045526,0.110116,0.986430,2.7
cem,cem,continuous,60,96,0.016330,0.107776,0.995825,2.7
cem,cem,continuous,60,97,0.014338,0.106848,0.994781,2.7
cem,cem,continuous,60,98,0.050697,0.109396,0.977035,2.7
cem,cem,continuous,60,99,0.032345,0.110411,0.985386,2.7
cem,cem,continuous,60,100,0.029121,0.107777,0.988518,2.7
cem,cem,continuous,61,1,0.739476,0.262116,0.529039,2.7
cem,cem,continuous,61,2,0.667342,0.155584,0.598733,2.7
cem,cem,continuous,61,3,0.659527,0.153705,0.609293,2.7
cem,cem,continuous,61,4,0.595238,0.151127,0.650475,2.7
cem,cem,continuous,61,5,0.607315,0.149850,0.655755,2.7
cem,cem,continuous,61,6,0.591776,0.149963,0.661035,2.7
cem,cem,continuous,61,7,0.575463,0.153633,0.675818,2.7
cem,cem,continuous,61,8,0.598830,0.151671,0.670539,2.7
cem,cem,continuous,61,9,0.576702,0.147158,0.685322,2.7
cem,cem,continuous,61,10,0.609870,0.145143,0.666315,2.7
cem,cem,continuous,61,11,0.567488,0.142833,0.704329,2.7
cem,cem,continuous,61,12,0.549469,0.144493,0.741288,2.7
cem,cem,continuous,61,13,0.576658,0.142457,0.684266,2.7
cem,cem,continuous,61,14,0.562370,0.141264,0.721225,2.7
cem,cem,continuous,61,15,0.552365,0.140721,0.731785,2.7
cem,cem,continuous,61,16,0.559270,0.142540,0.708553,2.7
cem,cem,continuous,61,17,0.513150,0.136168,0.749736,2.7
cem,cem,continuous,61,18,0.538716,0.136251,0.739176,2.7
cem,cem,continuous,61,19,0.531454,0.135173,0.739176,2.7
cem,cem,continuous,61,20,0.502456,0.136216,0.756072,2.7
cem,cem,continuous,61,21,0.485044,0.132756,0.785639,2.7
cem,cem,continuous,61,22,0.489587,0.133385,0.776135,2.7
cem,cem,continuous,61,23,0.447807,0.132181,0.803590,2.7
cem,cem,continuous,61,24,0.451720,0.130569,0.785639,2.7
cem,cem,continuous,61,25,0.433835,0.128978,0.797254,2.7
cem,cem,continuous,61,26,0.432278,0.127508,0.799366,2.7
cem,cem,continuous,61,27,0.422282,0.127049,0.790919,2.7
cem,cem,continuous,61,28,0.409641,0.129003,0.816262,2.7
cem,cem,continuous,61,29,0.403446,0.127502,0.819430,2.7
cem,cem,continuous,61,30,0.368068,0.126167,0.841605,2.7
cem,cem,continuous,61,31,0.339697,0.123618,0.869060,2.7
cem,cem,continuous,61,32,0.360793,0.123552,0.851109,2.7
cem,cem,continuous,61,33,0.369696,0.122971,0.845829,2.7
cem,cem,continuous,61,34,0.318451,0.121368,0.861668,2.7
cem,cem,continuous,61,35,0.354048,0.127322,0.850053,2.7
cem,cem,continuous,61,36,0.341045,0.124203,0.863780,2.7
cem,cem,continuous,61,37,0.319774,0.124466,0.857445,2.7
cem,cem,continuous,61,38,0.339845,0.123130,0.857445,2.7
cem,cem,continuous,61,39,0.312252,0.124155,0.870116,2.7
cem,cem,continuous,61,40,0.293013,0.121507,0.877508,2.7
cem,cem,continuous,61,41,0.261081,0.118896,0.883844,2.7
cem,cem,continuous,61,42,0.278818,0.121007,0.890180,2.7
cem,cem,continuous,61,43,0.276499,0.120306,0.889124,2.7
cem,cem,continuous,61,44,0.243908,0.120644,0.916579,2.7
cem,cem,continuous,61,45,0.292891,0.124638,0.883844,2.7
cem,cem,continuous,61,46,0.255472,0.119622,0.904963,2.7
cem,cem,continuous,61,47,0.234584,0.119631,0.901795,2.7
cem,cem,continuous,61,48,0.224101,0.118335,0.917635,2.7
cem,cem,continuous,61,49,0.212718,0.116832,0.917635,2.7
cem,cem,continuous,61,50,0.207908,0.118261,0.927138,2.7
cem,cem,continuous,61,51,0.176908,0.117266,0.946146,2.7
cem,cem,continuous,61,52,0.169069,0.117064,0.938754,2.7
cem,cem,continuous,61,53,0.200744,0.117341,0.918691,2.7
cem,cem,continuous,61,54,0.181924,0.115348,0.936642,2.7
cem,cem,continuous,61,55,0.193743,0.118765,0.917635,2.7
cem,cem,continuous,61,56,0.173604,0.117019,0.935586,2.7
cem,cem,continuous,61,57,0.166326,0.116878,0.941922,2.7
cem,cem,continuous,61,58,0.126832,0.116942,0.950370,2.7
cem,cem,continuous,61,59,0.165614,0.116023,0.932418,2.7
cem,cem,continuous,61,60,0.167273,0.116338,0.938754,2.7
cem,cem,continuous,61,61,0.128344,0.114230,0.945090,2.7
cem,cem,continuous,61,62,0.180568,0.115452,0.927138,2.7
cem,cem,continuous,61,63,0.074840,0.114278,0.975713,2.7
cem,cem,continuous,61,64,0.177002,0.117948,0.940866,2.7
cem,cem,continuous,61,65,0.119452,0.117843,0.960929,2.7
cem,cem,continuous,61,66,0.107385,0.115528,0.959873,2.7
cem,cem,continuous,61,67,0.128882,0.114143,0.958817,2.7
cem,cem,continuous,61,68,0.092713,0.114876,0.966209,2.7
cem,cem,continuous,61,69,0.090026,0.112806,0.968321,2.7
cem,cem,continuous,61,70,0.080628,0.112607,0.972545,2.7
cem,cem,continuous,61,71,0.186343,0.123069,0.934530,2.7
cem,cem,continuous,61,72,0.116380,0.118088,0.958817,2.7
cem,cem,continuous,61,73,0.079378,0.112682,0.969377,2.7
cem,cem,continuous,61,74,0.074113,0.115650,0.974657,2.7
cem,cem,continuous,61,75,0.073253,0.112578,0.974657,2.7
cem,cem,continuous,61,76,0.080595,0.113280,0.967265,2.7
cem,cem,continuous,61,77,0.093918,0.114278,0.971489,2.7
cem,cem,continuous,61,78,0.099335,0.116076,0.966209,2.7
cem,cem,continuous,61,79,0.059912,0.112660,0.982049,2.7
cem,cem,continuous,61,80,0.042681,0.110474,0.984161,2.7
cem,cem,continuous,61,81,0.074036,0.114673,0.974657,2.7
cem,cem,continuous,61,82,0.052763,0.114003,0.982049,2.7
cem,cem,continuous,61,83,0.157182,0.119247,0.944034,2.7
cem,cem,continuous,61,84,0.041223,0.113521,0.987328,2.7
cem,cem,continuous,61,85,0.079761,0.113419,0.973601,2.7
cem,cem,continuous,61,86,0.063040,0.111701,0.977825,2.7
cem,cem,continuous,61,87,0.035019,0.112211,0.988384,2.7
cem,cem,continuous,61,88,0.044527,0.110438,0.984161,2.7
cem,cem,continuous,61,89,0.175640,0.117575,0.930306,2.7
cem,cem,continuous,61,90,0.045625,0.112364,0.988384,2.7
cem,cem,continuous,61,91,0.069298,0.111953,0.976769,2.7
cem,cem,continuous,61,92,0.089109,0.115250,0.969377,2.7
cem,cem,continuous,61,93,0.035496,0.111330,0.991552,2.7
cem,cem,continuous,61,94,0.411898,0.135235,0.852165,2.7
cem,cem,continuous,61,95,0.153779,0.117637,0.941922,2.7
cem,cem,continuous,61,96,0.091239,0.115086,0.973601,2.7
cem,cem,continuous,61,97,0.166652,0.121757,0.945090,2.7
cem,cem,continuous,61,98,0.045329,0.111778,0.986272,2.7
cem,cem,continuous,61,99,0.039455,0.111119,0.983105,2.7
cem,cem,continuous,61,100,0.052431,0.112830,0.984161,2.7
cem,cem,continuous,62,1,0.688660,0.241955,0.556494,2.7
cem,cem,continuous,62,2,0.684371,0.153903,0.575502,2.7
cem,cem,continuous,62,3,0.662391,0.152216,0.597677,2.7
cem,cem,continuous,62,4,0.618511,0.152627,0.650475,2.7
cem,cem,continuous,62,5,0.653886,0.154130,0.589229,2.8
cem,cem,continuous,62,6,0.595688,0.152510,0.688490,2.7
cem,cem,continuous,62,7,0.607154,0.156776,0.668427,2.7
cem,cem,continuous,62,8,0.644032,0.154160,0.625132,2.7
cem,cem,continuous,62,9,0.625528,0.148275,0.640971,2.7
cem,cem,continuous,62,10,0.602359,0.148316,0.674762,2.7
cem,cem,continuous,62,11,0.587781,0.145716,0.688490,2.7
cem,cem,continuous,62,12,0.582759,0.144511,0.682154,2.7
cem,cem,continuous,62,13,0.554924,0.143172,0.737064,2.7
cem,cem,continuous,62,14,0.583730,0.143554,0.684266,2.7
cem,cem,continuous,62,15,0.578675,0.141920,0.706441,2.7
cem,cem,continuous,62,16,0.580543,0.140083,0.693770,2.7
cem,cem,continuous,62,17,0.524437,0.136390,0.752904,2.7
cem,cem,continuous,62,18,0.556290,0.137824,0.725449,2.7
cem,cem,continuous,62,19,0.531631,0.137464,0.736008,2.7
cem,cem,continuous,62,20,0.504609,0.132106,0.758184,2.7
cem,cem,continuous,62,21,0.514006,0.135872,0.759240,2.7
cem,cem,continuous,62,22,0.493806,0.132713,0.765576,2.7
cem,cem,continuous,62,23,0.473257,0.127899,0.783527,2.7
cem,cem,continuous,62,24,0.449308,0.129239,0.799366,2.7
cem,cem,continuous,62,25,0.403846,0.126478,0.840549,2.7
cem,cem,continuous,62,26,0.436881,0.127817,0.809926,2.7
cem,cem,continuous,62,27,0.438711,0.125766,0.801478,2.7
cem,cem,continuous,62,28,0.424445,0.126706,0.824710,2.7
cem,cem,continuous,62,29,0.407283,0.126578,0.827878,2.7
cem,cem,continuous,62,30,0.407000,0.126031,0.825766,2.7
cem,cem,continuous,62,31,0.387016,0.124473,0.832101,2.7
cem,cem,continuous,62,32,0.426100,0.124094,0.818374,2.7
cem,cem,continuous,62,33,0.375147,0.125837,0.837381,2.7
cem,cem,continuous,62,34,0.380923,0.124291,0.846885,2.7
cem,cem,continuous,62,35,0.366050,0.123982,0.842661,2.7
cem,cem,continuous,62,36,0.312378,0.121079,0.888068,2.7
cem,cem,continuous,62,37,0.350635,0.123653,0.864836,2.7
cem,cem,continuous,62,38,0.306981,0.120702,0.881732,2.7
cem,cem,continuous,62,39,0.287022,0.121531,0.885956,2.7
cem,cem,continuous,62,40,0.317761,0.121555,0.863780,2.7
cem,cem,continuous,62,41,0.269132,0.120899,0.893347,2.7
cem,cem,continuous,62,42,0.293546,0.120689,0.879620,2.7
cem,cem,continuous,62,43,0.284307,0.119944,0.887012,2.7
cem,cem,continuous,62,44,0.251309,0.120608,0.889124,2.7
cem,cem,continuous,62,45,0.247311,0.118869,0.904963,2.7
cem,cem,continuous,62,46,0.284596,0.120922,0.883844,2.7
cem,cem,continuous,62,47,0.224239,0.118658,0.913411,2.7
cem,cem,continuous,62,48,0.228268,0.119757,0.922914,2.7
cem,cem,continuous,62,49,0.218227,0.121866,0.916579,2.7
cem,cem,continuous,62,50,0.218131,0.118642,0.917635,2.7
cem,cem,continuous,62,51,0.219629,0.118921,0.913411,2.7
cem,cem,continuous,62,52,0.233418,0.120647,0.910243,2.7
cem,cem,continuous,62,53,0.220142,0.118993,0.915523,2.7
cem,cem,continuous,62,54,0.232207,0.119151,0.916579,2.7
cem,cem,continuous,62,55,0.148259,0.116899,0.942978,2.7
cem,cem,continuous,62,56,0.175669,0.118744,0.935586,2.7
cem,cem,continuous,62,57,0.138059,0.117547,0.951426,2.7
cem,cem,continuous,62,58,0.188165,0.119668,0.935586,2.7
cem,cem,continuous,62,59,0.138469,0.117863,0.951426,2.7
cem,cem,continuous,62,60,0.116895,0.116725,0.955649,2.8
cem,cem,continuous,62,61,0.148693,0.118832,0.944034,2.7
cem,cem,continuous,62,62,0.083238,0.118518,0.972545,2.7
cem,cem,continuous,62,63,0.329653,0.126404,0.875396,2.7
cem,cem,continuous,62,64,0.153333,0.116509,0.952482,2.7
cem,cem,continuous,62,65,0.093334,0.116543,0.966209,2.8
cem,cem,continuous,62,66,0.224716,0.118160,0.920803,2.7
cem,cem,continuous,62,67,0.133896,0.117647,0.940866,2.7
cem,cem,continuous,62,68,0.072733,0.117194,0.979937,2.7
cem,cem,continuous,62,69,0.082956,0.116572,0.972545,2.7
cem,cem,continuous,62,70,0.165896,0.120255,0.933474,2.7
cem,cem,continuous,62,71,0.130962,0.117931,0.947202,2.7
cem,cem,continuous,62,72,0.086072,0.116790,0.967265,2.7
cem,cem,continuous,62,73,0.051679,0.115038,0.983105,2.7
cem,cem,continuous,62,74,0.048572,0.116858,0.987328,2.7
cem,cem,continuous,62,75,0.045576,0.117158,0.983105,2.7
cem,cem,continuous,62,76,0.093938,0.115807,0.968321,2.7
cem,cem,continuous,62,77,0.174818,0.118542,0.934530,2.7
cem,cem,continuous,62,78,0.043794,0.115222,0.988384,2.7
cem,cem,continuous,62,79,0.031514,0.114888,0.987328,2.7
cem,cem,continuous,62,80,0.309275,0.125921,0.897571,2.7
cem,cem,continuous,62,81,0.106065,0.116052,0.961985,2.7
cem,cem,continuous,62,82,0.052506,0.115213,0.984161,2.7
cem,cem,continuous,62,83,0.084447,0.116772,0.966209,2.7
cem,cem,continuous,62,84,0.092348,0.116548,0.958817,2.7
cem,cem,continuous,62,85,0.074690,0.117497,0.974657,2.7
cem,cem,continuous,62,86,0.103081,0.118043,0.958817,2.7
cem,cem,continuous,62,87,0.026488,0.113828,0.990496,2.7
cem,cem,continuous,62,88,0.042822,0.113989,0.987328,2.7
cem,cem,continuous,62,89,0.049719,0.114094,0.979937,2.7
cem,cem,continuous,62,90,0.028545,0.113935,0.991552,2.7
cem,cem,continuous,62,91,0.013000,0.111389,0.995776,2.7
cem,cem,continuous,62,92,0.009257,0.111823,0.998944,2.7
cem,cem,continuous,62,93,0.121394,0.116148,0.959873,2.7
cem,cem,continuous,62,94,0.043589,0.114253,0.983105,2.7
cem,cem,continuous,62,95,0.029591,0.111725,0.988384,2.7
cem,cem,continuous,62,96,0.066692,0.115634,0.977825,2.7
cem,cem,continuous,62,97,0.069681,0.112740,0.976769,2.7
cem,cem,continuous,62,98,0.028968,0.113003,0.989440,2.7
cem,cem,continuous,62,99,0.078312,0.114369,0.973601,2.7
cem,cem,continuous,62,100,0.019485,0.112728,0.993664,2.7
cem,cem,continuous,63,1,0.711633,0.235865,0.559499,2.7
cem,cem,continuous,63,2,0.649963,0.155279,0.613779,2.7
cem,cem,continuous,63,3,0.631662,0.156830,0.641962,2.7
cem,cem,continuous,63,4,0.641577,0.155801,0.636743,2.7
cem,cem,continuous,63,5,0.617826,0.152157,0.647182,2.7
cem,cem,continuous,63,6,0.632317,0.153339,0.630480,2.7
cem,cem,continuous,63,7,0.601537,0.149480,0.670146,2.7
cem,cem,continuous,63,8,0.586353,0.152092,0.682672,2.8
cem,cem,continuous,63,9,0.596777,0.148383,0.674322,2.8
cem,cem,continuous,63,10,0.592150,0.149134,0.683716,2.7
cem,cem,continuous,63,11,0.580016,0.146184,0.680585,2.7
cem,cem,continuous,63,12,0.559418,0.143382,0.721294,2.7
cem,cem,continuous,63,13,0.551579,0.145663,0.729645,2.7
cem,cem,continuous,63,14,0.530237,0.143419,0.749478,2.7
cem,cem,continuous,63,15,0.545390,0.143340,0.723382,2.7
cem,cem,continuous,63,16,0.522597,0.135677,0.750522,2.8
cem,cem,continuous,63,17,0.487646,0.138910,0.773486,2.7
cem,cem,continuous,63,18,0.498048,0.136128,0.775574,2.7
cem,cem,continuous,63,19,0.472153,0.136405,0.784969,2.7
cem,cem,continuous,63,20,0.456190,0.134792,0.807933,2.7
cem,cem,continuous,63,21,0.473230,0.133275,0.787056,2.7
cem,cem,continuous,63,22,0.440872,0.130094,0.805846,2.8
cem,cem,continuous,63,23,0.396047,0.131550,0.828810,2.8
cem,cem,continuous,63,24,0.407751,0.132829,0.822547,2.8
cem,cem,continuous,63,25,0.381671,0.128000,0.840292,2.7
cem,cem,continuous,63,26,0.389229,0.127300,0.829854,2.7
cem,cem,continuous,63,27,0.383497,0.127435,0.839248,2.7
cem,cem,continuous,63,28,0.376213,0.128840,0.841336,2.8
cem,cem,continuous,63,29,0.385951,0.128550,0.839248,2.7
cem,cem,continuous,63,30,0.347637,0.124096,0.856994,2.7
cem,cem,continuous,63,31,0.345907,0.125010,0.848643,2.7
cem,cem,continuous,63,32,0.369698,0.126046,0.841336,2.7
cem,cem,continuous,63,33,0.311728,0.126447,0.868476,2.7
cem,cem,continuous,63,34,0.322758,0.126261,0.854906,2.7
cem,cem,continuous,63,35,0.306549,0.125351,0.868476,2.7
cem,cem,continuous,63,36,0.318390,0.123658,0.861169,2.7
cem,cem,continuous,63,37,0.283960,0.123062,0.877871,2.7
cem,cem,continuous,63,38,0.279360,0.124582,0.878914,2.7
cem,cem,continuous,63,39,0.303551,0.126833,0.884134,2.7
cem,cem,continuous,63,40,0.231574,0.122272,0.914405,2.7
cem,cem,continuous,63,41,0.265174,0.124897,0.902923,2.7
cem,cem,continuous,63,42,0.229932,0.124421,0.906054,2.7
cem,cem,continuous,63,43,0.238834,0.123251,0.909186,2.8
cem,cem,continuous,63,44,0.211204,0.121733,0.914405,2.8
cem,cem,continuous,63,45,0.169514,0.122676,0.937370,2.8
cem,cem,continuous,63,46,0.251996,0.127198,0.891441,2.8
cem,cem,continuous,63,47,0.143534,0.121537,0.948852,2.7
cem,cem,continuous,63,48,0.169624,0.121024,0.937370,2.7
cem,cem,continuous,63,49,0.169655,0.120734,0.931106,2.7
cem,cem,continuous,63,50,0.170795,0.122556,0.932150,2.7
cem,cem,continuous,63,51,0.152045,0.122121,0.942589,2.7
cem,cem,continuous,63,52,0.159004,0.122723,0.942589,2.7
cem,cem,continuous,63,53,0.115403,0.122882,0.954071,2.7
cem,cem,continuous,63,54,0.129906,0.123857,0.949896,2.7
cem,cem,continuous,63,55,0.162997,0.120543,0.939457,2.7
cem,cem,continuous,63,56,0.144924,0.120912,0.945720,2.7
cem,cem,continuous,63,57,0.115683,0.119882,0.961378,2.7
cem,cem,continuous,63,58,0.132416,0.121273,0.949896,2.7
cem,cem,continuous,63,59,0.095189,0.120306,0.969729,2.8
cem,cem,continuous,63,60,0.106889,0.119019,0.964509,2.8
cem,cem,continuous,63,61,0.099172,0.117813,0.965553,2.7
cem,cem,continuous,63,62,0.071000,0.119379,0.977035,2.8
cem,cem,continuous,63,63,0.115673,0.121337,0.954071,2.8
cem,cem,continuous,63,64,0.106882,0.117323,0.959290,2.8
cem,cem,continuous,63,65,0.090770,0.118161,0.969729,2.8
cem,cem,continuous,63,66,0.068733,0.117518,0.977035,2.8
cem,cem,continuous,63,67,0.113314,0.122607,0.956159,2.8
cem,cem,continuous,63,68,0.034910,0.116846,0.990605,2.7
cem,cem,continuous,63,69,0.074642,0.116887,0.975992,2.7
cem,cem,continuous,63,70,0.077472,0.119820,0.971816,2.7
cem,cem,continuous,63,71,0.034234,0.115778,0.991649,2.8
cem,cem,continuous,63,72,0.078902,0.116527,0.974948,2.7
cem,cem,continuous,63,73,0.091482,0.115999,0.968685,2.7
cem,cem,continuous,63,74,0.029373,0.115323,0.990605,2.7
cem,cem,continuous,63,75,0.088467,0.116597,0.974948,2.7
cem,cem,continuous,63,76,0.039626,0.114246,0.989562,2.7
cem,cem,continuous,63,77,0.050496,0.119547,0.983299,2.8
cem,cem,continuous,63,78,0.101612,0.117660,0.957203,2.7
cem,cem,continuous,63,79,0.047112,0.115497,0.986430,2.7
cem,cem,continuous,63,80,0.088799,0.120100,0.962422,2.7
cem,cem,continuous,63,81,0.065917,0.116557,0.979123,2.7
cem,cem,continuous,63,82,0.067227,0.114405,0.973904,2.7
cem,cem,continuous,63,83,0.051778,0.115831,0.982255,2.7
cem,cem,continuous,63,84,0.025281,0.114962,0.993737,2.7
cem,cem,continuous,63,85,0.067204,0.116249,0.974948,2.7
cem,cem,continuous,63,86,0.054395,0.115802,0.980167,2.7
cem,cem,continuous,63,87,0.056764,0.115068,0.983299,2.7
cem,cem,continuous,63,88,0.049726,0.112824,0.982255,2.7
cem,cem,continuous,63,89,0.024760,0.114348,0.992693,2.7
cem,cem,continuous,63,90,0.048812,0.114116,0.980167,2.7
cem,cem,continuous,63,91,0.048634,0.113534,0.983299,2.7
cem,cem,continuous,63,92,0.039176,0.114621,0.988518,2.7
cem,cem,continuous,63,93,0.086718,0.118130,0.967641,2.7
cem,cem,continuous,63,94,0.037231,0.114054,0.989562,2.7
cem,cem,continuous,63,95,0.011588,0.111501,0.997912,2.7
cem,cem,continuous,63,96,0.038701,0.113960,0.987474,2.7
cem,cem,continuous,63,97,0.037595,0.111715,0.987474,2.7
cem,cem,continuous,63,98,0.015732,0.111381,0.995825,2.7
cem,cem,continuous,63,99,0.031991,0.110405,0.993737,2.7
cem,cem,continuous,63,100,0.052622,0.113015,0.983299,2.7
cem,cem,continuous,64,1,0.698570,0.266322,0.576963,2.7
cem,cem,continuous,64,2,0.658123,0.155880,0.608377,2.7
cem,cem,continuous,64,3,0.633186,0.156247,0.616754,2.7
cem,cem,continuous,64,4,0.603558,0.150782,0.669110,2.7
cem,cem,continuous,64,5,0.616455,0.152361,0.669110,2.7
cem,cem,continuous,64,6,0.615536,0.149452,0.663874,2.7
cem,cem,continuous,64,7,0.603174,0.149465,0.673298,2.7
cem,cem,continuous,64,8,0.616282,0.151491,0.649215,2.7
cem,cem,continuous,64,9,0.584403,0.145490,0.704712,2.7
cem,cem,continuous,64,10,0.576228,0.147189,0.692147,2.7
cem,cem,continuous,64,11,0.561748,0.144862,0.721466,2.7
cem,cem,continuous,64,12,0.577218,0.144176,0.703665,2.7
cem,cem,continuous,64,13,0.566947,0.139254,0.703665,2.7
cem,cem,continuous,64,14,0.547159,0.140354,0.731937,2.7
cem,cem,continuous,64,15,0.509431,0.137097,0.745550,2.7
cem,cem,continuous,64,16,0.489643,0.137999,0.780105,2.7
cem,cem,continuous,64,17,0.486248,0.136597,0.784293,2.7
cem,cem,continuous,64,18,0.483886,0.130735,0.775916,2.7
cem,cem,continuous,64,19,0.443928,0.131978,0.801047,2.7
cem,cem,continuous,64,20,0.525138,0.135095,0.737173,2.7
cem,cem,continuous,64,21,0.457705,0.127637,0.789529,2.7
cem,cem,continuous,64,22,0.443632,0.127438,0.787435,2.7
cem,cem,continuous,64,23,0.390951,0.126375,0.831414,2.7
cem,cem,continuous,64,24,0.417123,0.124597,0.803141,2.7
cem,cem,continuous,64,25,0.432100,0.132271,0.813613,2.7
cem,cem,continuous,64,26,0.408083,0.125802,0.811518,2.7
cem,cem,continuous,64,27,0.377724,0.125316,0.830366,2.7
cem,cem,continuous,64,28,0.382420,0.122213,0.824084,2.7
cem,cem,continuous,64,29,0.347516,0.126566,0.848168,2.7
cem,cem,continuous,64,30,0.354138,0.124227,0.859686,2.7
cem,cem,continuous,64,31,0.379532,0.125329,0.847120,2.7
cem,cem,continuous,64,32,0.374869,0.123583,0.839791,2.7
cem,cem,continuous,64,33,0.341299,0.125052,0.850262,2.7
cem,cem,continuous,64,34,0.312676,0.119905,0.881675,2.7
cem,cem,continuous,64,35,0.283483,0.119691,0.893194,2.7
cem,cem,continuous,64,36,0.300234,0.118963,0.884817,2.7
cem,cem,continuous,64,37,0.277613,0.121180,0.893194,2.7
cem,cem,continuous,64,38,0.270532,0.122034,0.898429,2.7
cem,cem,continuous,64,39,0.265160,0.119284,0.898429,2.7
cem,cem,continuous,64,40,0.235564,0.118688,0.907853,2.7
cem,cem,continuous,64,41,0.237580,0.120452,0.902618,2.7
cem,cem,continuous,64,42,0.221660,0.121273,0.912042,2.7
cem,cem,continuous,64,43,0.224227,0.118645,0.915183,2.7
cem,cem,continuous,64,44,0.222234,0.119324,0.908901,2.7
cem,cem,continuous,64,45,0.193124,0.118879,0.928796,2.7
cem,cem,continuous,64,46,0.185055,0.124371,0.934031,2.7
cem,cem,continuous,64,47,0.225773,0.120087,0.906806,2.7
cem,cem,continuous,64,48,0.207912,0.119942,0.919372,2.7
cem,cem,continuous,64,49,0.178884,0.120397,0.936126,2.7
cem,cem,continuous,64,50,0.143226,0.118564,0.946597,2.7
cem,cem,continuous,64,51,0.250257,0.120905,0.909948,2.7
cem,cem,continuous,64,52,0.142488,0.117824,0.942408,2.7
cem,cem,continuous,64,53,0.163456,0.118970,0.938220,2.7
cem,cem,continuous,64,54,0.155722,0.119400,0.939267,2.7
cem,cem,continuous,64,55,0.084703,0.115791,0.968586,2.7
cem,cem,continuous,64,56,0.159500,0.118027,0.942408,2.7
cem,cem,continuous,64,57,0.109952,0.116200,0.962304,2.7
cem,cem,continuous,64,58,0.138043,0.117607,0.959162,2.7
cem,cem,continuous,64,59,0.116891,0.117674,0.954974,2.7
cem,cem,continuous,64,60,0.075751,0.115855,0.969634,2.7
cem,cem,continuous,64,61,0.115606,0.118835,0.959162,2.7
cem,cem,continuous,64,62,0.070848,0.115014,0.974869,2.7
cem,cem,continuous,64,63,0.093721,0.116067,0.973822,2.7
cem,cem,continuous,64,64,0.166649,0.118733,0.937173,2.7
cem,cem,continuous,64,65,0.105200,0.115508,0.962304,2.7
cem,cem,continuous,64,66,0.094869,0.116201,0.968586,2.7
cem,cem,continuous,64,67,0.066742,0.113164,0.973822,2.7
cem,cem,continuous,64,68,0.116500,0.114355,0.958115,2.7
cem,cem,continuous,64,69,0.090841,0.116435,0.969634,2.7
cem,cem,continuous,64,70,0.049826,0.112641,0.982199,2.7
cem,cem,continuous,64,71,0.085074,0.115584,0.972775,2.7
cem,cem,continuous,64,72,0.057765,0.115515,0.979058,2.7
cem,cem,continuous,64,73,0.104850,0.114926,0.956021,2.7
cem,cem,continuous,64,74,0.061092,0.113250,0.979058,2.7
cem,cem,continuous,64,75,0.083919,0.116322,0.967539,2.7
cem,cem,continuous,64,76,0.120416,0.117302,0.952880,2.7
cem,cem,continuous,64,77,0.037199,0.114946,0.993717,2.7
cem,cem,continuous,64,78,0.020874,0.112671,0.993717,2.7
cem,cem,continuous,64,79,0.054632,0.113132,0.976963,2.7
cem,cem,continuous,64,80,0.075001,0.115730,0.970681,2.7
cem,cem,continuous,64,81,0.108247,0.115639,0.966492,2.7
cem,cem,continuous,64,82,0.067917,0.114174,0.981152,2.7
cem,cem,continuous,64,83,0.020126,0.111625,0.994764,2.7
cem,cem,continuous,64,84,0.023565,0.110509,0.993717,2.7
cem,cem,continuous,64,85,0.031957,0.112560,0.990576,2.7
cem,cem,continuous,64,86,0.055706,0.112534,0.986387,2.7
cem,cem,continuous,64,87,0.031741,0.112988,0.992670,2.7
cem,cem,continuous,64,88,0.016942,0.107762,0.996859,2.8
cem,cem,continuous,64,89,0.076640,0.111614,0.975916,2.7
cem,cem,continuous,64,90,0.066943,0.110301,0.974869,2.7
cem,cem,continuous,64,91,0.029044,0.109767,0.988482,2.7
cem,cem,continuous,64,92,0.047538,0.110004,0.987435,2.7
cem,cem,continuous,64,93,0.023753,0.111019,0.990576,2.7
cem,cem,continuous,64,94,0.021836,0.108651,0.992670,2.7
cem,cem,continuous,64,95,0.019049,0.110220,0.996859,2.8
cem,cem,continuous,64,96,0.023407,0.108149,0.992670,2.7
cem,cem,continuous,64,97,0.059202,0.111013,0.984293,2.7
cem,cem,continuous,64,98,0.029566,0.107785,0.989529,2.7
cem,cem,continuous,64,99,0.043099,0.109549,0.981152,2.7
cem,cem,continuous,64,100,0.062225,0.113917,0.982199,2.7
cem,cem,continuous,65,1,0.721362,0.249381,0.551867,2.8
cem,cem,continuous,65,2,0.667919,0.154934,0.601660,2.8
cem,cem,continuous,65,3,0.648657,0.155054,0.618257,2.8
cem,cem,continuous,65,4,0.652748,0.155989,0.613071,2.7
cem,cem,continuous,65,5,0.625066,0.153209,0.632780,2.8
cem,cem,continuous,65,6,0.623313,0.153557,0.612033,2.8
cem,cem,continuous,65,7,0.617955,0.151890,0.636929,2.8
cem,cem,continuous,65,8,0.594029,0.150632,0.657676,2.8
cem,cem,continuous,65,9,0.625192,0.151120,0.621369,2.8
cem,cem,continuous,65,10,0.625615,0.149987,0.628631,2.8
cem,cem,continuous,65,11,0.609551,0.150155,0.663900,2.7
cem,cem,continuous,65,12,0.565078,0.149110,0.713693,2.8
cem,cem,continuous,65,13,0.581574,0.147783,0.672199,2.8
cem,cem,continuous,65,14,0.574283,0.152371,0.699170,2.8
cem,cem,continuous,65,15,0.560102,0.146638,0.707469,2.7
cem,cem,continuous,65,16,0.574152,0.147209,0.684647,2.8
cem,cem,continuous,65,17,0.574260,0.146732,0.706432,2.7
cem,cem,continuous,65,18,0.523788,0.141053,0.723029,2.8
cem,cem,continuous,65,19,0.562048,0.142033,0.692946,2.7
cem,cem,continuous,65,20,0.523279,0.141785,0.736515,2.8
cem,cem,continuous,65,21,0.537441,0.141396,0.730290,2.8
cem,cem,continuous,65,22,0.503463,0.137511,0.765560,2.8
cem,cem,continuous,65,23,0.475016,0.137809,0.779046,2.7
cem,cem,continuous,65,24,0.482388,0.136197,0.773859,2.8
cem,cem,continuous,65,25,0.498165,0.135624,0.759336,2.8
cem,cem,continuous,65,26,0.457652,0.129255,0.788382,2.8
cem,cem,continuous,65,27,0.465267,0.131963,0.782158,2.8
cem,cem,continuous,65,28,0.436935,0.126846,0.794606,2.8
cem,cem,continuous,65,29,0.420079,0.128328,0.806017,2.7
cem,cem,continuous,65,30,0.409762,0.127896,0.817427,2.7
cem,cem,continuous,65,31,0.391213,0.127928,0.825726,2.7
cem,cem,continuous,65,32,0.414035,0.128859,0.810166,2.8
cem,cem,continuous,65,33,0.410214,0.125301,0.812241,2.8
cem,cem,continuous,65,34,0.397365,0.124931,0.817427,2.8
cem,cem,continuous,65,35,0.370622,0.123336,0.846473,2.8
cem,cem,continuous,65,36,0.411163,0.124153,0.811203,2.8
cem,cem,continuous,65,37,0.344391,0.125040,0.860996,2.8
cem,cem,continuous,65,38,0.337296,0.122371,0.859959,2.8
cem,cem,continuous,65,39,0.362389,0.123222,0.837137,2.8
cem,cem,continuous,65,40,0.312491,0.123693,0.871369,2.8
cem,cem,continuous,65,41,0.306865,0.122254,0.876556,2.8
cem,cem,continuous,65,42,0.305168,0.123064,0.875519,2.8
cem,cem,continuous,65,43,0.299090,0.122936,0.890041,2.8
cem,cem,continuous,65,44,0.305828,0.121137,0.869295,2.8
cem,cem,continuous,65,45,0.281939,0.121650,0.885892,2.8
cem,cem,continuous,65,46,0.243424,0.120527,0.902490,2.8
cem,cem,continuous,65,47,0.281209,0.121559,0.884855,2.8
cem,cem,continuous,65,48,0.283382,0.120231,0.875519,2.7
cem,cem,continuous,65,49,0.207044,0.119242,0.920124,2.8
cem,cem,continuous,65,50,0.242305,0.120673,0.894191,2.8
cem,cem,continuous,65,51,0.201807,0.118157,0.921162,2.7
cem,cem,continuous,65,52,0.213986,0.119476,0.909751,2.8
cem,cem,continuous,65,53,0.209241,0.119066,0.907676,2.8
cem,cem,continuous,65,54,0.207629,0.119679,0.922199,2.8
cem,cem,continuous,65,55,0.191031,0.121259,0.915975,2.8
cem,cem,continuous,65,56,0.232933,0.122091,0.918050,2.7
cem,cem,continuous,65,57,0.206253,0.118500,0.922199,2.8
cem,cem,continuous,65,58,0.174481,0.119137,0.939834,2.8
cem,cem,continuous,65,59,0.186351,0.118627,0.917012,2.8
cem,cem,continuous,65,60,0.156813,0.120057,0.937759,2.8
cem,cem,continuous,65,61,0.183623,0.120620,0.925311,2.8
cem,cem,continuous,65,62,0.112292,0.116139,0.964730,2.8
cem,cem,continuous,65,63,0.155862,0.117197,0.943983,2.8
cem,cem,continuous,65,64,0.140907,0.120636,0.946058,2.8
cem,cem,continuous,65,65,0.102688,0.116117,0.965768,2.7
cem,cem,continuous,65,66,0.119223,0.118090,0.955394,2.8
cem,cem,continuous,65,67,0.146204,0.118577,0.945021,2.7
cem,cem,continuous,65,68,0.104465,0.118756,0.961618,2.7
cem,cem,continuous,65,69,0.094507,0.118514,0.964730,2.8
cem,cem,continuous,65,70,0.146797,0.116674,0.941909,2.8
cem,cem,continuous,65,71,0.130586,0.117346,0.949170,2.8
cem,cem,continuous,65,72,0.150442,0.118240,0.933610,2.8
cem,cem,continuous,65,73,0.099706,0.116427,0.967842,2.8
cem,cem,continuous,65,74,0.072689,0.117378,0.978216,2.8
cem,cem,continuous,65,75,0.112718,0.115353,0.952282,2.8
cem,cem,continuous,65,76,0.045685,0.114957,0.987552,2.8
cem,cem,continuous,65,77,0.030096,0.114293,0.990664,2.7
cem,cem,continuous,65,78,0.074478,0.115233,0.975104,2.7
cem,cem,continuous,65,79,0.059718,0.115095,0.979253,2.7
cem,cem,continuous,65,80,0.065422,0.114914,0.973029,2.7
cem,cem,continuous,65,81,0.062107,0.115354,0.977178,2.7
cem,cem,continuous,65,82,0.055861,0.115827,0.983402,2.8
cem,cem,continuous,65,83,0.050332,0.113708,0.985477,2.8
cem,cem,continuous,65,84,0.124472,0.115992,0.954357,2.8
cem,cem,continuous,65,85,0.038070,0.113696,0.988589,2.8
cem,cem,continuous,65,86,0.055195,0.114727,0.979253,2.8
cem,cem,continuous,65,87,0.070825,0.112989,0.973029,2.8
cem,cem,continuous,65,88,0.079382,0.115859,0.969917,2.8
cem,cem,continuous,65,89,0.110913,0.117312,0.958506,2.8
cem,cem,continuous,65,90,0.019790,0.113817,0.994813,2.8
cem,cem,continuous,65,91,0.068689,0.113018,0.979253,2.8
cem,cem,continuous,65,92,0.024656,0.111102,0.994813,2.8
cem,cem,continuous,65,93,0.113527,0.118383,0.957469,2.8
cem,cem,continuous,65,94,0.034400,0.113353,0.989627,2.8
cem,cem,continuous,65,95,0.078652,0.114023,0.978216,2.8
cem,cem,continuous,65,96,0.027828,0.114012,0.991701,2.8
cem,cem,continuous,65,97,0.088134,0.114414,0.973029,2.8
cem,cem,continuous,65,98,0.010745,0.108726,0.998963,2.8
cem,cem,continuous,65,99,0.078383,0.111854,0.969917,2.7
cem,cem,continuous,65,100,0.077940,0.116120,0.969917,2.7
cem,cem,continuous,66,1,0.728520,0.231373,0.533762,2.6
cem,cem,continuous,66,2,0.634601,0.156646,0.661308,2.7
cem,cem,continuous,66,3,0.685652,0.156242,0.579850,2.6
cem,cem,continuous,66,4,0.624214,0.154415,0.637728,2.6
cem,cem,continuous,66,5,0.612006,0.153381,0.630225,2.6
cem,cem,continuous,66,6,0.624514,0.152807,0.645230,2.6
cem,cem,continuous,66,7,0.630448,0.155793,0.636656,2.6
cem,cem,continuous,66,8,0.650091,0.153683,0.602358,2.6
cem,cem,continuous,66,9,0.645540,0.153184,0.609861,2.6
cem,cem,continuous,66,10,0.634838,0.152128,0.634512,2.6
cem,cem,continuous,66,11,0.575698,0.152022,0.690247,2.6
cem,cem,continuous,66,12,0.590884,0.153676,0.666667,2.7
cem,cem,continuous,66,13,0.581472,0.150549,0.678457,2.7
cem,cem,continuous,66,14,0.576715,0.148791,0.694534,2.7
cem,cem,continuous,66,15,0.605372,0.149906,0.680600,2.7
cem,cem,continuous,66,16,0.591508,0.147919,0.691318,2.7
cem,cem,continuous,66,17,0.586249,0.147335,0.704180,2.7
cem,cem,continuous,66,18,0.548459,0.148713,0.726688,2.6
cem,cem,continuous,66,19,0.579514,0.147026,0.694534,2.6
cem,cem,continuous,66,20,0.581630,0.141691,0.688103,2.7
cem,cem,continuous,66,21,0.531159,0.142153,0.727760,2.7
cem,cem,continuous,66,22,0.533479,0.138338,0.735263,2.7
cem,cem,continuous,66,23,0.478939,0.141877,0.775991,2.6
cem,cem,continuous,66,24,0.525728,0.140253,0.742765,2.6
cem,cem,continuous,66,25,0.482470,0.138444,0.763130,2.6
cem,cem,continuous,66,26,0.458099,0.136154,0.794212,2.6
cem,cem,continuous,66,27,0.462405,0.134956,0.790997,2.6
cem,cem,continuous,66,28,0.450885,0.133994,0.777063,2.7
cem,cem,continuous,66,29,0.425680,0.132693,0.806002,2.7
cem,cem,continuous,66,30,0.400689,0.135275,0.815648,2.7
cem,cem,continuous,66,31,0.412767,0.133237,0.812433,2.6
cem,cem,continuous,66,32,0.385348,0.131356,0.829582,2.7
cem,cem,continuous,66,33,0.357000,0.127796,0.853162,2.7
cem,cem,continuous,66,34,0.338726,0.128529,0.856377,2.6
cem,cem,continuous,66,35,0.367578,0.131724,0.847803,2.6
cem,cem,continuous,66,36,0.336146,0.126775,0.863880,2.6
cem,cem,continuous,66,37,0.354409,0.127987,0.862808,2.7
cem,cem,continuous,66,38,0.298248,0.127433,0.886388,2.6
cem,cem,continuous,66,39,0.320159,0.124797,0.863880,2.6
cem,cem,continuous,66,40,0.295178,0.126169,0.876742,2.7
cem,cem,continuous,66,41,0.345442,0.127255,0.855305,2.6
cem,cem,continuous,66,42,0.293461,0.126961,0.881029,2.7
cem,cem,continuous,66,43,0.339100,0.126379,0.856377,2.7
cem,cem,continuous,66,44,0.248395,0.124746,0.893891,2.7
cem,cem,continuous,66,45,0.239761,0.125570,0.909968,2.7
cem,cem,continuous,66,46,0.221413,0.123993,0.911040,2.7
cem,cem,continuous,66,47,0.234476,0.125049,0.899250,2.7
cem,cem,continuous,66,48,0.191310,0.123030,0.920686,2.7
cem,cem,continuous,66,49,0.276734,0.127144,0.892819,2.6
cem,cem,continuous,66,50,0.165687,0.123518,0.935691,2.7
cem,cem,continuous,66,51,0.217542,0.125113,0.912111,2.7
cem,cem,continuous,66,52,0.171357,0.124509,0.936763,2.6
cem,cem,continuous,66,53,0.165572,0.121752,0.934620,2.7
cem,cem,continuous,66,54,0.167621,0.123008,0.939979,2.6
cem,cem,continuous,66,55,0.188849,0.123276,0.927117,2.7
cem,cem,continuous,66,56,0.171267,0.122181,0.937835,2.7
cem,cem,continuous,66,57,0.181314,0.122907,0.934620,2.7
cem,cem,continuous,66,58,0.143097,0.121173,0.958199,2.7
cem,cem,continuous,66,59,0.133463,0.121694,0.949625,2.7
cem,cem,continuous,66,60,0.150925,0.121414,0.947481,2.7
cem,cem,continuous,66,61,0.127645,0.120711,0.952840,2.7
cem,cem,continuous,66,62,0.119451,0.119464,0.957128,2.7
cem,cem,continuous,66,63,0.117347,0.121382,0.963558,2.7
cem,cem,continuous,66,64,0.147789,0.122292,0.941050,2.7
cem,cem,continuous,66,65,0.116098,0.119549,0.954984,2.7
cem,cem,continuous,66,66,0.099403,0.119658,0.968917,2.7
cem,cem,continuous,66,67,0.099114,0.119571,0.958199,2.7
cem,cem,continuous,66,68,0.108710,0.118221,0.966774,2.7
cem,cem,continuous,66,69,0.099618,0.119033,0.954984,2.7
cem,cem,continuous,66,70,0.100540,0.119724,0.964630,2.7
cem,cem,continuous,66,71,0.090489,0.119217,0.969989,2.7
cem,cem,continuous,66,72,0.087451,0.117716,0.972133,2.7
cem,cem,continuous,66,73,0.154226,0.122407,0.943194,2.7
cem,cem,continuous,66,74,0.068453,0.117593,0.978564,2.7
cem,cem,continuous,66,75,0.074693,0.117360,0.969989,2.7
cem,cem,continuous,66,76,0.081516,0.120243,0.976420,2.7
cem,cem,continuous,66,77,0.127152,0.121295,0.959271,2.7
cem,cem,continuous,66,78,0.120004,0.118574,0.948553,2.7
cem,cem,continuous,66,79,0.040045,0.116348,0.984995,2.7
cem,cem,continuous,66,80,0.081932,0.117856,0.975348,2.7
cem,cem,continuous,66,81,0.039218,0.115565,0.989282,2.7
cem,cem,continuous,66,82,0.037159,0.115938,0.989282,2.7
cem,cem,continuous,66,83,0.066942,0.115177,0.976420,2.7
cem,cem,continuous,66,84,0.038802,0.113297,0.988210,2.7
cem,cem,continuous,66,85,0.036425,0.113376,0.990354,2.7
cem,cem,continuous,66,86,0.055903,0.115558,0.975348,2.7
cem,cem,continuous,66,87,0.049965,0.115912,0.982851,2.7
cem,cem,continuous,66,88,0.103041,0.119693,0.963558,2.7
cem,cem,continuous,66,89,0.053399,0.114574,0.984995,2.7
cem,cem,continuous,66,90,0.021922,0.113432,0.995713,2.7
cem,cem,continuous,66,91,0.012283,0.111864,0.997856,2.7
cem,cem,continuous,66,92,0.061010,0.112970,0.972133,2.7
cem,cem,continuous,66,93,0.132648,0.120418,0.961415,2.7
cem,cem,continuous,66,94,0.026878,0.111662,0.995713,2.7
cem,cem,continuous,66,95,0.028168,0.115493,0.993569,2.7
cem,cem,continuous,66,96,0.020250,0.112232,0.993569,2.7
cem,cem,continuous,66,97,0.037437,0.111005,0.990354,2.7
cem,cem,continuous,66,98,0.064004,0.114821,0.977492,2.7
cem,cem,continuous,66,99,0.082921,0.118726,0.971061,2.7
cem,cem,continuous,66,100,0.100314,0.115103,0.963558,2.7
cem,cem,continuous,67,1,0.705541,0.267589,0.547414,2.8
cem,cem,continuous,67,2,0.661512,0.155251,0.601293,2.8
cem,cem,continuous,67,3,0.652280,0.157002,0.618534,2.8
cem,cem,continuous,67,4,0.630329,0.155255,0.628233,2.9
cem,cem,continuous,67,5,0.589180,0.153708,0.677802,2.7
cem,cem,continuous,67,6,0.645763,0.156412,0.639009,2.7
cem,cem,continuous,67,7,0.601102,0.151506,0.664871,2.7
cem,cem,continuous,67,8,0.626464,0.150114,0.643319,2.7
cem,cem,continuous,67,9,0.593938,0.148913,0.679957,2.7
cem,cem,continuous,67,10,0.562457,0.147323,0.706897,2.7
cem,cem,continuous,67,11,0.538012,0.148600,0.712284,2.7
cem,cem,continuous,67,12,0.545989,0.145498,0.725216,2.7
cem,cem,continuous,67,13,0.559631,0.145012,0.713362,2.7
cem,cem,continuous,67,14,0.546197,0.144959,0.721983,2.7
cem,cem,continuous,67,15,0.551870,0.141500,0.723060,2.7
cem,cem,continuous,67,16,0.537393,0.140121,0.743534,2.7
cem,cem,continuous,67,17,0.497780,0.137654,0.739224,2.7
cem,cem,continuous,67,18,0.513583,0.137551,0.755388,2.7
cem,cem,continuous,67,19,0.478712,0.136970,0.784483,2.7
cem,cem,continuous,67,20,0.435863,0.137056,0.793103,2.7
cem,cem,continuous,67,21,0.437656,0.133697,0.807112,2.7
cem,cem,continuous,67,22,0.418977,0.131151,0.815733,2.7
cem,cem,continuous,67,23,0.440547,0.131856,0.800647,2.7
cem,cem,continuous,67,24,0.410049,0.129377,0.798491,2.7
cem,cem,continuous,67,25,0.386871,0.126763,0.828664,2.7
cem,cem,continuous,67,26,0.382155,0.128222,0.831897,2.7
cem,cem,continuous,67,27,0.325842,0.126159,0.856681,2.7
cem,cem,continuous,67,28,0.335727,0.127628,0.854526,2.7
cem,cem,continuous,67,29,0.329006,0.124483,0.865302,2.7
cem,cem,continuous,67,30,0.362387,0.130215,0.841595,2.7
cem,cem,continuous,67,31,0.299051,0.124394,0.869612,2.7
cem,cem,continuous,67,32,0.295084,0.124078,0.884698,2.7
cem,cem,continuous,67,33,0.298028,0.125644,0.875000,2.7
cem,cem,continuous,67,34,0.298525,0.125975,0.880388,2.7
cem,cem,continuous,67,35,0.284202,0.123411,0.886853,2.7
cem,cem,continuous,67,36,0.250585,0.123084,0.896552,2.7
cem,cem,continuous,67,37,0.263561,0.122429,0.901940,2.7
cem,cem,continuous,67,38,0.226095,0.122612,0.910560,2.7
cem,cem,continuous,67,39,0.266146,0.122430,0.900862,2.7
cem,cem,continuous,67,40,0.207288,0.121297,0.918103,2.7
cem,cem,continuous,67,41,0.192924,0.122000,0.919181,2.7
cem,cem,continuous,67,42,0.243205,0.119978,0.899784,2.7
cem,cem,continuous,67,43,0.212829,0.119899,0.909483,2.7
cem,cem,continuous,67,44,0.156610,0.121208,0.941810,2.7
cem,cem,continuous,67,45,0.208820,0.120199,0.921336,2.7
cem,cem,continuous,67,46,0.195960,0.121860,0.907328,2.7
cem,cem,continuous,67,47,0.145953,0.118127,0.940733,2.7
cem,cem,continuous,67,48,0.166421,0.117472,0.932112,2.7
cem,cem,continuous,67,49,0.158955,0.119718,0.941810,2.7
cem,cem,continuous,67,50,0.163523,0.119865,0.941810,2.7
cem,cem,continuous,67,51,0.168821,0.121049,0.939655,2.7
cem,cem,continuous,67,52,0.129938,0.119595,0.941810,2.7
cem,cem,continuous,67,53,0.155321,0.120401,0.937500,2.7
cem,cem,continuous,67,54,0.124446,0.118463,0.954741,2.7
cem,cem,continuous,67,55,0.082955,0.118091,0.969828,2.7
cem,cem,continuous,67,56,0.183691,0.120274,0.931034,2.7
cem,cem,continuous,67,57,0.096355,0.116960,0.963362,2.7
cem,cem,continuous,67,58,0.157348,0.120560,0.939655,2.7
cem,cem,continuous,67,59,0.071255,0.118136,0.978448,2.7
cem,cem,continuous,67,60,0.099079,0.117847,0.963362,2.7
cem,cem,continuous,67,61,0.067865,0.118153,0.970905,2.7
cem,cem,continuous,67,62,0.094747,0.117572,0.966595,2.7
cem,cem,continuous,67,63,0.120320,0.117658,0.959052,2.7
cem,cem,continuous,67,64,0.049611,0.116962,0.981681,2.7
cem,cem,continuous,67,65,0.108468,0.117352,0.965517,2.7
cem,cem,continuous,67,66,0.071751,0.118332,0.975216,2.7
cem,cem,continuous,67,67,0.089927,0.117039,0.966595,2.7
cem,cem,continuous,67,68,0.084821,0.116268,0.966595,2.7
cem,cem,continuous,67,69,0.039835,0.115669,0.988147,2.7
cem,cem,continuous,67,70,0.063742,0.117262,0.979526,2.7
cem,cem,continuous,67,71,0.063858,0.116362,0.979526,2.7
cem,cem,continuous,67,72,0.139853,0.119108,0.954741,2.7
cem,cem,continuous,67,73,0.076279,0.115775,0.976293,2.7
cem,cem,continuous,67,74,0.083536,0.116909,0.964440,2.7
cem,cem,continuous,67,75,0.051584,0.114361,0.983836,2.7
cem,cem,continuous,67,76,0.033675,0.112344,0.989224,2.7
cem,cem,continuous,67,77,0.039149,0.114905,0.984914,2.7
cem,cem,continuous,67,78,0.072289,0.115346,0.978448,2.7
cem,cem,continuous,67,79,0.036007,0.115116,0.989224,2.7
cem,cem,continuous,67,80,0.054894,0.114976,0.987069,2.7
cem,cem,continuous,67,81,0.050959,0.115103,0.985991,2.7
cem,cem,continuous,67,82,0.113849,0.117039,0.960129,2.7
cem,cem,continuous,67,83,0.023819,0.113388,0.995690,2.7
cem,cem,continuous,67,84,0.073117,0.114512,0.973060,2.7
cem,cem,continuous,67,85,0.026225,0.111536,0.992457,2.7
cem,cem,continuous,67,86,0.018855,0.111605,0.994612,2.7
cem,cem,continuous,67,87,0.086205,0.116427,0.971983,2.7
cem,cem,continuous,67,88,0.027084,0.112045,0.993534,2.7
cem,cem,continuous,67,89,0.062633,0.114180,0.980603,2.7
cem,cem,continuous,67,90,0.029943,0.112159,0.991379,2.7
cem,cem,continuous,67,91,0.013653,0.110378,0.996767,2.7
cem,cem,continuous,67,92,0.043231,0.110486,0.984914,2.7
cem,cem,continuous,67,93,0.038339,0.110069,0.990302,2.7
cem,cem,continuous,67,94,0.052855,0.111990,0.979526,2.7
cem,cem,continuous,67,95,0.074615,0.113706,0.974138,2.7
cem,cem,continuous,67,96,0.033467,0.112315,0.989224,2.7
cem,cem,continuous,67,97,0.044010,0.110759,0.982759,2.7
cem,cem,continuous,67,98,0.036404,0.111555,0.988147,2.7
cem,cem,continuous,67,99,0.022870,0.110879,0.993534,2.7
cem,cem,continuous,67,100,0.113367,0.113763,0.961207,2.7
cem,cem,continuous,68,1,0.704307,0.267066,0.543249,2.8
cem,cem,continuous,68,2,0.671466,0.156860,0.592827,2.8
cem,cem,continuous,68,3,0.648027,0.152922,0.621308,2.8
cem,cem,continuous,68,4,0.618467,0.151651,0.644515,2.8
cem,cem,continuous,68,5,0.640877,0.157240,0.635021,2.8
cem,cem,continuous,68,6,0.623119,0.151471,0.651899,2.8
cem,cem,continuous,68,7,0.579151,0.151579,0.687764,2.8
cem,cem,continuous,68,8,0.591210,0.149775,0.668776,2.7
cem,cem,continuous,68,9,0.601955,0.144451,0.680380,2.8
cem,cem,continuous,68,10,0.591186,0.145577,0.684599,2.8
cem,cem,continuous,68,11,0.557635,0.145278,0.713080,2.8
cem,cem,continuous,68,12,0.556766,0.144755,0.710970,2.8
cem,cem,continuous,68,13,0.582657,0.142572,0.683544,2.8
cem,cem,continuous,68,14,0.575102,0.141780,0.690928,2.8
cem,cem,continuous,68,15,0.531251,0.141433,0.741561,2.8
cem,cem,continuous,68,16,0.514164,0.141174,0.740506,2.8
cem,cem,continuous,68,17,0.546744,0.138580,0.714135,2.8
cem,cem,continuous,68,18,0.516002,0.137232,0.747890,2.8
cem,cem,continuous,68,19,0.484262,0.134422,0.761603,2.7
cem,cem,continuous,68,20,0.460010,0.140644,0.773207,2.8
cem,cem,continuous,68,21,0.476168,0.133185,0.765823,2.8
cem,cem,continuous,68,22,0.469955,0.130644,0.789030,2.8
cem,cem,continuous,68,23,0.457127,0.129691,0.780591,2.8
cem,cem,continuous,68,24,0.435763,0.129808,0.789030,2.8
cem,cem,continuous,68,25,0.391411,0.126485,0.817511,2.8
cem,cem,continuous,68,26,0.437185,0.129513,0.822785,2.8
cem,cem,continuous,68,27,0.389696,0.126904,0.815401,2.8
cem,cem,continuous,68,28,0.406499,0.125720,0.819620,2.8
cem,cem,continuous,68,29,0.404418,0.127417,0.822785,2.8
cem,cem,continuous,68,30,0.399664,0.124312,0.824895,2.8
cem,cem,continuous,68,31,0.376449,0.126335,0.837553,2.8
cem,cem,continuous,68,32,0.377009,0.125237,0.842827,2.8
cem,cem,continuous,68,33,0.360670,0.124777,0.852321,2.7
cem,cem,continuous,68,34,0.336493,0.125976,0.866034,2.8
cem,cem,continuous,68,35,0.326108,0.121378,0.867089,2.7
cem,cem,continuous,68,36,0.292204,0.120583,0.875527,2.7
cem,cem,continuous,68,37,0.323857,0.121786,0.862869,2.8
cem,cem,continuous,68,38,0.326375,0.123807,0.863924,2.8
cem,cem,continuous,68,39,0.267755,0.121119,0.873418,2.8
cem,cem,continuous,68,40,0.246004,0.120699,0.900844,2.8
cem,cem,continuous,68,41,0.254302,0.119611,0.899789,2.8
cem,cem,continuous,68,42,0.298885,0.121414,0.883966,2.8
cem,cem,continuous,68,43,0.252377,0.122352,0.887131,2.8
cem,cem,continuous,68,44,0.241326,0.118871,0.901899,2.8
cem,cem,continuous,68,45,0.219961,0.117656,0.918776,2.8
cem,cem,continuous,68,46,0.203207,0.116651,0.921941,2.8
cem,cem,continuous,68,47,0.204962,0.121612,0.916667,2.8
cem,cem,continuous,68,48,0.165953,0.118641,0.937764,2.8
cem,cem,continuous,68,49,0.168632,0.117865,0.933544,2.8
cem,cem,continuous,68,50,0.188687,0.120713,0.927215,2.8
cem,cem,continuous,68,51,0.164766,0.117760,0.938819,2.8
cem,cem,continuous,68,52,0.197576,0.119033,0.917722,2.7
cem,cem,continuous,68,53,0.162939,0.118109,0.944093,2.8
cem,cem,continuous,68,54,0.124783,0.116943,0.952532,2.8
cem,cem,continuous,68,55,0.123456,0.118941,0.953586,2.8
cem,cem,continuous,68,56,0.151397,0.119281,0.931435,2.8
cem,cem,continuous,68,57,0.142596,0.119373,0.943038,2.8
cem,cem,continuous,68,58,0.121081,0.118445,0.954641,2.8
cem,cem,continuous,68,59,0.149240,0.119824,0.938819,2.8
cem,cem,continuous,68,60,0.101523,0.117167,0.965190,2.8
cem,cem,continuous,68,61,0.117974,0.117596,0.956751,2.8
cem,cem,continuous,68,62,0.108588,0.114674,0.960970,2.8
cem,cem,continuous,68,63,0.111396,0.117351,0.954641,2.8
cem,cem,continuous,68,64,0.082119,0.115630,0.969409,2.8
cem,cem,continuous,68,65,0.057383,0.114335,0.984177,2.7
cem,cem,continuous,68,66,0.073883,0.113962,0.973629,2.8
cem,cem,continuous,68,67,0.117758,0.116332,0.956751,2.8
cem,cem,continuous,68,68,0.073513,0.114499,0.972574,2.8
cem,cem,continuous,68,69,0.047057,0.113648,0.987342,2.8
cem,cem,continuous,68,70,0.139257,0.117937,0.950422,2.8
cem,cem,continuous,68,71,0.074381,0.118084,0.971519,2.8
cem,cem,continuous,68,72,0.082333,0.113814,0.970464,2.8
cem,cem,continuous,68,73,0.042691,0.115429,0.986287,2.8
cem,cem,continuous,68,74,0.107657,0.117899,0.965190,2.8
cem,cem,continuous,68,75,0.063196,0.116277,0.976793,2.8
cem,cem,continuous,68,76,0.027702,0.110964,0.993671,2.7
cem,cem,continuous,68,77,0.027915,0.112397,0.988397,2.8
cem,cem,continuous,68,78,0.110400,0.116210,0.954641,2.8
cem,cem,continuous,68,79,0.164420,0.116886,0.936709,2.7
cem,cem,continuous,68,80,0.027947,0.112902,0.995781,2.7
cem,cem,continuous,68,81,0.055432,0.113495,0.975738,2.8
cem,cem,continuous,68,82,0.024001,0.111905,0.993671,2.8
cem,cem,continuous,68,83,0.037635,0.111410,0.989451,2.8
cem,cem,continuous,68,84,0.066443,0.110303,0.975738,2.8
cem,cem,continuous,68,85,0.021222,0.112192,0.995781,2.8
cem,cem,continuous,68,86,0.011046,0.108837,0.998945,2.8
cem,cem,continuous,68,87,0.008039,0.106581,0.998945,2.8
cem,cem,continuous,68,88,0.042010,0.112124,0.985232,2.8
cem,cem,continuous,68,89,0.080205,0.113920,0.973629,2.8
cem,cem,continuous,68,90,0.045435,0.113496,0.984177,2.8
cem,cem,continuous,68,91,0.039705,0.112226,0.984177,2.8
cem,cem,continuous,68,92,0.051485,0.114057,0.977848,2.8
cem,cem,continuous,68,93,0.046208,0.110784,0.984177,2.8
cem,cem,continuous,68,94,0.021768,0.108484,0.994726,2.8
cem,cem,continuous,68,95,0.004400,0.108809,0.998945,2.8
cem,cem,continuous,68,96,0.078466,0.113903,0.972574,2.8
cem,cem,continuous,68,97,0.045829,0.113382,0.985232,2.8
cem,cem,continuous,68,98,0.279772,0.125350,0.887131,2.7
cem,cem,continuous,68,99,0.043395,0.110814,0.984177,2.8
cem,cem,continuous,68,100,0.069607,0.111494,0.973629,2.8
cem,cem,continuous,69,1,0.728400,0.254820,0.562633,2.7
cem,cem,continuous,69,2,0.655852,0.152750,0.624204,2.7
cem,cem,continuous,69,3,0.664773,0.148715,0.593418,2.7
cem,cem,continuous,69,4,0.612040,0.149425,0.644374,2.7
cem,cem,continuous,69,5,0.605137,0.148012,0.670913,2.7
cem,cem,continuous,69,6,0.614771,0.145844,0.640127,2.7
cem,cem,continuous,69,7,0.605327,0.145277,0.658174,2.8
cem,cem,continuous,69,8,0.616448,0.145944,0.654989,2.8
cem,cem,continuous,69,9,0.611486,0.142628,0.665605,2.7
cem,cem,continuous,69,10,0.585277,0.143451,0.699575,2.7
cem,cem,continuous,69,11,0.583079,0.140217,0.688960,2.7
cem,cem,continuous,69,12,0.545120,0.138452,0.730361,2.7
cem,cem,continuous,69,13,0.555378,0.136815,0.729299,2.8
cem,cem,continuous,69,14,0.541499,0.133896,0.742038,2.8
cem,cem,continuous,69,15,0.485154,0.133677,0.782378,2.8
cem,cem,continuous,69,16,0.484866,0.131337,0.787686,2.7
cem,cem,continuous,69,17,0.486334,0.130951,0.771762,2.7
cem,cem,continuous,69,18,0.482723,0.129619,0.771762,2.7
cem,cem,continuous,69,19,0.446176,0.122475,0.806794,2.7
cem,cem,continuous,69,20,0.446367,0.123134,0.779193,2.8
cem,cem,continuous,69,21,0.443945,0.123924,0.791932,2.8
cem,cem,continuous,69,22,0.418650,0.123476,0.806794,2.7
cem,cem,continuous,69,23,0.412169,0.123692,0.819533,2.7
cem,cem,continuous,69,24,0.392297,0.122497,0.841826,2.7
cem,cem,continuous,69,25,0.397475,0.124743,0.808917,2.7
cem,cem,continuous,69,26,0.388417,0.121487,0.828025,2.7
cem,cem,continuous,69,27,0.377665,0.120623,0.835456,2.8
cem,cem,continuous,69,28,0.393140,0.120494,0.825902,2.7
cem,cem,continuous,69,29,0.340230,0.117273,0.861996,2.7
cem,cem,continuous,69,30,0.324223,0.120398,0.868365,2.8
cem,cem,continuous,69,31,0.330084,0.122386,0.867304,2.7
cem,cem,continuous,69,32,0.316522,0.119786,0.863057,2.7
cem,cem,continuous,69,33,0.317687,0.122113,0.872611,2.7
cem,cem,continuous,69,34,0.346008,0.121390,0.848195,2.8
cem,cem,continuous,69,35,0.292667,0.117023,0.881104,2.7
cem,cem,continuous,69,36,0.309799,0.120610,0.888535,2.7
cem,cem,continuous,69,37,0.265127,0.115739,0.894904,2.7
cem,cem,continuous,69,38,0.284342,0.116801,0.887473,2.7
cem,cem,continuous,69,39,0.259111,0.118013,0.895966,2.7
cem,cem,continuous,69,40,0.258984,0.117940,0.893843,2.7
cem,cem,continuous,69,41,0.230176,0.118228,0.906582,2.8
cem,cem,continuous,69,42,0.251333,0.115402,0.895966,2.7
cem,cem,continuous,69,43,0.216933,0.116216,0.915074,2.7
cem,cem,continuous,69,44,0.277363,0.118121,0.884289,2.7
cem,cem,continuous,69,45,0.208159,0.115558,0.924628,2.8
cem,cem,continuous,69,46,0.186649,0.114621,0.923567,2.7
cem,cem,continuous,69,47,0.198244,0.114609,0.914013,2.7
cem,cem,continuous,69,48,0.164373,0.113304,0.938429,2.8
cem,cem,continuous,69,49,0.210980,0.119235,0.906582,2.7
cem,cem,continuous,69,50,0.226024,0.116120,0.920382,2.7
cem,cem,continuous,69,51,0.159342,0.115047,0.942675,2.7
cem,cem,continuous,69,52,0.146844,0.113620,0.945860,2.7
cem,cem,continuous,69,53,0.153209,0.116635,0.940552,2.7
cem,cem,continuous,69,54,0.172692,0.114325,0.934183,2.7
cem,cem,continuous,69,55,0.146247,0.113412,0.941614,2.7
cem,cem,continuous,69,56,0.178886,0.114490,0.933121,2.7
cem,cem,continuous,69,57,0.154176,0.114012,0.943737,2.8
cem,cem,continuous,69,58,0.106426,0.113123,0.970276,2.7
cem,cem,continuous,69,59,0.088380,0.113124,0.967091,2.7
cem,cem,continuous,69,60,0.109894,0.113907,0.961783,2.7
cem,cem,continuous,69,61,0.112030,0.114585,0.953291,2.7
cem,cem,continuous,69,62,0.160817,0.113762,0.938429,2.7
cem,cem,continuous,69,63,0.055935,0.112045,0.984076,2.7
cem,cem,continuous,69,64,0.100512,0.115419,0.968153,2.8
cem,cem,continuous,69,65,0.094954,0.113044,0.969214,2.7
cem,cem,continuous,69,66,0.050788,0.112685,0.983015,2.8
cem,cem,continuous,69,67,0.119367,0.113675,0.964968,2.7
cem,cem,continuous,69,68,0.064816,0.110846,0.978769,2.7
cem,cem,continuous,69,69,0.102480,0.113350,0.956476,2.7
cem,cem,continuous,69,70,0.046619,0.111070,0.986200,2.7
cem,cem,continuous,69,71,0.082913,0.111296,0.973461,2.7
cem,cem,continuous,69,72,0.044973,0.113202,0.987261,2.7
cem,cem,continuous,69,73,0.034025,0.110020,0.988323,2.8
cem,cem,continuous,69,74,0.088053,0.114478,0.963907,2.7
cem,cem,continuous,69,75,0.074686,0.112423,0.976645,2.7
cem,cem,continuous,69,76,0.130612,0.116489,0.942675,2.7
cem,cem,continuous,69,77,0.033711,0.110796,0.986200,2.7
cem,cem,continuous,69,78,0.177352,0.116129,0.933121,2.7
cem,cem,continuous,69,79,0.035815,0.111248,0.991507,2.7
cem,cem,continuous,69,80,0.062188,0.112278,0.973461,2.7
cem,cem,continuous,69,81,0.028292,0.110201,0.993631,2.7
cem,cem,continuous,69,82,0.064193,0.111151,0.976645,2.7
cem,cem,continuous,69,83,0.032440,0.110395,0.991507,2.7
cem,cem,continuous,69,84,0.058180,0.110514,0.979830,2.7
cem,cem,continuous,69,85,0.046101,0.110338,0.981953,2.8
cem,cem,continuous,69,86,0.018757,0.106948,0.995754,2.7
cem,cem,continuous,69,87,0.089079,0.112454,0.967091,2.7
cem,cem,continuous,69,88,0.039069,0.110592,0.986200,2.7
cem,cem,continuous,69,89,0.050316,0.109520,0.979830,2.7
cem,cem,continuous,69,90,0.040597,0.110010,0.987261,2.7
cem,cem,continuous,69,91,0.024535,0.107738,0.991507,2.7
cem,cem,continuous,69,92,0.085642,0.111877,0.969214,2.7
cem,cem,continuous,69,93,0.034904,0.111362,0.985138,2.7
cem,cem,continuous,69,94,0.024574,0.107689,0.992569,2.7
cem,cem,continuous,69,95,0.085972,0.112227,0.970276,2.7
cem,cem,continuous,69,96,0.024436,0.107875,0.992569,2.8
cem,cem,continuous,69,97,0.018911,0.108725,0.993631,2.7
cem,cem,continuous,69,98,0.028224,0.104584,0.991507,2.7
cem,cem,continuous,69,99,0.067331,0.109241,0.983015,2.7
cem,cem,continuous,69,100,0.079569,0.110005,0.974522,2.7
cem,cem,continuous,70,1,0.722352,0.255846,0.545263,2.7
cem,cem,continuous,70,2,0.656284,0.157303,0.601053,2.8
cem,cem,continuous,70,3,0.631007,0.160441,0.642105,2.8
cem,cem,continuous,70,4,0.655416,0.157928,0.613684,2.8
cem,cem,continuous,70,5,0.628631,0.157879,0.651579,2.8
cem,cem,continuous,70,6,0.643079,0.155320,0.625263,2.8
cem,cem,continuous,70,7,0.597959,0.151238,0.684211,2.8
cem,cem,continuous,70,8,0.581635,0.151022,0.677895,2.8
cem,cem,continuous,70,9,0.587088,0.151669,0.678947,2.8
cem,cem,continuous,70,10,0.603846,0.153546,0.672632,2.8
cem,cem,continuous,70,11,0.599988,0.148750,0.690526,2.7
cem,cem,continuous,70,12,0.599007,0.149292,0.704211,2.8
cem,cem,continuous,70,13,0.550332,0.144063,0.721053,2.8
cem,cem,continuous,70,14,0.576138,0.145677,0.724211,2.8
cem,cem,continuous,70,15,0.546437,0.140460,0.740000,2.8
cem,cem,continuous,70,16,0.542328,0.139906,0.737895,2.8
cem,cem,continuous,70,17,0.505645,0.134089,0.754737,2.8
cem,cem,continuous,70,18,0.549210,0.139588,0.721053,2.7
cem,cem,continuous,70,19,0.482795,0.132577,0.773684,2.8
cem,cem,continuous,70,20,0.480994,0.135910,0.788421,2.8
cem,cem,continuous,70,21,0.464182,0.132526,0.791579,2.8
cem,cem,continuous,70,22,0.487317,0.131522,0.767368,2.8
cem,cem,continuous,70,23,0.453309,0.128934,0.792632,2.7
cem,cem,continuous,70,24,0.460736,0.127770,0.791579,2.8
cem,cem,continuous,70,25,0.428113,0.126880,0.810526,2.8
cem,cem,continuous,70,26,0.411724,0.129977,0.818947,2.8
cem,cem,continuous,70,27,0.430212,0.128856,0.806316,2.8
cem,cem,continuous,70,28,0.381661,0.123797,0.836842,2.8
cem,cem,continuous,70,29,0.379585,0.123989,0.852632,2.8
cem,cem,continuous,70,30,0.396575,0.125052,0.832632,2.7
cem,cem,continuous,70,31,0.358391,0.122806,0.853684,2.8
cem,cem,continuous,70,32,0.361134,0.123467,0.844211,2.8
cem,cem,continuous,70,33,0.391281,0.126650,0.829474,2.8
cem,cem,continuous,70,34,0.331404,0.121346,0.863158,2.8
cem,cem,continuous,70,35,0.380069,0.123708,0.844211,2.8
cem,cem,continuous,70,36,0.369869,0.124924,0.842105,2.8
cem,cem,continuous,70,37,0.319805,0.124903,0.864211,2.7
cem,cem,continuous,70,38,0.333839,0.123859,0.852632,2.7
cem,cem,continuous,70,39,0.288586,0.121555,0.875789,2.7
cem,cem,continuous,70,40,0.354429,0.123907,0.841053,2.8
cem,cem,continuous,70,41,0.305826,0.122018,0.875789,2.8
cem,cem,continuous,70,42,0.266130,0.120519,0.889474,2.8
cem,cem,continuous,70,43,0.249385,0.120140,0.900000,2.8
cem,cem,continuous,70,44,0.280444,0.119998,0.885263,2.7
cem,cem,continuous,70,45,0.248109,0.119660,0.900000,2.8
cem,cem,continuous,70,46,0.254327,0.119204,0.900000,2.8
cem,cem,continuous,70,47,0.261158,0.122004,0.889474,2.7
cem,cem,continuous,70,48,0.290940,0.121633,0.882105,2.8
cem,cem,continuous,70,49,0.253866,0.123455,0.891579,2.8
cem,cem,continuous,70,50,0.232038,0.120825,0.904211,2.8
cem,cem,continuous,70,51,0.239783,0.122203,0.900000,2.8
cem,cem,continuous,70,52,0.229676,0.122139,0.917895,2.7
cem,cem,continuous,70,53,0.194333,0.119862,0.924211,2.8
cem,cem,continuous,70,54,0.200870,0.120895,0.929474,2.8
cem,cem,continuous,70,55,0.194838,0.120015,0.929474,2.8
cem,cem,continuous,70,56,0.165451,0.118188,0.941053,2.8
cem,cem,continuous,70,57,0.192503,0.120778,0.928421,2.8
cem,cem,continuous,70,58,0.211330,0.120381,0.915789,2.7
cem,cem,continuous,70,59,0.173464,0.118707,0.928421,2.8
cem,cem,continuous,70,60,0.144996,0.117397,0.951579,2.8
cem,cem,continuous,70,61,0.132362,0.117088,0.953684,2.8
cem,cem,continuous,70,62,0.169989,0.117671,0.924211,2.8
cem,cem,continuous,70,63,0.131309,0.117967,0.951579,2.8
cem,cem,continuous,70,64,0.123290,0.117461,0.954737,2.8
cem,cem,continuous,70,65,0.130072,0.115353,0.960000,2.8
cem,cem,continuous,70,66,0.154339,0.117516,0.940000,2.8
cem,cem,continuous,70,67,0.112737,0.118131,0.951579,2.8
cem,cem,continuous,70,68,0.140503,0.120234,0.953684,2.8
cem,cem,continuous,70,69,0.115128,0.116510,0.955789,2.8
cem,cem,continuous,70,70,0.110078,0.115382,0.962105,2.8
cem,cem,continuous,70,71,0.084741,0.117573,0.964211,2.8
cem,cem,continuous,70,72,0.094740,0.114643,0.963158,2.7
cem,cem,continuous,70,73,0.072519,0.115841,0.969474,2.8
cem,cem,continuous,70,74,0.073584,0.112749,0.971579,2.8
cem,cem,continuous,70,75,0.089900,0.117435,0.966316,2.8
cem,cem,continuous,70,76,0.066395,0.116731,0.973684,2.8
cem,cem,continuous,70,77,0.078941,0.113150,0.973684,2.8
cem,cem,continuous,70,78,0.078195,0.115622,0.976842,2.8
cem,cem,continuous,70,79,0.081635,0.113457,0.968421,2.8
cem,cem,continuous,70,80,0.058868,0.115959,0.978947,2.7
cem,cem,continuous,70,81,0.026301,0.112950,0.991579,2.7
cem,cem,continuous,70,82,0.117151,0.117351,0.957895,2.7
cem,cem,continuous,70,83,0.102748,0.114269,0.964211,2.7
cem,cem,continuous,70,84,0.051215,0.112031,0.984211,2.8
cem,cem,continuous,70,85,0.090515,0.117321,0.963158,2.8
cem,cem,continuous,70,86,0.052538,0.114416,0.982105,2.8
cem,cem,continuous,70,87,0.030579,0.111268,0.990526,2.8
cem,cem,continuous,70,88,0.094456,0.119000,0.967368,2.8
cem,cem,continuous,70,89,0.047395,0.115889,0.983158,2.8
cem,cem,continuous,70,90,0.075072,0.114098,0.973684,2.8
cem,cem,continuous,70,91,0.050991,0.111390,0.983158,2.8
cem,cem,continuous,70,92,0.031704,0.111012,0.989474,2.7
cem,cem,continuous,70,93,0.055070,0.110836,0.981053,2.7
cem,cem,continuous,70,94,0.067982,0.113856,0.974737,2.8
cem,cem,continuous,70,95,0.084405,0.114481,0.966316,2.7
cem,cem,continuous,70,96,0.026067,0.110239,0.992632,2.8
cem,cem,continuous,70,97,0.028202,0.110683,0.992632,2.8
cem,cem,continuous,70,98,0.033034,0.110631,0.990526,2.8
cem,cem,continuous,70,99,0.032277,0.109848,0.985263,2.8
cem,cem,continuous,70,100,0.093677,0.115110,0.962105,2.8
